entry	compatibility_requirement	evidence_source	responsible_boundary	validation_method	classification	responsibility_rule
0001	.COM load origin	001 - CP/M 2.2 Transient Program Entry Environment; I052 MEM-001,MEM-005,CCP-003	Transient runtime / memory boundary	MEM-001,MEM-005,CCP-003	REQUIRED	Preserve external observation; internal realization remains free
0002	Transient entry point	001 - CP/M 2.2 Transient Program Entry Environment; I052 MEM-001,MEM-005,CCP-003	Transient runtime / memory boundary	MEM-001,MEM-005,CCP-003	REQUIRED	Preserve external observation; internal realization remains free
0003	TPA lower boundary	001 - CP/M 2.2 Transient Program Entry Environment; I052 MEM-001,MEM-005,CCP-003	Transient runtime / memory boundary	MEM-001,MEM-005,CCP-003	REQUIRED	Preserve external observation; internal realization remains free
0004	TPA upper-bound discovery	001 - CP/M 2.2 Transient Program Entry Environment; I052 MEM-001,MEM-005,CCP-003	Transient runtime / memory boundary	MEM-001,MEM-005,CCP-003	REQUIRED	Preserve external observation; internal realization remains free
0005	Warm-start gateway at 0000h	001 - CP/M 2.2 Transient Program Entry Environment; I052 MEM-001,MEM-005,CCP-003	Transient runtime / memory boundary	MEM-001,MEM-005,CCP-003	REQUIRED	Preserve external observation; internal realization remains free
0006	IOBYTE location	001 - CP/M 2.2 Transient Program Entry Environment; I052 MEM-001,MEM-005,CCP-003	Transient runtime / memory boundary	MEM-001,MEM-005,CCP-003	REQUIRED	Preserve external observation; internal realization remains free
0007	Command-entry default-drive byte	001 - CP/M 2.2 Transient Program Entry Environment; I052 MEM-001,MEM-005,CCP-003	Transient runtime / memory boundary	MEM-001,MEM-005,CCP-003	REQUIRED	Preserve external observation; internal realization remains free
0008	BDOS gateway at 0005h	001 - CP/M 2.2 Transient Program Entry Environment; I052 MEM-001,MEM-005,CCP-003	Transient runtime / memory boundary	MEM-001,MEM-005,CCP-003	REQUIRED	Preserve external observation; internal realization remains free
0009	Reserved restart/interrupt region roles	001 - CP/M 2.2 Transient Program Entry Environment; I052 MEM-001,MEM-005,CCP-003	Transient runtime / memory boundary	MEM-001,MEM-005,CCP-003	REQUIRED	Preserve external observation; internal realization remains free
0010	CBIOS scratch-area role	001 - CP/M 2.2 Transient Program Entry Environment; I052 MEM-001,MEM-005,CCP-003	Transient runtime / memory boundary	MEM-001,MEM-005,CCP-003	REQUIRED	Preserve external observation; internal realization remains free
0011	First default FCB location	001 - CP/M 2.2 Transient Program Entry Environment; I052 MEM-001,MEM-005,CCP-003	Transient runtime / memory boundary	MEM-001,MEM-005,CCP-003	REQUIRED	Preserve external observation; internal realization remains free
0012	Second default FCB at 006Ch	001 - CP/M 2.2 Transient Program Entry Environment; I052 MEM-001,MEM-005,CCP-003	Transient runtime / memory boundary	MEM-001,MEM-005,CCP-003	POLICY PENDING	Profile/policy ownership provisional; test diagnostic until selected
0013	Default FCB drive-prefix parsing	001 - CP/M 2.2 Transient Program Entry Environment; I052 MEM-001,MEM-005,CCP-003	Transient runtime / memory boundary	MEM-001,MEM-005,CCP-003	REQUIRED	Preserve external observation; internal realization remains free
0014	Default FCB wildcard expansion	001 - CP/M 2.2 Transient Program Entry Environment; I052 MEM-001,MEM-005,CCP-003	Transient runtime / memory boundary	MEM-001,MEM-005,CCP-003	REQUIRED	Preserve external observation; internal realization remains free
0015	Default FCB case and padding	001 - CP/M 2.2 Transient Program Entry Environment; I052 MEM-001,MEM-005,CCP-003	Transient runtime / memory boundary	MEM-001,MEM-005,CCP-003	REQUIRED	Preserve external observation; internal realization remains free
0016	Default FCB unopened control fields	001 - CP/M 2.2 Transient Program Entry Environment; I052 MEM-001,MEM-005,CCP-003	Transient runtime / memory boundary	MEM-001,MEM-005,CCP-003	POLICY PENDING	Profile/policy ownership provisional; test diagnostic until selected
0017	Command-tail count location	001 - CP/M 2.2 Transient Program Entry Environment; I052 MEM-001,MEM-005,CCP-003	Transient runtime / memory boundary	MEM-001,MEM-005,CCP-003	REQUIRED	Preserve external observation; internal realization remains free
0018	Command-tail character location	001 - CP/M 2.2 Transient Program Entry Environment; I052 MEM-001,MEM-005,CCP-003	Transient runtime / memory boundary	MEM-001,MEM-005,CCP-003	REQUIRED	Preserve external observation; internal realization remains free
0019	Leading blank in command tail	001 - CP/M 2.2 Transient Program Entry Environment; I052 MEM-001,MEM-005,CCP-003	Transient runtime / memory boundary	MEM-001,MEM-005,CCP-003	POLICY PENDING	Profile/policy ownership provisional; test diagnostic until selected
0020	Uppercase command-tail representation	001 - CP/M 2.2 Transient Program Entry Environment; I052 MEM-001,MEM-005,CCP-003	Transient runtime / memory boundary	MEM-001,MEM-005,CCP-003	POLICY PENDING	Profile/policy ownership provisional; test diagnostic until selected
0021	NUL after counted command tail	001 - CP/M 2.2 Transient Program Entry Environment; I052 MEM-001,MEM-005,CCP-003	Transient runtime / memory boundary	MEM-001,MEM-005,CCP-003	POLICY PENDING	Profile/policy ownership provisional; test diagnostic until selected
0022	Bytes following command-tail terminator	001 - CP/M 2.2 Transient Program Entry Environment; I052 MEM-001,MEM-005,CCP-003	Transient runtime / memory boundary	MEM-001,MEM-005,CCP-003	NOT REQUIRED	No architecture constraint from private/incidental mechanism
0023	Default DMA address	001 - CP/M 2.2 Transient Program Entry Environment; I052 MEM-001,MEM-005,CCP-003	Transient runtime / memory boundary	MEM-001,MEM-005,CCP-003	REQUIRED	Preserve external observation; internal realization remains free
0024	Command-tail/default-DMA overlap	001 - CP/M 2.2 Transient Program Entry Environment; I052 MEM-001,MEM-005,CCP-003	Transient runtime / memory boundary	MEM-001,MEM-005,CCP-003	REQUIRED	Preserve external observation; internal realization remains free
0025	Program termination through JMP 0000h	001 - CP/M 2.2 Transient Program Entry Environment; I052 MEM-001,MEM-005,CCP-003	Transient runtime / memory boundary	MEM-001,MEM-005,CCP-003	REQUIRED	Preserve external observation; internal realization remains free
0026	Program termination through BDOS function 0	001 - CP/M 2.2 Transient Program Entry Environment; I052 MEM-001,MEM-005,CCP-003	Transient runtime / memory boundary	MEM-001,MEM-005,CCP-003	REQUIRED	Preserve external observation; internal realization remains free
0027	RET termination	001 - CP/M 2.2 Transient Program Entry Environment; I052 MEM-001,MEM-005,CCP-003	Transient runtime / memory boundary	MEM-001,MEM-005,CCP-003	REQUIRED	Preserve external observation; internal realization remains free
0028	Valid entry return word	001 - CP/M 2.2 Transient Program Entry Environment; I052 MEM-001,MEM-005,CCP-003	Transient runtime / memory boundary	MEM-001,MEM-005,CCP-003	REQUIRED	Preserve external observation; internal realization remains free
0029	Exact entry SP	001 - CP/M 2.2 Transient Program Entry Environment; I052 MEM-001,MEM-005,CCP-003	Transient runtime / memory boundary	MEM-001,MEM-005,CCP-003	NOT REQUIRED	No architecture constraint from private/incidental mechanism
0030	Exact entry return address	001 - CP/M 2.2 Transient Program Entry Environment; I052 MEM-001,MEM-005,CCP-003	Transient runtime / memory boundary	MEM-001,MEM-005,CCP-003	NOT REQUIRED	No architecture constraint from private/incidental mechanism
0031	General-register entry state	001 - CP/M 2.2 Transient Program Entry Environment; I052 MEM-001,MEM-005,CCP-003	Transient runtime / memory boundary	MEM-001,MEM-005,CCP-003	NOT GUARANTEED	Boundary must tolerate permitted variation; do not expose as promise
0032	Z80 extended-register entry state	001 - CP/M 2.2 Transient Program Entry Environment; I052 MEM-001,MEM-005,CCP-003	Transient runtime / memory boundary	MEM-001,MEM-005,CCP-003	NOT GUARANTEED	Boundary must tolerate permitted variation; do not expose as promise
0033	Entry flags and interrupt state	001 - CP/M 2.2 Transient Program Entry Environment; I052 MEM-001,MEM-005,CCP-003	Transient runtime / memory boundary	MEM-001,MEM-005,CCP-003	NOT GUARANTEED	Boundary must tolerate permitted variation; do not expose as promise
0034	Exact BIOS/BDOS vector targets	002 - CP/M 2.2 BDOS Call and Return Convention; I052 BDOS-CALL-001	BDOS public-call boundary	BDOS-CALL-001	NOT REQUIRED	No architecture constraint from private/incidental mechanism
0035	BDOS function selector in C	002 - CP/M 2.2 BDOS Call and Return Convention; I052 BDOS-CALL-001	BDOS public-call boundary	BDOS-CALL-001	REQUIRED	Preserve external observation; internal realization remains free
0036	BDOS function-specific input in DE/E	002 - CP/M 2.2 BDOS Call and Return Convention; I052 BDOS-CALL-001	BDOS public-call boundary	BDOS-CALL-001	REQUIRED	Preserve external observation; internal realization remains free
0037	Byte result in A	002 - CP/M 2.2 BDOS Call and Return Convention; I052 BDOS-CALL-001	BDOS public-call boundary	BDOS-CALL-001	REQUIRED	Preserve external observation; internal realization remains free
0038	Word result in HL	002 - CP/M 2.2 BDOS Call and Return Convention; I052 BDOS-CALL-001	BDOS public-call boundary	BDOS-CALL-001	REQUIRED	Preserve external observation; internal realization remains free
0039	Normal-return alias A=L	002 - CP/M 2.2 BDOS Call and Return Convention; I052 BDOS-CALL-001	BDOS public-call boundary	BDOS-CALL-001	REQUIRED	Preserve external observation; internal realization remains free
0040	Normal-return alias B=H	002 - CP/M 2.2 BDOS Call and Return Convention; I052 BDOS-CALL-001	BDOS public-call boundary	BDOS-CALL-001	REQUIRED	Preserve external observation; internal realization remains free
0041	CP/M 2.2 BDOS selector range	002 - CP/M 2.2 BDOS Call and Return Convention; I052 BDOS-CALL-001	BDOS public-call boundary	BDOS-CALL-001	REQUIRED	Preserve external observation; internal realization remains free
0042	Out-of-range BDOS result	002 - CP/M 2.2 BDOS Call and Return Convention; I052 BDOS-CALL-001	BDOS public-call boundary	BDOS-CALL-001	REQUIRED	Preserve external observation; internal realization remains free
0043	Caller SP restored on returning BDOS calls	002 - CP/M 2.2 BDOS Call and Return Convention; I052 BDOS-CALL-001	BDOS public-call boundary	BDOS-CALL-001	REQUIRED	Preserve external observation; internal realization remains free
0044	DRI private BDOS stack mechanism	002 - CP/M 2.2 BDOS Call and Return Convention; I052 BDOS-CALL-001	BDOS public-call boundary	BDOS-CALL-001	NOT REQUIRED	No architecture constraint from private/incidental mechanism
0045	AF preservation across BDOS	002 - CP/M 2.2 BDOS Call and Return Convention; I052 BDOS-CALL-001	BDOS public-call boundary	BDOS-CALL-001	NOT GUARANTEED	Boundary must tolerate permitted variation; do not expose as promise
0046	BC preservation across BDOS	002 - CP/M 2.2 BDOS Call and Return Convention; I052 BDOS-CALL-001	BDOS public-call boundary	BDOS-CALL-001	NOT GUARANTEED	Boundary must tolerate permitted variation; do not expose as promise
0047	DE preservation across BDOS	002 - CP/M 2.2 BDOS Call and Return Convention; I052 BDOS-CALL-001	BDOS public-call boundary	BDOS-CALL-001	NOT GUARANTEED	Boundary must tolerate permitted variation; do not expose as promise
0048	HL preservation across BDOS	002 - CP/M 2.2 BDOS Call and Return Convention; I052 BDOS-CALL-001	BDOS public-call boundary	BDOS-CALL-001	NOT GUARANTEED	Boundary must tolerate permitted variation; do not expose as promise
0049	Z80-only and alternate-register preservation	002 - CP/M 2.2 BDOS Call and Return Convention; I052 BDOS-CALL-001	BDOS public-call boundary	BDOS-CALL-001	NOT GUARANTEED	Boundary must tolerate permitted variation; do not expose as promise
0050	Valid-call C becomes input E	002 - CP/M 2.2 BDOS Call and Return Convention; I052 BDOS-CALL-001	BDOS public-call boundary	BDOS-CALL-001	NOT REQUIRED	No architecture constraint from private/incidental mechanism
0051	Observed BDOS return flags	003 - CP/M 2.2 BDOS Console Output and String Output Semantics; I052 BDOS-CON-001	BDOS console-service boundary	BDOS-CON-001	NOT REQUIRED	No architecture constraint from private/incidental mechanism
0052	Function 2 character source	003 - CP/M 2.2 BDOS Console Output and String Output Semantics; I052 BDOS-CON-001	BDOS console-service boundary	BDOS-CON-001	REQUIRED	Preserve external observation; internal realization remains free
0053	Function 2 treats '$' as ordinary data	003 - CP/M 2.2 BDOS Console Output and String Output Semantics; I052 BDOS-CON-001	BDOS console-service boundary	BDOS-CON-001	REQUIRED	Preserve external observation; internal realization remains free
0054	Function 9 string address	003 - CP/M 2.2 BDOS Console Output and String Output Semantics; I052 BDOS-CON-001	BDOS console-service boundary	BDOS-CON-001	REQUIRED	Preserve external observation; internal realization remains free
0055	Function 9 '$' termination	003 - CP/M 2.2 BDOS Console Output and String Output Semantics; I052 BDOS-CON-001	BDOS console-service boundary	BDOS-CON-001	REQUIRED	Preserve external observation; internal realization remains free
0056	Function 9 terminator is not emitted	003 - CP/M 2.2 BDOS Console Output and String Output Semantics; I052 BDOS-CON-001	BDOS console-service boundary	BDOS-CON-001	REQUIRED	Preserve external observation; internal realization remains free
0057	Function 9 empty string	003 - CP/M 2.2 BDOS Console Output and String Output Semantics; I052 BDOS-CON-001	BDOS console-service boundary	BDOS-CON-001	REQUIRED	Preserve external observation; internal realization remains free
0058	Function 9 scans across ordinary control characters	003 - CP/M 2.2 BDOS Console Output and String Output Semantics; I052 BDOS-CON-001	BDOS console-service boundary	BDOS-CON-001	REQUIRED	Preserve external observation; internal realization remains free
0059	Function 2 uses formatted console output	003 - CP/M 2.2 BDOS Console Output and String Output Semantics; I052 BDOS-CON-001	BDOS console-service boundary	BDOS-CON-001	REQUIRED	Preserve external observation; internal realization remains free
0060	Function 9 uses formatted console output	003 - CP/M 2.2 BDOS Console Output and String Output Semantics; I052 BDOS-CON-001	BDOS console-service boundary	BDOS-CON-001	REQUIRED	Preserve external observation; internal realization remains free
0061	Shared formatted-output state	003 - CP/M 2.2 BDOS Console Output and String Output Semantics; I052 BDOS-CON-001	BDOS console-service boundary	BDOS-CON-001	REQUIRED	Preserve external observation; internal realization remains free
0062	TAB expansion	003 - CP/M 2.2 BDOS Console Output and String Output Semantics; I052 BDOS-CON-001	BDOS console-service boundary	BDOS-CON-001	REQUIRED	Preserve external observation; internal realization remains free
0063	Function 2 participates in scrolling control	003 - CP/M 2.2 BDOS Console Output and String Output Semantics; I052 BDOS-CON-001	BDOS console-service boundary	BDOS-CON-001	REQUIRED	Preserve external observation; internal realization remains free
0064	Function 9 participates in scrolling control	003 - CP/M 2.2 BDOS Console Output and String Output Semantics; I052 BDOS-CON-001	BDOS console-service boundary	BDOS-CON-001	REQUIRED	Preserve external observation; internal realization remains free
0065	Function 2 participates in active printer echo	003 - CP/M 2.2 BDOS Console Output and String Output Semantics; I052 BDOS-CON-001	BDOS console-service boundary	BDOS-CON-001	REQUIRED	Preserve external observation; internal realization remains free
0066	Function 9 participates in active printer echo	003 - CP/M 2.2 BDOS Console Output and String Output Semantics; I052 BDOS-CON-001	BDOS console-service boundary	BDOS-CON-001	REQUIRED	Preserve external observation; internal realization remains free
0067	Function 2 has no function-specific return value	003 - CP/M 2.2 BDOS Console Output and String Output Semantics; I052 BDOS-CON-001	BDOS console-service boundary	BDOS-CON-001	NOT GUARANTEED	Boundary must tolerate permitted variation; do not expose as promise
0068	Function 9 has no function-specific return value	003 - CP/M 2.2 BDOS Console Output and String Output Semantics; I052 BDOS-CON-001	BDOS console-service boundary	BDOS-CON-001	NOT GUARANTEED	Boundary must tolerate permitted variation; do not expose as promise
0069	Exact logical-column update rules	003 - CP/M 2.2 BDOS Console Output and String Output Semantics; I052 BDOS-CON-001	BDOS console-service boundary	BDOS-CON-001	POLICY PENDING	Profile/policy ownership provisional; test diagnostic until selected
0070	LF resets DRI logical column	003 - CP/M 2.2 BDOS Console Output and String Output Semantics; I052 BDOS-CON-001	BDOS console-service boundary	BDOS-CON-001	POLICY PENDING	Profile/policy ownership provisional; test diagnostic until selected
0071	CR does not reset DRI logical column	003 - CP/M 2.2 BDOS Console Output and String Output Semantics; I052 BDOS-CON-001	BDOS console-service boundary	BDOS-CON-001	POLICY PENDING	Profile/policy ownership provisional; test diagnostic until selected
0072	Pending-key buffering during formatted output	003 - CP/M 2.2 BDOS Console Output and String Output Semantics; I052 BDOS-CON-001	BDOS console-service boundary	BDOS-CON-001	POLICY PENDING	Profile/policy ownership provisional; test diagnostic until selected
0073	Ctrl-C behavior after output pause	003 - CP/M 2.2 BDOS Console Output and String Output Semantics; I052 BDOS-CON-001	BDOS console-service boundary	BDOS-CON-001	POLICY PENDING	Profile/policy ownership provisional; test diagnostic until selected
0074	DRI private formatted-output implementation state	004 - CP/M 2.2 BDOS Direct Console IO and Console Status Semantics; I052 BDOS-CON-002,BDOS-CON-005	BDOS console-service boundary	BDOS-CON-002,BDOS-CON-005	NOT REQUIRED	No architecture constraint from private/incidental mechanism
0075	Function 6 direct-output selection	004 - CP/M 2.2 BDOS Direct Console IO and Console Status Semantics; I052 BDOS-CON-002,BDOS-CON-005	BDOS console-service boundary	BDOS-CON-002,BDOS-CON-005	REQUIRED	Preserve external observation; internal realization remains free
0076	Function 6 direct-output character source	004 - CP/M 2.2 BDOS Direct Console IO and Console Status Semantics; I052 BDOS-CON-002,BDOS-CON-005	BDOS console-service boundary	BDOS-CON-002,BDOS-CON-005	REQUIRED	Preserve external observation; internal realization remains free
0077	Function 6 direct output does not expand TAB	004 - CP/M 2.2 BDOS Direct Console IO and Console Status Semantics; I052 BDOS-CON-002,BDOS-CON-005	BDOS console-service boundary	BDOS-CON-002,BDOS-CON-005	REQUIRED	Preserve external observation; internal realization remains free
0078	Function 6 direct output bypasses Ctrl-S scrolling control	004 - CP/M 2.2 BDOS Direct Console IO and Console Status Semantics; I052 BDOS-CON-002,BDOS-CON-005	BDOS console-service boundary	BDOS-CON-002,BDOS-CON-005	REQUIRED	Preserve external observation; internal realization remains free
0079	Function 6 direct output bypasses Ctrl-P printer echo	004 - CP/M 2.2 BDOS Direct Console IO and Console Status Semantics; I052 BDOS-CON-002,BDOS-CON-005	BDOS console-service boundary	BDOS-CON-002,BDOS-CON-005	REQUIRED	Preserve external observation; internal realization remains free
0080	Function 6 direct output has no function-specific result	004 - CP/M 2.2 BDOS Direct Console IO and Console Status Semantics; I052 BDOS-CON-002,BDOS-CON-005	BDOS console-service boundary	BDOS-CON-002,BDOS-CON-005	NOT GUARANTEED	Boundary must tolerate permitted variation; do not expose as promise
0081	Function 6 nonblocking-input selection	004 - CP/M 2.2 BDOS Direct Console IO and Console Status Semantics; I052 BDOS-CON-002,BDOS-CON-005	BDOS console-service boundary	BDOS-CON-002,BDOS-CON-005	REQUIRED	Preserve external observation; internal realization remains free
0082	Function 6 no-input result	004 - CP/M 2.2 BDOS Direct Console IO and Console Status Semantics; I052 BDOS-CON-002,BDOS-CON-005	BDOS console-service boundary	BDOS-CON-002,BDOS-CON-005	REQUIRED	Preserve external observation; internal realization remains free
0083	Function 6 ready-input result	004 - CP/M 2.2 BDOS Direct Console IO and Console Status Semantics; I052 BDOS-CON-002,BDOS-CON-005	BDOS console-service boundary	BDOS-CON-002,BDOS-CON-005	REQUIRED	Preserve external observation; internal realization remains free
0084	Function 6 input is unadorned	004 - CP/M 2.2 BDOS Direct Console IO and Console Status Semantics; I052 BDOS-CON-002,BDOS-CON-005	BDOS console-service boundary	BDOS-CON-002,BDOS-CON-005	REQUIRED	Preserve external observation; internal realization remains free
0085	Function 11 not-ready result	004 - CP/M 2.2 BDOS Direct Console IO and Console Status Semantics; I052 BDOS-CON-002,BDOS-CON-005	BDOS console-service boundary	BDOS-CON-002,BDOS-CON-005	REQUIRED	Preserve external observation; internal realization remains free
0086	Exact function 11 ready result	004 - CP/M 2.2 BDOS Direct Console IO and Console Status Semantics; I052 BDOS-CON-002,BDOS-CON-005	BDOS console-service boundary	BDOS-CON-002,BDOS-CON-005	POLICY PENDING	Profile/policy ownership provisional; test diagnostic until selected
0087	Function 11 pending-byte retention	004 - CP/M 2.2 BDOS Direct Console IO and Console Status Semantics; I052 BDOS-CON-002,BDOS-CON-005	BDOS console-service boundary	BDOS-CON-002,BDOS-CON-005	POLICY PENDING	Profile/policy ownership provisional; test diagnostic until selected
0088	DRI function 6 ignores retained pending byte	004 - CP/M 2.2 BDOS Direct Console IO and Console Status Semantics; I052 BDOS-CON-002,BDOS-CON-005	BDOS console-service boundary	BDOS-CON-002,BDOS-CON-005	POLICY PENDING	Profile/policy ownership provisional; test diagnostic until selected
0089	DRI function 6 E=FEh behavior	004 - CP/M 2.2 BDOS Direct Console IO and Console Status Semantics; I052 BDOS-CON-002,BDOS-CON-005	BDOS console-service boundary	BDOS-CON-002,BDOS-CON-005	NOT REQUIRED	No architecture constraint from private/incidental mechanism
0090	DRI private pending-byte representation	005 - CP/M 2.2 BDOS Console Input and Echo Semantics; I052 BDOS-CON-003	BDOS console-service boundary	BDOS-CON-003	NOT REQUIRED	No architecture constraint from private/incidental mechanism
0091	Function 1 selector	005 - CP/M 2.2 BDOS Console Input and Echo Semantics; I052 BDOS-CON-003	BDOS console-service boundary	BDOS-CON-003	REQUIRED	Preserve external observation; internal realization remains free
0092	Function 1 blocking behavior	005 - CP/M 2.2 BDOS Console Input and Echo Semantics; I052 BDOS-CON-003	BDOS console-service boundary	BDOS-CON-003	REQUIRED	Preserve external observation; internal realization remains free
0093	Function 1 result character	005 - CP/M 2.2 BDOS Console Input and Echo Semantics; I052 BDOS-CON-003	BDOS console-service boundary	BDOS-CON-003	REQUIRED	Preserve external observation; internal realization remains free
0094	Function 1 echoes graphic characters	005 - CP/M 2.2 BDOS Console Input and Echo Semantics; I052 BDOS-CON-003	BDOS console-service boundary	BDOS-CON-003	REQUIRED	Preserve external observation; internal realization remains free
0095	Function 1 echoes CR	005 - CP/M 2.2 BDOS Console Input and Echo Semantics; I052 BDOS-CON-003	BDOS console-service boundary	BDOS-CON-003	REQUIRED	Preserve external observation; internal realization remains free
0096	Function 1 echoes LF	005 - CP/M 2.2 BDOS Console Input and Echo Semantics; I052 BDOS-CON-003	BDOS console-service boundary	BDOS-CON-003	REQUIRED	Preserve external observation; internal realization remains free
0097	Function 1 echoes backspace	005 - CP/M 2.2 BDOS Console Input and Echo Semantics; I052 BDOS-CON-003	BDOS console-service boundary	BDOS-CON-003	REQUIRED	Preserve external observation; internal realization remains free
0098	Function 1 TAB echo expansion	005 - CP/M 2.2 BDOS Console Input and Echo Semantics; I052 BDOS-CON-003	BDOS console-service boundary	BDOS-CON-003	REQUIRED	Preserve external observation; internal realization remains free
0099	Function 1 ordinary controls are not echoed	005 - CP/M 2.2 BDOS Console Input and Echo Semantics; I052 BDOS-CON-003	BDOS console-service boundary	BDOS-CON-003	REQUIRED	Preserve external observation; internal realization remains free
0100	Function 1 echo uses shared formatted-console state	005 - CP/M 2.2 BDOS Console Input and Echo Semantics; I052 BDOS-CON-003	BDOS console-service boundary	BDOS-CON-003	REQUIRED	Preserve external observation; internal realization remains free
0101	Function 1 echo participates in scrolling control	005 - CP/M 2.2 BDOS Console Input and Echo Semantics; I052 BDOS-CON-003	BDOS console-service boundary	BDOS-CON-003	REQUIRED	Preserve external observation; internal realization remains free
0102	Function 1 echo participates in active printer echo	005 - CP/M 2.2 BDOS Console Input and Echo Semantics; I052 BDOS-CON-003	BDOS console-service boundary	BDOS-CON-003	REQUIRED	Preserve external observation; internal realization remains free
0103	Function-1 Ctrl-P printer-echo state change	005 - CP/M 2.2 BDOS Console Input and Echo Semantics; I052 BDOS-CON-003	BDOS console-service boundary	BDOS-CON-003	POLICY PENDING	Profile/policy ownership provisional; test diagnostic until selected
0104	Function 1 consumes function-11-retained input	005 - CP/M 2.2 BDOS Console Input and Echo Semantics; I052 BDOS-CON-003	BDOS console-service boundary	BDOS-CON-003	POLICY PENDING	Profile/policy ownership provisional; test diagnostic until selected
0105	DRI private function-1 implementation details	006 - CP/M 2.2 BDOS Buffered Console Input and Line Editing Semantics; I052 BDOS-CON-004	BDOS console-service boundary	BDOS-CON-004	NOT REQUIRED	No architecture constraint from private/incidental mechanism
0106	Function 10 selector and buffer address	006 - CP/M 2.2 BDOS Buffered Console Input and Line Editing Semantics; I052 BDOS-CON-004	BDOS console-service boundary	BDOS-CON-004	REQUIRED	Preserve external observation; internal realization remains free
0107	Function 10 maximum byte	006 - CP/M 2.2 BDOS Buffered Console Input and Line Editing Semantics; I052 BDOS-CON-004	BDOS console-service boundary	BDOS-CON-004	REQUIRED	Preserve external observation; internal realization remains free
0108	Function 10 returned count	006 - CP/M 2.2 BDOS Buffered Console Input and Line Editing Semantics; I052 BDOS-CON-004	BDOS console-service boundary	BDOS-CON-004	REQUIRED	Preserve external observation; internal realization remains free
0109	Function 10 returned data location	006 - CP/M 2.2 BDOS Buffered Console Input and Line Editing Semantics; I052 BDOS-CON-004	BDOS console-service boundary	BDOS-CON-004	REQUIRED	Preserve external observation; internal realization remains free
0110	Bytes beyond function-10 returned count	006 - CP/M 2.2 BDOS Buffered Console Input and Line Editing Semantics; I052 BDOS-CON-004	BDOS console-service boundary	BDOS-CON-004	NOT GUARANTEED	Boundary must tolerate permitted variation; do not expose as promise
0111	Function 10 CR termination	006 - CP/M 2.2 BDOS Buffered Console Input and Line Editing Semantics; I052 BDOS-CON-004	BDOS console-service boundary	BDOS-CON-004	REQUIRED	Preserve external observation; internal realization remains free
0112	Function 10 LF termination	006 - CP/M 2.2 BDOS Buffered Console Input and Line Editing Semantics; I052 BDOS-CON-004	BDOS console-service boundary	BDOS-CON-004	REQUIRED	Preserve external observation; internal realization remains free
0113	Function 10 capacity termination	006 - CP/M 2.2 BDOS Buffered Console Input and Line Editing Semantics; I052 BDOS-CON-004	BDOS console-service boundary	BDOS-CON-004	REQUIRED	Preserve external observation; internal realization remains free
0114	Function 10 ordinary-character storage and echo	006 - CP/M 2.2 BDOS Buffered Console Input and Line Editing Semantics; I052 BDOS-CON-004	BDOS console-service boundary	BDOS-CON-004	REQUIRED	Preserve external observation; internal realization remains free
0115	Function 10 backspace editing	006 - CP/M 2.2 BDOS Buffered Console Input and Line Editing Semantics; I052 BDOS-CON-004	BDOS console-service boundary	BDOS-CON-004	REQUIRED	Preserve external observation; internal realization remains free
0116	Function 10 DEL editing	006 - CP/M 2.2 BDOS Buffered Console Input and Line Editing Semantics; I052 BDOS-CON-004	BDOS console-service boundary	BDOS-CON-004	REQUIRED	Preserve external observation; internal realization remains free
0117	Function 10 initial Ctrl-C warm restart	006 - CP/M 2.2 BDOS Buffered Console Input and Line Editing Semantics; I052 BDOS-CON-004	BDOS console-service boundary	BDOS-CON-004	REQUIRED	Preserve external observation; internal realization remains free
0118	Function 10 Ctrl-E line continuation	006 - CP/M 2.2 BDOS Buffered Console Input and Line Editing Semantics; I052 BDOS-CON-004	BDOS console-service boundary	BDOS-CON-004	REQUIRED	Preserve external observation; internal realization remains free
0119	Function 10 Ctrl-R redisplay	006 - CP/M 2.2 BDOS Buffered Console Input and Line Editing Semantics; I052 BDOS-CON-004	BDOS console-service boundary	BDOS-CON-004	REQUIRED	Preserve external observation; internal realization remains free
0120	Function 10 Ctrl-U line deletion	006 - CP/M 2.2 BDOS Buffered Console Input and Line Editing Semantics; I052 BDOS-CON-004	BDOS console-service boundary	BDOS-CON-004	REQUIRED	Preserve external observation; internal realization remains free
0121	Function 10 Ctrl-X line deletion	006 - CP/M 2.2 BDOS Buffered Console Input and Line Editing Semantics; I052 BDOS-CON-004	BDOS console-service boundary	BDOS-CON-004	REQUIRED	Preserve external observation; internal realization remains free
0122	Function 10 starting-column-relative editing	006 - CP/M 2.2 BDOS Buffered Console Input and Line Editing Semantics; I052 BDOS-CON-004	BDOS console-service boundary	BDOS-CON-004	REQUIRED	Preserve external observation; internal realization remains free
0123	Function 10 stores no line terminator	006 - CP/M 2.2 BDOS Buffered Console Input and Line Editing Semantics; I052 BDOS-CON-004	BDOS console-service boundary	BDOS-CON-004	REQUIRED	Preserve external observation; internal realization remains free
0124	Function 10 has no function-specific register result	006 - CP/M 2.2 BDOS Buffered Console Input and Line Editing Semantics; I052 BDOS-CON-004	BDOS console-service boundary	BDOS-CON-004	NOT GUARANTEED	Boundary must tolerate permitted variation; do not expose as promise
0125	Function 10 Ctrl-P exclusion and printer-echo toggle	006 - CP/M 2.2 BDOS Buffered Console Input and Line Editing Semantics; I052 BDOS-CON-004	BDOS console-service boundary	BDOS-CON-004	POLICY PENDING	Profile/policy ownership provisional; test diagnostic until selected
0126	Function 10 post-Ctrl-P echo state	006 - CP/M 2.2 BDOS Buffered Console Input and Line Editing Semantics; I052 BDOS-CON-004	BDOS console-service boundary	BDOS-CON-004	POLICY PENDING	Profile/policy ownership provisional; test diagnostic until selected
0127	Function 10 seven-bit input masking	006 - CP/M 2.2 BDOS Buffered Console Input and Line Editing Semantics; I052 BDOS-CON-004	BDOS console-service boundary	BDOS-CON-004	POLICY PENDING	Profile/policy ownership provisional; test diagnostic until selected
0128	Function 10 exact correction-display bytes	006 - CP/M 2.2 BDOS Buffered Console Input and Line Editing Semantics; I052 BDOS-CON-004	BDOS console-service boundary	BDOS-CON-004	POLICY PENDING	Profile/policy ownership provisional; test diagnostic until selected
0129	Function 10 noninitial Ctrl-C behavior	006 - CP/M 2.2 BDOS Buffered Console Input and Line Editing Semantics; I052 BDOS-CON-004	BDOS console-service boundary	BDOS-CON-004	POLICY PENDING	Profile/policy ownership provisional; test diagnostic until selected
0130	DRI private function-10 editor organization	006 - CP/M 2.2 BDOS Buffered Console Input and Line Editing Semantics; I052 BDOS-CON-004	BDOS console-service boundary	BDOS-CON-004	NOT REQUIRED	No architecture constraint from private/incidental mechanism
0131	DRI function-10 zero common result	007 - CP/M 2.2 BDOS Disk Reset Selection and Drive-State Query Semantics; I052 BDOS-STATE-002	BDOS system/disk-state boundary	BDOS-STATE-002	NOT REQUIRED	No architecture constraint from private/incidental mechanism
0132	Function 13 selector	007 - CP/M 2.2 BDOS Disk Reset Selection and Drive-State Query Semantics; I052 BDOS-STATE-002	BDOS system/disk-state boundary	BDOS-STATE-002	REQUIRED	Preserve external observation; internal realization remains free
0133	Function 13 read/write reset	007 - CP/M 2.2 BDOS Disk Reset Selection and Drive-State Query Semantics; I052 BDOS-STATE-002	BDOS system/disk-state boundary	BDOS-STATE-002	REQUIRED	Preserve external observation; internal realization remains free
0134	Function 13 selects drive A	007 - CP/M 2.2 BDOS Disk Reset Selection and Drive-State Query Semantics; I052 BDOS-STATE-002	BDOS system/disk-state boundary	BDOS-STATE-002	REQUIRED	Preserve external observation; internal realization remains free
0135	Function 13 restores default DMA	007 - CP/M 2.2 BDOS Disk Reset Selection and Drive-State Query Semantics; I052 BDOS-STATE-002	BDOS system/disk-state boundary	BDOS-STATE-002	REQUIRED	Preserve external observation; internal realization remains free
0136	Function 13 resets login vector	007 - CP/M 2.2 BDOS Disk Reset Selection and Drive-State Query Semantics; I052 BDOS-STATE-002	BDOS system/disk-state boundary	BDOS-STATE-002	REQUIRED	Preserve external observation; internal realization remains free
0137	Function 13 function-specific result	007 - CP/M 2.2 BDOS Disk Reset Selection and Drive-State Query Semantics; I052 BDOS-STATE-002	BDOS system/disk-state boundary	BDOS-STATE-002	NOT GUARANTEED	Boundary must tolerate permitted variation; do not expose as promise
0138	Function 14 selector	007 - CP/M 2.2 BDOS Disk Reset Selection and Drive-State Query Semantics; I052 BDOS-STATE-002	BDOS system/disk-state boundary	BDOS-STATE-002	REQUIRED	Preserve external observation; internal realization remains free
0139	Function 14 drive numbering	007 - CP/M 2.2 BDOS Disk Reset Selection and Drive-State Query Semantics; I052 BDOS-STATE-002	BDOS system/disk-state boundary	BDOS-STATE-002	REQUIRED	Preserve external observation; internal realization remains free
0140	Function 14 changes current disk	007 - CP/M 2.2 BDOS Disk Reset Selection and Drive-State Query Semantics; I052 BDOS-STATE-002	BDOS system/disk-state boundary	BDOS-STATE-002	REQUIRED	Preserve external observation; internal realization remains free
0141	Function 14 logs selected drive	007 - CP/M 2.2 BDOS Disk Reset Selection and Drive-State Query Semantics; I052 BDOS-STATE-002	BDOS system/disk-state boundary	BDOS-STATE-002	REQUIRED	Preserve external observation; internal realization remains free
0142	Login vector is cumulative	007 - CP/M 2.2 BDOS Disk Reset Selection and Drive-State Query Semantics; I052 BDOS-STATE-002	BDOS system/disk-state boundary	BDOS-STATE-002	REQUIRED	Preserve external observation; internal realization remains free
0143	Standard media-change read-only behavior	007 - CP/M 2.2 BDOS Disk Reset Selection and Drive-State Query Semantics; I052 BDOS-STATE-002	BDOS system/disk-state boundary	BDOS-STATE-002	REQUIRED	Preserve external observation; internal realization remains free
0144	FCB drive code zero uses current disk	007 - CP/M 2.2 BDOS Disk Reset Selection and Drive-State Query Semantics; I052 BDOS-STATE-002	BDOS system/disk-state boundary	BDOS-STATE-002	REQUIRED	Preserve external observation; internal realization remains free
0145	Explicit FCB drive selection	007 - CP/M 2.2 BDOS Disk Reset Selection and Drive-State Query Semantics; I052 BDOS-STATE-002	BDOS system/disk-state boundary	BDOS-STATE-002	REQUIRED	Preserve external observation; internal realization remains free
0146	Explicit FCB selection does not permanently change current disk	007 - CP/M 2.2 BDOS Disk Reset Selection and Drive-State Query Semantics; I052 BDOS-STATE-002	BDOS system/disk-state boundary	BDOS-STATE-002	REQUIRED	Preserve external observation; internal realization remains free
0147	Function 24 login vector result	007 - CP/M 2.2 BDOS Disk Reset Selection and Drive-State Query Semantics; I052 BDOS-STATE-002	BDOS system/disk-state boundary	BDOS-STATE-002	REQUIRED	Preserve external observation; internal realization remains free
0148	Login vector bit mapping	007 - CP/M 2.2 BDOS Disk Reset Selection and Drive-State Query Semantics; I052 BDOS-STATE-002	BDOS system/disk-state boundary	BDOS-STATE-002	REQUIRED	Preserve external observation; internal realization remains free
0149	Login bit meaning	007 - CP/M 2.2 BDOS Disk Reset Selection and Drive-State Query Semantics; I052 BDOS-STATE-002	BDOS system/disk-state boundary	BDOS-STATE-002	REQUIRED	Preserve external observation; internal realization remains free
0150	Function 25 current disk result	007 - CP/M 2.2 BDOS Disk Reset Selection and Drive-State Query Semantics; I052 BDOS-STATE-002	BDOS system/disk-state boundary	BDOS-STATE-002	REQUIRED	Preserve external observation; internal realization remains free
0151	Function 14 invalid-drive result	007 - CP/M 2.2 BDOS Disk Reset Selection and Drive-State Query Semantics; I052 BDOS-STATE-002	BDOS system/disk-state boundary	BDOS-STATE-002	NOT GUARANTEED	Boundary must tolerate permitted variation; do not expose as promise
0152	Function 13/14 synchronization of page-zero 0004h	007 - CP/M 2.2 BDOS Disk Reset Selection and Drive-State Query Semantics; I052 BDOS-STATE-002	BDOS system/disk-state boundary	BDOS-STATE-002	NOT REQUIRED	No architecture constraint from private/incidental mechanism
0153	DRI private disk-state implementation	007 - CP/M 2.2 BDOS Disk Reset Selection and Drive-State Query Semantics; I052 BDOS-STATE-002	BDOS system/disk-state boundary	BDOS-STATE-002	NOT REQUIRED	No architecture constraint from private/incidental mechanism
0154	Unavailable-drive presentation	007 - CP/M 2.2 BDOS Disk Reset Selection and Drive-State Query Semantics; I052 BDOS-STATE-002	BDOS system/disk-state boundary	BDOS-STATE-002	POLICY PENDING	Profile/policy ownership provisional; test diagnostic until selected
0155	Function 13 user-number preservation	008 - CP/M 2.2 FCB File Identification and Open-Close Semantics; I052 BDOS-FILE-001,BDOS-FILE-002	BDOS file/directory/storage boundary	BDOS-FILE-001,BDOS-FILE-002	POLICY PENDING	Profile/policy ownership provisional; test diagnostic until selected
0156	Investigation 008 finding	008 - CP/M 2.2 FCB File Identification and Open-Close Semantics; I052 BDOS-FILE-001,BDOS-FILE-002	BDOS file/directory/storage boundary	BDOS-FILE-001,BDOS-FILE-002	REQUIRED	Preserve external observation; internal realization remains free
0157	Investigation 008 finding	008 - CP/M 2.2 FCB File Identification and Open-Close Semantics; I052 BDOS-FILE-001,BDOS-FILE-002	BDOS file/directory/storage boundary	BDOS-FILE-001,BDOS-FILE-002	REQUIRED	Preserve external observation; internal realization remains free
0158	Investigation 008 finding	008 - CP/M 2.2 FCB File Identification and Open-Close Semantics; I052 BDOS-FILE-001,BDOS-FILE-002	BDOS file/directory/storage boundary	BDOS-FILE-001,BDOS-FILE-002	REQUIRED	Preserve external observation; internal realization remains free
0159	Investigation 008 finding	008 - CP/M 2.2 FCB File Identification and Open-Close Semantics; I052 BDOS-FILE-001,BDOS-FILE-002	BDOS file/directory/storage boundary	BDOS-FILE-001,BDOS-FILE-002	REQUIRED	Preserve external observation; internal realization remains free
0160	Investigation 008 finding	008 - CP/M 2.2 FCB File Identification and Open-Close Semantics; I052 BDOS-FILE-001,BDOS-FILE-002	BDOS file/directory/storage boundary	BDOS-FILE-001,BDOS-FILE-002	REQUIRED	Preserve external observation; internal realization remains free
0161	Investigation 008 finding	008 - CP/M 2.2 FCB File Identification and Open-Close Semantics; I052 BDOS-FILE-001,BDOS-FILE-002	BDOS file/directory/storage boundary	BDOS-FILE-001,BDOS-FILE-002	REQUIRED	Preserve external observation; internal realization remains free
0162	Investigation 008 finding	008 - CP/M 2.2 FCB File Identification and Open-Close Semantics; I052 BDOS-FILE-001,BDOS-FILE-002	BDOS file/directory/storage boundary	BDOS-FILE-001,BDOS-FILE-002	REQUIRED	Preserve external observation; internal realization remains free
0163	Investigation 008 finding	008 - CP/M 2.2 FCB File Identification and Open-Close Semantics; I052 BDOS-FILE-001,BDOS-FILE-002	BDOS file/directory/storage boundary	BDOS-FILE-001,BDOS-FILE-002	NOT GUARANTEED	Boundary must tolerate permitted variation; do not expose as promise
0164	Investigation 008 finding	008 - CP/M 2.2 FCB File Identification and Open-Close Semantics; I052 BDOS-FILE-001,BDOS-FILE-002	BDOS file/directory/storage boundary	BDOS-FILE-001,BDOS-FILE-002	REQUIRED	Preserve external observation; internal realization remains free
0165	Investigation 008 finding	008 - CP/M 2.2 FCB File Identification and Open-Close Semantics; I052 BDOS-FILE-001,BDOS-FILE-002	BDOS file/directory/storage boundary	BDOS-FILE-001,BDOS-FILE-002	REQUIRED	Preserve external observation; internal realization remains free
0166	Investigation 008 finding	008 - CP/M 2.2 FCB File Identification and Open-Close Semantics; I052 BDOS-FILE-001,BDOS-FILE-002	BDOS file/directory/storage boundary	BDOS-FILE-001,BDOS-FILE-002	REQUIRED	Preserve external observation; internal realization remains free
0167	Investigation 008 finding	008 - CP/M 2.2 FCB File Identification and Open-Close Semantics; I052 BDOS-FILE-001,BDOS-FILE-002	BDOS file/directory/storage boundary	BDOS-FILE-001,BDOS-FILE-002	REQUIRED	Preserve external observation; internal realization remains free
0168	Investigation 008 finding	008 - CP/M 2.2 FCB File Identification and Open-Close Semantics; I052 BDOS-FILE-001,BDOS-FILE-002	BDOS file/directory/storage boundary	BDOS-FILE-001,BDOS-FILE-002	REQUIRED	Preserve external observation; internal realization remains free
0169	Investigation 008 finding	008 - CP/M 2.2 FCB File Identification and Open-Close Semantics; I052 BDOS-FILE-001,BDOS-FILE-002	BDOS file/directory/storage boundary	BDOS-FILE-001,BDOS-FILE-002	REQUIRED	Preserve external observation; internal realization remains free
0170	Investigation 008 finding	008 - CP/M 2.2 FCB File Identification and Open-Close Semantics; I052 BDOS-FILE-001,BDOS-FILE-002	BDOS file/directory/storage boundary	BDOS-FILE-001,BDOS-FILE-002	REQUIRED	Preserve external observation; internal realization remains free
0171	Investigation 008 finding	008 - CP/M 2.2 FCB File Identification and Open-Close Semantics; I052 BDOS-FILE-001,BDOS-FILE-002	BDOS file/directory/storage boundary	BDOS-FILE-001,BDOS-FILE-002	REQUIRED	Preserve external observation; internal realization remains free
0172	Investigation 008 finding	008 - CP/M 2.2 FCB File Identification and Open-Close Semantics; I052 BDOS-FILE-001,BDOS-FILE-002	BDOS file/directory/storage boundary	BDOS-FILE-001,BDOS-FILE-002	REQUIRED	Preserve external observation; internal realization remains free
0173	Investigation 008 finding	008 - CP/M 2.2 FCB File Identification and Open-Close Semantics; I052 BDOS-FILE-001,BDOS-FILE-002	BDOS file/directory/storage boundary	BDOS-FILE-001,BDOS-FILE-002	REQUIRED	Preserve external observation; internal realization remains free
0174	Investigation 008 finding	008 - CP/M 2.2 FCB File Identification and Open-Close Semantics; I052 BDOS-FILE-001,BDOS-FILE-002	BDOS file/directory/storage boundary	BDOS-FILE-001,BDOS-FILE-002	REQUIRED	Preserve external observation; internal realization remains free
0175	Investigation 008 finding	008 - CP/M 2.2 FCB File Identification and Open-Close Semantics; I052 BDOS-FILE-001,BDOS-FILE-002	BDOS file/directory/storage boundary	BDOS-FILE-001,BDOS-FILE-002	REQUIRED	Preserve external observation; internal realization remains free
0176	Investigation 008 finding	008 - CP/M 2.2 FCB File Identification and Open-Close Semantics; I052 BDOS-FILE-001,BDOS-FILE-002	BDOS file/directory/storage boundary	BDOS-FILE-001,BDOS-FILE-002	REQUIRED	Preserve external observation; internal realization remains free
0177	Investigation 008 finding	008 - CP/M 2.2 FCB File Identification and Open-Close Semantics; I052 BDOS-FILE-001,BDOS-FILE-002	BDOS file/directory/storage boundary	BDOS-FILE-001,BDOS-FILE-002	REQUIRED	Preserve external observation; internal realization remains free
0178	Investigation 008 finding	008 - CP/M 2.2 FCB File Identification and Open-Close Semantics; I052 BDOS-FILE-001,BDOS-FILE-002	BDOS file/directory/storage boundary	BDOS-FILE-001,BDOS-FILE-002	REQUIRED	Preserve external observation; internal realization remains free
0179	Investigation 008 finding	008 - CP/M 2.2 FCB File Identification and Open-Close Semantics; I052 BDOS-FILE-001,BDOS-FILE-002	BDOS file/directory/storage boundary	BDOS-FILE-001,BDOS-FILE-002	REQUIRED	Preserve external observation; internal realization remains free
0180	Investigation 008 finding	008 - CP/M 2.2 FCB File Identification and Open-Close Semantics; I052 BDOS-FILE-001,BDOS-FILE-002	BDOS file/directory/storage boundary	BDOS-FILE-001,BDOS-FILE-002	REQUIRED	Preserve external observation; internal realization remains free
0181	Investigation 008 finding	008 - CP/M 2.2 FCB File Identification and Open-Close Semantics; I052 BDOS-FILE-001,BDOS-FILE-002	BDOS file/directory/storage boundary	BDOS-FILE-001,BDOS-FILE-002	REQUIRED	Preserve external observation; internal realization remains free
0182	Investigation 008 finding	008 - CP/M 2.2 FCB File Identification and Open-Close Semantics; I052 BDOS-FILE-001,BDOS-FILE-002	BDOS file/directory/storage boundary	BDOS-FILE-001,BDOS-FILE-002	NOT GUARANTEED	Boundary must tolerate permitted variation; do not expose as promise
0183	Investigation 008 finding	008 - CP/M 2.2 FCB File Identification and Open-Close Semantics; I052 BDOS-FILE-001,BDOS-FILE-002	BDOS file/directory/storage boundary	BDOS-FILE-001,BDOS-FILE-002	POLICY PENDING	Profile/policy ownership provisional; test diagnostic until selected
0184	Investigation 008 finding	008 - CP/M 2.2 FCB File Identification and Open-Close Semantics; I052 BDOS-FILE-001,BDOS-FILE-002	BDOS file/directory/storage boundary	BDOS-FILE-001,BDOS-FILE-002	NOT REQUIRED	No architecture constraint from private/incidental mechanism
0185	Investigation 008 finding	008 - CP/M 2.2 FCB File Identification and Open-Close Semantics; I052 BDOS-FILE-001,BDOS-FILE-002	BDOS file/directory/storage boundary	BDOS-FILE-001,BDOS-FILE-002	NOT REQUIRED	No architecture constraint from private/incidental mechanism
0186	Investigation 008 finding	008 - CP/M 2.2 FCB File Identification and Open-Close Semantics; I052 BDOS-FILE-001,BDOS-FILE-002	BDOS file/directory/storage boundary	BDOS-FILE-001,BDOS-FILE-002	NOT REQUIRED	No architecture constraint from private/incidental mechanism
0187	Investigation 008 finding	009 - CP/M 2.2 BDOS Directory Search and DMA Transfer Semantics; I052 BDOS-FILE-003,BDOS-STATE-003	BDOS file/directory/storage boundary	BDOS-FILE-003,BDOS-STATE-003	NOT REQUIRED	No architecture constraint from private/incidental mechanism
0188	Search First call convention	009 - CP/M 2.2 BDOS Directory Search and DMA Transfer Semantics; I052 BDOS-FILE-003,BDOS-STATE-003	BDOS file/directory/storage boundary	BDOS-FILE-003,BDOS-STATE-003	REQUIRED	Preserve external observation; internal realization remains free
0189	Search First initial directory scan position	009 - CP/M 2.2 BDOS Directory Search and DMA Transfer Semantics; I052 BDOS-FILE-003,BDOS-STATE-003	BDOS file/directory/storage boundary	BDOS-FILE-003,BDOS-STATE-003	REQUIRED	Preserve external observation; internal realization remains free
0190	Search First successful result code	009 - CP/M 2.2 BDOS Directory Search and DMA Transfer Semantics; I052 BDOS-FILE-003,BDOS-STATE-003	BDOS file/directory/storage boundary	BDOS-FILE-003,BDOS-STATE-003	REQUIRED	Preserve external observation; internal realization remains free
0191	Search First unsuccessful result code	009 - CP/M 2.2 BDOS Directory Search and DMA Transfer Semantics; I052 BDOS-FILE-003,BDOS-STATE-003	BDOS file/directory/storage boundary	BDOS-FILE-003,BDOS-STATE-003	REQUIRED	Preserve external observation; internal realization remains free
0192	Search First DMA record transfer	009 - CP/M 2.2 BDOS Directory Search and DMA Transfer Semantics; I052 BDOS-FILE-003,BDOS-STATE-003	BDOS file/directory/storage boundary	BDOS-FILE-003,BDOS-STATE-003	REQUIRED	Preserve external observation; internal realization remains free
0193	Search result entry offset	009 - CP/M 2.2 BDOS Directory Search and DMA Transfer Semantics; I052 BDOS-FILE-003,BDOS-STATE-003	BDOS file/directory/storage boundary	BDOS-FILE-003,BDOS-STATE-003	REQUIRED	Preserve external observation; internal realization remains free
0194	Search transfer record layout	009 - CP/M 2.2 BDOS Directory Search and DMA Transfer Semantics; I052 BDOS-FILE-003,BDOS-STATE-003	BDOS file/directory/storage boundary	BDOS-FILE-003,BDOS-STATE-003	REQUIRED	Preserve external observation; internal realization remains free
0195	Directory entry user number	009 - CP/M 2.2 BDOS Directory Search and DMA Transfer Semantics; I052 BDOS-FILE-003,BDOS-STATE-003	BDOS file/directory/storage boundary	BDOS-FILE-003,BDOS-STATE-003	REQUIRED	Preserve external observation; internal realization remains free
0196	Directory entry FCB field layout	009 - CP/M 2.2 BDOS Directory Search and DMA Transfer Semantics; I052 BDOS-FILE-003,BDOS-STATE-003	BDOS file/directory/storage boundary	BDOS-FILE-003,BDOS-STATE-003	REQUIRED	Preserve external observation; internal realization remains free
0197	Search wildcard matching	009 - CP/M 2.2 BDOS Directory Search and DMA Transfer Semantics; I052 BDOS-FILE-003,BDOS-STATE-003	BDOS file/directory/storage boundary	BDOS-FILE-003,BDOS-STATE-003	REQUIRED	Preserve external observation; internal realization remains free
0198	Type attribute comparison	009 - CP/M 2.2 BDOS Directory Search and DMA Transfer Semantics; I052 BDOS-FILE-003,BDOS-STATE-003	BDOS file/directory/storage boundary	BDOS-FILE-003,BDOS-STATE-003	REQUIRED	Preserve external observation; internal realization remains free
0199	Default-drive FCB search	009 - CP/M 2.2 BDOS Directory Search and DMA Transfer Semantics; I052 BDOS-FILE-003,BDOS-STATE-003	BDOS file/directory/storage boundary	BDOS-FILE-003,BDOS-STATE-003	REQUIRED	Preserve external observation; internal realization remains free
0200	Explicit-drive search	009 - CP/M 2.2 BDOS Directory Search and DMA Transfer Semantics; I052 BDOS-FILE-003,BDOS-STATE-003	BDOS file/directory/storage boundary	BDOS-FILE-003,BDOS-STATE-003	REQUIRED	Preserve external observation; internal realization remains free
0201	Search First S2 handling	009 - CP/M 2.2 BDOS Directory Search and DMA Transfer Semantics; I052 BDOS-FILE-003,BDOS-STATE-003	BDOS file/directory/storage boundary	BDOS-FILE-003,BDOS-STATE-003	REQUIRED	Preserve external observation; internal realization remains free
0202	All-user search wildcard drive	009 - CP/M 2.2 BDOS Directory Search and DMA Transfer Semantics; I052 BDOS-FILE-003,BDOS-STATE-003	BDOS file/directory/storage boundary	BDOS-FILE-003,BDOS-STATE-003	REQUIRED	Preserve external observation; internal realization remains free
0203	Search Next call convention	009 - CP/M 2.2 BDOS Directory Search and DMA Transfer Semantics; I052 BDOS-FILE-003,BDOS-STATE-003	BDOS file/directory/storage boundary	BDOS-FILE-003,BDOS-STATE-003	REQUIRED	Preserve external observation; internal realization remains free
0204	Search Next continuation semantics	009 - CP/M 2.2 BDOS Directory Search and DMA Transfer Semantics; I052 BDOS-FILE-003,BDOS-STATE-003	BDOS file/directory/storage boundary	BDOS-FILE-003,BDOS-STATE-003	REQUIRED	Preserve external observation; internal realization remains free
0205	Search Next result and DMA relationship	009 - CP/M 2.2 BDOS Directory Search and DMA Transfer Semantics; I052 BDOS-FILE-003,BDOS-STATE-003	BDOS file/directory/storage boundary	BDOS-FILE-003,BDOS-STATE-003	REQUIRED	Preserve external observation; internal realization remains free
0206	Search Next unsuccessful result code	009 - CP/M 2.2 BDOS Directory Search and DMA Transfer Semantics; I052 BDOS-FILE-003,BDOS-STATE-003	BDOS file/directory/storage boundary	BDOS-FILE-003,BDOS-STATE-003	REQUIRED	Preserve external observation; internal realization remains free
0207	Search First restart behavior	009 - CP/M 2.2 BDOS Directory Search and DMA Transfer Semantics; I052 BDOS-FILE-003,BDOS-STATE-003	BDOS file/directory/storage boundary	BDOS-FILE-003,BDOS-STATE-003	REQUIRED	Preserve external observation; internal realization remains free
0208	Set DMA Address call convention	009 - CP/M 2.2 BDOS Directory Search and DMA Transfer Semantics; I052 BDOS-FILE-003,BDOS-STATE-003	BDOS file/directory/storage boundary	BDOS-FILE-003,BDOS-STATE-003	REQUIRED	Preserve external observation; internal realization remains free
0209	DMA address persistence	009 - CP/M 2.2 BDOS Directory Search and DMA Transfer Semantics; I052 BDOS-FILE-003,BDOS-STATE-003	BDOS file/directory/storage boundary	BDOS-FILE-003,BDOS-STATE-003	REQUIRED	Preserve external observation; internal realization remains free
0210	DMA change during search continuation	009 - CP/M 2.2 BDOS Directory Search and DMA Transfer Semantics; I052 BDOS-FILE-003,BDOS-STATE-003	BDOS file/directory/storage boundary	BDOS-FILE-003,BDOS-STATE-003	REQUIRED	Preserve external observation; internal realization remains free
0211	Directory enumeration order	009 - CP/M 2.2 BDOS Directory Search and DMA Transfer Semantics; I052 BDOS-FILE-003,BDOS-STATE-003	BDOS file/directory/storage boundary	BDOS-FILE-003,BDOS-STATE-003	REQUIRED	Preserve external observation; internal realization remains free
0212	Repeat-search ordering stability	009 - CP/M 2.2 BDOS Directory Search and DMA Transfer Semantics; I052 BDOS-FILE-003,BDOS-STATE-003	BDOS file/directory/storage boundary	BDOS-FILE-003,BDOS-STATE-003	REQUIRED	Preserve external observation; internal realization remains free
0213	Enumeration ordering guarantee limitation	009 - CP/M 2.2 BDOS Directory Search and DMA Transfer Semantics; I052 BDOS-FILE-003,BDOS-STATE-003	BDOS file/directory/storage boundary	BDOS-FILE-003,BDOS-STATE-003	NOT GUARANTEED	Boundary must tolerate permitted variation; do not expose as promise
0214	Default-drive continuation limitation	009 - CP/M 2.2 BDOS Directory Search and DMA Transfer Semantics; I052 BDOS-FILE-003,BDOS-STATE-003	BDOS file/directory/storage boundary	BDOS-FILE-003,BDOS-STATE-003	NOT GUARANTEED	Boundary must tolerate permitted variation; do not expose as promise
0215	Search continuation state limitation	009 - CP/M 2.2 BDOS Directory Search and DMA Transfer Semantics; I052 BDOS-FILE-003,BDOS-STATE-003	BDOS file/directory/storage boundary	BDOS-FILE-003,BDOS-STATE-003	NOT GUARANTEED	Boundary must tolerate permitted variation; do not expose as promise
0216	Failed-search DMA contents	009 - CP/M 2.2 BDOS Directory Search and DMA Transfer Semantics; I052 BDOS-FILE-003,BDOS-STATE-003	BDOS file/directory/storage boundary	BDOS-FILE-003,BDOS-STATE-003	NOT GUARANTEED	Boundary must tolerate permitted variation; do not expose as promise
0217	DRI FFh-path directory copy	009 - CP/M 2.2 BDOS Directory Search and DMA Transfer Semantics; I052 BDOS-FILE-003,BDOS-STATE-003	BDOS file/directory/storage boundary	BDOS-FILE-003,BDOS-STATE-003	NOT REQUIRED	No architecture constraint from private/incidental mechanism
0218	DRI private search implementation	010 - CP/M 2.2 BDOS Sequential Read Semantics; I052 BDOS-FILE-004	BDOS file/directory/storage boundary	BDOS-FILE-004	NOT REQUIRED	No architecture constraint from private/incidental mechanism
0219	Function 20 call convention	010 - CP/M 2.2 BDOS Sequential Read Semantics; I052 BDOS-FILE-004	BDOS file/directory/storage boundary	BDOS-FILE-004	REQUIRED	Preserve external observation; internal realization remains free
0220	Activated-FCB precondition	010 - CP/M 2.2 BDOS Sequential Read Semantics; I052 BDOS-FILE-004	BDOS file/directory/storage boundary	BDOS-FILE-004	REQUIRED	Preserve external observation; internal realization remains free
0221	Sequential position source	010 - CP/M 2.2 BDOS Sequential Read Semantics; I052 BDOS-FILE-004	BDOS file/directory/storage boundary	BDOS-FILE-004	REQUIRED	Preserve external observation; internal realization remains free
0222	Successful result	010 - CP/M 2.2 BDOS Sequential Read Semantics; I052 BDOS-FILE-004	BDOS file/directory/storage boundary	BDOS-FILE-004	REQUIRED	Preserve external observation; internal realization remains free
0223	Successful transfer size	010 - CP/M 2.2 BDOS Sequential Read Semantics; I052 BDOS-FILE-004	BDOS file/directory/storage boundary	BDOS-FILE-004	REQUIRED	Preserve external observation; internal realization remains free
0224	Current DMA destination	010 - CP/M 2.2 BDOS Sequential Read Semantics; I052 BDOS-FILE-004	BDOS file/directory/storage boundary	BDOS-FILE-004	REQUIRED	Preserve external observation; internal realization remains free
0225	Partial-byte count	010 - CP/M 2.2 BDOS Sequential Read Semantics; I052 BDOS-FILE-004	BDOS file/directory/storage boundary	BDOS-FILE-004	NOT GUARANTEED	Boundary must tolerate permitted variation; do not expose as promise
0226	Advance after success	010 - CP/M 2.2 BDOS Sequential Read Semantics; I052 BDOS-FILE-004	BDOS file/directory/storage boundary	BDOS-FILE-004	REQUIRED	Preserve external observation; internal realization remains free
0227	CR progression within an extent	010 - CP/M 2.2 BDOS Sequential Read Semantics; I052 BDOS-FILE-004	BDOS file/directory/storage boundary	BDOS-FILE-004	REQUIRED	Preserve external observation; internal realization remains free
0228	Full-extent position	010 - CP/M 2.2 BDOS Sequential Read Semantics; I052 BDOS-FILE-004	BDOS file/directory/storage boundary	BDOS-FILE-004	REQUIRED	Preserve external observation; internal realization remains free
0229	Automatic extent transition	010 - CP/M 2.2 BDOS Sequential Read Semantics; I052 BDOS-FILE-004	BDOS file/directory/storage boundary	BDOS-FILE-004	REQUIRED	Preserve external observation; internal realization remains free
0230	New-extent first-record state	010 - CP/M 2.2 BDOS Sequential Read Semantics; I052 BDOS-FILE-004	BDOS file/directory/storage boundary	BDOS-FILE-004	REQUIRED	Preserve external observation; internal realization remains free
0231	Extent working-state replacement	010 - CP/M 2.2 BDOS Sequential Read Semantics; I052 BDOS-FILE-004	BDOS file/directory/storage boundary	BDOS-FILE-004	REQUIRED	Preserve external observation; internal realization remains free
0232	EOF/no-data result	010 - CP/M 2.2 BDOS Sequential Read Semantics; I052 BDOS-FILE-004	BDOS file/directory/storage boundary	BDOS-FILE-004	REQUIRED	Preserve external observation; internal realization remains free
0233	Exact EOF code	010 - CP/M 2.2 BDOS Sequential Read Semantics; I052 BDOS-FILE-004	BDOS file/directory/storage boundary	BDOS-FILE-004	POLICY PENDING	Profile/policy ownership provisional; test diagnostic until selected
0234	Empty-file behavior	010 - CP/M 2.2 BDOS Sequential Read Semantics; I052 BDOS-FILE-004	BDOS file/directory/storage boundary	BDOS-FILE-004	REQUIRED	Preserve external observation; internal realization remains free
0235	Partial-final-extent EOF	010 - CP/M 2.2 BDOS Sequential Read Semantics; I052 BDOS-FILE-004	BDOS file/directory/storage boundary	BDOS-FILE-004	REQUIRED	Preserve external observation; internal realization remains free
0236	Exact-boundary EOF	010 - CP/M 2.2 BDOS Sequential Read Semantics; I052 BDOS-FILE-004	BDOS file/directory/storage boundary	BDOS-FILE-004	REQUIRED	Preserve external observation; internal realization remains free
0237	Repeated EOF indication	010 - CP/M 2.2 BDOS Sequential Read Semantics; I052 BDOS-FILE-004	BDOS file/directory/storage boundary	BDOS-FILE-004	REQUIRED	Preserve external observation; internal realization remains free
0238	DMA contents after failure	010 - CP/M 2.2 BDOS Sequential Read Semantics; I052 BDOS-FILE-004	BDOS file/directory/storage boundary	BDOS-FILE-004	NOT GUARANTEED	Boundary must tolerate permitted variation; do not expose as promise
0239	FCB mutation	010 - CP/M 2.2 BDOS Sequential Read Semantics; I052 BDOS-FILE-004	BDOS file/directory/storage boundary	BDOS-FILE-004	REQUIRED	Preserve external observation; internal realization remains free
0240	Exact FCB image after failed read	010 - CP/M 2.2 BDOS Sequential Read Semantics; I052 BDOS-FILE-004	BDOS file/directory/storage boundary	BDOS-FILE-004	NOT GUARANTEED	Boundary must tolerate permitted variation; do not expose as promise
0241	DRI exact-boundary EX drift	010 - CP/M 2.2 BDOS Sequential Read Semantics; I052 BDOS-FILE-004	BDOS file/directory/storage boundary	BDOS-FILE-004	NOT REQUIRED	No architecture constraint from private/incidental mechanism
0242	Explicit-drive read	010 - CP/M 2.2 BDOS Sequential Read Semantics; I052 BDOS-FILE-004	BDOS file/directory/storage boundary	BDOS-FILE-004	REQUIRED	Preserve external observation; internal realization remains free
0243	Read-only readability	010 - CP/M 2.2 BDOS Sequential Read Semantics; I052 BDOS-FILE-004	BDOS file/directory/storage boundary	BDOS-FILE-004	REQUIRED	Preserve external observation; internal realization remains free
0244	Unopened-FCB result	010 - CP/M 2.2 BDOS Sequential Read Semantics; I052 BDOS-FILE-004	BDOS file/directory/storage boundary	BDOS-FILE-004	NOT GUARANTEED	Boundary must tolerate permitted variation; do not expose as promise
0245	Invalid-FCB result	010 - CP/M 2.2 BDOS Sequential Read Semantics; I052 BDOS-FILE-004	BDOS file/directory/storage boundary	BDOS-FILE-004	NOT GUARANTEED	Boundary must tolerate permitted variation; do not expose as promise
0246	Physical read-error presentation	010 - CP/M 2.2 BDOS Sequential Read Semantics; I052 BDOS-FILE-004	BDOS file/directory/storage boundary	BDOS-FILE-004	POLICY PENDING	Profile/policy ownership provisional; test diagnostic until selected
0247	DRI internal read machinery	011 - CP/M 2.2 BDOS Sequential Write and File Creation Semantics; I052 BDOS-FILE-002,BDOS-FILE-005,BDOS-FILE-011	BDOS file/directory/storage boundary	BDOS-FILE-002,BDOS-FILE-005,BDOS-FILE-011	NOT REQUIRED	No architecture constraint from private/incidental mechanism
0248	Function 22 convention	011 - CP/M 2.2 BDOS Sequential Write and File Creation Semantics; I052 BDOS-FILE-002,BDOS-FILE-005,BDOS-FILE-011	BDOS file/directory/storage boundary	BDOS-FILE-002,BDOS-FILE-005,BDOS-FILE-011	REQUIRED	Preserve external observation; internal realization remains free
0249	Make uniqueness precondition	011 - CP/M 2.2 BDOS Sequential Write and File Creation Semantics; I052 BDOS-FILE-002,BDOS-FILE-005,BDOS-FILE-011	BDOS file/directory/storage boundary	BDOS-FILE-002,BDOS-FILE-005,BDOS-FILE-011	REQUIRED	Preserve external observation; internal realization remains free
0250	New empty file	011 - CP/M 2.2 BDOS Sequential Write and File Creation Semantics; I052 BDOS-FILE-002,BDOS-FILE-005,BDOS-FILE-011	BDOS file/directory/storage boundary	BDOS-FILE-002,BDOS-FILE-005,BDOS-FILE-011	REQUIRED	Preserve external observation; internal realization remains free
0251	Make activates FCB	011 - CP/M 2.2 BDOS Sequential Write and File Creation Semantics; I052 BDOS-FILE-002,BDOS-FILE-005,BDOS-FILE-011	BDOS file/directory/storage boundary	BDOS-FILE-002,BDOS-FILE-005,BDOS-FILE-011	REQUIRED	Preserve external observation; internal realization remains free
0252	Make success result	011 - CP/M 2.2 BDOS Sequential Write and File Creation Semantics; I052 BDOS-FILE-002,BDOS-FILE-005,BDOS-FILE-011	BDOS file/directory/storage boundary	BDOS-FILE-002,BDOS-FILE-005,BDOS-FILE-011	REQUIRED	Preserve external observation; internal realization remains free
0253	Make directory-full result	011 - CP/M 2.2 BDOS Sequential Write and File Creation Semantics; I052 BDOS-FILE-002,BDOS-FILE-005,BDOS-FILE-011	BDOS file/directory/storage boundary	BDOS-FILE-002,BDOS-FILE-005,BDOS-FILE-011	REQUIRED	Preserve external observation; internal realization remains free
0254	Immediate empty-file visibility	011 - CP/M 2.2 BDOS Sequential Write and File Creation Semantics; I052 BDOS-FILE-002,BDOS-FILE-005,BDOS-FILE-011	BDOS file/directory/storage boundary	BDOS-FILE-002,BDOS-FILE-005,BDOS-FILE-011	REQUIRED	Preserve external observation; internal realization remains free
0255	Data-full empty Make	011 - CP/M 2.2 BDOS Sequential Write and File Creation Semantics; I052 BDOS-FILE-002,BDOS-FILE-005,BDOS-FILE-011	BDOS file/directory/storage boundary	BDOS-FILE-002,BDOS-FILE-005,BDOS-FILE-011	REQUIRED	Preserve external observation; internal realization remains free
0256	Make on existing name	011 - CP/M 2.2 BDOS Sequential Write and File Creation Semantics; I052 BDOS-FILE-002,BDOS-FILE-005,BDOS-FILE-011	BDOS file/directory/storage boundary	BDOS-FILE-002,BDOS-FILE-005,BDOS-FILE-011	NOT GUARANTEED	Boundary must tolerate permitted variation; do not expose as promise
0257	Ambiguous Make name	011 - CP/M 2.2 BDOS Sequential Write and File Creation Semantics; I052 BDOS-FILE-002,BDOS-FILE-005,BDOS-FILE-011	BDOS file/directory/storage boundary	BDOS-FILE-002,BDOS-FILE-005,BDOS-FILE-011	NOT GUARANTEED	Boundary must tolerate permitted variation; do not expose as promise
0258	Immediate data-block reservation	011 - CP/M 2.2 BDOS Sequential Write and File Creation Semantics; I052 BDOS-FILE-002,BDOS-FILE-005,BDOS-FILE-011	BDOS file/directory/storage boundary	BDOS-FILE-002,BDOS-FILE-005,BDOS-FILE-011	NOT REQUIRED	No architecture constraint from private/incidental mechanism
0259	Function 21 convention	011 - CP/M 2.2 BDOS Sequential Write and File Creation Semantics; I052 BDOS-FILE-002,BDOS-FILE-005,BDOS-FILE-011	BDOS file/directory/storage boundary	BDOS-FILE-002,BDOS-FILE-005,BDOS-FILE-011	REQUIRED	Preserve external observation; internal realization remains free
0260	Write activation precondition	011 - CP/M 2.2 BDOS Sequential Write and File Creation Semantics; I052 BDOS-FILE-002,BDOS-FILE-005,BDOS-FILE-011	BDOS file/directory/storage boundary	BDOS-FILE-002,BDOS-FILE-005,BDOS-FILE-011	REQUIRED	Preserve external observation; internal realization remains free
0261	Write source position	011 - CP/M 2.2 BDOS Sequential Write and File Creation Semantics; I052 BDOS-FILE-002,BDOS-FILE-005,BDOS-FILE-011	BDOS file/directory/storage boundary	BDOS-FILE-002,BDOS-FILE-005,BDOS-FILE-011	REQUIRED	Preserve external observation; internal realization remains free
0262	Successful write result	011 - CP/M 2.2 BDOS Sequential Write and File Creation Semantics; I052 BDOS-FILE-002,BDOS-FILE-005,BDOS-FILE-011	BDOS file/directory/storage boundary	BDOS-FILE-002,BDOS-FILE-005,BDOS-FILE-011	REQUIRED	Preserve external observation; internal realization remains free
0263	Write transfer size	011 - CP/M 2.2 BDOS Sequential Write and File Creation Semantics; I052 BDOS-FILE-002,BDOS-FILE-005,BDOS-FILE-011	BDOS file/directory/storage boundary	BDOS-FILE-002,BDOS-FILE-005,BDOS-FILE-011	REQUIRED	Preserve external observation; internal realization remains free
0264	Current DMA source	011 - CP/M 2.2 BDOS Sequential Write and File Creation Semantics; I052 BDOS-FILE-002,BDOS-FILE-005,BDOS-FILE-011	BDOS file/directory/storage boundary	BDOS-FILE-002,BDOS-FILE-005,BDOS-FILE-011	REQUIRED	Preserve external observation; internal realization remains free
0265	Partial-record length	011 - CP/M 2.2 BDOS Sequential Write and File Creation Semantics; I052 BDOS-FILE-002,BDOS-FILE-005,BDOS-FILE-011	BDOS file/directory/storage boundary	BDOS-FILE-002,BDOS-FILE-005,BDOS-FILE-011	NOT GUARANTEED	Boundary must tolerate permitted variation; do not expose as promise
0266	CR advance after write	011 - CP/M 2.2 BDOS Sequential Write and File Creation Semantics; I052 BDOS-FILE-002,BDOS-FILE-005,BDOS-FILE-011	BDOS file/directory/storage boundary	BDOS-FILE-002,BDOS-FILE-005,BDOS-FILE-011	REQUIRED	Preserve external observation; internal realization remains free
0267	RC extension	011 - CP/M 2.2 BDOS Sequential Write and File Creation Semantics; I052 BDOS-FILE-002,BDOS-FILE-005,BDOS-FILE-011	BDOS file/directory/storage boundary	BDOS-FILE-002,BDOS-FILE-005,BDOS-FILE-011	REQUIRED	Preserve external observation; internal realization remains free
0268	Existing-record overwrite	011 - CP/M 2.2 BDOS Sequential Write and File Creation Semantics; I052 BDOS-FILE-002,BDOS-FILE-005,BDOS-FILE-011	BDOS file/directory/storage boundary	BDOS-FILE-002,BDOS-FILE-005,BDOS-FILE-011	REQUIRED	Preserve external observation; internal realization remains free
0269	On-demand allocation	011 - CP/M 2.2 BDOS Sequential Write and File Creation Semantics; I052 BDOS-FILE-002,BDOS-FILE-005,BDOS-FILE-011	BDOS file/directory/storage boundary	BDOS-FILE-002,BDOS-FILE-005,BDOS-FILE-011	REQUIRED	Preserve external observation; internal realization remains free
0270	Exact allocation choice	011 - CP/M 2.2 BDOS Sequential Write and File Creation Semantics; I052 BDOS-FILE-002,BDOS-FILE-005,BDOS-FILE-011	BDOS file/directory/storage boundary	BDOS-FILE-002,BDOS-FILE-005,BDOS-FILE-011	NOT GUARANTEED	Boundary must tolerate permitted variation; do not expose as promise
0271	Automatic write extent transition	011 - CP/M 2.2 BDOS Sequential Write and File Creation Semantics; I052 BDOS-FILE-002,BDOS-FILE-005,BDOS-FILE-011	BDOS file/directory/storage boundary	BDOS-FILE-002,BDOS-FILE-005,BDOS-FILE-011	REQUIRED	Preserve external observation; internal realization remains free
0272	Successful transition state	011 - CP/M 2.2 BDOS Sequential Write and File Creation Semantics; I052 BDOS-FILE-002,BDOS-FILE-005,BDOS-FILE-011	BDOS file/directory/storage boundary	BDOS-FILE-002,BDOS-FILE-005,BDOS-FILE-011	REQUIRED	Preserve external observation; internal realization remains free
0273	Full last record remains successful	011 - CP/M 2.2 BDOS Sequential Write and File Creation Semantics; I052 BDOS-FILE-002,BDOS-FILE-005,BDOS-FILE-011	BDOS file/directory/storage boundary	BDOS-FILE-002,BDOS-FILE-005,BDOS-FILE-011	REQUIRED	Preserve external observation; internal realization remains free
0274	Next-extent failure result	011 - CP/M 2.2 BDOS Sequential Write and File Creation Semantics; I052 BDOS-FILE-002,BDOS-FILE-005,BDOS-FILE-011	BDOS file/directory/storage boundary	BDOS-FILE-002,BDOS-FILE-005,BDOS-FILE-011	REQUIRED	Preserve external observation; internal realization remains free
0275	Allocation-full failure	011 - CP/M 2.2 BDOS Sequential Write and File Creation Semantics; I052 BDOS-FILE-002,BDOS-FILE-005,BDOS-FILE-011	BDOS file/directory/storage boundary	BDOS-FILE-002,BDOS-FILE-005,BDOS-FILE-011	REQUIRED	Preserve external observation; internal realization remains free
0276	Exact write failure codes	011 - CP/M 2.2 BDOS Sequential Write and File Creation Semantics; I052 BDOS-FILE-002,BDOS-FILE-005,BDOS-FILE-011	BDOS file/directory/storage boundary	BDOS-FILE-002,BDOS-FILE-005,BDOS-FILE-011	POLICY PENDING	Profile/policy ownership provisional; test diagnostic until selected
0277	Unactivated write behavior	011 - CP/M 2.2 BDOS Sequential Write and File Creation Semantics; I052 BDOS-FILE-002,BDOS-FILE-005,BDOS-FILE-011	BDOS file/directory/storage boundary	BDOS-FILE-002,BDOS-FILE-005,BDOS-FILE-011	NOT GUARANTEED	Boundary must tolerate permitted variation; do not expose as promise
0248	Function 22 convention	011 - CP/M 2.2 BDOS Sequential Write and File Creation Semantics; I052 BDOS-FILE-002,BDOS-FILE-005,BDOS-FILE-011	BDOS file/directory/storage boundary	BDOS-FILE-002,BDOS-FILE-005,BDOS-FILE-011	REQUIRED	Preserve external observation; internal realization remains free
0249	Make uniqueness precondition	011 - CP/M 2.2 BDOS Sequential Write and File Creation Semantics; I052 BDOS-FILE-002,BDOS-FILE-005,BDOS-FILE-011	BDOS file/directory/storage boundary	BDOS-FILE-002,BDOS-FILE-005,BDOS-FILE-011	REQUIRED	Preserve external observation; internal realization remains free
0250	New empty file	011 - CP/M 2.2 BDOS Sequential Write and File Creation Semantics; I052 BDOS-FILE-002,BDOS-FILE-005,BDOS-FILE-011	BDOS file/directory/storage boundary	BDOS-FILE-002,BDOS-FILE-005,BDOS-FILE-011	REQUIRED	Preserve external observation; internal realization remains free
0251	Make activates FCB	011 - CP/M 2.2 BDOS Sequential Write and File Creation Semantics; I052 BDOS-FILE-002,BDOS-FILE-005,BDOS-FILE-011	BDOS file/directory/storage boundary	BDOS-FILE-002,BDOS-FILE-005,BDOS-FILE-011	REQUIRED	Preserve external observation; internal realization remains free
0252	Make success result	011 - CP/M 2.2 BDOS Sequential Write and File Creation Semantics; I052 BDOS-FILE-002,BDOS-FILE-005,BDOS-FILE-011	BDOS file/directory/storage boundary	BDOS-FILE-002,BDOS-FILE-005,BDOS-FILE-011	REQUIRED	Preserve external observation; internal realization remains free
0253	Make directory-full result	011 - CP/M 2.2 BDOS Sequential Write and File Creation Semantics; I052 BDOS-FILE-002,BDOS-FILE-005,BDOS-FILE-011	BDOS file/directory/storage boundary	BDOS-FILE-002,BDOS-FILE-005,BDOS-FILE-011	REQUIRED	Preserve external observation; internal realization remains free
0254	Immediate empty-file visibility	011 - CP/M 2.2 BDOS Sequential Write and File Creation Semantics; I052 BDOS-FILE-002,BDOS-FILE-005,BDOS-FILE-011	BDOS file/directory/storage boundary	BDOS-FILE-002,BDOS-FILE-005,BDOS-FILE-011	REQUIRED	Preserve external observation; internal realization remains free
0255	Data-full empty Make	011 - CP/M 2.2 BDOS Sequential Write and File Creation Semantics; I052 BDOS-FILE-002,BDOS-FILE-005,BDOS-FILE-011	BDOS file/directory/storage boundary	BDOS-FILE-002,BDOS-FILE-005,BDOS-FILE-011	REQUIRED	Preserve external observation; internal realization remains free
0256	Make on existing name	011 - CP/M 2.2 BDOS Sequential Write and File Creation Semantics; I052 BDOS-FILE-002,BDOS-FILE-005,BDOS-FILE-011	BDOS file/directory/storage boundary	BDOS-FILE-002,BDOS-FILE-005,BDOS-FILE-011	NOT GUARANTEED	Boundary must tolerate permitted variation; do not expose as promise
0257	Ambiguous Make name	011 - CP/M 2.2 BDOS Sequential Write and File Creation Semantics; I052 BDOS-FILE-002,BDOS-FILE-005,BDOS-FILE-011	BDOS file/directory/storage boundary	BDOS-FILE-002,BDOS-FILE-005,BDOS-FILE-011	NOT GUARANTEED	Boundary must tolerate permitted variation; do not expose as promise
0258	Immediate data-block reservation	011 - CP/M 2.2 BDOS Sequential Write and File Creation Semantics; I052 BDOS-FILE-002,BDOS-FILE-005,BDOS-FILE-011	BDOS file/directory/storage boundary	BDOS-FILE-002,BDOS-FILE-005,BDOS-FILE-011	NOT REQUIRED	No architecture constraint from private/incidental mechanism
0259	Function 21 convention	011 - CP/M 2.2 BDOS Sequential Write and File Creation Semantics; I052 BDOS-FILE-002,BDOS-FILE-005,BDOS-FILE-011	BDOS file/directory/storage boundary	BDOS-FILE-002,BDOS-FILE-005,BDOS-FILE-011	REQUIRED	Preserve external observation; internal realization remains free
0260	Write activation precondition	011 - CP/M 2.2 BDOS Sequential Write and File Creation Semantics; I052 BDOS-FILE-002,BDOS-FILE-005,BDOS-FILE-011	BDOS file/directory/storage boundary	BDOS-FILE-002,BDOS-FILE-005,BDOS-FILE-011	REQUIRED	Preserve external observation; internal realization remains free
0261	Write source position	011 - CP/M 2.2 BDOS Sequential Write and File Creation Semantics; I052 BDOS-FILE-002,BDOS-FILE-005,BDOS-FILE-011	BDOS file/directory/storage boundary	BDOS-FILE-002,BDOS-FILE-005,BDOS-FILE-011	REQUIRED	Preserve external observation; internal realization remains free
0262	Successful write result	011 - CP/M 2.2 BDOS Sequential Write and File Creation Semantics; I052 BDOS-FILE-002,BDOS-FILE-005,BDOS-FILE-011	BDOS file/directory/storage boundary	BDOS-FILE-002,BDOS-FILE-005,BDOS-FILE-011	REQUIRED	Preserve external observation; internal realization remains free
0263	Write transfer size	011 - CP/M 2.2 BDOS Sequential Write and File Creation Semantics; I052 BDOS-FILE-002,BDOS-FILE-005,BDOS-FILE-011	BDOS file/directory/storage boundary	BDOS-FILE-002,BDOS-FILE-005,BDOS-FILE-011	REQUIRED	Preserve external observation; internal realization remains free
0264	Current DMA source	011 - CP/M 2.2 BDOS Sequential Write and File Creation Semantics; I052 BDOS-FILE-002,BDOS-FILE-005,BDOS-FILE-011	BDOS file/directory/storage boundary	BDOS-FILE-002,BDOS-FILE-005,BDOS-FILE-011	REQUIRED	Preserve external observation; internal realization remains free
0265	Partial-record length	011 - CP/M 2.2 BDOS Sequential Write and File Creation Semantics; I052 BDOS-FILE-002,BDOS-FILE-005,BDOS-FILE-011	BDOS file/directory/storage boundary	BDOS-FILE-002,BDOS-FILE-005,BDOS-FILE-011	NOT GUARANTEED	Boundary must tolerate permitted variation; do not expose as promise
0266	CR advance after write	011 - CP/M 2.2 BDOS Sequential Write and File Creation Semantics; I052 BDOS-FILE-002,BDOS-FILE-005,BDOS-FILE-011	BDOS file/directory/storage boundary	BDOS-FILE-002,BDOS-FILE-005,BDOS-FILE-011	REQUIRED	Preserve external observation; internal realization remains free
0267	RC extension	011 - CP/M 2.2 BDOS Sequential Write and File Creation Semantics; I052 BDOS-FILE-002,BDOS-FILE-005,BDOS-FILE-011	BDOS file/directory/storage boundary	BDOS-FILE-002,BDOS-FILE-005,BDOS-FILE-011	REQUIRED	Preserve external observation; internal realization remains free
0268	Existing-record overwrite	011 - CP/M 2.2 BDOS Sequential Write and File Creation Semantics; I052 BDOS-FILE-002,BDOS-FILE-005,BDOS-FILE-011	BDOS file/directory/storage boundary	BDOS-FILE-002,BDOS-FILE-005,BDOS-FILE-011	REQUIRED	Preserve external observation; internal realization remains free
0269	On-demand allocation	011 - CP/M 2.2 BDOS Sequential Write and File Creation Semantics; I052 BDOS-FILE-002,BDOS-FILE-005,BDOS-FILE-011	BDOS file/directory/storage boundary	BDOS-FILE-002,BDOS-FILE-005,BDOS-FILE-011	REQUIRED	Preserve external observation; internal realization remains free
0270	Exact allocation choice	011 - CP/M 2.2 BDOS Sequential Write and File Creation Semantics; I052 BDOS-FILE-002,BDOS-FILE-005,BDOS-FILE-011	BDOS file/directory/storage boundary	BDOS-FILE-002,BDOS-FILE-005,BDOS-FILE-011	NOT GUARANTEED	Boundary must tolerate permitted variation; do not expose as promise
0271	Automatic write extent transition	011 - CP/M 2.2 BDOS Sequential Write and File Creation Semantics; I052 BDOS-FILE-002,BDOS-FILE-005,BDOS-FILE-011	BDOS file/directory/storage boundary	BDOS-FILE-002,BDOS-FILE-005,BDOS-FILE-011	REQUIRED	Preserve external observation; internal realization remains free
0272	Successful transition state	011 - CP/M 2.2 BDOS Sequential Write and File Creation Semantics; I052 BDOS-FILE-002,BDOS-FILE-005,BDOS-FILE-011	BDOS file/directory/storage boundary	BDOS-FILE-002,BDOS-FILE-005,BDOS-FILE-011	REQUIRED	Preserve external observation; internal realization remains free
0273	Full last record remains successful	011 - CP/M 2.2 BDOS Sequential Write and File Creation Semantics; I052 BDOS-FILE-002,BDOS-FILE-005,BDOS-FILE-011	BDOS file/directory/storage boundary	BDOS-FILE-002,BDOS-FILE-005,BDOS-FILE-011	REQUIRED	Preserve external observation; internal realization remains free
0274	Next-extent failure result	011 - CP/M 2.2 BDOS Sequential Write and File Creation Semantics; I052 BDOS-FILE-002,BDOS-FILE-005,BDOS-FILE-011	BDOS file/directory/storage boundary	BDOS-FILE-002,BDOS-FILE-005,BDOS-FILE-011	REQUIRED	Preserve external observation; internal realization remains free
0275	Allocation-full failure	011 - CP/M 2.2 BDOS Sequential Write and File Creation Semantics; I052 BDOS-FILE-002,BDOS-FILE-005,BDOS-FILE-011	BDOS file/directory/storage boundary	BDOS-FILE-002,BDOS-FILE-005,BDOS-FILE-011	REQUIRED	Preserve external observation; internal realization remains free
0276	Exact write failure codes	011 - CP/M 2.2 BDOS Sequential Write and File Creation Semantics; I052 BDOS-FILE-002,BDOS-FILE-005,BDOS-FILE-011	BDOS file/directory/storage boundary	BDOS-FILE-002,BDOS-FILE-005,BDOS-FILE-011	POLICY PENDING	Profile/policy ownership provisional; test diagnostic until selected
0277	Unactivated write behavior	011 - CP/M 2.2 BDOS Sequential Write and File Creation Semantics; I052 BDOS-FILE-002,BDOS-FILE-005,BDOS-FILE-011	BDOS file/directory/storage boundary	BDOS-FILE-002,BDOS-FILE-005,BDOS-FILE-011	NOT GUARANTEED	Boundary must tolerate permitted variation; do not expose as promise
0278	Explicit-drive Make/Write	011 - CP/M 2.2 BDOS Sequential Write and File Creation Semantics; I052 BDOS-FILE-002,BDOS-FILE-005,BDOS-FILE-011	BDOS file/directory/storage boundary	BDOS-FILE-002,BDOS-FILE-005,BDOS-FILE-011	REQUIRED	Preserve external observation; internal realization remains free
0279	Close commits final written metadata	011 - CP/M 2.2 BDOS Sequential Write and File Creation Semantics; I052 BDOS-FILE-002,BDOS-FILE-005,BDOS-FILE-011	BDOS file/directory/storage boundary	BDOS-FILE-002,BDOS-FILE-005,BDOS-FILE-011	REQUIRED	Preserve external observation; internal realization remains free
0280	Unclosed final extent	011 - CP/M 2.2 BDOS Sequential Write and File Creation Semantics; I052 BDOS-FILE-002,BDOS-FILE-005,BDOS-FILE-011	BDOS file/directory/storage boundary	BDOS-FILE-002,BDOS-FILE-005,BDOS-FILE-011	NOT GUARANTEED	Boundary must tolerate permitted variation; do not expose as promise
0281	Pre-Close directory metadata	011 - CP/M 2.2 BDOS Sequential Write and File Creation Semantics; I052 BDOS-FILE-002,BDOS-FILE-005,BDOS-FILE-011	BDOS file/directory/storage boundary	BDOS-FILE-002,BDOS-FILE-005,BDOS-FILE-011	NOT GUARANTEED	Boundary must tolerate permitted variation; do not expose as promise
0282	Exact close-time update sequence	011 - CP/M 2.2 BDOS Sequential Write and File Creation Semantics; I052 BDOS-FILE-002,BDOS-FILE-005,BDOS-FILE-011	BDOS file/directory/storage boundary	BDOS-FILE-002,BDOS-FILE-005,BDOS-FILE-011	NOT REQUIRED	No architecture constraint from private/incidental mechanism
0283	Physical write-error presentation	011 - CP/M 2.2 BDOS Sequential Write and File Creation Semantics; I052 BDOS-FILE-002,BDOS-FILE-005,BDOS-FILE-011	BDOS file/directory/storage boundary	BDOS-FILE-002,BDOS-FILE-005,BDOS-FILE-011	POLICY PENDING	Profile/policy ownership provisional; test diagnostic until selected
0284	DRI private write machinery	012 - CP/M 2.2 BDOS File Deletion and Rename Semantics; I052 BDOS-FILE-006,BDOS-FILE-007,BDOS-FILE-008,BDOS-FILE-009	BDOS file/directory/storage boundary	BDOS-FILE-006,BDOS-FILE-007,BDOS-FILE-008,BDOS-FILE-009	NOT REQUIRED	No architecture constraint from private/incidental mechanism
0285	Function 19 convention	012 - CP/M 2.2 BDOS File Deletion and Rename Semantics; I052 BDOS-FILE-006,BDOS-FILE-007,BDOS-FILE-008,BDOS-FILE-009	BDOS file/directory/storage boundary	BDOS-FILE-006,BDOS-FILE-007,BDOS-FILE-008,BDOS-FILE-009	REQUIRED	Preserve external observation; internal realization remains free
0286	Delete identity	012 - CP/M 2.2 BDOS File Deletion and Rename Semantics; I052 BDOS-FILE-006,BDOS-FILE-007,BDOS-FILE-008,BDOS-FILE-009	BDOS file/directory/storage boundary	BDOS-FILE-006,BDOS-FILE-007,BDOS-FILE-008,BDOS-FILE-009	REQUIRED	Preserve external observation; internal realization remains free
0287	Delete wildcards	012 - CP/M 2.2 BDOS File Deletion and Rename Semantics; I052 BDOS-FILE-006,BDOS-FILE-007,BDOS-FILE-008,BDOS-FILE-009	BDOS file/directory/storage boundary	BDOS-FILE-006,BDOS-FILE-007,BDOS-FILE-008,BDOS-FILE-009	REQUIRED	Preserve external observation; internal realization remains free
0288	Delete all matches	012 - CP/M 2.2 BDOS File Deletion and Rename Semantics; I052 BDOS-FILE-006,BDOS-FILE-007,BDOS-FILE-008,BDOS-FILE-009	BDOS file/directory/storage boundary	BDOS-FILE-006,BDOS-FILE-007,BDOS-FILE-008,BDOS-FILE-009	REQUIRED	Preserve external observation; internal realization remains free
0289	Delete success result	012 - CP/M 2.2 BDOS File Deletion and Rename Semantics; I052 BDOS-FILE-006,BDOS-FILE-007,BDOS-FILE-008,BDOS-FILE-009	BDOS file/directory/storage boundary	BDOS-FILE-006,BDOS-FILE-007,BDOS-FILE-008,BDOS-FILE-009	REQUIRED	Preserve external observation; internal realization remains free
0290	Delete no-match result	012 - CP/M 2.2 BDOS File Deletion and Rename Semantics; I052 BDOS-FILE-006,BDOS-FILE-007,BDOS-FILE-008,BDOS-FILE-009	BDOS file/directory/storage boundary	BDOS-FILE-006,BDOS-FILE-007,BDOS-FILE-008,BDOS-FILE-009	REQUIRED	Preserve external observation; internal realization remains free
0291	Immediate search disappearance	012 - CP/M 2.2 BDOS File Deletion and Rename Semantics; I052 BDOS-FILE-006,BDOS-FILE-007,BDOS-FILE-008,BDOS-FILE-009	BDOS file/directory/storage boundary	BDOS-FILE-006,BDOS-FILE-007,BDOS-FILE-008,BDOS-FILE-009	REQUIRED	Preserve external observation; internal realization remains free
0292	Allocation release	012 - CP/M 2.2 BDOS File Deletion and Rename Semantics; I052 BDOS-FILE-006,BDOS-FILE-007,BDOS-FILE-008,BDOS-FILE-009	BDOS file/directory/storage boundary	BDOS-FILE-006,BDOS-FILE-007,BDOS-FILE-008,BDOS-FILE-009	REQUIRED	Preserve external observation; internal realization remains free
0293	Exact freed-block reuse	012 - CP/M 2.2 BDOS File Deletion and Rename Semantics; I052 BDOS-FILE-006,BDOS-FILE-007,BDOS-FILE-008,BDOS-FILE-009	BDOS file/directory/storage boundary	BDOS-FILE-006,BDOS-FILE-007,BDOS-FILE-008,BDOS-FILE-009	NOT GUARANTEED	Boundary must tolerate permitted variation; do not expose as promise
0294	Explicit-drive Delete	012 - CP/M 2.2 BDOS File Deletion and Rename Semantics; I052 BDOS-FILE-006,BDOS-FILE-007,BDOS-FILE-008,BDOS-FILE-009	BDOS file/directory/storage boundary	BDOS-FILE-006,BDOS-FILE-007,BDOS-FILE-008,BDOS-FILE-009	REQUIRED	Preserve external observation; internal realization remains free
0295	Delete user isolation	012 - CP/M 2.2 BDOS File Deletion and Rename Semantics; I052 BDOS-FILE-006,BDOS-FILE-007,BDOS-FILE-008,BDOS-FILE-009	BDOS file/directory/storage boundary	BDOS-FILE-006,BDOS-FILE-007,BDOS-FILE-008,BDOS-FILE-009	REQUIRED	Preserve external observation; internal realization remains free
0296	Open FCB after Delete	012 - CP/M 2.2 BDOS File Deletion and Rename Semantics; I052 BDOS-FILE-006,BDOS-FILE-007,BDOS-FILE-008,BDOS-FILE-009	BDOS file/directory/storage boundary	BDOS-FILE-006,BDOS-FILE-007,BDOS-FILE-008,BDOS-FILE-009	NOT GUARANTEED	Boundary must tolerate permitted variation; do not expose as promise
0297	DRI E5 deletion mechanism	012 - CP/M 2.2 BDOS File Deletion and Rename Semantics; I052 BDOS-FILE-006,BDOS-FILE-007,BDOS-FILE-008,BDOS-FILE-009	BDOS file/directory/storage boundary	BDOS-FILE-006,BDOS-FILE-007,BDOS-FILE-008,BDOS-FILE-009	NOT REQUIRED	No architecture constraint from private/incidental mechanism
0298	Function 23 convention	012 - CP/M 2.2 BDOS File Deletion and Rename Semantics; I052 BDOS-FILE-006,BDOS-FILE-007,BDOS-FILE-008,BDOS-FILE-009	BDOS file/directory/storage boundary	BDOS-FILE-006,BDOS-FILE-007,BDOS-FILE-008,BDOS-FILE-009	REQUIRED	Preserve external observation; internal realization remains free
0299	Rename FCB layout	012 - CP/M 2.2 BDOS File Deletion and Rename Semantics; I052 BDOS-FILE-006,BDOS-FILE-007,BDOS-FILE-008,BDOS-FILE-009	BDOS file/directory/storage boundary	BDOS-FILE-006,BDOS-FILE-007,BDOS-FILE-008,BDOS-FILE-009	REQUIRED	Preserve external observation; internal realization remains free
0300	Same-drive destination	012 - CP/M 2.2 BDOS File Deletion and Rename Semantics; I052 BDOS-FILE-006,BDOS-FILE-007,BDOS-FILE-008,BDOS-FILE-009	BDOS file/directory/storage boundary	BDOS-FILE-006,BDOS-FILE-007,BDOS-FILE-008,BDOS-FILE-009	REQUIRED	Preserve external observation; internal realization remains free
0301	Rename all extents	012 - CP/M 2.2 BDOS File Deletion and Rename Semantics; I052 BDOS-FILE-006,BDOS-FILE-007,BDOS-FILE-008,BDOS-FILE-009	BDOS file/directory/storage boundary	BDOS-FILE-006,BDOS-FILE-007,BDOS-FILE-008,BDOS-FILE-009	REQUIRED	Preserve external observation; internal realization remains free
0302	Rename success result	012 - CP/M 2.2 BDOS File Deletion and Rename Semantics; I052 BDOS-FILE-006,BDOS-FILE-007,BDOS-FILE-008,BDOS-FILE-009	BDOS file/directory/storage boundary	BDOS-FILE-006,BDOS-FILE-007,BDOS-FILE-008,BDOS-FILE-009	REQUIRED	Preserve external observation; internal realization remains free
0303	Rename missing-source result	012 - CP/M 2.2 BDOS File Deletion and Rename Semantics; I052 BDOS-FILE-006,BDOS-FILE-007,BDOS-FILE-008,BDOS-FILE-009	BDOS file/directory/storage boundary	BDOS-FILE-006,BDOS-FILE-007,BDOS-FILE-008,BDOS-FILE-009	REQUIRED	Preserve external observation; internal realization remains free
0304	Rename identity transition	012 - CP/M 2.2 BDOS File Deletion and Rename Semantics; I052 BDOS-FILE-006,BDOS-FILE-007,BDOS-FILE-008,BDOS-FILE-009	BDOS file/directory/storage boundary	BDOS-FILE-006,BDOS-FILE-007,BDOS-FILE-008,BDOS-FILE-009	REQUIRED	Preserve external observation; internal realization remains free
0305	Rename data preservation	012 - CP/M 2.2 BDOS File Deletion and Rename Semantics; I052 BDOS-FILE-006,BDOS-FILE-007,BDOS-FILE-008,BDOS-FILE-009	BDOS file/directory/storage boundary	BDOS-FILE-006,BDOS-FILE-007,BDOS-FILE-008,BDOS-FILE-009	REQUIRED	Preserve external observation; internal realization remains free
0306	Rename user preservation	012 - CP/M 2.2 BDOS File Deletion and Rename Semantics; I052 BDOS-FILE-006,BDOS-FILE-007,BDOS-FILE-008,BDOS-FILE-009	BDOS file/directory/storage boundary	BDOS-FILE-006,BDOS-FILE-007,BDOS-FILE-008,BDOS-FILE-009	REQUIRED	Preserve external observation; internal realization remains free
0307	Explicit-drive Rename	012 - CP/M 2.2 BDOS File Deletion and Rename Semantics; I052 BDOS-FILE-006,BDOS-FILE-007,BDOS-FILE-008,BDOS-FILE-009	BDOS file/directory/storage boundary	BDOS-FILE-006,BDOS-FILE-007,BDOS-FILE-008,BDOS-FILE-009	REQUIRED	Preserve external observation; internal realization remains free
0308	Destination collision	012 - CP/M 2.2 BDOS File Deletion and Rename Semantics; I052 BDOS-FILE-006,BDOS-FILE-007,BDOS-FILE-008,BDOS-FILE-009	BDOS file/directory/storage boundary	BDOS-FILE-006,BDOS-FILE-007,BDOS-FILE-008,BDOS-FILE-009	NOT GUARANTEED	Boundary must tolerate permitted variation; do not expose as promise
0309	Wildcard Rename	012 - CP/M 2.2 BDOS File Deletion and Rename Semantics; I052 BDOS-FILE-006,BDOS-FILE-007,BDOS-FILE-008,BDOS-FILE-009	BDOS file/directory/storage boundary	BDOS-FILE-006,BDOS-FILE-007,BDOS-FILE-008,BDOS-FILE-009	POLICY PENDING	Profile/policy ownership provisional; test diagnostic until selected
0310	Open FCB after Rename	012 - CP/M 2.2 BDOS File Deletion and Rename Semantics; I052 BDOS-FILE-006,BDOS-FILE-007,BDOS-FILE-008,BDOS-FILE-009	BDOS file/directory/storage boundary	BDOS-FILE-006,BDOS-FILE-007,BDOS-FILE-008,BDOS-FILE-009	NOT GUARANTEED	Boundary must tolerate permitted variation; do not expose as promise
0311	Physical directory order	012 - CP/M 2.2 BDOS File Deletion and Rename Semantics; I052 BDOS-FILE-006,BDOS-FILE-007,BDOS-FILE-008,BDOS-FILE-009	BDOS file/directory/storage boundary	BDOS-FILE-006,BDOS-FILE-007,BDOS-FILE-008,BDOS-FILE-009	NOT GUARANTEED	Boundary must tolerate permitted variation; do not expose as promise
0312	Timestamp preservation	012 - CP/M 2.2 BDOS File Deletion and Rename Semantics; I052 BDOS-FILE-006,BDOS-FILE-007,BDOS-FILE-008,BDOS-FILE-009	BDOS file/directory/storage boundary	BDOS-FILE-006,BDOS-FILE-007,BDOS-FILE-008,BDOS-FILE-009	NOT REQUIRED	No architecture constraint from private/incidental mechanism
0313	DRI in-place rename algorithm	012 - CP/M 2.2 BDOS File Deletion and Rename Semantics; I052 BDOS-FILE-006,BDOS-FILE-007,BDOS-FILE-008,BDOS-FILE-009	BDOS file/directory/storage boundary	BDOS-FILE-006,BDOS-FILE-007,BDOS-FILE-008,BDOS-FILE-009	NOT REQUIRED	No architecture constraint from private/incidental mechanism
0314	Delete/Rename physical errors	012 - CP/M 2.2 BDOS File Deletion and Rename Semantics; I052 BDOS-FILE-006,BDOS-FILE-007,BDOS-FILE-008,BDOS-FILE-009	BDOS file/directory/storage boundary	BDOS-FILE-006,BDOS-FILE-007,BDOS-FILE-008,BDOS-FILE-009	POLICY PENDING	Profile/policy ownership provisional; test diagnostic until selected
0315	Invalid drive ambiguity	012 - CP/M 2.2 BDOS File Deletion and Rename Semantics; I052 BDOS-FILE-006,BDOS-FILE-007,BDOS-FILE-008,BDOS-FILE-009	BDOS file/directory/storage boundary	BDOS-FILE-006,BDOS-FILE-007,BDOS-FILE-008,BDOS-FILE-009	NOT GUARANTEED	Boundary must tolerate permitted variation; do not expose as promise
0316	Directory compaction	012 - CP/M 2.2 BDOS File Deletion and Rename Semantics; I052 BDOS-FILE-006,BDOS-FILE-007,BDOS-FILE-008,BDOS-FILE-009	BDOS file/directory/storage boundary	BDOS-FILE-006,BDOS-FILE-007,BDOS-FILE-008,BDOS-FILE-009	NOT REQUIRED	No architecture constraint from private/incidental mechanism
0317	Random field location	012 - CP/M 2.2 BDOS File Deletion and Rename Semantics; I052 BDOS-FILE-006,BDOS-FILE-007,BDOS-FILE-008,BDOS-FILE-009	BDOS file/directory/storage boundary	BDOS-FILE-006,BDOS-FILE-007,BDOS-FILE-008,BDOS-FILE-009	REQUIRED	Preserve external observation; internal realization remains free
0318	Random field byte order	012 - CP/M 2.2 BDOS File Deletion and Rename Semantics; I052 BDOS-FILE-006,BDOS-FILE-007,BDOS-FILE-008,BDOS-FILE-009	BDOS file/directory/storage boundary	BDOS-FILE-006,BDOS-FILE-007,BDOS-FILE-008,BDOS-FILE-009	REQUIRED	Preserve external observation; internal realization remains free
0319	CP/M 2.2 random range	012 - CP/M 2.2 BDOS File Deletion and Rename Semantics; I052 BDOS-FILE-006,BDOS-FILE-007,BDOS-FILE-008,BDOS-FILE-009	BDOS file/directory/storage boundary	BDOS-FILE-006,BDOS-FILE-007,BDOS-FILE-008,BDOS-FILE-009	REQUIRED	Preserve external observation; internal realization remains free
0320	Random/sequential state distinction	012 - CP/M 2.2 BDOS File Deletion and Rename Semantics; I052 BDOS-FILE-006,BDOS-FILE-007,BDOS-FILE-008,BDOS-FILE-009	BDOS file/directory/storage boundary	BDOS-FILE-006,BDOS-FILE-007,BDOS-FILE-008,BDOS-FILE-009	REQUIRED	Preserve external observation; internal realization remains free
0321	Function 36 convention	012 - CP/M 2.2 BDOS File Deletion and Rename Semantics; I052 BDOS-FILE-006,BDOS-FILE-007,BDOS-FILE-008,BDOS-FILE-009	BDOS file/directory/storage boundary	BDOS-FILE-006,BDOS-FILE-007,BDOS-FILE-008,BDOS-FILE-009	REQUIRED	Preserve external observation; internal realization remains free
0322	Function 36 direction	012 - CP/M 2.2 BDOS File Deletion and Rename Semantics; I052 BDOS-FILE-006,BDOS-FILE-007,BDOS-FILE-008,BDOS-FILE-009	BDOS file/directory/storage boundary	BDOS-FILE-006,BDOS-FILE-007,BDOS-FILE-008,BDOS-FILE-009	REQUIRED	Preserve external observation; internal realization remains free
0323	Function 36 boundary equivalence	012 - CP/M 2.2 BDOS File Deletion and Rename Semantics; I052 BDOS-FILE-006,BDOS-FILE-007,BDOS-FILE-008,BDOS-FILE-009	BDOS file/directory/storage boundary	BDOS-FILE-006,BDOS-FILE-007,BDOS-FILE-008,BDOS-FILE-009	REQUIRED	Preserve external observation; internal realization remains free
0324	Function 36 no I/O	012 - CP/M 2.2 BDOS File Deletion and Rename Semantics; I052 BDOS-FILE-006,BDOS-FILE-007,BDOS-FILE-008,BDOS-FILE-009	BDOS file/directory/storage boundary	BDOS-FILE-006,BDOS-FILE-007,BDOS-FILE-008,BDOS-FILE-009	REQUIRED	Preserve external observation; internal realization remains free
0325	Function 36 A value	012 - CP/M 2.2 BDOS File Deletion and Rename Semantics; I052 BDOS-FILE-006,BDOS-FILE-007,BDOS-FILE-008,BDOS-FILE-009	BDOS file/directory/storage boundary	BDOS-FILE-006,BDOS-FILE-007,BDOS-FILE-008,BDOS-FILE-009	NOT GUARANTEED	Boundary must tolerate permitted variation; do not expose as promise
0326	Function 33 convention	012 - CP/M 2.2 BDOS File Deletion and Rename Semantics; I052 BDOS-FILE-006,BDOS-FILE-007,BDOS-FILE-008,BDOS-FILE-009	BDOS file/directory/storage boundary	BDOS-FILE-006,BDOS-FILE-007,BDOS-FILE-008,BDOS-FILE-009	REQUIRED	Preserve external observation; internal realization remains free
0327	Random read destination	012 - CP/M 2.2 BDOS File Deletion and Rename Semantics; I052 BDOS-FILE-006,BDOS-FILE-007,BDOS-FILE-008,BDOS-FILE-009	BDOS file/directory/storage boundary	BDOS-FILE-006,BDOS-FILE-007,BDOS-FILE-008,BDOS-FILE-009	REQUIRED	Preserve external observation; internal realization remains free
0328	Random read success	012 - CP/M 2.2 BDOS File Deletion and Rename Semantics; I052 BDOS-FILE-006,BDOS-FILE-007,BDOS-FILE-008,BDOS-FILE-009	BDOS file/directory/storage boundary	BDOS-FILE-006,BDOS-FILE-007,BDOS-FILE-008,BDOS-FILE-009	REQUIRED	Preserve external observation; internal realization remains free
0329	Random read position	012 - CP/M 2.2 BDOS File Deletion and Rename Semantics; I052 BDOS-FILE-006,BDOS-FILE-007,BDOS-FILE-008,BDOS-FILE-009	BDOS file/directory/storage boundary	BDOS-FILE-006,BDOS-FILE-007,BDOS-FILE-008,BDOS-FILE-009	REQUIRED	Preserve external observation; internal realization remains free
0330	Random read no advance	012 - CP/M 2.2 BDOS File Deletion and Rename Semantics; I052 BDOS-FILE-006,BDOS-FILE-007,BDOS-FILE-008,BDOS-FILE-009	BDOS file/directory/storage boundary	BDOS-FILE-006,BDOS-FILE-007,BDOS-FILE-008,BDOS-FILE-009	REQUIRED	Preserve external observation; internal realization remains free
0331	Random read unwritten data	012 - CP/M 2.2 BDOS File Deletion and Rename Semantics; I052 BDOS-FILE-006,BDOS-FILE-007,BDOS-FILE-008,BDOS-FILE-009	BDOS file/directory/storage boundary	BDOS-FILE-006,BDOS-FILE-007,BDOS-FILE-008,BDOS-FILE-009	REQUIRED	Preserve external observation; internal realization remains free
0332	Random read missing extent	012 - CP/M 2.2 BDOS File Deletion and Rename Semantics; I052 BDOS-FILE-006,BDOS-FILE-007,BDOS-FILE-008,BDOS-FILE-009	BDOS file/directory/storage boundary	BDOS-FILE-006,BDOS-FILE-007,BDOS-FILE-008,BDOS-FILE-009	REQUIRED	Preserve external observation; internal realization remains free
0333	Random overflow	012 - CP/M 2.2 BDOS File Deletion and Rename Semantics; I052 BDOS-FILE-006,BDOS-FILE-007,BDOS-FILE-008,BDOS-FILE-009	BDOS file/directory/storage boundary	BDOS-FILE-006,BDOS-FILE-007,BDOS-FILE-008,BDOS-FILE-009	REQUIRED	Preserve external observation; internal realization remains free
0334	DMA after failed random read	012 - CP/M 2.2 BDOS File Deletion and Rename Semantics; I052 BDOS-FILE-006,BDOS-FILE-007,BDOS-FILE-008,BDOS-FILE-009	BDOS file/directory/storage boundary	BDOS-FILE-006,BDOS-FILE-007,BDOS-FILE-008,BDOS-FILE-009	NOT GUARANTEED	Boundary must tolerate permitted variation; do not expose as promise
0335	Function 34 convention	012 - CP/M 2.2 BDOS File Deletion and Rename Semantics; I052 BDOS-FILE-006,BDOS-FILE-007,BDOS-FILE-008,BDOS-FILE-009	BDOS file/directory/storage boundary	BDOS-FILE-006,BDOS-FILE-007,BDOS-FILE-008,BDOS-FILE-009	REQUIRED	Preserve external observation; internal realization remains free
0336	Random write transfer	012 - CP/M 2.2 BDOS File Deletion and Rename Semantics; I052 BDOS-FILE-006,BDOS-FILE-007,BDOS-FILE-008,BDOS-FILE-009	BDOS file/directory/storage boundary	BDOS-FILE-006,BDOS-FILE-007,BDOS-FILE-008,BDOS-FILE-009	REQUIRED	Preserve external observation; internal realization remains free
0337	Random write success	012 - CP/M 2.2 BDOS File Deletion and Rename Semantics; I052 BDOS-FILE-006,BDOS-FILE-007,BDOS-FILE-008,BDOS-FILE-009	BDOS file/directory/storage boundary	BDOS-FILE-006,BDOS-FILE-007,BDOS-FILE-008,BDOS-FILE-009	REQUIRED	Preserve external observation; internal realization remains free
0338	Random write allocation	012 - CP/M 2.2 BDOS File Deletion and Rename Semantics; I052 BDOS-FILE-006,BDOS-FILE-007,BDOS-FILE-008,BDOS-FILE-009	BDOS file/directory/storage boundary	BDOS-FILE-006,BDOS-FILE-007,BDOS-FILE-008,BDOS-FILE-009	REQUIRED	Preserve external observation; internal realization remains free
0339	Random write holes	012 - CP/M 2.2 BDOS File Deletion and Rename Semantics; I052 BDOS-FILE-006,BDOS-FILE-007,BDOS-FILE-008,BDOS-FILE-009	BDOS file/directory/storage boundary	BDOS-FILE-006,BDOS-FILE-007,BDOS-FILE-008,BDOS-FILE-009	REQUIRED	Preserve external observation; internal realization remains free
0340	Random write virtual length	012 - CP/M 2.2 BDOS File Deletion and Rename Semantics; I052 BDOS-FILE-006,BDOS-FILE-007,BDOS-FILE-008,BDOS-FILE-009	BDOS file/directory/storage boundary	BDOS-FILE-006,BDOS-FILE-007,BDOS-FILE-008,BDOS-FILE-009	REQUIRED	Preserve external observation; internal realization remains free
0341	Random write working fields	012 - CP/M 2.2 BDOS File Deletion and Rename Semantics; I052 BDOS-FILE-006,BDOS-FILE-007,BDOS-FILE-008,BDOS-FILE-009	BDOS file/directory/storage boundary	BDOS-FILE-006,BDOS-FILE-007,BDOS-FILE-008,BDOS-FILE-009	REQUIRED	Preserve external observation; internal realization remains free
0342	Random write no advance	012 - CP/M 2.2 BDOS File Deletion and Rename Semantics; I052 BDOS-FILE-006,BDOS-FILE-007,BDOS-FILE-008,BDOS-FILE-009	BDOS file/directory/storage boundary	BDOS-FILE-006,BDOS-FILE-007,BDOS-FILE-008,BDOS-FILE-009	REQUIRED	Preserve external observation; internal realization remains free
0343	No automatic random extent switch	012 - CP/M 2.2 BDOS File Deletion and Rename Semantics; I052 BDOS-FILE-006,BDOS-FILE-007,BDOS-FILE-008,BDOS-FILE-009	BDOS file/directory/storage boundary	BDOS-FILE-006,BDOS-FILE-007,BDOS-FILE-008,BDOS-FILE-009	REQUIRED	Preserve external observation; internal realization remains free
0344	Random write Close	012 - CP/M 2.2 BDOS File Deletion and Rename Semantics; I052 BDOS-FILE-006,BDOS-FILE-007,BDOS-FILE-008,BDOS-FILE-009	BDOS file/directory/storage boundary	BDOS-FILE-006,BDOS-FILE-007,BDOS-FILE-008,BDOS-FILE-009	REQUIRED	Preserve external observation; internal realization remains free
0345	Random write extent failure	012 - CP/M 2.2 BDOS File Deletion and Rename Semantics; I052 BDOS-FILE-006,BDOS-FILE-007,BDOS-FILE-008,BDOS-FILE-009	BDOS file/directory/storage boundary	BDOS-FILE-006,BDOS-FILE-007,BDOS-FILE-008,BDOS-FILE-009	REQUIRED	Preserve external observation; internal realization remains free
0346	Allocation-full exact code	012 - CP/M 2.2 BDOS File Deletion and Rename Semantics; I052 BDOS-FILE-006,BDOS-FILE-007,BDOS-FILE-008,BDOS-FILE-009	BDOS file/directory/storage boundary	BDOS-FILE-006,BDOS-FILE-007,BDOS-FILE-008,BDOS-FILE-009	POLICY PENDING	Profile/policy ownership provisional; test diagnostic until selected
0347	Function 35 convention	012 - CP/M 2.2 BDOS File Deletion and Rename Semantics; I052 BDOS-FILE-006,BDOS-FILE-007,BDOS-FILE-008,BDOS-FILE-009	BDOS file/directory/storage boundary	BDOS-FILE-006,BDOS-FILE-007,BDOS-FILE-008,BDOS-FILE-009	REQUIRED	Preserve external observation; internal realization remains free
0348	Function 35 result location	012 - CP/M 2.2 BDOS File Deletion and Rename Semantics; I052 BDOS-FILE-006,BDOS-FILE-007,BDOS-FILE-008,BDOS-FILE-009	BDOS file/directory/storage boundary	BDOS-FILE-006,BDOS-FILE-007,BDOS-FILE-008,BDOS-FILE-009	REQUIRED	Preserve external observation; internal realization remains free
0349	Function 35 unit	012 - CP/M 2.2 BDOS File Deletion and Rename Semantics; I052 BDOS-FILE-006,BDOS-FILE-007,BDOS-FILE-008,BDOS-FILE-009	BDOS file/directory/storage boundary	BDOS-FILE-006,BDOS-FILE-007,BDOS-FILE-008,BDOS-FILE-009	REQUIRED	Preserve external observation; internal realization remains free
0350	Function 35 maximum	012 - CP/M 2.2 BDOS File Deletion and Rename Semantics; I052 BDOS-FILE-006,BDOS-FILE-007,BDOS-FILE-008,BDOS-FILE-009	BDOS file/directory/storage boundary	BDOS-FILE-006,BDOS-FILE-007,BDOS-FILE-008,BDOS-FILE-009	REQUIRED	Preserve external observation; internal realization remains free
0351	Sparse virtual size	012 - CP/M 2.2 BDOS File Deletion and Rename Semantics; I052 BDOS-FILE-006,BDOS-FILE-007,BDOS-FILE-008,BDOS-FILE-009	BDOS file/directory/storage boundary	BDOS-FILE-006,BDOS-FILE-007,BDOS-FILE-008,BDOS-FILE-009	REQUIRED	Preserve external observation; internal realization remains free
0352	Function 35 A value	012 - CP/M 2.2 BDOS File Deletion and Rename Semantics; I052 BDOS-FILE-006,BDOS-FILE-007,BDOS-FILE-008,BDOS-FILE-009	BDOS file/directory/storage boundary	BDOS-FILE-006,BDOS-FILE-007,BDOS-FILE-008,BDOS-FILE-009	NOT GUARANTEED	Boundary must tolerate permitted variation; do not expose as promise
0353	DRI random seek machinery	012 - CP/M 2.2 BDOS File Deletion and Rename Semantics; I052 BDOS-FILE-006,BDOS-FILE-007,BDOS-FILE-008,BDOS-FILE-009	BDOS file/directory/storage boundary	BDOS-FILE-006,BDOS-FILE-007,BDOS-FILE-008,BDOS-FILE-009	NOT REQUIRED	No architecture constraint from private/incidental mechanism
0354	Physical random-I/O errors	012 - CP/M 2.2 BDOS File Deletion and Rename Semantics; I052 BDOS-FILE-006,BDOS-FILE-007,BDOS-FILE-008,BDOS-FILE-009	BDOS file/directory/storage boundary	BDOS-FILE-006,BDOS-FILE-007,BDOS-FILE-008,BDOS-FILE-009	POLICY PENDING	Profile/policy ownership provisional; test diagnostic until selected
0355	Physical allocation equals virtual size	012 - CP/M 2.2 BDOS File Deletion and Rename Semantics; I052 BDOS-FILE-006,BDOS-FILE-007,BDOS-FILE-008,BDOS-FILE-009	BDOS file/directory/storage boundary	BDOS-FILE-006,BDOS-FILE-007,BDOS-FILE-008,BDOS-FILE-009	NOT REQUIRED	No architecture constraint from private/incidental mechanism
0356	Read-only attribute location	012 - CP/M 2.2 BDOS File Deletion and Rename Semantics; I052 BDOS-FILE-006,BDOS-FILE-007,BDOS-FILE-008,BDOS-FILE-009	BDOS file/directory/storage boundary	BDOS-FILE-006,BDOS-FILE-007,BDOS-FILE-008,BDOS-FILE-009	REQUIRED	Preserve external observation; internal realization remains free
0357	System attribute location	012 - CP/M 2.2 BDOS File Deletion and Rename Semantics; I052 BDOS-FILE-006,BDOS-FILE-007,BDOS-FILE-008,BDOS-FILE-009	BDOS file/directory/storage boundary	BDOS-FILE-006,BDOS-FILE-007,BDOS-FILE-008,BDOS-FILE-009	REQUIRED	Preserve external observation; internal realization remains free
0358	Attribute/type coexistence	012 - CP/M 2.2 BDOS File Deletion and Rename Semantics; I052 BDOS-FILE-006,BDOS-FILE-007,BDOS-FILE-008,BDOS-FILE-009	BDOS file/directory/storage boundary	BDOS-FILE-006,BDOS-FILE-007,BDOS-FILE-008,BDOS-FILE-009	REQUIRED	Preserve external observation; internal realization remains free
0359	Reserved t3’	012 - CP/M 2.2 BDOS File Deletion and Rename Semantics; I052 BDOS-FILE-006,BDOS-FILE-007,BDOS-FILE-008,BDOS-FILE-009	BDOS file/directory/storage boundary	BDOS-FILE-006,BDOS-FILE-007,BDOS-FILE-008,BDOS-FILE-009	NOT GUARANTEED	Boundary must tolerate permitted variation; do not expose as promise
0360	Function 30 convention	012 - CP/M 2.2 BDOS File Deletion and Rename Semantics; I052 BDOS-FILE-006,BDOS-FILE-007,BDOS-FILE-008,BDOS-FILE-009	BDOS file/directory/storage boundary	BDOS-FILE-006,BDOS-FILE-007,BDOS-FILE-008,BDOS-FILE-009	REQUIRED	Preserve external observation; internal realization remains free
0361	Function 30 set/clear	012 - CP/M 2.2 BDOS File Deletion and Rename Semantics; I052 BDOS-FILE-006,BDOS-FILE-007,BDOS-FILE-008,BDOS-FILE-009	BDOS file/directory/storage boundary	BDOS-FILE-006,BDOS-FILE-007,BDOS-FILE-008,BDOS-FILE-009	REQUIRED	Preserve external observation; internal realization remains free
0362	Function 30 all extents	012 - CP/M 2.2 BDOS File Deletion and Rename Semantics; I052 BDOS-FILE-006,BDOS-FILE-007,BDOS-FILE-008,BDOS-FILE-009	BDOS file/directory/storage boundary	BDOS-FILE-006,BDOS-FILE-007,BDOS-FILE-008,BDOS-FILE-009	REQUIRED	Preserve external observation; internal realization remains free
0363	Function 30 success result	012 - CP/M 2.2 BDOS File Deletion and Rename Semantics; I052 BDOS-FILE-006,BDOS-FILE-007,BDOS-FILE-008,BDOS-FILE-009	BDOS file/directory/storage boundary	BDOS-FILE-006,BDOS-FILE-007,BDOS-FILE-008,BDOS-FILE-009	REQUIRED	Preserve external observation; internal realization remains free
0364	Function 30 no-match result	012 - CP/M 2.2 BDOS File Deletion and Rename Semantics; I052 BDOS-FILE-006,BDOS-FILE-007,BDOS-FILE-008,BDOS-FILE-009	BDOS file/directory/storage boundary	BDOS-FILE-006,BDOS-FILE-007,BDOS-FILE-008,BDOS-FILE-009	REQUIRED	Preserve external observation; internal realization remains free
0365	Function 30 exact success slot	012 - CP/M 2.2 BDOS File Deletion and Rename Semantics; I052 BDOS-FILE-006,BDOS-FILE-007,BDOS-FILE-008,BDOS-FILE-009	BDOS file/directory/storage boundary	BDOS-FILE-006,BDOS-FILE-007,BDOS-FILE-008,BDOS-FILE-009	NOT GUARANTEED	Boundary must tolerate permitted variation; do not expose as promise
0366	Open preserves indicators	012 - CP/M 2.2 BDOS File Deletion and Rename Semantics; I052 BDOS-FILE-006,BDOS-FILE-007,BDOS-FILE-008,BDOS-FILE-009	BDOS file/directory/storage boundary	BDOS-FILE-006,BDOS-FILE-007,BDOS-FILE-008,BDOS-FILE-009	REQUIRED	Preserve external observation; internal realization remains free
0367	Make accepts indicators	012 - CP/M 2.2 BDOS File Deletion and Rename Semantics; I052 BDOS-FILE-006,BDOS-FILE-007,BDOS-FILE-008,BDOS-FILE-009	BDOS file/directory/storage boundary	BDOS-FILE-006,BDOS-FILE-007,BDOS-FILE-008,BDOS-FILE-009	REQUIRED	Preserve external observation; internal realization remains free
0368	File read-only sequential protection	012 - CP/M 2.2 BDOS File Deletion and Rename Semantics; I052 BDOS-FILE-006,BDOS-FILE-007,BDOS-FILE-008,BDOS-FILE-009	BDOS file/directory/storage boundary	BDOS-FILE-006,BDOS-FILE-007,BDOS-FILE-008,BDOS-FILE-009	REQUIRED	Preserve external observation; internal realization remains free
0369	File read-only random protection	012 - CP/M 2.2 BDOS File Deletion and Rename Semantics; I052 BDOS-FILE-006,BDOS-FILE-007,BDOS-FILE-008,BDOS-FILE-009	BDOS file/directory/storage boundary	BDOS-FILE-006,BDOS-FILE-007,BDOS-FILE-008,BDOS-FILE-009	REQUIRED	Preserve external observation; internal realization remains free
0370	File read-only delete protection	012 - CP/M 2.2 BDOS File Deletion and Rename Semantics; I052 BDOS-FILE-006,BDOS-FILE-007,BDOS-FILE-008,BDOS-FILE-009	BDOS file/directory/storage boundary	BDOS-FILE-006,BDOS-FILE-007,BDOS-FILE-008,BDOS-FILE-009	REQUIRED	Preserve external observation; internal realization remains free
0371	File read-only rename protection	012 - CP/M 2.2 BDOS File Deletion and Rename Semantics; I052 BDOS-FILE-006,BDOS-FILE-007,BDOS-FILE-008,BDOS-FILE-009	BDOS file/directory/storage boundary	BDOS-FILE-006,BDOS-FILE-007,BDOS-FILE-008,BDOS-FILE-009	REQUIRED	Preserve external observation; internal realization remains free
0372	Protected-operation normal result	012 - CP/M 2.2 BDOS File Deletion and Rename Semantics; I052 BDOS-FILE-006,BDOS-FILE-007,BDOS-FILE-008,BDOS-FILE-009	BDOS file/directory/storage boundary	BDOS-FILE-006,BDOS-FILE-007,BDOS-FILE-008,BDOS-FILE-009	NOT GUARANTEED	Boundary must tolerate permitted variation; do not expose as promise
0373	Function 28 convention	012 - CP/M 2.2 BDOS File Deletion and Rename Semantics; I052 BDOS-FILE-006,BDOS-FILE-007,BDOS-FILE-008,BDOS-FILE-009	BDOS file/directory/storage boundary	BDOS-FILE-006,BDOS-FILE-007,BDOS-FILE-008,BDOS-FILE-009	REQUIRED	Preserve external observation; internal realization remains free
0374	Function 28 transience	012 - CP/M 2.2 BDOS File Deletion and Rename Semantics; I052 BDOS-FILE-006,BDOS-FILE-007,BDOS-FILE-008,BDOS-FILE-009	BDOS file/directory/storage boundary	BDOS-FILE-006,BDOS-FILE-007,BDOS-FILE-008,BDOS-FILE-009	REQUIRED	Preserve external observation; internal realization remains free
0375	Function 29 convention	012 - CP/M 2.2 BDOS File Deletion and Rename Semantics; I052 BDOS-FILE-006,BDOS-FILE-007,BDOS-FILE-008,BDOS-FILE-009	BDOS file/directory/storage boundary	BDOS-FILE-006,BDOS-FILE-007,BDOS-FILE-008,BDOS-FILE-009	REQUIRED	Preserve external observation; internal realization remains free
0376	Read-only vector mapping	012 - CP/M 2.2 BDOS File Deletion and Rename Semantics; I052 BDOS-FILE-006,BDOS-FILE-007,BDOS-FILE-008,BDOS-FILE-009	BDOS file/directory/storage boundary	BDOS-FILE-006,BDOS-FILE-007,BDOS-FILE-008,BDOS-FILE-009	REQUIRED	Preserve external observation; internal realization remains free
0377	Function 28 vector effect	012 - CP/M 2.2 BDOS File Deletion and Rename Semantics; I052 BDOS-FILE-006,BDOS-FILE-007,BDOS-FILE-008,BDOS-FILE-009	BDOS file/directory/storage boundary	BDOS-FILE-006,BDOS-FILE-007,BDOS-FILE-008,BDOS-FILE-009	REQUIRED	Preserve external observation; internal realization remains free
0378	Reset clears software protection	012 - CP/M 2.2 BDOS File Deletion and Rename Semantics; I052 BDOS-FILE-006,BDOS-FILE-007,BDOS-FILE-008,BDOS-FILE-009	BDOS file/directory/storage boundary	BDOS-FILE-006,BDOS-FILE-007,BDOS-FILE-008,BDOS-FILE-009	REQUIRED	Preserve external observation; internal realization remains free
0379	Protected-disk Make	012 - CP/M 2.2 BDOS File Deletion and Rename Semantics; I052 BDOS-FILE-006,BDOS-FILE-007,BDOS-FILE-008,BDOS-FILE-009	BDOS file/directory/storage boundary	BDOS-FILE-006,BDOS-FILE-007,BDOS-FILE-008,BDOS-FILE-009	REQUIRED	Preserve external observation; internal realization remains free
0380	Protected-disk sequential write	012 - CP/M 2.2 BDOS File Deletion and Rename Semantics; I052 BDOS-FILE-006,BDOS-FILE-007,BDOS-FILE-008,BDOS-FILE-009	BDOS file/directory/storage boundary	BDOS-FILE-006,BDOS-FILE-007,BDOS-FILE-008,BDOS-FILE-009	REQUIRED	Preserve external observation; internal realization remains free
0381	Protected-disk random write	012 - CP/M 2.2 BDOS File Deletion and Rename Semantics; I052 BDOS-FILE-006,BDOS-FILE-007,BDOS-FILE-008,BDOS-FILE-009	BDOS file/directory/storage boundary	BDOS-FILE-006,BDOS-FILE-007,BDOS-FILE-008,BDOS-FILE-009	REQUIRED	Preserve external observation; internal realization remains free
0382	Protected-disk delete	012 - CP/M 2.2 BDOS File Deletion and Rename Semantics; I052 BDOS-FILE-006,BDOS-FILE-007,BDOS-FILE-008,BDOS-FILE-009	BDOS file/directory/storage boundary	BDOS-FILE-006,BDOS-FILE-007,BDOS-FILE-008,BDOS-FILE-009	REQUIRED	Preserve external observation; internal realization remains free
0383	Protected-disk rename	012 - CP/M 2.2 BDOS File Deletion and Rename Semantics; I052 BDOS-FILE-006,BDOS-FILE-007,BDOS-FILE-008,BDOS-FILE-009	BDOS file/directory/storage boundary	BDOS-FILE-006,BDOS-FILE-007,BDOS-FILE-008,BDOS-FILE-009	REQUIRED	Preserve external observation; internal realization remains free
0384	Protection before mutation	012 - CP/M 2.2 BDOS File Deletion and Rename Semantics; I052 BDOS-FILE-006,BDOS-FILE-007,BDOS-FILE-008,BDOS-FILE-009	BDOS file/directory/storage boundary	BDOS-FILE-006,BDOS-FILE-007,BDOS-FILE-008,BDOS-FILE-009	REQUIRED	Preserve external observation; internal realization remains free
0385	Fatal presentation	012 - CP/M 2.2 BDOS File Deletion and Rename Semantics; I052 BDOS-FILE-006,BDOS-FILE-007,BDOS-FILE-008,BDOS-FILE-009	BDOS file/directory/storage boundary	BDOS-FILE-006,BDOS-FILE-007,BDOS-FILE-008,BDOS-FILE-009	POLICY PENDING	Profile/policy ownership provisional; test diagnostic until selected
0386	Fatal handler internals	012 - CP/M 2.2 BDOS File Deletion and Rename Semantics; I052 BDOS-FILE-006,BDOS-FILE-007,BDOS-FILE-008,BDOS-FILE-009	BDOS file/directory/storage boundary	BDOS-FILE-006,BDOS-FILE-007,BDOS-FILE-008,BDOS-FILE-009	NOT REQUIRED	No architecture constraint from private/incidental mechanism
0387	Exact diagnostic text	012 - CP/M 2.2 BDOS File Deletion and Rename Semantics; I052 BDOS-FILE-006,BDOS-FILE-007,BDOS-FILE-008,BDOS-FILE-009	BDOS file/directory/storage boundary	BDOS-FILE-006,BDOS-FILE-007,BDOS-FILE-008,BDOS-FILE-009	POLICY PENDING	Profile/policy ownership provisional; test diagnostic until selected
0388	Late attribute change versus dirty FCB	012 - CP/M 2.2 BDOS File Deletion and Rename Semantics; I052 BDOS-FILE-006,BDOS-FILE-007,BDOS-FILE-008,BDOS-FILE-009	BDOS file/directory/storage boundary	BDOS-FILE-006,BDOS-FILE-007,BDOS-FILE-008,BDOS-FILE-009	NOT GUARANTEED	Boundary must tolerate permitted variation; do not expose as promise
0389	Automatic media-change protection	015 - CP/M 2.2 BDOS Physical Disk Error and Error Presentation Semantics; I052 ERROR-002,ERROR-003,ERROR-004	Cross-layer error/recovery boundary	ERROR-002,ERROR-003,ERROR-004	POLICY PENDING	Profile/policy ownership provisional; test diagnostic until selected
0390	CBIOS physical read result	015 - CP/M 2.2 BDOS Physical Disk Error and Error Presentation Semantics; I052 ERROR-002,ERROR-003,ERROR-004	Cross-layer error/recovery boundary	ERROR-002,ERROR-003,ERROR-004	REQUIRED	Preserve external observation; internal realization remains free
0391	CBIOS physical write result	015 - CP/M 2.2 BDOS Physical Disk Error and Error Presentation Semantics; I052 ERROR-002,ERROR-003,ERROR-004	Cross-layer error/recovery boundary	ERROR-002,ERROR-003,ERROR-004	REQUIRED	Preserve external observation; internal realization remains free
0392	BIOS retry responsibility	015 - CP/M 2.2 BDOS Physical Disk Error and Error Presentation Semantics; I052 ERROR-002,ERROR-003,ERROR-004	Cross-layer error/recovery boundary	ERROR-002,ERROR-003,ERROR-004	REQUIRED	Preserve external observation; internal realization remains free
0393	Physical/logical error separation	015 - CP/M 2.2 BDOS Physical Disk Error and Error Presentation Semantics; I052 ERROR-002,ERROR-003,ERROR-004	Cross-layer error/recovery boundary	ERROR-002,ERROR-003,ERROR-004	REQUIRED	Preserve external observation; internal realization remains free
0394	Bad Sector presentation	015 - CP/M 2.2 BDOS Physical Disk Error and Error Presentation Semantics; I052 ERROR-002,ERROR-003,ERROR-004	Cross-layer error/recovery boundary	ERROR-002,ERROR-003,ERROR-004	REQUIRED	Preserve external observation; internal realization remains free
0395	Physical-error ignore choice	015 - CP/M 2.2 BDOS Physical Disk Error and Error Presentation Semantics; I052 ERROR-002,ERROR-003,ERROR-004	Cross-layer error/recovery boundary	ERROR-002,ERROR-003,ERROR-004	REQUIRED	Preserve external observation; internal realization remains free
0396	Physical-error abort choice	015 - CP/M 2.2 BDOS Physical Disk Error and Error Presentation Semantics; I052 ERROR-002,ERROR-003,ERROR-004	Cross-layer error/recovery boundary	ERROR-002,ERROR-003,ERROR-004	REQUIRED	Preserve external observation; internal realization remains free
0397	Abort restart details	015 - CP/M 2.2 BDOS Physical Disk Error and Error Presentation Semantics; I052 ERROR-002,ERROR-003,ERROR-004	Cross-layer error/recovery boundary	ERROR-002,ERROR-003,ERROR-004	REQUIRED	Preserve external observation; internal realization remains free
0398	Result after ignored physical error	015 - CP/M 2.2 BDOS Physical Disk Error and Error Presentation Semantics; I052 ERROR-002,ERROR-003,ERROR-004	Cross-layer error/recovery boundary	ERROR-002,ERROR-003,ERROR-004	NOT GUARANTEED	Boundary must tolerate permitted variation; do not expose as promise
0399	DMA after ignored physical read	015 - CP/M 2.2 BDOS Physical Disk Error and Error Presentation Semantics; I052 ERROR-002,ERROR-003,ERROR-004	Cross-layer error/recovery boundary	ERROR-002,ERROR-003,ERROR-004	NOT GUARANTEED	Boundary must tolerate permitted variation; do not expose as promise
0400	Persistence after ignored physical write	015 - CP/M 2.2 BDOS Physical Disk Error and Error Presentation Semantics; I052 ERROR-002,ERROR-003,ERROR-004	Cross-layer error/recovery boundary	ERROR-002,ERROR-003,ERROR-004	NOT GUARANTEED	Boundary must tolerate permitted variation; do not expose as promise
0401	Make persistence after physical error	015 - CP/M 2.2 BDOS Physical Disk Error and Error Presentation Semantics; I052 ERROR-002,ERROR-003,ERROR-004	Cross-layer error/recovery boundary	ERROR-002,ERROR-003,ERROR-004	NOT GUARANTEED	Boundary must tolerate permitted variation; do not expose as promise
0402	Close persistence after physical error	015 - CP/M 2.2 BDOS Physical Disk Error and Error Presentation Semantics; I052 ERROR-002,ERROR-003,ERROR-004	Cross-layer error/recovery boundary	ERROR-002,ERROR-003,ERROR-004	NOT GUARANTEED	Boundary must tolerate permitted variation; do not expose as promise
0403	Physical-write atomicity	015 - CP/M 2.2 BDOS Physical Disk Error and Error Presentation Semantics; I052 ERROR-002,ERROR-003,ERROR-004	Cross-layer error/recovery boundary	ERROR-002,ERROR-003,ERROR-004	NOT GUARANTEED	Boundary must tolerate permitted variation; do not expose as promise
0404	Sequential read logical result	015 - CP/M 2.2 BDOS Physical Disk Error and Error Presentation Semantics; I052 ERROR-002,ERROR-003,ERROR-004	Cross-layer error/recovery boundary	ERROR-002,ERROR-003,ERROR-004	REQUIRED	Preserve external observation; internal realization remains free
0405	Sequential write logical result	015 - CP/M 2.2 BDOS Physical Disk Error and Error Presentation Semantics; I052 ERROR-002,ERROR-003,ERROR-004	Cross-layer error/recovery boundary	ERROR-002,ERROR-003,ERROR-004	REQUIRED	Preserve external observation; internal realization remains free
0406	Random read logical codes	015 - CP/M 2.2 BDOS Physical Disk Error and Error Presentation Semantics; I052 ERROR-002,ERROR-003,ERROR-004	Cross-layer error/recovery boundary	ERROR-002,ERROR-003,ERROR-004	REQUIRED	Preserve external observation; internal realization remains free
0407	Random write logical codes	015 - CP/M 2.2 BDOS Physical Disk Error and Error Presentation Semantics; I052 ERROR-002,ERROR-003,ERROR-004	Cross-layer error/recovery boundary	ERROR-002,ERROR-003,ERROR-004	REQUIRED	Preserve external observation; internal realization remains free
0408	Make/Delete/Rename/Close logical codes	015 - CP/M 2.2 BDOS Physical Disk Error and Error Presentation Semantics; I052 ERROR-002,ERROR-003,ERROR-004	Cross-layer error/recovery boundary	ERROR-002,ERROR-003,ERROR-004	REQUIRED	Preserve external observation; internal realization remains free
0409	DRI permanent-error internals	015 - CP/M 2.2 BDOS Physical Disk Error and Error Presentation Semantics; I052 ERROR-002,ERROR-003,ERROR-004	Cross-layer error/recovery boundary	ERROR-002,ERROR-003,ERROR-004	NOT REQUIRED	No architecture constraint from private/incidental mechanism
0410	z80pack status values	015 - CP/M 2.2 BDOS Physical Disk Error and Error Presentation Semantics; I052 ERROR-002,ERROR-003,ERROR-004	Cross-layer error/recovery boundary	ERROR-002,ERROR-003,ERROR-004	NOT REQUIRED	No architecture constraint from private/incidental mechanism
0411	Exact Bad Sector text	015 - CP/M 2.2 BDOS Physical Disk Error and Error Presentation Semantics; I052 ERROR-002,ERROR-003,ERROR-004	Cross-layer error/recovery boundary	ERROR-002,ERROR-003,ERROR-004	POLICY PENDING	Profile/policy ownership provisional; test diagnostic until selected
0412	Accepted ignore characters	015 - CP/M 2.2 BDOS Physical Disk Error and Error Presentation Semantics; I052 ERROR-002,ERROR-003,ERROR-004	Cross-layer error/recovery boundary	ERROR-002,ERROR-003,ERROR-004	POLICY PENDING	Profile/policy ownership provisional; test diagnostic until selected
0413	Structured physical-error extension	016 - CP/M 2.2 BDOS Console I/O and System Interface Semantics; I052 BDOS-CON-001,BDOS-CON-005,BDOS-STATE-001	BDOS console-service boundary	BDOS-CON-001,BDOS-CON-005,BDOS-STATE-001	POLICY PENDING	Profile/policy ownership provisional; test diagnostic until selected
0414	Function 12 CP/M version result	016 - CP/M 2.2 BDOS Console I/O and System Interface Semantics; I052 BDOS-CON-001,BDOS-CON-005,BDOS-STATE-001	BDOS console-service boundary	BDOS-CON-001,BDOS-CON-005,BDOS-STATE-001	REQUIRED	Preserve external observation; internal realization remains free
0415	Function 32 user-number query	016 - CP/M 2.2 BDOS Console I/O and System Interface Semantics; I052 BDOS-CON-001,BDOS-CON-005,BDOS-STATE-001	BDOS console-service boundary	BDOS-CON-001,BDOS-CON-005,BDOS-STATE-001	REQUIRED	Preserve external observation; internal realization remains free
0416	Function 32 user-number selection	016 - CP/M 2.2 BDOS Console I/O and System Interface Semantics; I052 BDOS-CON-001,BDOS-CON-005,BDOS-STATE-001	BDOS console-service boundary	BDOS-CON-001,BDOS-CON-005,BDOS-STATE-001	REQUIRED	Preserve external observation; internal realization remains free
0417	Function 32 set-form result	016 - CP/M 2.2 BDOS Console I/O and System Interface Semantics; I052 BDOS-CON-001,BDOS-CON-005,BDOS-STATE-001	BDOS console-service boundary	BDOS-CON-001,BDOS-CON-005,BDOS-STATE-001	NOT GUARANTEED	Boundary must tolerate permitted variation; do not expose as promise
0418	Console functions do not use or overwrite DMA	016 - CP/M 2.2 BDOS Console I/O and System Interface Semantics; I052 BDOS-CON-001,BDOS-CON-005,BDOS-STATE-001	BDOS console-service boundary	BDOS-CON-001,BDOS-CON-005,BDOS-STATE-001	REQUIRED	Preserve external observation; internal realization remains free
0419	Console and identity calls preserve DMA selection	016 - CP/M 2.2 BDOS Console I/O and System Interface Semantics; I052 BDOS-CON-001,BDOS-CON-005,BDOS-STATE-001	BDOS console-service boundary	BDOS-CON-001,BDOS-CON-005,BDOS-STATE-001	REQUIRED	Preserve external observation; internal realization remains free
0420	Function 10 DE buffer is not DMA	016 - CP/M 2.2 BDOS Console I/O and System Interface Semantics; I052 BDOS-CON-001,BDOS-CON-005,BDOS-STATE-001	BDOS console-service boundary	BDOS-CON-001,BDOS-CON-005,BDOS-STATE-001	REQUIRED	Preserve external observation; internal realization remains free
0421	DRI private console polling implementation	016 - CP/M 2.2 BDOS Console I/O and System Interface Semantics; I052 BDOS-CON-001,BDOS-CON-005,BDOS-STATE-001	BDOS console-service boundary	BDOS-CON-001,BDOS-CON-005,BDOS-STATE-001	NOT REQUIRED	No architecture constraint from private/incidental mechanism
0422	Function 6 E=FEh behavior	016 - CP/M 2.2 BDOS Console I/O and System Interface Semantics; I052 BDOS-CON-001,BDOS-CON-005,BDOS-STATE-001	BDOS console-service boundary	BDOS-CON-001,BDOS-CON-005,BDOS-STATE-001	NOT REQUIRED	No architecture constraint from private/incidental mechanism
0423	Function 34 is not Compute File Size	017 - CP/M 2.2 BDOS Disk State, Allocation Vector, and Disk Parameter; I052 BDOS-STATE-002,BIOS-006	BDOS system/disk-state boundary	BDOS-STATE-002,BIOS-006	NOT REQUIRED	No architecture constraint from private/incidental mechanism
0424	Function 27 allocation-vector pointer	017 - CP/M 2.2 BDOS Disk State, Allocation Vector, and Disk Parameter; I052 BDOS-STATE-002,BIOS-006	BDOS system/disk-state boundary	BDOS-STATE-002,BIOS-006	REQUIRED	Preserve external observation; internal realization remains free
0425	Allocation-vector length and bit mapping	017 - CP/M 2.2 BDOS Disk State, Allocation Vector, and Disk Parameter; I052 BDOS-STATE-002,BIOS-006	BDOS system/disk-state boundary	BDOS-STATE-002,BIOS-006	REQUIRED	Preserve external observation; internal realization remains free
0426	Reserved directory allocation bits	017 - CP/M 2.2 BDOS Disk State, Allocation Vector, and Disk Parameter; I052 BDOS-STATE-002,BIOS-006	BDOS system/disk-state boundary	BDOS-STATE-002,BIOS-006	REQUIRED	Preserve external observation; internal realization remains free
0427	Live allocation state	017 - CP/M 2.2 BDOS Disk State, Allocation Vector, and Disk Parameter; I052 BDOS-STATE-002,BIOS-006	BDOS system/disk-state boundary	BDOS-STATE-002,BIOS-006	REQUIRED	Preserve external observation; internal realization remains free
0428	Allocation-pointer address and lifetime	017 - CP/M 2.2 BDOS Disk State, Allocation Vector, and Disk Parameter; I052 BDOS-STATE-002,BIOS-006	BDOS system/disk-state boundary	BDOS-STATE-002,BIOS-006	NOT GUARANTEED	Boundary must tolerate permitted variation; do not expose as promise
0429	Application modification of allocation vector	017 - CP/M 2.2 BDOS Disk State, Allocation Vector, and Disk Parameter; I052 BDOS-STATE-002,BIOS-006	BDOS system/disk-state boundary	BDOS-STATE-002,BIOS-006	NOT GUARANTEED	Boundary must tolerate permitted variation; do not expose as promise
0430	Read-only allocation information	017 - CP/M 2.2 BDOS Disk State, Allocation Vector, and Disk Parameter; I052 BDOS-STATE-002,BIOS-006	BDOS system/disk-state boundary	BDOS-STATE-002,BIOS-006	NOT GUARANTEED	Boundary must tolerate permitted variation; do not expose as promise
0431	Function 31 DPB pointer and layout	017 - CP/M 2.2 BDOS Disk State, Allocation Vector, and Disk Parameter; I052 BDOS-STATE-002,BIOS-006	BDOS system/disk-state boundary	BDOS-STATE-002,BIOS-006	REQUIRED	Preserve external observation; internal realization remains free
0432	DPB configuration and sharing	017 - CP/M 2.2 BDOS Disk State, Allocation Vector, and Disk Parameter; I052 BDOS-STATE-002,BIOS-006	BDOS system/disk-state boundary	BDOS-STATE-002,BIOS-006	REQUIRED	Preserve external observation; internal realization remains free
0433	Documented DPB modification	017 - CP/M 2.2 BDOS Disk State, Allocation Vector, and Disk Parameter; I052 BDOS-STATE-002,BIOS-006	BDOS system/disk-state boundary	BDOS-STATE-002,BIOS-006	REQUIRED	Preserve external observation; internal realization remains free
0434	DPB address and lifetime	017 - CP/M 2.2 BDOS Disk State, Allocation Vector, and Disk Parameter; I052 BDOS-STATE-002,BIOS-006	BDOS system/disk-state boundary	BDOS-STATE-002,BIOS-006	NOT GUARANTEED	Boundary must tolerate permitted variation; do not expose as promise
0435	Function 37 compatibility status	018 - CP/M 2.2 BDOS Character Devices and IOBYTE Semantics; I052 BIOS-003,COMM-002	BIOS configured-platform boundary	BIOS-003,COMM-002	POLICY PENDING	Profile/policy ownership provisional; test diagnostic until selected
0436	Function 3 Reader convention	018 - CP/M 2.2 BDOS Character Devices and IOBYTE Semantics; I052 BIOS-003,COMM-002	BIOS configured-platform boundary	BIOS-003,COMM-002	REQUIRED	Preserve external observation; internal realization remains free
0437	Reader completion and optional-device behavior	018 - CP/M 2.2 BDOS Character Devices and IOBYTE Semantics; I052 BIOS-003,COMM-002	BIOS configured-platform boundary	BIOS-003,COMM-002	NOT GUARANTEED	Boundary must tolerate permitted variation; do not expose as promise
0438	Reader separation from console	018 - CP/M 2.2 BDOS Character Devices and IOBYTE Semantics; I052 BIOS-003,COMM-002	BIOS configured-platform boundary	BIOS-003,COMM-002	REQUIRED	Preserve external observation; internal realization remains free
0439	Function 4 Punch convention	018 - CP/M 2.2 BDOS Character Devices and IOBYTE Semantics; I052 BIOS-003,COMM-002	BIOS configured-platform boundary	BIOS-003,COMM-002	REQUIRED	Preserve external observation; internal realization remains free
0440	Function 5 List convention	018 - CP/M 2.2 BDOS Character Devices and IOBYTE Semantics; I052 BIOS-003,COMM-002	BIOS configured-platform boundary	BIOS-003,COMM-002	REQUIRED	Preserve external observation; internal realization remains free
0441	Character-output result values	018 - CP/M 2.2 BDOS Character Devices and IOBYTE Semantics; I052 BIOS-003,COMM-002	BIOS configured-platform boundary	BIOS-003,COMM-002	NOT GUARANTEED	Boundary must tolerate permitted variation; do not expose as promise
0442	Function 7 IOBYTE query	018 - CP/M 2.2 BDOS Character Devices and IOBYTE Semantics; I052 BIOS-003,COMM-002	BIOS configured-platform boundary	BIOS-003,COMM-002	REQUIRED	Preserve external observation; internal realization remains free
0443	Function 8 IOBYTE set	018 - CP/M 2.2 BDOS Character Devices and IOBYTE Semantics; I052 BIOS-003,COMM-002	BIOS configured-platform boundary	BIOS-003,COMM-002	REQUIRED	Preserve external observation; internal realization remains free
0444	IOBYTE field encoding	018 - CP/M 2.2 BDOS Character Devices and IOBYTE Semantics; I052 BIOS-003,COMM-002	BIOS configured-platform boundary	BIOS-003,COMM-002	REQUIRED	Preserve external observation; internal realization remains free
0445	IOBYTE routing boundary	018 - CP/M 2.2 BDOS Character Devices and IOBYTE Semantics; I052 BIOS-003,COMM-002	BIOS configured-platform boundary	BIOS-003,COMM-002	REQUIRED	Preserve external observation; internal realization remains free
0446	Active IOBYTE routing policy	018 - CP/M 2.2 BDOS Character Devices and IOBYTE Semantics; I052 BIOS-003,COMM-002	BIOS configured-platform boundary	BIOS-003,COMM-002	POLICY PENDING	Profile/policy ownership provisional; test diagnostic until selected
0447	IOBYTE set has no initialization contract	018 - CP/M 2.2 BDOS Character Devices and IOBYTE Semantics; I052 BIOS-003,COMM-002	BIOS configured-platform boundary	BIOS-003,COMM-002	NOT GUARANTEED	Boundary must tolerate permitted variation; do not expose as promise
0448	Character-device DMA independence	019 - CP/M 2.2 BIOS Disk Interface and Logical-Sector Semantics; I052 BIOS-004	BIOS configured-platform boundary	BIOS-004	REQUIRED	Preserve external observation; internal realization remains free
0449	Stateful BIOS disk setup	019 - CP/M 2.2 BIOS Disk Interface and Logical-Sector Semantics; I052 BIOS-004	BIOS configured-platform boundary	BIOS-004	REQUIRED	Preserve external observation; internal realization remains free
0450	SELDSK result and deferral	019 - CP/M 2.2 BIOS Disk Interface and Logical-Sector Semantics; I052 BIOS-004	BIOS configured-platform boundary	BIOS-004	REQUIRED	Preserve external observation; internal realization remains free
0451	Public DPH layout	019 - CP/M 2.2 BIOS Disk Interface and Logical-Sector Semantics; I052 BIOS-004	BIOS configured-platform boundary	BIOS-004	REQUIRED	Preserve external observation; internal realization remains free
0452	DPH address and private workspace	019 - CP/M 2.2 BIOS Disk Interface and Logical-Sector Semantics; I052 BIOS-004	BIOS configured-platform boundary	BIOS-004	NOT GUARANTEED	Boundary must tolerate permitted variation; do not expose as promise
0453	Track mapping and OFF	019 - CP/M 2.2 BIOS Disk Interface and Logical-Sector Semantics; I052 BIOS-004	BIOS configured-platform boundary	BIOS-004	REQUIRED	Preserve external observation; internal realization remains free
0454	Sector translation chain	019 - CP/M 2.2 BIOS Disk Interface and Logical-Sector Semantics; I052 BIOS-004	BIOS configured-platform boundary	BIOS-004	REQUIRED	Preserve external observation; internal realization remains free
0455	Translation implementation freedom	019 - CP/M 2.2 BIOS Disk Interface and Logical-Sector Semantics; I052 BIOS-004	BIOS configured-platform boundary	BIOS-004	NOT GUARANTEED	Boundary must tolerate permitted variation; do not expose as promise
0456	BIOS DMA state	019 - CP/M 2.2 BIOS Disk Interface and Logical-Sector Semantics; I052 BIOS-004	BIOS configured-platform boundary	BIOS-004	REQUIRED	Preserve external observation; internal realization remains free
0457	BIOS logical-sector transfer	019 - CP/M 2.2 BIOS Disk Interface and Logical-Sector Semantics; I052 BIOS-004	BIOS configured-platform boundary	BIOS-004	REQUIRED	Preserve external observation; internal realization remains free
0458	BIOS WRITE type codes	019 - CP/M 2.2 BIOS Disk Interface and Logical-Sector Semantics; I052 BIOS-004	BIOS configured-platform boundary	BIOS-004	REQUIRED	Preserve external observation; internal realization remains free
0459	Physical storage freedom	019 - CP/M 2.2 BIOS Disk Interface and Logical-Sector Semantics; I052 BIOS-004	BIOS configured-platform boundary	BIOS-004	NOT REQUIRED	No architecture constraint from private/incidental mechanism
0460	BIOS disk-call reentrancy	020 - CP/M 2.2 BIOS Jump Table, Boot, and Character-I/O Semantics; I052 BIOS-001,BIOS-002,BIOS-005	BIOS configured-platform boundary	BIOS-001,BIOS-002,BIOS-005	NOT GUARANTEED	Boundary must tolerate permitted variation; do not expose as promise
0461	BIOS jump-vector structure	020 - CP/M 2.2 BIOS Jump Table, Boot, and Character-I/O Semantics; I052 BIOS-001,BIOS-002,BIOS-005	BIOS configured-platform boundary	BIOS-001,BIOS-002,BIOS-005	REQUIRED	Preserve external observation; internal realization remains free
0462	BIOS vector address freedom	020 - CP/M 2.2 BIOS Jump Table, Boot, and Character-I/O Semantics; I052 BIOS-001,BIOS-002,BIOS-005	BIOS configured-platform boundary	BIOS-001,BIOS-002,BIOS-005	NOT GUARANTEED	Boundary must tolerate permitted variation; do not expose as promise
0463	BIOS-base discovery through WBOOT gateway	020 - CP/M 2.2 BIOS Jump Table, Boot, and Character-I/O Semantics; I052 BIOS-001,BIOS-002,BIOS-005	BIOS configured-platform boundary	BIOS-001,BIOS-002,BIOS-005	REQUIRED	Preserve external observation; internal realization remains free
0464	BOOT control contract	020 - CP/M 2.2 BIOS Jump Table, Boot, and Character-I/O Semantics; I052 BIOS-001,BIOS-002,BIOS-005	BIOS configured-platform boundary	BIOS-001,BIOS-002,BIOS-005	REQUIRED	Preserve external observation; internal realization remains free
0465	WBOOT control contract	020 - CP/M 2.2 BIOS Jump Table, Boot, and Character-I/O Semantics; I052 BIOS-001,BIOS-002,BIOS-005	BIOS configured-platform boundary	BIOS-001,BIOS-002,BIOS-005	REQUIRED	Preserve external observation; internal realization remains free
0466	Warm-start gateway reconstruction	020 - CP/M 2.2 BIOS Jump Table, Boot, and Character-I/O Semantics; I052 BIOS-001,BIOS-002,BIOS-005	BIOS configured-platform boundary	BIOS-001,BIOS-002,BIOS-005	REQUIRED	Preserve external observation; internal realization remains free
0467	Boot implementation freedom	020 - CP/M 2.2 BIOS Jump Table, Boot, and Character-I/O Semantics; I052 BIOS-001,BIOS-002,BIOS-005	BIOS configured-platform boundary	BIOS-001,BIOS-002,BIOS-005	NOT REQUIRED	No architecture constraint from private/incidental mechanism
0468	BIOS console status contract	020 - CP/M 2.2 BIOS Jump Table, Boot, and Character-I/O Semantics; I052 BIOS-001,BIOS-002,BIOS-005	BIOS configured-platform boundary	BIOS-001,BIOS-002,BIOS-005	REQUIRED	Preserve external observation; internal realization remains free
0469	BIOS console input contract	020 - CP/M 2.2 BIOS Jump Table, Boot, and Character-I/O Semantics; I052 BIOS-001,BIOS-002,BIOS-005	BIOS configured-platform boundary	BIOS-001,BIOS-002,BIOS-005	REQUIRED	Preserve external observation; internal realization remains free
0470	BIOS character output contracts	020 - CP/M 2.2 BIOS Jump Table, Boot, and Character-I/O Semantics; I052 BIOS-001,BIOS-002,BIOS-005	BIOS configured-platform boundary	BIOS-001,BIOS-002,BIOS-005	REQUIRED	Preserve external observation; internal realization remains free
0471	BIOS reader contract	020 - CP/M 2.2 BIOS Jump Table, Boot, and Character-I/O Semantics; I052 BIOS-001,BIOS-002,BIOS-005	BIOS configured-platform boundary	BIOS-001,BIOS-002,BIOS-005	REQUIRED	Preserve external observation; internal realization remains free
0472	LISTST result policy	020 - CP/M 2.2 BIOS Jump Table, Boot, and Character-I/O Semantics; I052 BIOS-001,BIOS-002,BIOS-005	BIOS configured-platform boundary	BIOS-001,BIOS-002,BIOS-005	POLICY PENDING	Profile/policy ownership provisional; test diagnostic until selected
0473	Direct BIOS call layering	020 - CP/M 2.2 BIOS Jump Table, Boot, and Character-I/O Semantics; I052 BIOS-001,BIOS-002,BIOS-005	BIOS configured-platform boundary	BIOS-001,BIOS-002,BIOS-005	REQUIRED	Preserve external observation; internal realization remains free
0474	BIOS residual registers and reentrancy	021 - CP/M 2.2 CCP Command Acquisition, Parsing, and Dispatch Semantics; I052 CCP-001,CCP-002	CCP / command-environment boundary	CCP-001,CCP-002	NOT GUARANTEED	Boundary must tolerate permitted variation; do not expose as promise
0475	CCP semantic prompt	021 - CP/M 2.2 CCP Command Acquisition, Parsing, and Dispatch Semantics; I052 CCP-001,CCP-002	CCP / command-environment boundary	CCP-001,CCP-002	REQUIRED	Preserve external observation; internal realization remains free
0476	CCP prompt presentation freedom	021 - CP/M 2.2 CCP Command Acquisition, Parsing, and Dispatch Semantics; I052 CCP-001,CCP-002	CCP / command-environment boundary	CCP-001,CCP-002	POLICY PENDING	Profile/policy ownership provisional; test diagnostic until selected
0477	CCP buffered command acquisition	021 - CP/M 2.2 CCP Command Acquisition, Parsing, and Dispatch Semantics; I052 CCP-001,CCP-002	CCP / command-environment boundary	CCP-001,CCP-002	REQUIRED	Preserve external observation; internal realization remains free
0478	DRI CCP command capacity	021 - CP/M 2.2 CCP Command Acquisition, Parsing, and Dispatch Semantics; I052 CCP-001,CCP-002	CCP / command-environment boundary	CCP-001,CCP-002	POLICY PENDING	Profile/policy ownership provisional; test diagnostic until selected
0479	CCP empty and SPACE-only commands	021 - CP/M 2.2 CCP Command Acquisition, Parsing, and Dispatch Semantics; I052 CCP-001,CCP-002	CCP / command-environment boundary	CCP-001,CCP-002	REQUIRED	Preserve external observation; internal realization remains free
0480	TAB is not CCP SPACE	021 - CP/M 2.2 CCP Command Acquisition, Parsing, and Dispatch Semantics; I052 CCP-001,CCP-002	CCP / command-environment boundary	CCP-001,CCP-002	POLICY PENDING	Profile/policy ownership provisional; test diagnostic until selected
0481	CCP ASCII case normalization	021 - CP/M 2.2 CCP Command Acquisition, Parsing, and Dispatch Semantics; I052 CCP-001,CCP-002	CCP / command-environment boundary	CCP-001,CCP-002	REQUIRED	Preserve external observation; internal realization remains free
0482	CCP built-in command set	021 - CP/M 2.2 CCP Command Acquisition, Parsing, and Dispatch Semantics; I052 CCP-001,CCP-002	CCP / command-environment boundary	CCP-001,CCP-002	REQUIRED	Preserve external observation; internal realization remains free
0483	Exact built-in-name matching	021 - CP/M 2.2 CCP Command Acquisition, Parsing, and Dispatch Semantics; I052 CCP-001,CCP-002	CCP / command-environment boundary	CCP-001,CCP-002	REQUIRED	Preserve external observation; internal realization remains free
0484	Built-in precedence	021 - CP/M 2.2 CCP Command Acquisition, Parsing, and Dispatch Semantics; I052 CCP-001,CCP-002	CCP / command-environment boundary	CCP-001,CCP-002	REQUIRED	Preserve external observation; internal realization remains free
0485	Drive-only CCP selection	021 - CP/M 2.2 CCP Command Acquisition, Parsing, and Dispatch Semantics; I052 CCP-001,CCP-002	CCP / command-environment boundary	CCP-001,CCP-002	REQUIRED	Preserve external observation; internal realization remains free
0486	Drive-prefixed transient dispatch	021 - CP/M 2.2 CCP Command Acquisition, Parsing, and Dispatch Semantics; I052 CCP-001,CCP-002	CCP / command-environment boundary	CCP-001,CCP-002	REQUIRED	Preserve external observation; internal realization remains free
0487	Primary-name transient command syntax	021 - CP/M 2.2 CCP Command Acquisition, Parsing, and Dispatch Semantics; I052 CCP-001,CCP-002	CCP / command-environment boundary	CCP-001,CCP-002	REQUIRED	Preserve external observation; internal realization remains free
0488	CCP resident/transient preparation boundary	021 - CP/M 2.2 CCP Command Acquisition, Parsing, and Dispatch Semantics; I052 CCP-001,CCP-002	CCP / command-environment boundary	CCP-001,CCP-002	REQUIRED	Preserve external observation; internal realization remains free
0489	Generic command-error recovery	021 - CP/M 2.2 CCP Command Acquisition, Parsing, and Dispatch Semantics; I052 CCP-001,CCP-002	CCP / command-environment boundary	CCP-001,CCP-002	REQUIRED	Preserve external observation; internal realization remains free
0490	Exact DRI command-error presentation	021 - CP/M 2.2 CCP Command Acquisition, Parsing, and Dispatch Semantics; I052 CCP-001,CCP-002	CCP / command-environment boundary	CCP-001,CCP-002	POLICY PENDING	Profile/policy ownership provisional; test diagnostic until selected
0491	CCP parser implementation freedom	023 - CP/M 2.2 CCP Transient Program Lookup, Loading, and Execution; I052 CCP-003,CCP-005,CCP-006	CCP / command-environment boundary	CCP-003,CCP-005,CCP-006	NOT REQUIRED	No architecture constraint from private/incidental mechanism
0492	CCP executable identity	023 - CP/M 2.2 CCP Transient Program Lookup, Loading, and Execution; I052 CCP-003,CCP-005,CCP-006	CCP / command-environment boundary	CCP-003,CCP-005,CCP-006	REQUIRED	Preserve external observation; internal realization remains free
0493	Single-drive transient lookup	023 - CP/M 2.2 CCP Transient Program Lookup, Loading, and Execution; I052 CCP-003,CCP-005,CCP-006	CCP / command-environment boundary	CCP-003,CCP-005,CCP-006	REQUIRED	Preserve external observation; internal realization remains free
0494	Current-user transient lookup	023 - CP/M 2.2 CCP Transient Program Lookup, Loading, and Execution; I052 CCP-003,CCP-005,CCP-006	CCP / command-environment boundary	CCP-003,CCP-005,CCP-006	REQUIRED	Preserve external observation; internal realization remains free
0495	Explicit-drive lookup context	023 - CP/M 2.2 CCP Transient Program Lookup, Loading, and Execution; I052 CCP-003,CCP-005,CCP-006	CCP / command-environment boundary	CCP-003,CCP-005,CCP-006	REQUIRED	Preserve external observation; internal realization remains free
0496	CCP sequential COM loading	023 - CP/M 2.2 CCP Transient Program Lookup, Loading, and Execution; I052 CCP-003,CCP-005,CCP-006	CCP / command-environment boundary	CCP-003,CCP-005,CCP-006	REQUIRED	Preserve external observation; internal realization remains free
0497	CCP load completion	023 - CP/M 2.2 CCP Transient Program Lookup, Loading, and Execution; I052 CCP-003,CCP-005,CCP-006	CCP / command-environment boundary	CCP-003,CCP-005,CCP-006	REQUIRED	Preserve external observation; internal realization remains free
0498	Final COM record granularity	023 - CP/M 2.2 CCP Transient Program Lookup, Loading, and Execution; I052 CCP-003,CCP-005,CCP-006	CCP / command-environment boundary	CCP-003,CCP-005,CCP-006	NOT GUARANTEED	Boundary must tolerate permitted variation; do not expose as promise
0499	Resident-system load protection	023 - CP/M 2.2 CCP Transient Program Lookup, Loading, and Execution; I052 CCP-003,CCP-005,CCP-006	CCP / command-environment boundary	CCP-003,CCP-005,CCP-006	REQUIRED	Preserve external observation; internal realization remains free
0500	Transient maximum is configuration-dependent	023 - CP/M 2.2 CCP Transient Program Lookup, Loading, and Execution; I052 CCP-003,CCP-005,CCP-006	CCP / command-environment boundary	CCP-003,CCP-005,CCP-006	NOT GUARANTEED	Boundary must tolerate permitted variation; do not expose as promise
0501	CCP load-failure nonexecution	023 - CP/M 2.2 CCP Transient Program Lookup, Loading, and Execution; I052 CCP-003,CCP-005,CCP-006	CCP / command-environment boundary	CCP-003,CCP-005,CCP-006	REQUIRED	Preserve external observation; internal realization remains free
0502	Pre-execution DMA restoration	023 - CP/M 2.2 CCP Transient Program Lookup, Loading, and Execution; I052 CCP-003,CCP-005,CCP-006	CCP / command-environment boundary	CCP-003,CCP-005,CCP-006	REQUIRED	Preserve external observation; internal realization remains free
0503	CCP CALL/RET cleanup path	023 - CP/M 2.2 CCP Transient Program Lookup, Loading, and Execution; I052 CCP-003,CCP-005,CCP-006	CCP / command-environment boundary	CCP-003,CCP-005,CCP-006	REQUIRED	Preserve external observation; internal realization remains free
0504	Termination-state convergence	023 - CP/M 2.2 CCP Transient Program Lookup, Loading, and Execution; I052 CCP-003,CCP-005,CCP-006	CCP / command-environment boundary	CCP-003,CCP-005,CCP-006	REQUIRED	Preserve external observation; internal realization remains free
0505	CCP loader implementation freedom	022 - CP/M 2.2 CCP Transient Program Lookup, Loading, and Execution; I052 CCP-005,CCP-006	CCP / command-environment boundary	CCP-005,CCP-006	NOT REQUIRED	No architecture constraint from private/incidental mechanism
0506	Default FCB operand assignment	022 - CP/M 2.2 CCP Transient Program Lookup, Loading, and Execution; I052 CCP-005,CCP-006	CCP / command-environment boundary	CCP-005,CCP-006	POLICY PENDING	Profile/policy ownership provisional; test diagnostic until selected
0507	Default FCB residual fields	022 - CP/M 2.2 CCP Transient Program Lookup, Loading, and Execution; I052 CCP-005,CCP-006	CCP / command-environment boundary	CCP-005,CCP-006	NOT GUARANTEED	Boundary must tolerate permitted variation; do not expose as promise
0508	Tail capacity is bounded by CCP input acquisition	024 - CP/M 2.2 Transient Program Lifecycle, Termination, and BDOS Return-; I052 CCP-007,MEM-005	CCP / command-environment boundary	CCP-007,MEM-005	POLICY PENDING	Profile/policy ownership provisional; test diagnostic until selected
0509	Transient termination mechanisms	024 - CP/M 2.2 Transient Program Lifecycle, Termination, and BDOS Return-; I052 CCP-007,MEM-005	CCP / command-environment boundary	CCP-007,MEM-005	REQUIRED	Preserve external observation; internal realization remains free
0510	RET does not generally reconstruct page zero	024 - CP/M 2.2 Transient Program Lifecycle, Termination, and BDOS Return-; I052 CCP-007,MEM-005	CCP / command-environment boundary	CCP-007,MEM-005	NOT GUARANTEED	Boundary must tolerate permitted variation; do not expose as promise
0511	Termination does not implicitly close application FCBs	024 - CP/M 2.2 Transient Program Lifecycle, Termination, and BDOS Return-; I052 CCP-007,MEM-005	CCP / command-environment boundary	CCP-007,MEM-005	NOT GUARANTEED	Boundary must tolerate permitted variation; do not expose as promise
0512	Post-termination drive and user policy	025 - CP/M 2.2 BDOS File Operation Error Semantics and Application-; I052 ERROR-001,APP-004	Cross-layer error/recovery boundary	ERROR-001,APP-004	POLICY PENDING	Profile/policy ownership provisional; test diagnostic until selected
0513	File-operation failures are function-specific	025 - CP/M 2.2 BDOS File Operation Error Semantics and Application-; I052 ERROR-001,APP-004	Cross-layer error/recovery boundary	ERROR-001,APP-004	REQUIRED	Preserve external observation; internal realization remains free
0514	Failure does not generally validate DMA contents	025 - CP/M 2.2 BDOS File Operation Error Semantics and Application-; I052 ERROR-001,APP-004	Cross-layer error/recovery boundary	ERROR-001,APP-004	NOT GUARANTEED	Boundary must tolerate permitted variation; do not expose as promise
0515	FCB state after precondition or operation failure	025 - CP/M 2.2 BDOS File Operation Error Semantics and Application-; I052 ERROR-001,APP-004	Cross-layer error/recovery boundary	ERROR-001,APP-004	NOT GUARANTEED	Boundary must tolerate permitted variation; do not expose as promise
0516	Directory-full and allocation-full are distinct	025 - CP/M 2.2 BDOS File Operation Error Semantics and Application-; I052 ERROR-001,APP-004	Cross-layer error/recovery boundary	ERROR-001,APP-004	REQUIRED	Preserve external observation; internal realization remains free
0517	Malformed FCB behavior is outside the portable contract	026 - CP/M 2.2 BDOS System State Functions and Application-Visible; I052 BDOS-STATE-001,BDOS-STATE-002,BDOS-STATE-003	BDOS system/disk-state boundary	BDOS-STATE-001,BDOS-STATE-002,BDOS-STATE-003	NOT GUARANTEED	Boundary must tolerate permitted variation; do not expose as promise
0518	BDOS system state components	026 - CP/M 2.2 BDOS System State Functions and Application-Visible; I052 BDOS-STATE-001,BDOS-STATE-002,BDOS-STATE-003	BDOS system/disk-state boundary	BDOS-STATE-001,BDOS-STATE-002,BDOS-STATE-003	REQUIRED	Preserve external observation; internal realization remains free
0519	BIOS-owned selected-drive resources	026 - CP/M 2.2 BDOS System State Functions and Application-Visible; I052 BDOS-STATE-001,BDOS-STATE-002,BDOS-STATE-003	BDOS system/disk-state boundary	BDOS-STATE-001,BDOS-STATE-002,BDOS-STATE-003	REQUIRED	Preserve external observation; internal realization remains free
0520	Function 26 persistence boundary	026 - CP/M 2.2 BDOS System State Functions and Application-Visible; I052 BDOS-STATE-001,BDOS-STATE-002,BDOS-STATE-003	BDOS system/disk-state boundary	BDOS-STATE-001,BDOS-STATE-002,BDOS-STATE-003	REQUIRED	Preserve external observation; internal realization remains free
0521	System-state independence	026 - CP/M 2.2 BDOS System State Functions and Application-Visible; I052 BDOS-STATE-001,BDOS-STATE-002,BDOS-STATE-003	BDOS system/disk-state boundary	BDOS-STATE-001,BDOS-STATE-002,BDOS-STATE-003	REQUIRED	Preserve external observation; internal realization remains free
0522	ALV and DPB pointer lifetime	026 - CP/M 2.2 BDOS System State Functions and Application-Visible; I052 BDOS-STATE-001,BDOS-STATE-002,BDOS-STATE-003	BDOS system/disk-state boundary	BDOS-STATE-001,BDOS-STATE-002,BDOS-STATE-003	NOT GUARANTEED	Boundary must tolerate permitted variation; do not expose as promise
0523	Function 37 compatibility status	026 - CP/M 2.2 BDOS System State Functions and Application-Visible; I052 BDOS-STATE-001,BDOS-STATE-002,BDOS-STATE-003	BDOS system/disk-state boundary	BDOS-STATE-001,BDOS-STATE-002,BDOS-STATE-003	POLICY PENDING	Profile/policy ownership provisional; test diagnostic until selected
0524	CP/M 2.2 Function 39 has no Get-BIOS contract	026 - CP/M 2.2 BDOS System State Functions and Application-Visible; I052 BDOS-STATE-001,BDOS-STATE-002,BDOS-STATE-003	BDOS system/disk-state boundary	BDOS-STATE-001,BDOS-STATE-002,BDOS-STATE-003	NOT REQUIRED	No architecture constraint from private/incidental mechanism
0525	CP/M 2.2 selectors 40 and 41	027 - CP/M 2.2 BDOS Call Interface Convention and Register-State; I052 BDOS-CALL-001	BDOS public-call boundary	BDOS-CALL-001	REQUIRED	Preserve external observation; internal realization remains free
0526	Common BDOS gateway and invocation	027 - CP/M 2.2 BDOS Call Interface Convention and Register-State; I052 BDOS-CALL-001	BDOS public-call boundary	BDOS-CALL-001	REQUIRED	Preserve external observation; internal realization remains free
0527	Common selector and parameter carriers	027 - CP/M 2.2 BDOS Call Interface Convention and Register-State; I052 BDOS-CALL-001	BDOS public-call boundary	BDOS-CALL-001	REQUIRED	Preserve external observation; internal realization remains free
0528	Common result and alias convention	027 - CP/M 2.2 BDOS Call Interface Convention and Register-State; I052 BDOS-CALL-001	BDOS public-call boundary	BDOS-CALL-001	REQUIRED	Preserve external observation; internal realization remains free
0529	Strict CP/M 2.2 unsupported selectors	027 - CP/M 2.2 BDOS Call Interface Convention and Register-State; I052 BDOS-CALL-001	BDOS public-call boundary	BDOS-CALL-001	REQUIRED	Preserve external observation; internal realization remains free
0530	General register preservation	027 - CP/M 2.2 BDOS Call Interface Convention and Register-State; I052 BDOS-CALL-001	BDOS public-call boundary	BDOS-CALL-001	NOT GUARANTEED	Boundary must tolerate permitted variation; do not expose as promise
0531	Returning-call stack balance	027 - CP/M 2.2 BDOS Call Interface Convention and Register-State; I052 BDOS-CALL-001	BDOS public-call boundary	BDOS-CALL-001	REQUIRED	Preserve external observation; internal realization remains free
0532	Invalid parameters are function-specific	027 - CP/M 2.2 BDOS Call Interface Convention and Register-State; I052 BDOS-CALL-001	BDOS public-call boundary	BDOS-CALL-001	NOT GUARANTEED	Boundary must tolerate permitted variation; do not expose as promise
0533	BDOS reentrancy	028 - CP/M 2.2 CCP Transient Execution Handoff and Loader State Contract; I052 CCP-006,MEM-004	CCP / command-environment boundary	CCP-006,MEM-004	NOT GUARANTEED	Boundary must tolerate permitted variation; do not expose as promise
0534	Complete transient handoff	028 - CP/M 2.2 CCP Transient Execution Handoff and Loader State Contract; I052 CCP-006,MEM-004	CCP / command-environment boundary	CCP-006,MEM-004	REQUIRED	Preserve external observation; internal realization remains free
0535	Handoff preparation ordering	028 - CP/M 2.2 CCP Transient Execution Handoff and Loader State Contract; I052 CCP-006,MEM-004	CCP / command-environment boundary	CCP-006,MEM-004	NOT REQUIRED	No architecture constraint from private/incidental mechanism
0536	Unloaded transient memory	028 - CP/M 2.2 CCP Transient Execution Handoff and Loader State Contract; I052 CCP-006,MEM-004	CCP / command-environment boundary	CCP-006,MEM-004	NOT GUARANTEED	Boundary must tolerate permitted variation; do not expose as promise
0537	Immediate BDOS readiness	028 - CP/M 2.2 CCP Transient Execution Handoff and Loader State Contract; I052 CCP-006,MEM-004	CCP / command-environment boundary	CCP-006,MEM-004	REQUIRED	Preserve external observation; internal realization remains free
0538	Loader DMA isolation	028 - CP/M 2.2 CCP Transient Execution Handoff and Loader State Contract; I052 CCP-006,MEM-004	CCP / command-environment boundary	CCP-006,MEM-004	REQUIRED	Preserve external observation; internal realization remains free
0539	Transient stack preparation	028 - CP/M 2.2 CCP Transient Execution Handoff and Loader State Contract; I052 CCP-006,MEM-004	CCP / command-environment boundary	CCP-006,MEM-004	NOT GUARANTEED	Boundary must tolerate permitted variation; do not expose as promise
0540	Load rejection suppresses execution	028 - CP/M 2.2 CCP Transient Execution Handoff and Loader State Contract; I052 CCP-006,MEM-004	CCP / command-environment boundary	CCP-006,MEM-004	REQUIRED	Preserve external observation; internal realization remains free
0541	Post-RET reconstruction boundary	029 - CP/M 2.2 BDOS Directory Search Semantics and FCB/DMA Enumeration; I052 BDOS-FILE-003	BDOS file/directory/storage boundary	BDOS-FILE-003	NOT GUARANTEED	Boundary must tolerate permitted variation; do not expose as promise
0542	Enumeration returns directory entries, not unique filenames	029 - CP/M 2.2 BDOS Directory Search Semantics and FCB/DMA Enumeration; I052 BDOS-FILE-003	BDOS file/directory/storage boundary	BDOS-FILE-003	REQUIRED	Preserve external observation; internal realization remains free
0543	Matching extents remain separately visible	029 - CP/M 2.2 BDOS Directory Search Semantics and FCB/DMA Enumeration; I052 BDOS-FILE-003	BDOS file/directory/storage boundary	BDOS-FILE-003	REQUIRED	Preserve external observation; internal realization remains free
0544	Application-built FCB case is not folded	029 - CP/M 2.2 BDOS Directory Search Semantics and FCB/DMA Enumeration; I052 BDOS-FILE-003	BDOS file/directory/storage boundary	BDOS-FILE-003	NOT GUARANTEED	Boundary must tolerate permitted variation; do not expose as promise
0545	Search FCB lifetime	029 - CP/M 2.2 BDOS Directory Search Semantics and FCB/DMA Enumeration; I052 BDOS-FILE-003	BDOS file/directory/storage boundary	BDOS-FILE-003	REQUIRED	Preserve external observation; internal realization remains free
0546	Harmless state-query calls need not end enumeration	029 - CP/M 2.2 BDOS Directory Search Semantics and FCB/DMA Enumeration; I052 BDOS-FILE-003	BDOS file/directory/storage boundary	BDOS-FILE-003	REQUIRED	Preserve external observation; internal realization remains free
0547	Search context does not survive program lifecycle reset	029 - CP/M 2.2 BDOS Directory Search Semantics and FCB/DMA Enumeration; I052 BDOS-FILE-003	BDOS file/directory/storage boundary	BDOS-FILE-003	NOT GUARANTEED	Boundary must tolerate permitted variation; do not expose as promise
0548	Physical enumeration order is not a sort contract	029 - CP/M 2.2 BDOS Directory Search Semantics and FCB/DMA Enumeration; I052 BDOS-FILE-003	BDOS file/directory/storage boundary	BDOS-FILE-003	NOT GUARANTEED	Boundary must tolerate permitted variation; do not expose as promise
0549	Invalid-drive search need not return a result code	029 - CP/M 2.2 BDOS Directory Search Semantics and FCB/DMA Enumeration; I052 BDOS-FILE-003	BDOS file/directory/storage boundary	BDOS-FILE-003	NOT GUARANTEED	Boundary must tolerate permitted variation; do not expose as promise
0550	Special drive-question search exposes complete directory values	030 - CP/M 2.2 BDOS File Lifecycle, Extent Management, and Metadata State; I052 BDOS-FILE-002,BDOS-FILE-011	BDOS file/directory/storage boundary	BDOS-FILE-002,BDOS-FILE-011	REQUIRED	Preserve external observation; internal realization remains free
0551	Make-to-open lifecycle equivalence	030 - CP/M 2.2 BDOS File Lifecycle, Extent Management, and Metadata State; I052 BDOS-FILE-002,BDOS-FILE-011	BDOS file/directory/storage boundary	BDOS-FILE-002,BDOS-FILE-011	REQUIRED	Preserve external observation; internal realization remains free
0552	Working FCB may lead directory metadata	030 - CP/M 2.2 BDOS File Lifecycle, Extent Management, and Metadata State; I052 BDOS-FILE-002,BDOS-FILE-011	BDOS file/directory/storage boundary	BDOS-FILE-002,BDOS-FILE-011	NOT GUARANTEED	Boundary must tolerate permitted variation; do not expose as promise
0553	Successful Close establishes reopened consistency	030 - CP/M 2.2 BDOS File Lifecycle, Extent Management, and Metadata State; I052 BDOS-FILE-002,BDOS-FILE-011	BDOS file/directory/storage boundary	BDOS-FILE-002,BDOS-FILE-011	REQUIRED	Preserve external observation; internal realization remains free
0554	Reopen reconstructs behavior, not FCB byte identity	030 - CP/M 2.2 BDOS File Lifecycle, Extent Management, and Metadata State; I052 BDOS-FILE-002,BDOS-FILE-011	BDOS file/directory/storage boundary	BDOS-FILE-002,BDOS-FILE-011	NOT GUARANTEED	Boundary must tolerate permitted variation; do not expose as promise
0555	Extents form one logical record stream	030 - CP/M 2.2 BDOS File Lifecycle, Extent Management, and Metadata State; I052 BDOS-FILE-002,BDOS-FILE-011	BDOS file/directory/storage boundary	BDOS-FILE-002,BDOS-FILE-011	REQUIRED	Preserve external observation; internal realization remains free
0556	Completed extent survives later extension failure	030 - CP/M 2.2 BDOS File Lifecycle, Extent Management, and Metadata State; I052 BDOS-FILE-002,BDOS-FILE-011	BDOS file/directory/storage boundary	BDOS-FILE-002,BDOS-FILE-011	REQUIRED	Preserve external observation; internal realization remains free
0557	Failed growth does not claim a new record	030 - CP/M 2.2 BDOS File Lifecycle, Extent Management, and Metadata State; I052 BDOS-FILE-002,BDOS-FILE-011	BDOS file/directory/storage boundary	BDOS-FILE-002,BDOS-FILE-011	REQUIRED	Preserve external observation; internal realization remains free
0558	Allocation order is outside lifecycle compatibility	031 - CP/M 2.2 BDOS User Area, File Visibility, and Directory Namespace; I052 BDOS-FILE-010	BDOS file/directory/storage boundary	BDOS-FILE-010	NOT REQUIRED	No architecture constraint from private/incidental mechanism
0559	User area participates in ordinary file identity	031 - CP/M 2.2 BDOS User Area, File Visibility, and Directory Namespace; I052 BDOS-FILE-010	BDOS file/directory/storage boundary	BDOS-FILE-010	REQUIRED	Preserve external observation; internal realization remains free
0560	Function 32 user-state contract	031 - CP/M 2.2 BDOS User Area, File Visibility, and Directory Namespace; I052 BDOS-FILE-010	BDOS file/directory/storage boundary	BDOS-FILE-010	REQUIRED	Preserve external observation; internal realization remains free
0561	FCB does not carry ordinary user identity	031 - CP/M 2.2 BDOS User Area, File Visibility, and Directory Namespace; I052 BDOS-FILE-010	BDOS file/directory/storage boundary	BDOS-FILE-010	REQUIRED	Preserve external observation; internal realization remains free
0562	Ordinary lookup has no cross-user fallback	031 - CP/M 2.2 BDOS User Area, File Visibility, and Directory Namespace; I052 BDOS-FILE-010	BDOS file/directory/storage boundary	BDOS-FILE-010	REQUIRED	Preserve external observation; internal realization remains free
0563	Make records current-user ownership	031 - CP/M 2.2 BDOS User Area, File Visibility, and Directory Namespace; I052 BDOS-FILE-010	BDOS file/directory/storage boundary	BDOS-FILE-010	REQUIRED	Preserve external observation; internal realization remains free
0564	Delete and Rename are current-user scoped	031 - CP/M 2.2 BDOS User Area, File Visibility, and Directory Namespace; I052 BDOS-FILE-010	BDOS file/directory/storage boundary	BDOS-FILE-010	REQUIRED	Preserve external observation; internal realization remains free
0565	User change invalidates retained namespace assumptions	031 - CP/M 2.2 BDOS User Area, File Visibility, and Directory Namespace; I052 BDOS-FILE-010	BDOS file/directory/storage boundary	BDOS-FILE-010	NOT GUARANTEED	Boundary must tolerate permitted variation; do not expose as promise
0566	Complete-directory search is not public lookup	031 - CP/M 2.2 BDOS User Area, File Visibility, and Directory Namespace; I052 BDOS-FILE-010	BDOS file/directory/storage boundary	BDOS-FILE-010	REQUIRED	Preserve external observation; internal realization remains free
0567	CCP USER and BDOS user state are shared	031 - CP/M 2.2 BDOS User Area, File Visibility, and Directory Namespace; I052 BDOS-FILE-010	BDOS file/directory/storage boundary	BDOS-FILE-010	REQUIRED	Preserve external observation; internal realization remains free
0568	User areas are not a security contract	032 - CP/M 2.2 CCP Resident Command Semantics and BDOS Interaction; I052 CCP-004,UTIL-001	CCP / command-environment boundary	CCP-004,UTIL-001	NOT REQUIRED	No architecture constraint from private/incidental mechanism
0569	Resident command semantic set	032 - CP/M 2.2 CCP Resident Command Semantics and BDOS Interaction; I052 CCP-004,UTIL-001	CCP / command-environment boundary	CCP-004,UTIL-001	REQUIRED	Preserve external observation; internal realization remains free
0570	DIR search and visibility	032 - CP/M 2.2 CCP Resident Command Semantics and BDOS Interaction; I052 CCP-004,UTIL-001	CCP / command-environment boundary	CCP-004,UTIL-001	REQUIRED	Preserve external observation; internal realization remains free
0571	DIR ordering and exact layout	032 - CP/M 2.2 CCP Resident Command Semantics and BDOS Interaction; I052 CCP-004,UTIL-001	CCP / command-environment boundary	CCP-004,UTIL-001	NOT GUARANTEED	Boundary must tolerate permitted variation; do not expose as promise
0572	ERA wildcard confirmation boundary	032 - CP/M 2.2 CCP Resident Command Semantics and BDOS Interaction; I052 CCP-004,UTIL-001	CCP / command-environment boundary	CCP-004,UTIL-001	REQUIRED	Preserve external observation; internal realization remains free
0573	ERA read-only attribute is not protection	032 - CP/M 2.2 CCP Resident Command Semantics and BDOS Interaction; I052 CCP-004,UTIL-001	CCP / command-environment boundary	CCP-004,UTIL-001	NOT GUARANTEED	Boundary must tolerate permitted variation; do not expose as promise
0574	REN resident syntax and validation	032 - CP/M 2.2 CCP Resident Command Semantics and BDOS Interaction; I052 CCP-004,UTIL-001	CCP / command-environment boundary	CCP-004,UTIL-001	REQUIRED	Preserve external observation; internal realization remains free
0575	SAVE page mapping	032 - CP/M 2.2 CCP Resident Command Semantics and BDOS Interaction; I052 CCP-004,UTIL-001	CCP / command-environment boundary	CCP-004,UTIL-001	REQUIRED	Preserve external observation; internal realization remains free
0576	SAVE destructive replacement	032 - CP/M 2.2 CCP Resident Command Semantics and BDOS Interaction; I052 CCP-004,UTIL-001	CCP / command-environment boundary	CCP-004,UTIL-001	NOT GUARANTEED	Boundary must tolerate permitted variation; do not expose as promise
0577	TYPE byte-stream contract	032 - CP/M 2.2 CCP Resident Command Semantics and BDOS Interaction; I052 CCP-004,UTIL-001	CCP / command-environment boundary	CCP-004,UTIL-001	REQUIRED	Preserve external observation; internal realization remains free
0578	CCP USER accepted range	032 - CP/M 2.2 CCP Resident Command Semantics and BDOS Interaction; I052 CCP-004,UTIL-001	CCP / command-environment boundary	CCP-004,UTIL-001	REQUIRED	Preserve external observation; internal realization remains free
0579	Ordinary resident-command recovery	032 - CP/M 2.2 CCP Resident Command Semantics and BDOS Interaction; I052 CCP-004,UTIL-001	CCP / command-environment boundary	CCP-004,UTIL-001	REQUIRED	Preserve external observation; internal realization remains free
0580	Exact resident output presentation	033 - CP/M 2.2 BDOS-BIOS Error Propagation and Recovery Semantics; I052 ERROR-002,ERROR-003,ERROR-004	Cross-layer error/recovery boundary	ERROR-002,ERROR-003,ERROR-004	POLICY PENDING	Profile/policy ownership provisional; test diagnostic until selected
0581	Physical failure suspends the BDOS caller	033 - CP/M 2.2 BDOS-BIOS Error Propagation and Recovery Semantics; I052 ERROR-002,ERROR-003,ERROR-004	Cross-layer error/recovery boundary	ERROR-002,ERROR-003,ERROR-004	REQUIRED	Preserve external observation; internal realization remains free
0582	Logical failures return without physical-error intervention	033 - CP/M 2.2 BDOS-BIOS Error Propagation and Recovery Semantics; I052 ERROR-002,ERROR-003,ERROR-004	Cross-layer error/recovery boundary	ERROR-002,ERROR-003,ERROR-004	REQUIRED	Preserve external observation; internal realization remains free
0583	Ignored directory-search result is not validation	033 - CP/M 2.2 BDOS-BIOS Error Propagation and Recovery Semantics; I052 ERROR-002,ERROR-003,ERROR-004	Cross-layer error/recovery boundary	ERROR-002,ERROR-003,ERROR-004	NOT GUARANTEED	Boundary must tolerate permitted variation; do not expose as promise
0584	Ignored directory-update result is not persistence	033 - CP/M 2.2 BDOS-BIOS Error Propagation and Recovery Semantics; I052 ERROR-002,ERROR-003,ERROR-004	Cross-layer error/recovery boundary	ERROR-002,ERROR-003,ERROR-004	NOT GUARANTEED	Boundary must tolerate permitted variation; do not expose as promise
0585	Post-ignore affected state is not a continuation contract	033 - CP/M 2.2 BDOS-BIOS Error Propagation and Recovery Semantics; I052 ERROR-002,ERROR-003,ERROR-004	Cross-layer error/recovery boundary	ERROR-002,ERROR-003,ERROR-004	NOT GUARANTEED	Boundary must tolerate permitted variation; do not expose as promise
0586	Physical-error abort abandons the interrupted caller	033 - CP/M 2.2 BDOS-BIOS Error Propagation and Recovery Semantics; I052 ERROR-002,ERROR-003,ERROR-004	Cross-layer error/recovery boundary	ERROR-002,ERROR-003,ERROR-004	REQUIRED	Preserve external observation; internal realization remains free
0587	Abort recovery establishes a usable command environment	033 - CP/M 2.2 BDOS-BIOS Error Propagation and Recovery Semantics; I052 ERROR-002,ERROR-003,ERROR-004	Cross-layer error/recovery boundary	ERROR-002,ERROR-003,ERROR-004	REQUIRED	Preserve external observation; internal realization remains free
0588	Exact recovery internals are not part of the contract	034 - CP/M 2.2 Memory Layout, System Area, and Transient Program Boundary; I052 MEM-002,MEM-004,MEM-005	Transient runtime / memory boundary	MEM-002,MEM-004,MEM-005	NOT REQUIRED	No architecture constraint from private/incidental mechanism
0589	Loader ceiling and overlay TPA are distinct	034 - CP/M 2.2 Memory Layout, System Area, and Transient Program Boundary; I052 MEM-002,MEM-004,MEM-005	Transient runtime / memory boundary	MEM-002,MEM-004,MEM-005	REQUIRED	Preserve external observation; internal realization remains free
0590	CCP overlay invalidates ordinary RET assumptions	034 - CP/M 2.2 Memory Layout, System Area, and Transient Program Boundary; I052 MEM-002,MEM-004,MEM-005	Transient runtime / memory boundary	MEM-002,MEM-004,MEM-005	REQUIRED	Preserve external observation; internal realization remains free
0591	System ownership is an application obligation	034 - CP/M 2.2 Memory Layout, System Area, and Transient Program Boundary; I052 MEM-002,MEM-004,MEM-005	Transient runtime / memory boundary	MEM-002,MEM-004,MEM-005	NOT GUARANTEED	Boundary must tolerate permitted variation; do not expose as promise
0592	Entry-stack storage may occupy overlayable memory	034 - CP/M 2.2 Memory Layout, System Area, and Transient Program Boundary; I052 MEM-002,MEM-004,MEM-005	Transient runtime / memory boundary	MEM-002,MEM-004,MEM-005	NOT GUARANTEED	Boundary must tolerate permitted variation; do not expose as promise
0593	Cold BOOT public postcondition	034 - CP/M 2.2 Memory Layout, System Area, and Transient Program Boundary; I052 MEM-002,MEM-004,MEM-005	Transient runtime / memory boundary	MEM-002,MEM-004,MEM-005	REQUIRED	Preserve external observation; internal realization remains free
0594	Cold BOOT does not promise blanket memory clearing	034 - CP/M 2.2 Memory Layout, System Area, and Transient Program Boundary; I052 MEM-002,MEM-004,MEM-005	Transient runtime / memory boundary	MEM-002,MEM-004,MEM-005	NOT GUARANTEED	Boundary must tolerate permitted variation; do not expose as promise
0595	WBOOT command-environment reconstruction	034 - CP/M 2.2 Memory Layout, System Area, and Transient Program Boundary; I052 MEM-002,MEM-004,MEM-005	Transient runtime / memory boundary	MEM-002,MEM-004,MEM-005	REQUIRED	Preserve external observation; internal realization remains free
0596	Residual state across WBOOT	034 - CP/M 2.2 Memory Layout, System Area, and Transient Program Boundary; I052 MEM-002,MEM-004,MEM-005	Transient runtime / memory boundary	MEM-002,MEM-004,MEM-005	NOT GUARANTEED	Boundary must tolerate permitted variation; do not expose as promise
0597	Console-pending state across WBOOT	034 - CP/M 2.2 Memory Layout, System Area, and Transient Program Boundary; I052 MEM-002,MEM-004,MEM-005	Transient runtime / memory boundary	MEM-002,MEM-004,MEM-005	NOT GUARANTEED	Boundary must tolerate permitted variation; do not expose as promise
0598	BIOS vector is a public runtime ABI	034 - CP/M 2.2 Memory Layout, System Area, and Transient Program Boundary; I052 MEM-002,MEM-004,MEM-005	Transient runtime / memory boundary	MEM-002,MEM-004,MEM-005	REQUIRED	Preserve external observation; internal realization remains free
0599	DPH structures are compatibility-visible	034 - CP/M 2.2 Memory Layout, System Area, and Transient Program Boundary; I052 MEM-002,MEM-004,MEM-005	Transient runtime / memory boundary	MEM-002,MEM-004,MEM-005	REQUIRED	Preserve external observation; internal realization remains free
0600	Direct BIOS calls expose raw device behavior	034 - CP/M 2.2 Memory Layout, System Area, and Transient Program Boundary; I052 MEM-002,MEM-004,MEM-005	Transient runtime / memory boundary	MEM-002,MEM-004,MEM-005	REQUIRED	Preserve external observation; internal realization remains free
0601	BIOS implementation details remain profile-specific	034 - CP/M 2.2 Memory Layout, System Area, and Transient Program Boundary; I052 MEM-002,MEM-004,MEM-005	Transient runtime / memory boundary	MEM-002,MEM-004,MEM-005	NOT GUARANTEED	Boundary must tolerate permitted variation; do not expose as promise
0602	Function 40 selector and input	034 - CP/M 2.2 Memory Layout, System Area, and Transient Program Boundary; I052 MEM-002,MEM-004,MEM-005	Transient runtime / memory boundary	MEM-002,MEM-004,MEM-005	REQUIRED	Preserve external observation; internal realization remains free
0603	Function 40 allocation-block zero fill	034 - CP/M 2.2 Memory Layout, System Area, and Transient Program Boundary; I052 MEM-002,MEM-004,MEM-005	Transient runtime / memory boundary	MEM-002,MEM-004,MEM-005	REQUIRED	Preserve external observation; internal realization remains free
0604	Function 40 is not universal sparse-hole materialization	034 - CP/M 2.2 Memory Layout, System Area, and Transient Program Boundary; I052 MEM-002,MEM-004,MEM-005	Transient runtime / memory boundary	MEM-002,MEM-004,MEM-005	NOT GUARANTEED	Boundary must tolerate permitted variation; do not expose as promise
0605	Function 40 result family	034 - CP/M 2.2 Memory Layout, System Area, and Transient Program Boundary; I052 MEM-002,MEM-004,MEM-005	Transient runtime / memory boundary	MEM-002,MEM-004,MEM-005	REQUIRED	Preserve external observation; internal realization remains free
0606	BIOS character services are raw device interfaces	034 - CP/M 2.2 Memory Layout, System Area, and Transient Program Boundary; I052 MEM-002,MEM-004,MEM-005	Transient runtime / memory boundary	MEM-002,MEM-004,MEM-005	REQUIRED	Preserve external observation; internal realization remains free
0607	Character devices remain distinct runtime paths	034 - CP/M 2.2 Memory Layout, System Area, and Transient Program Boundary; I052 MEM-002,MEM-004,MEM-005	Transient runtime / memory boundary	MEM-002,MEM-004,MEM-005	REQUIRED	Preserve external observation; internal realization remains free
0608	IOBYTE reassignment is runtime visible	034 - CP/M 2.2 Memory Layout, System Area, and Transient Program Boundary; I052 MEM-002,MEM-004,MEM-005	Transient runtime / memory boundary	MEM-002,MEM-004,MEM-005	REQUIRED	Preserve external observation; internal realization remains free
0609	IOBYTE access coherence	034 - CP/M 2.2 Memory Layout, System Area, and Transient Program Boundary; I052 MEM-002,MEM-004,MEM-005	Transient runtime / memory boundary	MEM-002,MEM-004,MEM-005	REQUIRED	Preserve external observation; internal realization remains free
0610	Field-preserving assignment changes	034 - CP/M 2.2 Memory Layout, System Area, and Transient Program Boundary; I052 MEM-002,MEM-004,MEM-005	Transient runtime / memory boundary	MEM-002,MEM-004,MEM-005	REQUIRED	Preserve external observation; internal realization remains free
0611	IOBYTE assignment does not validate device presence	034 - CP/M 2.2 Memory Layout, System Area, and Transient Program Boundary; I052 MEM-002,MEM-004,MEM-005	Transient runtime / memory boundary	MEM-002,MEM-004,MEM-005	NOT GUARANTEED	Boundary must tolerate permitted variation; do not expose as promise
0612	STAT device-assignment semantics	034 - CP/M 2.2 Memory Layout, System Area, and Transient Program Boundary; I052 MEM-002,MEM-004,MEM-005	Transient runtime / memory boundary	MEM-002,MEM-004,MEM-005	REQUIRED	Preserve external observation; internal realization remains free
0613	Parameterized disk-structure coherence	034 - CP/M 2.2 Memory Layout, System Area, and Transient Program Boundary; I052 MEM-002,MEM-004,MEM-005	Transient runtime / memory boundary	MEM-002,MEM-004,MEM-005	REQUIRED	Preserve external observation; internal realization remains free
0614	DPB-dependent directory allocation-map width	034 - CP/M 2.2 Memory Layout, System Area, and Transient Program Boundary; I052 MEM-002,MEM-004,MEM-005	Transient runtime / memory boundary	MEM-002,MEM-004,MEM-005	REQUIRED	Preserve external observation; internal realization remains free
0615	Logical directory placement	034 - CP/M 2.2 Memory Layout, System Area, and Transient Program Boundary; I052 MEM-002,MEM-004,MEM-005	Transient runtime / memory boundary	MEM-002,MEM-004,MEM-005	REQUIRED	Preserve external observation; internal realization remains free
0616	Raw-format universality	034 - CP/M 2.2 Memory Layout, System Area, and Transient Program Boundary; I052 MEM-002,MEM-004,MEM-005	Transient runtime / memory boundary	MEM-002,MEM-004,MEM-005	NOT GUARANTEED	Boundary must tolerate permitted variation; do not expose as promise
0617	Direct-structure caller responsibility	034 - CP/M 2.2 Memory Layout, System Area, and Transient Program Boundary; I052 MEM-002,MEM-004,MEM-005	Transient runtime / memory boundary	MEM-002,MEM-004,MEM-005	REQUIRED	Preserve external observation; internal realization remains free
0618	Damaged-directory recovery	041 - CP/M 2.2 Direct System Access and Undocumented Application Interface; I052 ERROR-005	Cross-layer error/recovery boundary	ERROR-005	NOT GUARANTEED	Boundary must tolerate permitted variation; do not expose as promise
0619	Private BDOS target is not an application gateway	042 - CP/M 2.2 Common Software Compatibility Assumptions; I052 MEM-006	Transient runtime / memory boundary	MEM-006	NOT GUARANTEED	Boundary must tolerate permitted variation; do not expose as promise
0620	DRI submitted-command stream	042 - CP/M 2.2 Common Software Compatibility Assumptions; I052 CCP-008	CCP / command-environment boundary	CCP-008	REQUIRED	Preserve external observation; internal realization remains free
0621	XSUB buffered-input compatibility	043 - CP/M 2.2 Memory and Execution Edge Case Compatibility Semantics; I052 CCP-008	CCP / command-environment boundary	CCP-008	REQUIRED	Preserve external observation; internal realization remains free
0622	Self-modifying transient execution	051 - CP/M 2.2 Hardware-Dependent Software Compatibility Survey; I052 MEM-003,BIOS-007,HW-001,HW-002	Transient runtime / memory boundary	MEM-003,BIOS-007,HW-001,HW-002	REQUIRED	Preserve external observation; internal realization remains free
