oracle_id	oracle_version	ledger_entry	oracle_type	oracle	pass_fail_rule	classification	applicability
OR-0001	1.0.0	0001	positive predicate	A test program’s first loaded byte appears at 0100h.	Observed behavior must satisfy the proposition oracle for every baseline campaign.	REQUIRED	generic CP/M 2.2 baseline
OR-0002	1.0.0	0002	positive predicate	A signature program begins execution at 0100h.	Observed behavior must satisfy the proposition oracle for every baseline campaign.	REQUIRED	generic CP/M 2.2 baseline
OR-0003	1.0.0	0003	positive predicate	Memory below 0100h is not treated as ordinary transient program storage.	Observed behavior must satisfy the proposition oracle for every baseline campaign.	REQUIRED	generic CP/M 2.2 baseline
OR-0004	1.0.0	0004	positive predicate	LHLD 0006h yields the advertised low resident boundary.	Observed behavior must satisfy the proposition oracle for every baseline campaign.	REQUIRED	generic CP/M 2.2 baseline
OR-0005	1.0.0	0005	positive predicate	JMP 0000h performs warm-start semantics.	Observed behavior must satisfy the proposition oracle for every baseline campaign.	REQUIRED	generic CP/M 2.2 baseline
OR-0006	1.0.0	0006	positive predicate	Where implemented, 0003h has the documented IOBYTE meaning.	Observed behavior must satisfy the proposition oracle for every baseline campaign.	REQUIRED	generic CP/M 2.2 baseline
OR-0007	1.0.0	0007	positive predicate	At transient entry, 0004h contains the command environment drive. Function 25 is used to test live BDOS current drive state.	Observed behavior must satisfy the proposition oracle for every baseline campaign.	REQUIRED	generic CP/M 2.2 baseline
OR-0008	1.0.0	0008	positive predicate	CALL 0005h invokes BDOS and returning services resume after the call.	Observed behavior must satisfy the proposition oracle for every baseline campaign.	REQUIRED	generic CP/M 2.2 baseline
OR-0009	1.0.0	0009	positive predicate	BetterCP/M does not assign incompatible baseline meanings to documented restart/interrupt locations.	Observed behavior must satisfy the proposition oracle for every baseline campaign.	REQUIRED	generic CP/M 2.2 baseline
OR-0010	1.0.0	0010	positive predicate	Software is not promised fixed contents in this area.	Observed behavior must satisfy the proposition oracle for every baseline campaign.	REQUIRED	generic CP/M 2.2 baseline
OR-0011	1.0.0	0011	positive predicate	A transient with a first file operand finds its default FCB beginning at 005Ch.	Observed behavior must satisfy the proposition oracle for every baseline campaign.	REQUIRED	generic CP/M 2.2 baseline
OR-0012	1.0.0	0012	profile-gated positive	Activate two-operand 005Ch/006Ch comparison only for the strict CCP profile.	Observed behavior must satisfy the proposition oracle under the selected named profile.	PROFILE REQUIRED	the Strict DRI CCP/ecosystem
OR-0013	1.0.0	0013	positive predicate	Test independently with explicit drive prefixes.	Observed behavior must satisfy the proposition oracle for every baseline campaign.	REQUIRED	generic CP/M 2.2 baseline
OR-0014	1.0.0	0014	positive predicate	Test '*' and '?' cases independently.	Observed behavior must satisfy the proposition oracle for every baseline campaign.	REQUIRED	generic CP/M 2.2 baseline
OR-0015	1.0.0	0015	positive predicate	Compare resulting filename/type bytes for representative operands.	Observed behavior must satisfy the proposition oracle for every baseline campaign.	REQUIRED	generic CP/M 2.2 baseline
OR-0016	1.0.0	0016	permitted variation	Require filename/type parsing; accept variation in other unopened fields.	The candidate passes when it does not claim the incidental behavior as a portable guarantee and remains within any explicitly stated accepted set.	NOT GUARANTEED	generic CP/M 2.2 baseline
OR-0017	1.0.0	0017	positive predicate	0080h contains the count for the supplied command tail.	Observed behavior must satisfy the proposition oracle for every baseline campaign.	REQUIRED	generic CP/M 2.2 baseline
OR-0018	1.0.0	0018	positive predicate	The counted command characters occupy the documented buffer.	Observed behavior must satisfy the proposition oracle for every baseline campaign.	REQUIRED	generic CP/M 2.2 baseline
OR-0019	1.0.0	0019	positive predicate	Positive mixed-command test must require the leading counted blank.	Observed behavior must satisfy the proposition oracle for every baseline campaign.	REQUIRED	generic CP/M 2.2 baseline
OR-0020	1.0.0	0020	positive predicate	Mixed-case acquisition test must verify uppercase tail bytes.	Observed behavior must satisfy the proposition oracle for every baseline campaign.	REQUIRED	generic CP/M 2.2 baseline
OR-0021	1.0.0	0021	permitted variation	Tests must use the count and must not require or consume a terminator.	The candidate passes when it does not claim the incidental behavior as a portable guarantee and remains within any explicitly stated accepted set.	NOT GUARANTEED	generic CP/M 2.2 baseline
OR-0022	1.0.0	0022	anti-requirement	Tests may report these bytes diagnostically but must not require a particular value.	The framework must not require equality with this behavior; testing may only verify that no baseline assertion depends on it.	OUTSIDE SCOPE	generic CP/M 2.2 compatibility claim
OR-0023	1.0.0	0023	positive predicate	The first disk operation using the unchanged default DMA operates on 0080h.	Observed behavior must satisfy the proposition oracle for every baseline campaign.	REQUIRED	generic CP/M 2.2 baseline
OR-0024	1.0.0	0024	positive predicate	Initial contents of the default DMA buffer are the command tail, not an implied disk record.	Observed behavior must satisfy the proposition oracle for every baseline campaign.	REQUIRED	generic CP/M 2.2 baseline
OR-0025	1.0.0	0025	positive predicate	JMP 0000h regains the command environment with warm-start semantics.	Observed behavior must satisfy the proposition oracle for every baseline campaign.	REQUIRED	generic CP/M 2.2 baseline
OR-0026	1.0.0	0026	positive predicate	Function 0 regains the command environment with warm-start semantics.	Observed behavior must satisfy the proposition oracle for every baseline campaign.	REQUIRED	generic CP/M 2.2 baseline
OR-0027	1.0.0	0027	positive predicate	A minimal transient containing RET returns safely to the command environment without requiring BIOS warm start.	Observed behavior must satisfy the proposition oracle for every baseline campaign.	REQUIRED	generic CP/M 2.2 baseline
OR-0028	1.0.0	0028	positive predicate	RET from entry succeeds using the supplied return word.	Observed behavior must satisfy the proposition oracle for every baseline campaign.	REQUIRED	generic CP/M 2.2 baseline
OR-0029	1.0.0	0029	anti-requirement	Software may rely on a usable return stack but not on a particular SP value.	The framework must not require equality with this behavior; testing may only verify that no baseline assertion depends on it.	OUTSIDE SCOPE	generic CP/M 2.2 compatibility claim
OR-0030	1.0.0	0030	anti-requirement	The return word must function correctly but need not point to the same numeric address or CCP routine as DRI CP/M.	The framework must not require equality with this behavior; testing may only verify that no baseline assertion depends on it.	OUTSIDE SCOPE	generic CP/M 2.2 compatibility claim
OR-0031	1.0.0	0031	permitted variation	BetterCP/M may expose different residual values.	The candidate passes when it does not claim the incidental behavior as a portable guarantee and remains within any explicitly stated accepted set.	NOT GUARANTEED	generic CP/M 2.2 baseline
OR-0032	1.0.0	0032	permitted variation	BetterCP/M may expose different residual values.	The candidate passes when it does not claim the incidental behavior as a portable guarantee and remains within any explicitly stated accepted set.	NOT GUARANTEED	generic CP/M 2.2 baseline
OR-0033	1.0.0	0033	permitted variation	Programs must not rely upon the reference system's observed values.	The candidate passes when it does not claim the incidental behavior as a portable guarantee and remains within any explicitly stated accepted set.	NOT GUARANTEED	generic CP/M 2.2 baseline
OR-0034	1.0.0	0034	anti-requirement	Test the gateway semantics, not particular target addresses.	The framework must not require equality with this behavior; testing may only verify that no baseline assertion depends on it.	OUTSIDE SCOPE	generic CP/M 2.2 compatibility claim
OR-0035	1.0.0	0035	positive predicate	Every implemented BDOS function interprets C as the selector.	Observed behavior must satisfy the proposition oracle for every baseline campaign.	REQUIRED	generic CP/M 2.2 baseline
OR-0036	1.0.0	0036	positive predicate	Representative functions correctly consume their documented DE/E input.	Observed behavior must satisfy the proposition oracle for every baseline campaign.	REQUIRED	generic CP/M 2.2 baseline
OR-0037	1.0.0	0037	positive predicate	Byte-returning functions are checked independently in A.	Observed behavior must satisfy the proposition oracle for every baseline campaign.	REQUIRED	generic CP/M 2.2 baseline
OR-0038	1.0.0	0038	positive predicate	Word-returning functions are checked independently in HL.	Observed behavior must satisfy the proposition oracle for every baseline campaign.	REQUIRED	generic CP/M 2.2 baseline
OR-0039	1.0.0	0039	positive predicate	Assert A=L on every returning baseline function, including error returns.	Observed behavior must satisfy the proposition oracle for every baseline campaign.	REQUIRED	generic CP/M 2.2 baseline
OR-0040	1.0.0	0040	positive predicate	Assert B=H on every returning baseline function.	Observed behavior must satisfy the proposition oracle for every baseline campaign.	REQUIRED	generic CP/M 2.2 baseline
OR-0041	1.0.0	0041	positive predicate	Baseline functions 0-40 are accounted for individually.	Observed behavior must satisfy the proposition oracle for every baseline campaign.	REQUIRED	generic CP/M 2.2 baseline
OR-0042	1.0.0	0042	positive predicate	Test representative selectors including 41, 42, 7Fh, 80h, and FFh.	Observed behavior must satisfy the proposition oracle for every baseline campaign.	REQUIRED	generic CP/M 2.2 baseline
OR-0043	1.0.0	0043	positive predicate	Verify pre-call and post-return SP are equal for returning functions.	Observed behavior must satisfy the proposition oracle for every baseline campaign.	REQUIRED	generic CP/M 2.2 baseline
OR-0044	1.0.0	0044	anti-requirement	Do not test DRI internal stack addresses or implementation.	The framework must not require equality with this behavior; testing may only verify that no baseline assertion depends on it.	OUTSIDE SCOPE	generic CP/M 2.2 compatibility claim
OR-0045	1.0.0	0045	permitted variation	Callers must treat unspecified AF/flags state as clobbered.	The candidate passes when it does not claim the incidental behavior as a portable guarantee and remains within any explicitly stated accepted set.	NOT GUARANTEED	generic CP/M 2.2 baseline
OR-0046	1.0.0	0046	permitted variation	Callers must not depend upon BC preservation.	The candidate passes when it does not claim the incidental behavior as a portable guarantee and remains within any explicitly stated accepted set.	NOT GUARANTEED	generic CP/M 2.2 baseline
OR-0047	1.0.0	0047	permitted variation	Callers must not depend upon DE preservation.	The candidate passes when it does not claim the incidental behavior as a portable guarantee and remains within any explicitly stated accepted set.	NOT GUARANTEED	generic CP/M 2.2 baseline
OR-0048	1.0.0	0048	permitted variation	Callers must not depend upon prior HL surviving a call.	The candidate passes when it does not claim the incidental behavior as a portable guarantee and remains within any explicitly stated accepted set.	NOT GUARANTEED	generic CP/M 2.2 baseline
OR-0049	1.0.0	0049	permitted variation	Diagnostic tests may report changes but must not fail because BetterCP/M clobbers these registers.	The candidate passes when it does not claim the incidental behavior as a portable guarantee and remains within any explicitly stated accepted set.	NOT GUARANTEED	generic CP/M 2.2 baseline
OR-0050	1.0.0	0050	anti-requirement	Applications must not rely upon returned C mirroring the input E value.	The framework must not require equality with this behavior; testing may only verify that no baseline assertion depends on it.	OUTSIDE SCOPE	generic CP/M 2.2 compatibility claim
OR-0051	1.0.0	0051	anti-requirement	Generic BDOS tests do not require the DRI reference flags.	The framework must not require equality with this behavior; testing may only verify that no baseline assertion depends on it.	OUTSIDE SCOPE	generic CP/M 2.2 compatibility claim
OR-0052	1.0.0	0052	positive predicate	Representative byte values supplied in E are emitted through the formatted console-output path.	Observed behavior must satisfy the proposition oracle for every baseline campaign.	REQUIRED	generic CP/M 2.2 baseline
OR-0053	1.0.0	0053	positive predicate	Function 2 with E='$' emits '$'.	Observed behavior must satisfy the proposition oracle for every baseline campaign.	REQUIRED	generic CP/M 2.2 baseline
OR-0054	1.0.0	0054	positive predicate	Output begins with the byte at the supplied DE address.	Observed behavior must satisfy the proposition oracle for every baseline campaign.	REQUIRED	generic CP/M 2.2 baseline
OR-0055	1.0.0	0055	positive predicate	Bytes following the first '$' are not emitted by that call.	Observed behavior must satisfy the proposition oracle for every baseline campaign.	REQUIRED	generic CP/M 2.2 baseline
OR-0056	1.0.0	0056	positive predicate	The terminating '$' does not appear in the console stream.	Observed behavior must satisfy the proposition oracle for every baseline campaign.	REQUIRED	generic CP/M 2.2 baseline
OR-0057	1.0.0	0057	positive predicate	A string beginning with '$' produces empty output.	Observed behavior must satisfy the proposition oracle for every baseline campaign.	REQUIRED	generic CP/M 2.2 baseline
OR-0058	1.0.0	0058	positive predicate	A function 9 string containing embedded CR/LF continues until the first '$'.	Observed behavior must satisfy the proposition oracle for every baseline campaign.	REQUIRED	generic CP/M 2.2 baseline
OR-0059	1.0.0	0059	positive predicate	Function 2 participates in the documented formatted-output behaviors tested separately below.	Observed behavior must satisfy the proposition oracle for every baseline campaign.	REQUIRED	generic CP/M 2.2 baseline
OR-0060	1.0.0	0060	positive predicate	Function 9 participates in the same formatted-output state and transformations as function 2.	Observed behavior must satisfy the proposition oracle for every baseline campaign.	REQUIRED	generic CP/M 2.2 baseline
OR-0061	1.0.0	0061	positive predicate	Output by one function affects subsequent formatting by the other where the formatting rule depends on prior output state.	Observed behavior must satisfy the proposition oracle for every baseline campaign.	REQUIRED	generic CP/M 2.2 baseline
OR-0062	1.0.0	0062	positive predicate	TABs at known logical columns expand to the required number of spaces to reach the next eight-column stop.	Observed behavior must satisfy the proposition oracle for every baseline campaign.	REQUIRED	generic CP/M 2.2 baseline
OR-0063	1.0.0	0063	positive predicate	A deterministic keyboard-input harness should verify the documented scrolling-control behavior.	Observed behavior must satisfy the proposition oracle for every baseline campaign.	REQUIRED	generic CP/M 2.2 baseline
OR-0064	1.0.0	0064	positive predicate	A deterministic keyboard-input harness should verify the documented scrolling-control behavior during function 9.	Observed behavior must satisfy the proposition oracle for every baseline campaign.	REQUIRED	generic CP/M 2.2 baseline
OR-0065	1.0.0	0065	positive predicate	With printer echo enabled, function-2 output appears at the logical printer as well as the console.	Observed behavior must satisfy the proposition oracle for every baseline campaign.	REQUIRED	generic CP/M 2.2 baseline
OR-0066	1.0.0	0066	positive predicate	With printer echo enabled, function-9 output appears at the logical printer as well as the console.	Observed behavior must satisfy the proposition oracle for every baseline campaign.	REQUIRED	generic CP/M 2.2 baseline
OR-0067	1.0.0	0067	permitted variation	Tests must not require a function-2-specific result value.	The candidate passes when it does not claim the incidental behavior as a portable guarantee and remains within any explicitly stated accepted set.	NOT GUARANTEED	generic CP/M 2.2 baseline
OR-0068	1.0.0	0068	permitted variation	Tests must not require a function-9-specific result value.	The candidate passes when it does not claim the incidental behavior as a portable guarantee and remains within any explicitly stated accepted set.	NOT GUARANTEED	generic CP/M 2.2 baseline
OR-0069	1.0.0	0069	profile-gated positive	Profile test exercises the complete character-by-character column state machine.	Observed behavior must satisfy the proposition oracle under the selected named profile.	PROFILE REQUIRED	the DRI formatted-console profile
OR-0070	1.0.0	0070	profile-gated positive	Profile test separates LF state change from emitted LF byte.	Observed behavior must satisfy the proposition oracle under the selected named profile.	PROFILE REQUIRED	the DRI formatted-console profile
OR-0071	1.0.0	0071	profile-gated positive	Profile test emits CR then probes later column-dependent output.	Observed behavior must satisfy the proposition oracle under the selected named profile.	PROFILE REQUIRED	the DRI formatted-console profile
OR-0072	1.0.0	0072	permitted variation	No baseline assertion about retained key or BIOS call count.	The candidate passes when it does not claim the incidental behavior as a portable guarantee and remains within any explicitly stated accepted set.	NOT GUARANTEED	generic CP/M 2.2 baseline
OR-0073	1.0.0	0073	permitted variation	Exclude exact post-pause timing/state from certification; retain diagnostic coverage.	The candidate passes when it does not claim the incidental behavior as a portable guarantee and remains within any explicitly stated accepted set.	NOT GUARANTEED	generic CP/M 2.2 baseline
OR-0074	1.0.0	0074	anti-requirement	Do not test private DRI variable locations or internal implementation structure.	The framework must not require equality with this behavior; testing may only verify that no baseline assertion depends on it.	OUTSIDE SCOPE	generic CP/M 2.2 compatibility claim
OR-0075	1.0.0	0075	positive predicate	Representative valid ASCII characters with E not FFh select the direct-output path.	Observed behavior must satisfy the proposition oracle for every baseline campaign.	REQUIRED	generic CP/M 2.2 baseline
OR-0076	1.0.0	0076	positive predicate	Representative characters supplied in E are emitted unchanged through the logical-console output path.	Observed behavior must satisfy the proposition oracle for every baseline campaign.	REQUIRED	generic CP/M 2.2 baseline
OR-0077	1.0.0	0077	positive predicate	E=09h reaches console output as a TAB byte rather than a sequence of spaces.	Observed behavior must satisfy the proposition oracle for every baseline campaign.	REQUIRED	generic CP/M 2.2 baseline
OR-0078	1.0.0	0078	positive predicate	Direct output is not interpreted by the BDOS formatted-output Ctrl-S path.	Observed behavior must satisfy the proposition oracle for every baseline campaign.	REQUIRED	generic CP/M 2.2 baseline
OR-0079	1.0.0	0079	positive predicate	Direct function-6 output remains absent from LIST while formatted output is echoed there.	Observed behavior must satisfy the proposition oracle for every baseline campaign.	REQUIRED	generic CP/M 2.2 baseline
OR-0080	1.0.0	0080	permitted variation	Tests must not require a particular function-6 direct-output result value.	The candidate passes when it does not claim the incidental behavior as a portable guarantee and remains within any explicitly stated accepted set.	NOT GUARANTEED	generic CP/M 2.2 baseline
OR-0081	1.0.0	0081	positive predicate	C=06h with E=FFh selects the nonblocking input path.	Observed behavior must satisfy the proposition oracle for every baseline campaign.	REQUIRED	generic CP/M 2.2 baseline
OR-0082	1.0.0	0082	positive predicate	With no input ready, the call does not wait and returns 00h.	Observed behavior must satisfy the proposition oracle for every baseline campaign.	REQUIRED	generic CP/M 2.2 baseline
OR-0083	1.0.0	0083	positive predicate	A deterministically supplied character is returned in A and consumed from the console input source.	Observed behavior must satisfy the proposition oracle for every baseline campaign.	REQUIRED	generic CP/M 2.2 baseline
OR-0084	1.0.0	0084	positive predicate	Input characters are returned without formatted-input echo or control-character processing.	Observed behavior must satisfy the proposition oracle for every baseline campaign.	REQUIRED	generic CP/M 2.2 baseline
OR-0085	1.0.0	0085	positive predicate	With no input available, function 11 returns zero.	Observed behavior must satisfy the proposition oracle for every baseline campaign.	REQUIRED	generic CP/M 2.2 baseline
OR-0086	1.0.0	0086	permitted variation	Require zero when not ready and nonzero when ready; vary/accept exact nonzero.	The candidate passes when it does not claim the incidental behavior as a portable guarantee and remains within any explicitly stated accepted set.	NOT GUARANTEED	generic CP/M 2.2 baseline
OR-0087	1.0.0	0087	permitted variation	Do not assert retention or exact BIOS input-call count in baseline.	The candidate passes when it does not claim the incidental behavior as a portable guarantee and remains within any explicitly stated accepted set.	NOT GUARANTEED	generic CP/M 2.2 baseline
OR-0088	1.0.0	0088	permitted variation	Test Function 6's direct zero/nonzero input behavior without preconditioning on private retained state.	The candidate passes when it does not claim the incidental behavior as a portable guarantee and remains within any explicitly stated accepted set.	NOT GUARANTEED	generic CP/M 2.2 baseline
OR-0089	1.0.0	0089	anti-requirement	Do not require the E=FEh branch or its observed zero result.	The framework must not require equality with this behavior; testing may only verify that no baseline assertion depends on it.	OUTSIDE SCOPE	generic CP/M 2.2 compatibility claim
OR-0090	1.0.0	0090	anti-requirement	Do not test DRI private variable locations or representation.	The framework must not require equality with this behavior; testing may only verify that no baseline assertion depends on it.	OUTSIDE SCOPE	generic CP/M 2.2 compatibility claim
OR-0091	1.0.0	0091	positive predicate	C=01h selects Console Input.	Observed behavior must satisfy the proposition oracle for every baseline campaign.	REQUIRED	generic CP/M 2.2 baseline
OR-0092	1.0.0	0092	positive predicate	With no character available, function 1 does not return until input becomes available.	Observed behavior must satisfy the proposition oracle for every baseline campaign.	REQUIRED	generic CP/M 2.2 baseline
OR-0093	1.0.0	0093	positive predicate	A deterministically supplied character is returned in A; common return aliases are tested separately.	Observed behavior must satisfy the proposition oracle for every baseline campaign.	REQUIRED	generic CP/M 2.2 baseline
OR-0094	1.0.0	0094	positive predicate	A representative graphic character is returned and echoed once.	Observed behavior must satisfy the proposition oracle for every baseline campaign.	REQUIRED	generic CP/M 2.2 baseline
OR-0095	1.0.0	0095	positive predicate	Input CR is returned as 0Dh and echoed.	Observed behavior must satisfy the proposition oracle for every baseline campaign.	REQUIRED	generic CP/M 2.2 baseline
OR-0096	1.0.0	0096	positive predicate	Input LF is returned as 0Ah and echoed.	Observed behavior must satisfy the proposition oracle for every baseline campaign.	REQUIRED	generic CP/M 2.2 baseline
OR-0097	1.0.0	0097	positive predicate	Input backspace is returned as 08h and echoed.	Observed behavior must satisfy the proposition oracle for every baseline campaign.	REQUIRED	generic CP/M 2.2 baseline
OR-0098	1.0.0	0098	positive predicate	At known logical columns, A=09h and the echo contains the spaces required to reach the next eight-column stop.	Observed behavior must satisfy the proposition oracle for every baseline campaign.	REQUIRED	generic CP/M 2.2 baseline
OR-0099	1.0.0	0099	positive predicate	A representative ordinary control such as Ctrl-A is returned unchanged without console output.	Observed behavior must satisfy the proposition oracle for every baseline campaign.	REQUIRED	generic CP/M 2.2 baseline
OR-0100	1.0.0	0100	positive predicate	Function-1 echo exhibits the required shared formatting behavior across relevant calls.	Observed behavior must satisfy the proposition oracle for every baseline campaign.	REQUIRED	generic CP/M 2.2 baseline
OR-0101	1.0.0	0101	positive predicate	Verify with a deterministic scrolling-input harness; manually timed keyboard input is not sufficient evidence.	Observed behavior must satisfy the proposition oracle for every baseline campaign.	REQUIRED	generic CP/M 2.2 baseline
OR-0102	1.0.0	0102	positive predicate	With printer echo active, eligible echo appears at CONOUT and LIST after identical formatting; expanded TAB spaces are duplicated individually.	Observed behavior must satisfy the proposition oracle for every baseline campaign.	REQUIRED	generic CP/M 2.2 baseline
OR-0103	1.0.0	0103	profile-gated positive	Profile requires no toggle/no echo for Function-1 Ctrl-P.	Observed behavior must satisfy the proposition oracle under the selected named profile.	PROFILE REQUIRED	the DRI formatted-console profile
OR-0104	1.0.0	0104	profile-gated positive	Activate only with the profile; verify returned byte, echo, and BIOS call count.	Observed behavior must satisfy the proposition oracle under the selected named profile.	PROFILE REQUIRED	the DRI formatted-console profile
OR-0105	1.0.0	0105	anti-requirement	Do not test DRI private variable locations, helper-routine structure, or internal representation.	The framework must not require equality with this behavior; testing may only verify that no baseline assertion depends on it.	OUTSIDE SCOPE	generic CP/M 2.2 compatibility claim
OR-0106	1.0.0	0106	positive predicate	C=0Ah with DE addressing a valid buffer selects Read Console Buffer and operates on that buffer.	Observed behavior must satisfy the proposition oracle for every baseline campaign.	REQUIRED	generic CP/M 2.2 baseline
OR-0107	1.0.0	0107	positive predicate	Test representative maximum values, including boundary values 1 and 255.	Observed behavior must satisfy the proposition oracle for every baseline campaign.	REQUIRED	generic CP/M 2.2 baseline
OR-0108	1.0.0	0108	positive predicate	Compare DE+1 with the accepted edited length.	Observed behavior must satisfy the proposition oracle for every baseline campaign.	REQUIRED	generic CP/M 2.2 baseline
OR-0109	1.0.0	0109	positive predicate	Verify accepted characters occupy DE+2 onward in order.	Observed behavior must satisfy the proposition oracle for every baseline campaign.	REQUIRED	generic CP/M 2.2 baseline
OR-0110	1.0.0	0110	permitted variation	Do not require particular values beyond the returned count.	The candidate passes when it does not claim the incidental behavior as a portable guarantee and remains within any explicitly stated accepted set.	NOT GUARANTEED	generic CP/M 2.2 baseline
OR-0111	1.0.0	0111	positive predicate	Supply data followed by CR and verify CR is absent from counted data.	Observed behavior must satisfy the proposition oracle for every baseline campaign.	REQUIRED	generic CP/M 2.2 baseline
OR-0112	1.0.0	0112	positive predicate	Supply data followed by LF and verify LF is absent from counted data.	Observed behavior must satisfy the proposition oracle for every baseline campaign.	REQUIRED	generic CP/M 2.2 baseline
OR-0113	1.0.0	0113	positive predicate	Fill the buffer exactly and verify return without another BIOS CONIN.	Observed behavior must satisfy the proposition oracle for every baseline campaign.	REQUIRED	generic CP/M 2.2 baseline
OR-0114	1.0.0	0114	positive predicate	Verify representative ordinary input is both stored and echoed.	Observed behavior must satisfy the proposition oracle for every baseline campaign.	REQUIRED	generic CP/M 2.2 baseline
OR-0115	1.0.0	0115	positive predicate	Verify the preceding character is absent from returned edited data.	Observed behavior must satisfy the proposition oracle for every baseline campaign.	REQUIRED	generic CP/M 2.2 baseline
OR-0116	1.0.0	0116	positive predicate	Verify the preceding character is absent from returned edited data.	Observed behavior must satisfy the proposition oracle for every baseline campaign.	REQUIRED	generic CP/M 2.2 baseline
OR-0117	1.0.0	0117	positive predicate	Verify first-character Ctrl-C invokes warm-start behavior.	Observed behavior must satisfy the proposition oracle for every baseline campaign.	REQUIRED	generic CP/M 2.2 baseline
OR-0118	1.0.0	0118	positive predicate	Verify data on both physical lines is retained in one returned logical line.	Observed behavior must satisfy the proposition oracle for every baseline campaign.	REQUIRED	generic CP/M 2.2 baseline
OR-0119	1.0.0	0119	positive predicate	Verify pre-Ctrl-R data remains in the returned line.	Observed behavior must satisfy the proposition oracle for every baseline campaign.	REQUIRED	generic CP/M 2.2 baseline
OR-0120	1.0.0	0120	positive predicate	Verify only replacement data after Ctrl-U is returned.	Observed behavior must satisfy the proposition oracle for every baseline campaign.	REQUIRED	generic CP/M 2.2 baseline
OR-0121	1.0.0	0121	positive predicate	Verify prior data is discarded after Ctrl-X.	Observed behavior must satisfy the proposition oracle for every baseline campaign.	REQUIRED	generic CP/M 2.2 baseline
OR-0122	1.0.0	0122	positive predicate	Begin at a nonzero logical column and verify leftward editing respects it.	Observed behavior must satisfy the proposition oracle for every baseline campaign.	REQUIRED	generic CP/M 2.2 baseline
OR-0123	1.0.0	0123	positive predicate	Do not require CR, LF, NUL, or another terminator after counted data.	Observed behavior must satisfy the proposition oracle for every baseline campaign.	REQUIRED	generic CP/M 2.2 baseline
OR-0124	1.0.0	0124	permitted variation	Do not require a function-10-specific A or HL value.	The candidate passes when it does not claim the incidental behavior as a portable guarantee and remains within any explicitly stated accepted set.	NOT GUARANTEED	generic CP/M 2.2 baseline
OR-0125	1.0.0	0125	profile-gated positive	Profile test separately requires exclusion from data and printer-echo toggle.	Observed behavior must satisfy the proposition oracle under the selected named profile.	PROFILE REQUIRED	the DRI line-editor profile
OR-0126	1.0.0	0126	profile-gated positive	Profile test verifies subsequent echo reaches LIST as selected.	Observed behavior must satisfy the proposition oracle under the selected named profile.	PROFILE REQUIRED	the DRI line-editor profile
OR-0127	1.0.0	0127	profile-gated positive	Profile injects high-bit bytes; baseline leaves their treatment unspecified.	Observed behavior must satisfy the proposition oracle under the selected named profile.	PROFILE REQUIRED	the DRI line-editor profile
OR-0128	1.0.0	0128	profile-gated positive	Byte-exact correction transcript is profile-gated.	Observed behavior must satisfy the proposition oracle under the selected named profile.	PROFILE REQUIRED	the DRI line-editor presentation profile
OR-0129	1.0.0	0129	profile-gated positive	Profile test requires storage/display of noninitial Ctrl-C; baseline tests only documented initial Ctrl-C.	Observed behavior must satisfy the proposition oracle under the selected named profile.	PROFILE REQUIRED	the DRI line-editor profile
OR-0130	1.0.0	0130	anti-requirement	Do not test private DRI implementation structure.	The framework must not require equality with this behavior; testing may only verify that no baseline assertion depends on it.	OUTSIDE SCOPE	generic CP/M 2.2 compatibility claim
OR-0131	1.0.0	0131	anti-requirement	Do not require DRI's zero common result.	The framework must not require equality with this behavior; testing may only verify that no baseline assertion depends on it.	OUTSIDE SCOPE	generic CP/M 2.2 compatibility claim
OR-0132	1.0.0	0132	positive predicate	C=0Dh selects Reset Disk System.	Observed behavior must satisfy the proposition oracle for every baseline campaign.	REQUIRED	generic CP/M 2.2 baseline
OR-0133	1.0.0	0133	positive predicate	Establish read-only state, call reset, and verify the read-only vector is cleared.	Observed behavior must satisfy the proposition oracle for every baseline campaign.	REQUIRED	generic CP/M 2.2 baseline
OR-0134	1.0.0	0134	positive predicate	Reset from a non-A current drive and verify function 25 returns A.	Observed behavior must satisfy the proposition oracle for every baseline campaign.	REQUIRED	generic CP/M 2.2 baseline
OR-0135	1.0.0	0135	positive predicate	Set an alternate DMA address, reset, and verify subsequent default DMA use begins at 0080h.	Observed behavior must satisfy the proposition oracle for every baseline campaign.	REQUIRED	generic CP/M 2.2 baseline
OR-0136	1.0.0	0136	positive predicate	Establish multiple logged drives, reset, and verify only A remains online.	Observed behavior must satisfy the proposition oracle for every baseline campaign.	REQUIRED	generic CP/M 2.2 baseline
OR-0137	1.0.0	0137	permitted variation	Do not require a function-13-specific result.	The candidate passes when it does not claim the incidental behavior as a portable guarantee and remains within any explicitly stated accepted set.	NOT GUARANTEED	generic CP/M 2.2 baseline
OR-0138	1.0.0	0138	positive predicate	C=0Eh selects Select Disk.	Observed behavior must satisfy the proposition oracle for every baseline campaign.	REQUIRED	generic CP/M 2.2 baseline
OR-0139	1.0.0	0139	positive predicate	Verify valid drive selections according to this mapping.	Observed behavior must satisfy the proposition oracle for every baseline campaign.	REQUIRED	generic CP/M 2.2 baseline
OR-0140	1.0.0	0140	positive predicate	Select another drive and verify function 25.	Observed behavior must satisfy the proposition oracle for every baseline campaign.	REQUIRED	generic CP/M 2.2 baseline
OR-0141	1.0.0	0141	positive predicate	Verify the corresponding login-vector bit becomes set.	Observed behavior must satisfy the proposition oracle for every baseline campaign.	REQUIRED	generic CP/M 2.2 baseline
OR-0142	1.0.0	0142	positive predicate	Select multiple drives and verify all remain represented in the login vector.	Observed behavior must satisfy the proposition oracle for every baseline campaign.	REQUIRED	generic CP/M 2.2 baseline
OR-0143	1.0.0	0143	positive predicate	Apply only where the target environment implements the documented media-change behavior.	Observed behavior must satisfy the proposition oracle for every baseline campaign.	REQUIRED	generic CP/M 2.2 baseline
OR-0144	1.0.0	0144	positive predicate	Execute a file operation with an FCB drive code of zero after changing current drive.	Observed behavior must satisfy the proposition oracle for every baseline campaign.	REQUIRED	generic CP/M 2.2 baseline
OR-0145	1.0.0	0145	positive predicate	Verify explicit-drive operations independently from current drive state.	Observed behavior must satisfy the proposition oracle for every baseline campaign.	REQUIRED	generic CP/M 2.2 baseline
OR-0146	1.0.0	0146	positive predicate	Perform an explicit B-drive operation while A is current and verify restoration of A.	Observed behavior must satisfy the proposition oracle for every baseline campaign.	REQUIRED	generic CP/M 2.2 baseline
OR-0147	1.0.0	0147	positive predicate	Verify HL contains the login-vector value.	Observed behavior must satisfy the proposition oracle for every baseline campaign.	REQUIRED	generic CP/M 2.2 baseline
OR-0148	1.0.0	0148	positive predicate	Verify representative low and high drive bits.	Observed behavior must satisfy the proposition oracle for every baseline campaign.	REQUIRED	generic CP/M 2.2 baseline
OR-0149	1.0.0	0149	positive predicate	Verify login state after explicit and implicit drive use.	Observed behavior must satisfy the proposition oracle for every baseline campaign.	REQUIRED	generic CP/M 2.2 baseline
OR-0150	1.0.0	0150	positive predicate	Compare function 25 against controlled drive selections.	Observed behavior must satisfy the proposition oracle for every baseline campaign.	REQUIRED	generic CP/M 2.2 baseline
OR-0151	1.0.0	0151	permitted variation	Do not require a specific invalid-drive result.	The candidate passes when it does not claim the incidental behavior as a portable guarantee and remains within any explicitly stated accepted set.	NOT GUARANTEED	generic CP/M 2.2 baseline
OR-0152	1.0.0	0152	anti-requirement	Do not require 0004h to track live BDOS drive state.	The framework must not require equality with this behavior; testing may only verify that no baseline assertion depends on it.	OUTSIDE SCOPE	generic CP/M 2.2 compatibility claim
OR-0153	1.0.0	0153	anti-requirement	Do not test internal state representation.	The framework must not require equality with this behavior; testing may only verify that no baseline assertion depends on it.	OUTSIDE SCOPE	generic CP/M 2.2 compatibility claim
OR-0154	1.0.0	0154	profile-gated positive	Profile injects absent drive and checks interaction/recovery; baseline requires coherent failure only.	Observed behavior must satisfy the proposition oracle under the selected named profile.	PROFILE REQUIRED	the Interactive DRI error profile
OR-0155	1.0.0	0155	positive predicate	Set nonzero user, call Function 13, require the same Function-32 result.	Observed behavior must satisfy the proposition oracle for every baseline campaign.	REQUIRED	generic CP/M 2.2 baseline
OR-0156	1.0.0	0156	positive predicate	Verify a sequential FCB occupies exactly bytes 0-32.	Observed behavior must satisfy the proposition oracle for every baseline campaign.	REQUIRED	generic CP/M 2.2 baseline
OR-0157	1.0.0	0157	positive predicate	Verify random-access use adds bytes 33-35 to the sequential FCB.	Observed behavior must satisfy the proposition oracle for every baseline campaign.	REQUIRED	generic CP/M 2.2 baseline
OR-0158	1.0.0	0158	positive predicate	Test drive byte 0 for current default and values 1-16 for A-P.	Observed behavior must satisfy the proposition oracle for every baseline campaign.	REQUIRED	generic CP/M 2.2 baseline
OR-0159	1.0.0	0159	positive predicate	Compare filename bytes for uppercase, cleared high bits, and space padding.	Observed behavior must satisfy the proposition oracle for every baseline campaign.	REQUIRED	generic CP/M 2.2 baseline
OR-0160	1.0.0	0160	positive predicate	Compare type bytes for the documented uppercase file type.	Observed behavior must satisfy the proposition oracle for every baseline campaign.	REQUIRED	generic CP/M 2.2 baseline
OR-0161	1.0.0	0161	positive predicate	Verify the documented high-bit attributes in type bytes 9-11.	Observed behavior must satisfy the proposition oracle for every baseline campaign.	REQUIRED	generic CP/M 2.2 baseline
OR-0162	1.0.0	0162	positive predicate	Verify EX is byte 12 and exercise caller initialization and values 0-31.	Observed behavior must satisfy the proposition oracle for every baseline campaign.	REQUIRED	generic CP/M 2.2 baseline
OR-0163	1.0.0	0163	permitted variation	Do not require any literal application-visible value in reserved S1.	The candidate passes when it does not claim the incidental behavior as a portable guarantee and remains within any explicitly stated accepted set.	NOT GUARANTEED	generic CP/M 2.2 baseline
OR-0164	1.0.0	0164	positive predicate	Verify S2 is byte 14 and is supplied as zero on OPEN, MAKE, and SEARCH.	Observed behavior must satisfy the proposition oracle for every baseline campaign.	REQUIRED	generic CP/M 2.2 baseline
OR-0165	1.0.0	0165	positive predicate	Verify RC is byte 15 and accepts the documented range 0-128.	Observed behavior must satisfy the proposition oracle for every baseline campaign.	REQUIRED	generic CP/M 2.2 baseline
OR-0166	1.0.0	0166	positive predicate	Verify bytes 16-31 receive CP/M allocation state after activation.	Observed behavior must satisfy the proposition oracle for every baseline campaign.	REQUIRED	generic CP/M 2.2 baseline
OR-0167	1.0.0	0167	positive predicate	Verify CR is byte 32 and controls sequential record position 0-127.	Observed behavior must satisfy the proposition oracle for every baseline campaign.	REQUIRED	generic CP/M 2.2 baseline
OR-0168	1.0.0	0168	positive predicate	Invoke function 15 with C=0Fh and DE addressing a controlled FCB.	Observed behavior must satisfy the proposition oracle for every baseline campaign.	REQUIRED	generic CP/M 2.2 baseline
OR-0169	1.0.0	0169	positive predicate	Open a known existing file for the current user on default and explicit drives.	Observed behavior must satisfy the proposition oracle for every baseline campaign.	REQUIRED	generic CP/M 2.2 baseline
OR-0170	1.0.0	0170	positive predicate	Open controlled files occupying directory slots 0-3 and verify A=0-3.	Observed behavior must satisfy the proposition oracle for every baseline campaign.	REQUIRED	generic CP/M 2.2 baseline
OR-0171	1.0.0	0171	positive predicate	Open a nonexistent name and require FFh in A.	Observed behavior must satisfy the proposition oracle for every baseline campaign.	REQUIRED	generic CP/M 2.2 baseline
OR-0172	1.0.0	0172	positive predicate	Open a known file and verify returned FCB state supports subsequent file I/O.	Observed behavior must satisfy the proposition oracle for every baseline campaign.	REQUIRED	generic CP/M 2.2 baseline
OR-0173	1.0.0	0173	positive predicate	Attempt access only after a successful open and require the documented lifecycle.	Observed behavior must satisfy the proposition oracle for every baseline campaign.	REQUIRED	generic CP/M 2.2 baseline
OR-0174	1.0.0	0174	positive predicate	Open controlled wildcard names and verify '?' matches corresponding characters.	Observed behavior must satisfy the proposition oracle for every baseline campaign.	REQUIRED	generic CP/M 2.2 baseline
OR-0175	1.0.0	0175	positive predicate	Open a wildcard matching several files and verify only the first match is activated.	Observed behavior must satisfy the proposition oracle for every baseline campaign.	REQUIRED	generic CP/M 2.2 baseline
OR-0176	1.0.0	0176	positive predicate	Set CR explicitly before open and verify open does not promise to reset it.	Observed behavior must satisfy the proposition oracle for every baseline campaign.	REQUIRED	generic CP/M 2.2 baseline
OR-0177	1.0.0	0177	positive predicate	Invoke function 16 with C=10h and DE addressing an activated FCB.	Observed behavior must satisfy the proposition oracle for every baseline campaign.	REQUIRED	generic CP/M 2.2 baseline
OR-0178	1.0.0	0178	positive predicate	Close after controlled writes, reopen, and verify the new directory state persists.	Observed behavior must satisfy the proposition oracle for every baseline campaign.	REQUIRED	generic CP/M 2.2 baseline
OR-0179	1.0.0	0179	positive predicate	Read a file without closing it and verify no close is required for persistence.	Observed behavior must satisfy the proposition oracle for every baseline campaign.	REQUIRED	generic CP/M 2.2 baseline
OR-0180	1.0.0	0180	positive predicate	Close controlled files occupying directory slots 0-3 and verify A=0-3.	Observed behavior must satisfy the proposition oracle for every baseline campaign.	REQUIRED	generic CP/M 2.2 baseline
OR-0181	1.0.0	0181	positive predicate	Close a dirty FCB whose filename is absent and require FFh in A.	Observed behavior must satisfy the proposition oracle for every baseline campaign.	REQUIRED	generic CP/M 2.2 baseline
OR-0182	1.0.0	0182	permitted variation	Exercise representative disk formats and do not require one application-owned allocation encoding.	The candidate passes when it does not claim the incidental behavior as a portable guarantee and remains within any explicitly stated accepted set.	NOT GUARANTEED	generic CP/M 2.2 baseline
OR-0183	1.0.0	0183	permitted variation	Poison/snapshot diagnostically, but assert only documented effects.	The candidate passes when it does not claim the incidental behavior as a portable guarantee and remains within any explicitly stated accepted set.	NOT GUARANTEED	generic CP/M 2.2 baseline
OR-0184	1.0.0	0184	anti-requirement	Diagnose DRI high-S2 behavior but do not require that private representation.	The framework must not require equality with this behavior; testing may only verify that no baseline assertion depends on it.	OUTSIDE SCOPE	generic CP/M 2.2 compatibility claim
OR-0185	1.0.0	0185	anti-requirement	Close an unchanged read-only-use FCB; do not require DRI's exact zero result.	The framework must not require equality with this behavior; testing may only verify that no baseline assertion depends on it.	OUTSIDE SCOPE	generic CP/M 2.2 compatibility claim
OR-0186	1.0.0	0186	anti-requirement	Test public open/close results without requiring DRI search, copy, or merge internals.	The framework must not require equality with this behavior; testing may only verify that no baseline assertion depends on it.	OUTSIDE SCOPE	generic CP/M 2.2 compatibility claim
OR-0187	1.0.0	0187	anti-requirement	Do not require host-tool exact-byte-count data stored in reserved S1.	The framework must not require equality with this behavior; testing may only verify that no baseline assertion depends on it.	OUTSIDE SCOPE	generic CP/M 2.2 compatibility claim
OR-0188	1.0.0	0188	positive predicate	Invoke function 17 with C=11h and DE addressing a controlled search FCB.	Observed behavior must satisfy the proposition oracle for every baseline campaign.	REQUIRED	generic CP/M 2.2 baseline
OR-0189	1.0.0	0189	positive predicate	Search a controlled directory and verify Search First begins at its first matching position.	Observed behavior must satisfy the proposition oracle for every baseline campaign.	REQUIRED	generic CP/M 2.2 baseline
OR-0190	1.0.0	0190	positive predicate	Place matches in directory slots 0-3 and verify successful Search First returns A=0-3.	Observed behavior must satisfy the proposition oracle for every baseline campaign.	REQUIRED	generic CP/M 2.2 baseline
OR-0191	1.0.0	0191	positive predicate	Search for a missing identity and require FFh in A.	Observed behavior must satisfy the proposition oracle for every baseline campaign.	REQUIRED	generic CP/M 2.2 baseline
OR-0192	1.0.0	0192	positive predicate	On successful searches, compare all 128 bytes at the current DMA with the directory record.	Observed behavior must satisfy the proposition oracle for every baseline campaign.	REQUIRED	generic CP/M 2.2 baseline
OR-0193	1.0.0	0193	positive predicate	For each result 0-3, verify the matching entry begins at DMA+A*32.	Observed behavior must satisfy the proposition oracle for every baseline campaign.	REQUIRED	generic CP/M 2.2 baseline
OR-0194	1.0.0	0194	positive predicate	Verify each successful DMA record exposes four 32-byte directory entries.	Observed behavior must satisfy the proposition oracle for every baseline campaign.	REQUIRED	generic CP/M 2.2 baseline
OR-0195	1.0.0	0195	positive predicate	Search across controlled users and verify byte 0 of each returned entry is its user number.	Observed behavior must satisfy the proposition oracle for every baseline campaign.	REQUIRED	generic CP/M 2.2 baseline
OR-0196	1.0.0	0196	positive predicate	Compare returned bytes 1-31 with the documented directory/FCB field form.	Observed behavior must satisfy the proposition oracle for every baseline campaign.	REQUIRED	generic CP/M 2.2 baseline
OR-0197	1.0.0	0197	positive predicate	Test '?' independently in filename, type, and extent positions through EX.	Observed behavior must satisfy the proposition oracle for every baseline campaign.	REQUIRED	generic CP/M 2.2 baseline
OR-0198	1.0.0	0198	positive predicate	Set documented type attribute bits and verify base type matching is unchanged.	Observed behavior must satisfy the proposition oracle for every baseline campaign.	REQUIRED	generic CP/M 2.2 baseline
OR-0199	1.0.0	0199	positive predicate	With FCB drive 0, change the current default and verify that drive is searched.	Observed behavior must satisfy the proposition oracle for every baseline campaign.	REQUIRED	generic CP/M 2.2 baseline
OR-0200	1.0.0	0200	positive predicate	Search explicit drives 1-16 and verify the prior current default is restored afterward.	Observed behavior must satisfy the proposition oracle for every baseline campaign.	REQUIRED	generic CP/M 2.2 baseline
OR-0201	1.0.0	0201	positive predicate	Perform ordinary Search First and verify S2 is automatically zeroed.	Observed behavior must satisfy the proposition oracle for every baseline campaign.	REQUIRED	generic CP/M 2.2 baseline
OR-0202	1.0.0	0202	positive predicate	Search with dr='?' and verify the current drive is scanned across multiple user numbers.	Observed behavior must satisfy the proposition oracle for every baseline campaign.	REQUIRED	generic CP/M 2.2 baseline
OR-0203	1.0.0	0203	positive predicate	Invoke function 18 with C=12h and no new documented DE argument.	Observed behavior must satisfy the proposition oracle for every baseline campaign.	REQUIRED	generic CP/M 2.2 baseline
OR-0204	1.0.0	0204	positive predicate	After Search First, call Search Next and verify scanning resumes after the last match.	Observed behavior must satisfy the proposition oracle for every baseline campaign.	REQUIRED	generic CP/M 2.2 baseline
OR-0205	1.0.0	0205	positive predicate	For Search Next successes, verify A=0-3 and the same DMA+A*32 relationship.	Observed behavior must satisfy the proposition oracle for every baseline campaign.	REQUIRED	generic CP/M 2.2 baseline
OR-0206	1.0.0	0206	positive predicate	Continue Search Next through exhaustion and require FFh after the final match.	Observed behavior must satisfy the proposition oracle for every baseline campaign.	REQUIRED	generic CP/M 2.2 baseline
OR-0207	1.0.0	0207	positive predicate	Start a new Search First during a sequence and verify enumeration restarts and replaces it.	Observed behavior must satisfy the proposition oracle for every baseline campaign.	REQUIRED	generic CP/M 2.2 baseline
OR-0208	1.0.0	0208	positive predicate	Invoke function 26 with C=1Ah and DE containing a controlled DMA address.	Observed behavior must satisfy the proposition oracle for every baseline campaign.	REQUIRED	generic CP/M 2.2 baseline
OR-0209	1.0.0	0209	positive predicate	Set an alternate DMA and verify it remains current until a documented set/reset/start transition.	Observed behavior must satisfy the proposition oracle for every baseline campaign.	REQUIRED	generic CP/M 2.2 baseline
OR-0210	1.0.0	0210	positive predicate	Change DMA between Search First and Search Next; verify continuation and transfer to the new address.	Observed behavior must satisfy the proposition oracle for every baseline campaign.	REQUIRED	generic CP/M 2.2 baseline
OR-0211	1.0.0	0211	positive predicate	Enumerate a controlled nonalphabetic directory and verify physical/logical scan order.	Observed behavior must satisfy the proposition oracle for every baseline campaign.	REQUIRED	generic CP/M 2.2 baseline
OR-0212	1.0.0	0212	positive predicate	Repeat enumeration on unchanged directory state and require the same scan sequence.	Observed behavior must satisfy the proposition oracle for every baseline campaign.	REQUIRED	generic CP/M 2.2 baseline
OR-0213	1.0.0	0213	permitted variation	Do not require alphabetic order or identical order on independently laid-out directories.	The candidate passes when it does not claim the incidental behavior as a portable guarantee and remains within any explicitly stated accepted set.	NOT GUARANTEED	generic CP/M 2.2 baseline
OR-0214	1.0.0	0214	permitted variation	Change default drive between default-drive First/Next calls and do not require continuation on the original drive.	The candidate passes when it does not claim the incidental behavior as a portable guarantee and remains within any explicitly stated accepted set.	NOT GUARANTEED	generic CP/M 2.2 baseline
OR-0215	1.0.0	0215	permitted variation	Interleave another search or directory/media mutation and do not require preserved continuation.	The candidate passes when it does not claim the incidental behavior as a portable guarantee and remains within any explicitly stated accepted set.	NOT GUARANTEED	generic CP/M 2.2 baseline
OR-0216	1.0.0	0216	permitted variation	After an FFh search result, do not treat or require DMA contents as valid result data.	The candidate passes when it does not claim the incidental behavior as a portable guarantee and remains within any explicitly stated accepted set.	NOT GUARANTEED	generic CP/M 2.2 baseline
OR-0217	1.0.0	0217	anti-requirement	Observe DRI's FFh-path DMA copy diagnostically but do not require it.	The framework must not require equality with this behavior; testing may only verify that no baseline assertion depends on it.	OUTSIDE SCOPE	generic CP/M 2.2 compatibility claim
OR-0218	1.0.0	0218	anti-requirement	Test public search results without requiring DRI private buffers, counters, checksums, or search machinery.	The framework must not require equality with this behavior; testing may only verify that no baseline assertion depends on it.	OUTSIDE SCOPE	generic CP/M 2.2 compatibility claim
OR-0219	1.0.0	0219	positive predicate	Invoke with a known activated FCB and verify that this object controls the read.	Observed behavior must satisfy the proposition oracle for every baseline campaign.	REQUIRED	generic CP/M 2.2 baseline
OR-0220	1.0.0	0220	positive predicate	Use Function 15 before the ordinary read sequence.	Observed behavior must satisfy the proposition oracle for every baseline campaign.	REQUIRED	generic CP/M 2.2 baseline
OR-0221	1.0.0	0221	positive predicate	Set up a known open FCB and compare successive markers.	Observed behavior must satisfy the proposition oracle for every baseline campaign.	REQUIRED	generic CP/M 2.2 baseline
OR-0222	1.0.0	0222	positive predicate	Read an allocated record.	Observed behavior must satisfy the proposition oracle for every baseline campaign.	REQUIRED	generic CP/M 2.2 baseline
OR-0223	1.0.0	0223	positive predicate	Guard and inspect the complete DMA area.	Observed behavior must satisfy the proposition oracle for every baseline campaign.	REQUIRED	generic CP/M 2.2 baseline
OR-0224	1.0.0	0224	positive predicate	Move DMA and protect 0080h with a sentinel.	Observed behavior must satisfy the proposition oracle for every baseline campaign.	REQUIRED	generic CP/M 2.2 baseline
OR-0225	1.0.0	0225	permitted variation	Programs shall derive any byte-level length from file-format content, not Function 20.	The candidate passes when it does not claim the incidental behavior as a portable guarantee and remains within any explicitly stated accepted set.	NOT GUARANTEED	generic CP/M 2.2 baseline
OR-0226	1.0.0	0226	positive predicate	Inspect CR and read distinct consecutive markers.	Observed behavior must satisfy the proposition oracle for every baseline campaign.	REQUIRED	generic CP/M 2.2 baseline
OR-0227	1.0.0	0227	positive predicate	Observe CR=1,2,3 after three reads from CR=0.	Observed behavior must satisfy the proposition oracle for every baseline campaign.	REQUIRED	generic CP/M 2.2 baseline
OR-0228	1.0.0	0228	positive predicate	Inspect the FCB after the 128th read.	Observed behavior must satisfy the proposition oracle for every baseline campaign.	REQUIRED	generic CP/M 2.2 baseline
OR-0229	1.0.0	0229	positive predicate	Read records 128 and 129 in consecutive calls.	Observed behavior must satisfy the proposition oracle for every baseline campaign.	REQUIRED	generic CP/M 2.2 baseline
OR-0230	1.0.0	0230	positive predicate	Inspect EX and CR after record 129.	Observed behavior must satisfy the proposition oracle for every baseline campaign.	REQUIRED	generic CP/M 2.2 baseline
OR-0231	1.0.0	0231	positive predicate	Verify EX, RC/allocation state, and continued reading.	Observed behavior must satisfy the proposition oracle for every baseline campaign.	REQUIRED	generic CP/M 2.2 baseline
OR-0232	1.0.0	0232	positive predicate	Read once beyond a controlled file.	Observed behavior must satisfy the proposition oracle for every baseline campaign.	REQUIRED	generic CP/M 2.2 baseline
OR-0233	1.0.0	0233	permitted variation	Require nonzero EOF and accept any nonzero value not otherwise promised.	The candidate passes when it does not claim the incidental behavior as a portable guarantee and remains within any explicitly stated accepted set.	NOT GUARANTEED	generic CP/M 2.2 baseline
OR-0234	1.0.0	0234	positive predicate	Open and read a zero-record file.	Observed behavior must satisfy the proposition oracle for every baseline campaign.	REQUIRED	generic CP/M 2.2 baseline
OR-0235	1.0.0	0235	positive predicate	Exhaust a two-record final extent.	Observed behavior must satisfy the proposition oracle for every baseline campaign.	REQUIRED	generic CP/M 2.2 baseline
OR-0236	1.0.0	0236	positive predicate	Exhaust an exact 128-record file.	Observed behavior must satisfy the proposition oracle for every baseline campaign.	REQUIRED	generic CP/M 2.2 baseline
OR-0237	1.0.0	0237	positive predicate	Issue two reads beyond EOF.	Observed behavior must satisfy the proposition oracle for every baseline campaign.	REQUIRED	generic CP/M 2.2 baseline
OR-0238	1.0.0	0238	permitted variation	Applications shall inspect DMA only after zero.	The candidate passes when it does not claim the incidental behavior as a portable guarantee and remains within any explicitly stated accepted set.	NOT GUARANTEED	generic CP/M 2.2 baseline
OR-0239	1.0.0	0239	positive predicate	Compare the 33 working bytes before and after reads.	Observed behavior must satisfy the proposition oracle for every baseline campaign.	REQUIRED	generic CP/M 2.2 baseline
OR-0240	1.0.0	0240	permitted variation	Applications shall not require byte-for-byte FCB stability after failure.	The candidate passes when it does not claim the incidental behavior as a portable guarantee and remains within any explicitly stated accepted set.	NOT GUARANTEED	generic CP/M 2.2 baseline
OR-0241	1.0.0	0241	anti-requirement	Accept any coherent post-EOF working representation.	The framework must not require equality with this behavior; testing may only verify that no baseline assertion depends on it.	OUTSIDE SCOPE	generic CP/M 2.2 compatibility claim
OR-0242	1.0.0	0242	positive predicate	Read a B-drive FCB while A remains default.	Observed behavior must satisfy the proposition oracle for every baseline campaign.	REQUIRED	generic CP/M 2.2 baseline
OR-0243	1.0.0	0243	positive predicate	Open and read a read-only file.	Observed behavior must satisfy the proposition oracle for every baseline campaign.	REQUIRED	generic CP/M 2.2 baseline
OR-0244	1.0.0	0244	permitted variation	Compatible applications shall not depend on such a call.	The candidate passes when it does not claim the incidental behavior as a portable guarantee and remains within any explicitly stated accepted set.	NOT GUARANTEED	generic CP/M 2.2 baseline
OR-0245	1.0.0	0245	permitted variation	Compatible applications shall not synthesize activated working fields.	The candidate passes when it does not claim the incidental behavior as a portable guarantee and remains within any explicitly stated accepted set.	NOT GUARANTEED	generic CP/M 2.2 baseline
OR-0246	1.0.0	0246	profile-gated positive	Profile injects read fault and checks prompt, ignore, abort, and recovery; no invented file code.	Observed behavior must satisfy the proposition oracle under the selected named profile.	PROFILE REQUIRED	the Interactive CP/M disk-error profile
OR-0247	1.0.0	0247	anti-requirement	Test observable results and FCB state, not internal addresses or routines.	The framework must not require equality with this behavior; testing may only verify that no baseline assertion depends on it.	OUTSIDE SCOPE	generic CP/M 2.2 compatibility claim
OR-0248	1.0.0	0248	positive predicate	Create a controlled new name.	Observed behavior must satisfy the proposition oracle for every baseline campaign.	REQUIRED	generic CP/M 2.2 baseline
OR-0249	1.0.0	0249	positive predicate	Baseline tests use an absent exact name.	Observed behavior must satisfy the proposition oracle for every baseline campaign.	REQUIRED	generic CP/M 2.2 baseline
OR-0250	1.0.0	0250	positive predicate	Search the name and inspect RC=0.	Observed behavior must satisfy the proposition oracle for every baseline campaign.	REQUIRED	generic CP/M 2.2 baseline
OR-0251	1.0.0	0251	positive predicate	Call Function 21 immediately.	Observed behavior must satisfy the proposition oracle for every baseline campaign.	REQUIRED	generic CP/M 2.2 baseline
OR-0252	1.0.0	0252	positive predicate	Accept each slot code as success.	Observed behavior must satisfy the proposition oracle for every baseline campaign.	REQUIRED	generic CP/M 2.2 baseline
OR-0253	1.0.0	0253	positive predicate	Use a 64-entry-full test directory.	Observed behavior must satisfy the proposition oracle for every baseline campaign.	REQUIRED	generic CP/M 2.2 baseline
OR-0254	1.0.0	0254	positive predicate	Search First immediately after Make.	Observed behavior must satisfy the proposition oracle for every baseline campaign.	REQUIRED	generic CP/M 2.2 baseline
OR-0255	1.0.0	0255	positive predicate	Make on allocation-full media with a free directory slot.	Observed behavior must satisfy the proposition oracle for every baseline campaign.	REQUIRED	generic CP/M 2.2 baseline
OR-0256	1.0.0	0256	permitted variation	Compatible programs shall check/delete as appropriate before Make.	The candidate passes when it does not claim the incidental behavior as a portable guarantee and remains within any explicitly stated accepted set.	NOT GUARANTEED	generic CP/M 2.2 baseline
OR-0257	1.0.0	0257	permitted variation	Creation names shall be exact and valid.	The candidate passes when it does not claim the incidental behavior as a portable guarantee and remains within any explicitly stated accepted set.	NOT GUARANTEED	generic CP/M 2.2 baseline
OR-0258	1.0.0	0258	anti-requirement	Test the zero-record public state, not an internal reservation policy.	The framework must not require equality with this behavior; testing may only verify that no baseline assertion depends on it.	OUTSIDE SCOPE	generic CP/M 2.2 compatibility claim
OR-0259	1.0.0	0259	positive predicate	Invoke after successful Open or Make.	Observed behavior must satisfy the proposition oracle for every baseline campaign.	REQUIRED	generic CP/M 2.2 baseline
OR-0260	1.0.0	0260	positive predicate	Ordinary tests never synthesize allocation fields.	Observed behavior must satisfy the proposition oracle for every baseline campaign.	REQUIRED	generic CP/M 2.2 baseline
OR-0261	1.0.0	0261	positive predicate	Reopen and compare sequential markers.	Observed behavior must satisfy the proposition oracle for every baseline campaign.	REQUIRED	generic CP/M 2.2 baseline
OR-0262	1.0.0	0262	positive predicate	Write with available space.	Observed behavior must satisfy the proposition oracle for every baseline campaign.	REQUIRED	generic CP/M 2.2 baseline
OR-0263	1.0.0	0263	positive predicate	Verify all bytes, including record tail.	Observed behavior must satisfy the proposition oracle for every baseline campaign.	REQUIRED	generic CP/M 2.2 baseline
OR-0264	1.0.0	0264	positive predicate	Alternate DMA and reopen/read.	Observed behavior must satisfy the proposition oracle for every baseline campaign.	REQUIRED	generic CP/M 2.2 baseline
OR-0265	1.0.0	0265	permitted variation	Applications pad their final logical record.	The candidate passes when it does not claim the incidental behavior as a portable guarantee and remains within any explicitly stated accepted set.	NOT GUARANTEED	generic CP/M 2.2 baseline
OR-0266	1.0.0	0266	positive predicate	Observe CR after consecutive writes.	Observed behavior must satisfy the proposition oracle for every baseline campaign.	REQUIRED	generic CP/M 2.2 baseline
OR-0267	1.0.0	0267	positive predicate	Observe RC=1 and RC=3.	Observed behavior must satisfy the proposition oracle for every baseline campaign.	REQUIRED	generic CP/M 2.2 baseline
OR-0268	1.0.0	0268	positive predicate	Open an existing file at a controlled CR and verify replacement.	Observed behavior must satisfy the proposition oracle for every baseline campaign.	REQUIRED	generic CP/M 2.2 baseline
OR-0269	1.0.0	0269	positive predicate	First write to a new file and continue reading it.	Observed behavior must satisfy the proposition oracle for every baseline campaign.	REQUIRED	generic CP/M 2.2 baseline
OR-0270	1.0.0	0270	permitted variation	Validate reachability, not block identity.	The candidate passes when it does not claim the incidental behavior as a portable guarantee and remains within any explicitly stated accepted set.	NOT GUARANTEED	generic CP/M 2.2 baseline
OR-0271	1.0.0	0271	positive predicate	Write records 128 and 129 consecutively.	Observed behavior must satisfy the proposition oracle for every baseline campaign.	REQUIRED	generic CP/M 2.2 baseline
OR-0272	1.0.0	0272	positive predicate	Inspect state and successfully write record 129.	Observed behavior must satisfy the proposition oracle for every baseline campaign.	REQUIRED	generic CP/M 2.2 baseline
OR-0273	1.0.0	0273	positive predicate	Use a one-slot-left directory.	Observed behavior must satisfy the proposition oracle for every baseline campaign.	REQUIRED	generic CP/M 2.2 baseline
OR-0274	1.0.0	0274	positive predicate	Attempt record 129 with no directory slot.	Observed behavior must satisfy the proposition oracle for every baseline campaign.	REQUIRED	generic CP/M 2.2 baseline
OR-0275	1.0.0	0275	positive predicate	First write to an empty made file on allocation-full media.	Observed behavior must satisfy the proposition oracle for every baseline campaign.	REQUIRED	generic CP/M 2.2 baseline
OR-0276	1.0.0	0276	positive predicate	Exhaust directory and allocation separately; require 01h and 02h.	Observed behavior must satisfy the proposition oracle for every baseline campaign.	REQUIRED	generic CP/M 2.2 baseline
OR-0277	1.0.0	0277	permitted variation	Compatible programs shall not make such calls.	The candidate passes when it does not claim the incidental behavior as a portable guarantee and remains within any explicitly stated accepted set.	NOT GUARANTEED	generic CP/M 2.2 baseline
OR-0278	1.0.0	0278	positive predicate	Create/write B while Function 25 remains A.	Observed behavior must satisfy the proposition oracle for every baseline campaign.	REQUIRED	generic CP/M 2.2 baseline
OR-0279	1.0.0	0279	positive predicate	Compare directory search before/after Close and reopen.	Observed behavior must satisfy the proposition oracle for every baseline campaign.	REQUIRED	generic CP/M 2.2 baseline
OR-0280	1.0.0	0280	permitted variation	Omit Close only in a negative test.	The candidate passes when it does not claim the incidental behavior as a portable guarantee and remains within any explicitly stated accepted set.	NOT GUARANTEED	generic CP/M 2.2 baseline
OR-0281	1.0.0	0281	permitted variation	Applications shall use their activated FCB and Close, not directory search as a commit test.	The candidate passes when it does not claim the incidental behavior as a portable guarantee and remains within any explicitly stated accepted set.	NOT GUARANTEED	generic CP/M 2.2 baseline
OR-0282	1.0.0	0282	anti-requirement	Test final reopened content and documented results.	The framework must not require equality with this behavior; testing may only verify that no baseline assertion depends on it.	OUTSIDE SCOPE	generic CP/M 2.2 compatibility claim
OR-0283	1.0.0	0283	profile-gated positive	Profile injects pre/post-transfer write faults and checks operator path without rollback assumptions.	Observed behavior must satisfy the proposition oracle under the selected named profile.	PROFILE REQUIRED	the Interactive CP/M disk-error profile
OR-0284	1.0.0	0284	anti-requirement	Test public FCB, directory, DMA, result, and persistent data behavior.	The framework must not require equality with this behavior; testing may only verify that no baseline assertion depends on it.	OUTSIDE SCOPE	generic CP/M 2.2 compatibility claim
OR-0285	1.0.0	0285	positive predicate	Delete a controlled exact name.	Observed behavior must satisfy the proposition oracle for every baseline campaign.	REQUIRED	generic CP/M 2.2 baseline
OR-0286	1.0.0	0286	positive predicate	Isolate drive and user fixtures.	Observed behavior must satisfy the proposition oracle for every baseline campaign.	REQUIRED	generic CP/M 2.2 baseline
OR-0287	1.0.0	0287	positive predicate	Delete two matching names while preserving a nonmatch.	Observed behavior must satisfy the proposition oracle for every baseline campaign.	REQUIRED	generic CP/M 2.2 baseline
OR-0288	1.0.0	0288	positive predicate	Enumerate before and after wildcard deletion.	Observed behavior must satisfy the proposition oracle for every baseline campaign.	REQUIRED	generic CP/M 2.2 baseline
OR-0289	1.0.0	0289	positive predicate	Treat all four as success, not a deletion count.	Observed behavior must satisfy the proposition oracle for every baseline campaign.	REQUIRED	generic CP/M 2.2 baseline
OR-0290	1.0.0	0290	positive predicate	Delete a known absent identity.	Observed behavior must satisfy the proposition oracle for every baseline campaign.	REQUIRED	generic CP/M 2.2 baseline
OR-0291	1.0.0	0291	positive predicate	Search First immediately after Delete.	Observed behavior must satisfy the proposition oracle for every baseline campaign.	REQUIRED	generic CP/M 2.2 baseline
OR-0292	1.0.0	0292	positive predicate	Delete then create/write on constrained media.	Observed behavior must satisfy the proposition oracle for every baseline campaign.	REQUIRED	generic CP/M 2.2 baseline
OR-0293	1.0.0	0293	permitted variation	Test available capacity, not exact block numbers.	The candidate passes when it does not claim the incidental behavior as a portable guarantee and remains within any explicitly stated accepted set.	NOT GUARANTEED	generic CP/M 2.2 baseline
OR-0294	1.0.0	0294	positive predicate	Delete B while Function 25 remains A.	Observed behavior must satisfy the proposition oracle for every baseline campaign.	REQUIRED	generic CP/M 2.2 baseline
OR-0295	1.0.0	0295	positive predicate	Compare identical target names in different users.	Observed behavior must satisfy the proposition oracle for every baseline campaign.	REQUIRED	generic CP/M 2.2 baseline
OR-0296	1.0.0	0296	permitted variation	Applications shall close files before deleting them.	The candidate passes when it does not claim the incidental behavior as a portable guarantee and remains within any explicitly stated accepted set.	NOT GUARANTEED	generic CP/M 2.2 baseline
OR-0297	1.0.0	0297	anti-requirement	Test absence and reusable capacity.	The framework must not require equality with this behavior; testing may only verify that no baseline assertion depends on it.	OUTSIDE SCOPE	generic CP/M 2.2 compatibility claim
OR-0298	1.0.0	0298	positive predicate	Rename a controlled file.	Observed behavior must satisfy the proposition oracle for every baseline campaign.	REQUIRED	generic CP/M 2.2 baseline
OR-0299	1.0.0	0299	positive predicate	Use distinct exact names.	Observed behavior must satisfy the proposition oracle for every baseline campaign.	REQUIRED	generic CP/M 2.2 baseline
OR-0300	1.0.0	0300	positive predicate	Perform an explicit B-drive rename.	Observed behavior must satisfy the proposition oracle for every baseline campaign.	REQUIRED	generic CP/M 2.2 baseline
OR-0301	1.0.0	0301	positive predicate	Rename a multi-extent file and reopen all data.	Observed behavior must satisfy the proposition oracle for every baseline campaign.	REQUIRED	generic CP/M 2.2 baseline
OR-0302	1.0.0	0302	positive predicate	Accept any documented slot code.	Observed behavior must satisfy the proposition oracle for every baseline campaign.	REQUIRED	generic CP/M 2.2 baseline
OR-0303	1.0.0	0303	positive predicate	Rename a known absent source.	Observed behavior must satisfy the proposition oracle for every baseline campaign.	REQUIRED	generic CP/M 2.2 baseline
OR-0304	1.0.0	0304	positive predicate	Search/open both names.	Observed behavior must satisfy the proposition oracle for every baseline campaign.	REQUIRED	generic CP/M 2.2 baseline
OR-0305	1.0.0	0305	positive predicate	Compare directory fields and read markers.	Observed behavior must satisfy the proposition oracle for every baseline campaign.	REQUIRED	generic CP/M 2.2 baseline
OR-0306	1.0.0	0306	positive predicate	Search under current and other users.	Observed behavior must satisfy the proposition oracle for every baseline campaign.	REQUIRED	generic CP/M 2.2 baseline
OR-0307	1.0.0	0307	positive predicate	Rename B while A remains default.	Observed behavior must satisfy the proposition oracle for every baseline campaign.	REQUIRED	generic CP/M 2.2 baseline
OR-0308	1.0.0	0308	permitted variation	Compatible applications ensure destination absence.	The candidate passes when it does not claim the incidental behavior as a portable guarantee and remains within any explicitly stated accepted set.	NOT GUARANTEED	generic CP/M 2.2 baseline
OR-0309	1.0.0	0309	anti-requirement	Certification rejects any claim that generic CP/M promises wildcard Rename; ordinary unambiguous Rename remains required.	The framework must not require equality with this behavior; testing may only verify that no baseline assertion depends on it.	OUTSIDE SCOPE	OUTSIDE SCOPE for BetterCP/M CP/M compatibility claims. Generic compatibility and the profiles selected by Investigation 070 do not promise this behavior.
OR-0310	1.0.0	0310	permitted variation	Applications close before rename and reopen afterward.	The candidate passes when it does not claim the incidental behavior as a portable guarantee and remains within any explicitly stated accepted set.	NOT GUARANTEED	generic CP/M 2.2 baseline
OR-0311	1.0.0	0311	permitted variation	Programs use search, not slot identity.	The candidate passes when it does not claim the incidental behavior as a portable guarantee and remains within any explicitly stated accepted set.	NOT GUARANTEED	generic CP/M 2.2 baseline
OR-0312	1.0.0	0312	anti-requirement	Do not impose CP/M Plus fields.	The framework must not require equality with this behavior; testing may only verify that no baseline assertion depends on it.	OUTSIDE SCOPE	generic CP/M 2.2 compatibility claim
OR-0313	1.0.0	0313	anti-requirement	Inspect public directory/data only.	The framework must not require equality with this behavior; testing may only verify that no baseline assertion depends on it.	OUTSIDE SCOPE	generic CP/M 2.2 compatibility claim
OR-0314	1.0.0	0314	profile-gated positive	Profile fault-injects directory operations and checks common operator/recovery behavior.	Observed behavior must satisfy the proposition oracle under the selected named profile.	PROFILE REQUIRED	the Interactive CP/M disk-error profile
OR-0315	1.0.0	0315	permitted variation	Compatible callers use documented encodings.	The candidate passes when it does not claim the incidental behavior as a portable guarantee and remains within any explicitly stated accepted set.	NOT GUARANTEED	generic CP/M 2.2 baseline
OR-0316	1.0.0	0316	anti-requirement	Validate enumeration and capacity, not compaction.	The framework must not require equality with this behavior; testing may only verify that no baseline assertion depends on it.	OUTSIDE SCOPE	generic CP/M 2.2 compatibility claim
OR-0317	1.0.0	0317	positive predicate	Inspect FCB bytes 33-35 as r0-r2.	Observed behavior must satisfy the proposition oracle for every baseline campaign.	REQUIRED	generic CP/M 2.2 baseline
OR-0318	1.0.0	0318	positive predicate	Verify little-endian encoding across r0-r2.	Observed behavior must satisfy the proposition oracle for every baseline campaign.	REQUIRED	generic CP/M 2.2 baseline
OR-0319	1.0.0	0319	positive predicate	Exercise records 0 and 65535 and reject nonzero r2.	Observed behavior must satisfy the proposition oracle for every baseline campaign.	REQUIRED	generic CP/M 2.2 baseline
OR-0320	1.0.0	0320	positive predicate	Compare random fields with sequential working fields across I/O.	Observed behavior must satisfy the proposition oracle for every baseline campaign.	REQUIRED	generic CP/M 2.2 baseline
OR-0321	1.0.0	0321	positive predicate	Invoke Function 36 with C=24h and DE=FCB.	Observed behavior must satisfy the proposition oracle for every baseline campaign.	REQUIRED	generic CP/M 2.2 baseline
OR-0322	1.0.0	0322	positive predicate	Set EX/S2/CR and verify the computed r0-r2 value.	Observed behavior must satisfy the proposition oracle for every baseline campaign.	REQUIRED	generic CP/M 2.2 baseline
OR-0323	1.0.0	0323	positive predicate	Compare CR=128 with the following extent at CR=0.	Observed behavior must satisfy the proposition oracle for every baseline campaign.	REQUIRED	generic CP/M 2.2 baseline
OR-0324	1.0.0	0324	positive predicate	Verify only FCB random-position state changes.	Observed behavior must satisfy the proposition oracle for every baseline campaign.	REQUIRED	generic CP/M 2.2 baseline
OR-0325	1.0.0	0325	permitted variation	Do not depend on A after Function 36.	The candidate passes when it does not claim the incidental behavior as a portable guarantee and remains within any explicitly stated accepted set.	NOT GUARANTEED	generic CP/M 2.2 baseline
OR-0326	1.0.0	0326	positive predicate	Invoke Function 33 with C=21h and an activated FCB.	Observed behavior must satisfy the proposition oracle for every baseline campaign.	REQUIRED	generic CP/M 2.2 baseline
OR-0327	1.0.0	0327	positive predicate	Read a known record and compare all 128 DMA bytes.	Observed behavior must satisfy the proposition oracle for every baseline campaign.	REQUIRED	generic CP/M 2.2 baseline
OR-0328	1.0.0	0328	positive predicate	Verify A=00 on a successful random read.	Observed behavior must satisfy the proposition oracle for every baseline campaign.	REQUIRED	generic CP/M 2.2 baseline
OR-0329	1.0.0	0329	positive predicate	Address a known random record and inspect EX/S2/CR afterward.	Observed behavior must satisfy the proposition oracle for every baseline campaign.	REQUIRED	generic CP/M 2.2 baseline
OR-0330	1.0.0	0330	positive predicate	Verify r0-r2 are unchanged after random read.	Observed behavior must satisfy the proposition oracle for every baseline campaign.	REQUIRED	generic CP/M 2.2 baseline
OR-0331	1.0.0	0331	positive predicate	Read EOF/unallocated data and require nonzero failure.	Observed behavior must satisfy the proposition oracle for every baseline campaign.	REQUIRED	generic CP/M 2.2 baseline
OR-0332	1.0.0	0332	positive predicate	Read a missing extent and verify code 04 in strict compatibility mode.	Observed behavior must satisfy the proposition oracle for every baseline campaign.	REQUIRED	generic CP/M 2.2 baseline
OR-0333	1.0.0	0333	positive predicate	Set r2 nonzero for Functions 33/34 and verify code 06.	Observed behavior must satisfy the proposition oracle for every baseline campaign.	REQUIRED	generic CP/M 2.2 baseline
OR-0334	1.0.0	0334	permitted variation	Do not consume DMA as new data after failed random read.	The candidate passes when it does not claim the incidental behavior as a portable guarantee and remains within any explicitly stated accepted set.	NOT GUARANTEED	generic CP/M 2.2 baseline
OR-0335	1.0.0	0335	positive predicate	Invoke Function 34 with C=22h and an activated FCB.	Observed behavior must satisfy the proposition oracle for every baseline campaign.	REQUIRED	generic CP/M 2.2 baseline
OR-0336	1.0.0	0336	positive predicate	Write a marker record and compare all 128 stored bytes.	Observed behavior must satisfy the proposition oracle for every baseline campaign.	REQUIRED	generic CP/M 2.2 baseline
OR-0337	1.0.0	0337	positive predicate	Verify A=00 on a successful random write.	Observed behavior must satisfy the proposition oracle for every baseline campaign.	REQUIRED	generic CP/M 2.2 baseline
OR-0338	1.0.0	0338	positive predicate	Write into missing allocation and verify readable persistence after Close.	Observed behavior must satisfy the proposition oracle for every baseline campaign.	REQUIRED	generic CP/M 2.2 baseline
OR-0339	1.0.0	0339	positive predicate	Write beyond EOF and verify intervening records remain unwritten.	Observed behavior must satisfy the proposition oracle for every baseline campaign.	REQUIRED	generic CP/M 2.2 baseline
OR-0340	1.0.0	0340	positive predicate	Write record N beyond EOF, Close, and verify size is at least N+1.	Observed behavior must satisfy the proposition oracle for every baseline campaign.	REQUIRED	generic CP/M 2.2 baseline
OR-0341	1.0.0	0341	positive predicate	Inspect EX/S2/CR/RC after a controlled random write.	Observed behavior must satisfy the proposition oracle for every baseline campaign.	REQUIRED	generic CP/M 2.2 baseline
OR-0342	1.0.0	0342	positive predicate	Verify r0-r2 are unchanged after random write.	Observed behavior must satisfy the proposition oracle for every baseline campaign.	REQUIRED	generic CP/M 2.2 baseline
OR-0343	1.0.0	0343	positive predicate	Write an extent-final record and verify no automatic random-position advance.	Observed behavior must satisfy the proposition oracle for every baseline campaign.	REQUIRED	generic CP/M 2.2 baseline
OR-0344	1.0.0	0344	positive predicate	Close after random write and verify final metadata persists.	Observed behavior must satisfy the proposition oracle for every baseline campaign.	REQUIRED	generic CP/M 2.2 baseline
OR-0345	1.0.0	0345	positive predicate	Exhaust directory extent creation and verify code 05.	Observed behavior must satisfy the proposition oracle for every baseline campaign.	REQUIRED	generic CP/M 2.2 baseline
OR-0346	1.0.0	0346	positive predicate	Exhaust blocks during random write and require 02h.	Observed behavior must satisfy the proposition oracle for every baseline campaign.	REQUIRED	generic CP/M 2.2 baseline
OR-0347	1.0.0	0347	positive predicate	Invoke Function 35 with C=23h and an unambiguous filename FCB.	Observed behavior must satisfy the proposition oracle for every baseline campaign.	REQUIRED	generic CP/M 2.2 baseline
OR-0348	1.0.0	0348	positive predicate	Compute size and inspect r0-r2.	Observed behavior must satisfy the proposition oracle for every baseline campaign.	REQUIRED	generic CP/M 2.2 baseline
OR-0349	1.0.0	0349	positive predicate	Compare returned value with the file’s 128-byte record count.	Observed behavior must satisfy the proposition oracle for every baseline campaign.	REQUIRED	generic CP/M 2.2 baseline
OR-0350	1.0.0	0350	positive predicate	Create a 65536-record virtual size and verify 00 00 01.	Observed behavior must satisfy the proposition oracle for every baseline campaign.	REQUIRED	generic CP/M 2.2 baseline
OR-0351	1.0.0	0351	positive predicate	Create a sparse file and verify highest written record plus one.	Observed behavior must satisfy the proposition oracle for every baseline campaign.	REQUIRED	generic CP/M 2.2 baseline
OR-0352	1.0.0	0352	permitted variation	Do not depend on A after Function 35.	The candidate passes when it does not claim the incidental behavior as a portable guarantee and remains within any explicitly stated accepted set.	NOT GUARANTEED	generic CP/M 2.2 baseline
OR-0353	1.0.0	0353	anti-requirement	Test public random-I/O behavior, not DRI private machinery.	The framework must not require equality with this behavior; testing may only verify that no baseline assertion depends on it.	OUTSIDE SCOPE	generic CP/M 2.2 compatibility claim
OR-0354	1.0.0	0354	profile-gated positive	Profile injects random read/write faults separately from logical random codes.	Observed behavior must satisfy the proposition oracle under the selected named profile.	PROFILE REQUIRED	the Interactive CP/M disk-error profile
OR-0355	1.0.0	0355	anti-requirement	Compare sparse virtual size with actual allocated capacity.	The framework must not require equality with this behavior; testing may only verify that no baseline assertion depends on it.	OUTSIDE SCOPE	generic CP/M 2.2 compatibility claim
OR-0356	1.0.0	0356	positive predicate	Inspect byte 9 bit 7 in controlled FCB and directory entries.	Observed behavior must satisfy the proposition oracle for every baseline campaign.	REQUIRED	generic CP/M 2.2 baseline
OR-0357	1.0.0	0357	positive predicate	Inspect byte 10 bit 7 in controlled FCB and directory entries.	Observed behavior must satisfy the proposition oracle for every baseline campaign.	REQUIRED	generic CP/M 2.2 baseline
OR-0358	1.0.0	0358	positive predicate	Set attribute bits and verify the low seven type-character bits remain intact.	Observed behavior must satisfy the proposition oracle for every baseline campaign.	REQUIRED	generic CP/M 2.2 baseline
OR-0359	1.0.0	0359	permitted variation	Do not depend on byte 11 bit 7 for an application-defined CP/M 2.2 meaning.	The candidate passes when it does not claim the incidental behavior as a portable guarantee and remains within any explicitly stated accepted set.	NOT GUARANTEED	generic CP/M 2.2 baseline
OR-0360	1.0.0	0360	positive predicate	Invoke Function 30 with C=1Eh and DE addressing an unambiguous FCB.	Observed behavior must satisfy the proposition oracle for every baseline campaign.	REQUIRED	generic CP/M 2.2 baseline
OR-0361	1.0.0	0361	positive predicate	Set and clear t1’/t2’ and verify the requested indicators persist.	Observed behavior must satisfy the proposition oracle for every baseline campaign.	REQUIRED	generic CP/M 2.2 baseline
OR-0362	1.0.0	0362	positive predicate	Apply Function 30 to a multi-extent file and verify every extent changes.	Observed behavior must satisfy the proposition oracle for every baseline campaign.	REQUIRED	generic CP/M 2.2 baseline
OR-0363	1.0.0	0363	positive predicate	Change attributes on existing files occupying slots 0-3 and verify A=00-03.	Observed behavior must satisfy the proposition oracle for every baseline campaign.	REQUIRED	generic CP/M 2.2 baseline
OR-0364	1.0.0	0364	positive predicate	Apply Function 30 to a missing file and require FFh.	Observed behavior must satisfy the proposition oracle for every baseline campaign.	REQUIRED	generic CP/M 2.2 baseline
OR-0365	1.0.0	0365	permitted variation	Do not require a particular successful 00-03 slot across directory layouts.	The candidate passes when it does not claim the incidental behavior as a portable guarantee and remains within any explicitly stated accepted set.	NOT GUARANTEED	generic CP/M 2.2 baseline
OR-0366	1.0.0	0366	positive predicate	Open an attributed file and verify its indicator bits appear in the activated FCB.	Observed behavior must satisfy the proposition oracle for every baseline campaign.	REQUIRED	generic CP/M 2.2 baseline
OR-0367	1.0.0	0367	positive predicate	Make a file with supplied t1’/t2’ bits and verify them in the new entry.	Observed behavior must satisfy the proposition oracle for every baseline campaign.	REQUIRED	generic CP/M 2.2 baseline
OR-0368	1.0.0	0368	positive predicate	Attempt sequential write to a read-only file and verify no mutation occurs.	Observed behavior must satisfy the proposition oracle for every baseline campaign.	REQUIRED	generic CP/M 2.2 baseline
OR-0369	1.0.0	0369	positive predicate	Attempt random write to a read-only file and verify no mutation occurs.	Observed behavior must satisfy the proposition oracle for every baseline campaign.	REQUIRED	generic CP/M 2.2 baseline
OR-0370	1.0.0	0370	positive predicate	Attempt delete of a read-only file and verify no mutation occurs.	Observed behavior must satisfy the proposition oracle for every baseline campaign.	REQUIRED	generic CP/M 2.2 baseline
OR-0371	1.0.0	0371	positive predicate	Attempt rename of a read-only file and verify no mutation occurs.	Observed behavior must satisfy the proposition oracle for every baseline campaign.	REQUIRED	generic CP/M 2.2 baseline
OR-0372	1.0.0	0372	permitted variation	Do not require a normal A result after a protected mutation.	The candidate passes when it does not claim the incidental behavior as a portable guarantee and remains within any explicitly stated accepted set.	NOT GUARANTEED	generic CP/M 2.2 baseline
OR-0373	1.0.0	0373	positive predicate	Invoke Function 28 with C=1Ch and verify the current disk becomes protected.	Observed behavior must satisfy the proposition oracle for every baseline campaign.	REQUIRED	generic CP/M 2.2 baseline
OR-0374	1.0.0	0374	positive predicate	Compare disk image state before and after Function 28 and require no attribute change.	Observed behavior must satisfy the proposition oracle for every baseline campaign.	REQUIRED	generic CP/M 2.2 baseline
OR-0375	1.0.0	0375	positive predicate	Invoke Function 29 with C=1Dh and inspect the returned HL vector.	Observed behavior must satisfy the proposition oracle for every baseline campaign.	REQUIRED	generic CP/M 2.2 baseline
OR-0376	1.0.0	0376	positive predicate	Protect controlled drives and verify A-P map to vector bits 0-15.	Observed behavior must satisfy the proposition oracle for every baseline campaign.	REQUIRED	generic CP/M 2.2 baseline
OR-0377	1.0.0	0377	positive predicate	Protect the current drive and verify its Function 29 vector bit is set.	Observed behavior must satisfy the proposition oracle for every baseline campaign.	REQUIRED	generic CP/M 2.2 baseline
OR-0378	1.0.0	0378	positive predicate	Set software protection, call Function 13, and verify the vector is cleared.	Observed behavior must satisfy the proposition oracle for every baseline campaign.	REQUIRED	generic CP/M 2.2 baseline
OR-0379	1.0.0	0379	positive predicate	Protect a disk, attempt Make, and verify no mutation occurs.	Observed behavior must satisfy the proposition oracle for every baseline campaign.	REQUIRED	generic CP/M 2.2 baseline
OR-0380	1.0.0	0380	positive predicate	Protect a disk, attempt sequential write, and verify no mutation occurs.	Observed behavior must satisfy the proposition oracle for every baseline campaign.	REQUIRED	generic CP/M 2.2 baseline
OR-0381	1.0.0	0381	positive predicate	Protect a disk, attempt random write, and verify no mutation occurs.	Observed behavior must satisfy the proposition oracle for every baseline campaign.	REQUIRED	generic CP/M 2.2 baseline
OR-0382	1.0.0	0382	positive predicate	Protect a disk, attempt delete, and verify no mutation occurs.	Observed behavior must satisfy the proposition oracle for every baseline campaign.	REQUIRED	generic CP/M 2.2 baseline
OR-0383	1.0.0	0383	positive predicate	Protect a disk, attempt rename, and verify no mutation occurs.	Observed behavior must satisfy the proposition oracle for every baseline campaign.	REQUIRED	generic CP/M 2.2 baseline
OR-0384	1.0.0	0384	positive predicate	Compare pre/post images for rejected protected operations and require no mutation.	Observed behavior must satisfy the proposition oracle for every baseline campaign.	REQUIRED	generic CP/M 2.2 baseline
OR-0385	1.0.0	0385	profile-gated positive	Profile verifies nonreturn, response handling, restart, and subsequent usable service.	Observed behavior must satisfy the proposition oracle under the selected named profile.	PROFILE REQUIRED	the Interactive DRI protection-error profile
OR-0386	1.0.0	0386	anti-requirement	Test public protection behavior without requiring DRI private handler machinery.	The framework must not require equality with this behavior; testing may only verify that no baseline assertion depends on it.	OUTSIDE SCOPE	generic CP/M 2.2 compatibility claim
OR-0387	1.0.0	0387	profile-gated positive	Exact capitalization/spacing tests activate only for the diagnostic profile.	Observed behavior must satisfy the proposition oracle under the selected named profile.	PROFILE REQUIRED	the DRI diagnostic-presentation profile
OR-0388	1.0.0	0388	permitted variation	Dirty an FCB before a late read-only attribute change and verify Close behavior separately.	The candidate passes when it does not claim the incidental behavior as a portable guarantee and remains within any explicitly stated accepted set.	NOT GUARANTEED	generic CP/M 2.2 baseline
OR-0389	1.0.0	0389	profile-gated positive	A declared removable-media profile must supply deterministic change detection/protection tests.	Observed behavior must satisfy the proposition oracle under the selected named profile.	PROFILE REQUIRED	the Removable-media/hardware profile
OR-0390	1.0.0	0390	positive predicate	Force BIOS READ success/failure and verify zero/nonzero status at the BIOS boundary.	Observed behavior must satisfy the proposition oracle for every baseline campaign.	REQUIRED	generic CP/M 2.2 baseline
OR-0391	1.0.0	0391	positive predicate	Force BIOS WRITE success/failure and verify zero/nonzero status at the BIOS boundary.	Observed behavior must satisfy the proposition oracle for every baseline campaign.	REQUIRED	generic CP/M 2.2 baseline
OR-0392	1.0.0	0392	positive predicate	Inject recoverable physical errors and verify BIOS retry policy before permanent failure.	Observed behavior must satisfy the proposition oracle for every baseline campaign.	REQUIRED	generic CP/M 2.2 baseline
OR-0393	1.0.0	0393	positive predicate	Compare logical BDOS failures with physical BIOS failures and keep the result namespaces distinct.	Observed behavior must satisfy the proposition oracle for every baseline campaign.	REQUIRED	generic CP/M 2.2 baseline
OR-0394	1.0.0	0394	positive predicate	Force a nonrecoverable disk-I/O failure and verify entry to the Bad Sector operator path.	Observed behavior must satisfy the proposition oracle for every baseline campaign.	REQUIRED	generic CP/M 2.2 baseline
OR-0395	1.0.0	0395	positive predicate	At Bad Sector presentation, choose ignore and verify continuation of the interrupted BDOS path.	Observed behavior must satisfy the proposition oracle for every baseline campaign.	REQUIRED	generic CP/M 2.2 baseline
OR-0396	1.0.0	0396	positive predicate	At Bad Sector presentation, enter control-C and verify the interrupted operation aborts.	Observed behavior must satisfy the proposition oracle for every baseline campaign.	REQUIRED	generic CP/M 2.2 baseline
OR-0397	1.0.0	0397	positive predicate	Diagnose post-abort restart destination and state pending BetterCP/M policy.	Observed behavior must satisfy the proposition oracle for every baseline campaign.	REQUIRED	generic CP/M 2.2 baseline
OR-0398	1.0.0	0398	permitted variation	Ignore a forced physical failure and do not treat a normal-looking BDOS result as transfer proof.	The candidate passes when it does not claim the incidental behavior as a portable guarantee and remains within any explicitly stated accepted set.	NOT GUARANTEED	generic CP/M 2.2 baseline
OR-0399	1.0.0	0399	permitted variation	Ignore a forced physical read failure and verify DMA is not accepted as valid new data.	The candidate passes when it does not claim the incidental behavior as a portable guarantee and remains within any explicitly stated accepted set.	NOT GUARANTEED	generic CP/M 2.2 baseline
OR-0400	1.0.0	0400	permitted variation	Ignore a forced physical write failure and verify the returned result is not treated as persistence proof.	The candidate passes when it does not claim the incidental behavior as a portable guarantee and remains within any explicitly stated accepted set.	NOT GUARANTEED	generic CP/M 2.2 baseline
OR-0401	1.0.0	0401	permitted variation	Ignore a forced Make directory-write failure and verify the returned directory code is not persistence proof.	The candidate passes when it does not claim the incidental behavior as a portable guarantee and remains within any explicitly stated accepted set.	NOT GUARANTEED	generic CP/M 2.2 baseline
OR-0402	1.0.0	0402	permitted variation	Ignore a forced Close directory-write failure and verify the returned directory code is not persistence proof.	The candidate passes when it does not claim the incidental behavior as a portable guarantee and remains within any explicitly stated accepted set.	NOT GUARANTEED	generic CP/M 2.2 baseline
OR-0403	1.0.0	0403	permitted variation	Do not require failed physical writes to be atomic or leave media wholly unchanged.	The candidate passes when it does not claim the incidental behavior as a portable guarantee and remains within any explicitly stated accepted set.	NOT GUARANTEED	generic CP/M 2.2 baseline
OR-0404	1.0.0	0404	positive predicate	Exercise successful read and logical EOF separately from forced physical read failure.	Observed behavior must satisfy the proposition oracle for every baseline campaign.	REQUIRED	generic CP/M 2.2 baseline
OR-0405	1.0.0	0405	positive predicate	Exercise successful write and disk-full failure separately from forced physical write failure.	Observed behavior must satisfy the proposition oracle for every baseline campaign.	REQUIRED	generic CP/M 2.2 baseline
OR-0406	1.0.0	0406	positive predicate	Exercise codes 01/03/04/06 as logical Function 33 conditions, not controller failures.	Observed behavior must satisfy the proposition oracle for every baseline campaign.	REQUIRED	generic CP/M 2.2 baseline
OR-0407	1.0.0	0407	positive predicate	Exercise Function 34 logical codes including 05 separately from physical write failure.	Observed behavior must satisfy the proposition oracle for every baseline campaign.	REQUIRED	generic CP/M 2.2 baseline
OR-0408	1.0.0	0408	positive predicate	Exercise documented directory results separately from forced physical controller failure.	Observed behavior must satisfy the proposition oracle for every baseline campaign.	REQUIRED	generic CP/M 2.2 baseline
OR-0409	1.0.0	0409	anti-requirement	Test public permanent-error behavior without requiring DRI private handler internals.	The framework must not require equality with this behavior; testing may only verify that no baseline assertion depends on it.	OUTSIDE SCOPE	generic CP/M 2.2 compatibility claim
OR-0410	1.0.0	0410	anti-requirement	Do not require z80pack controller values or the investigation-only fault-injection port.	The framework must not require equality with this behavior; testing may only verify that no baseline assertion depends on it.	OUTSIDE SCOPE	generic CP/M 2.2 compatibility claim
OR-0411	1.0.0	0411	profile-gated positive	Profile performs byte-exact comparison; baseline checks semantic operator path.	Observed behavior must satisfy the proposition oracle under the selected named profile.	PROFILE REQUIRED	the DRI diagnostic-presentation profile
OR-0412	1.0.0	0412	permitted variation	Require CR ignore and Ctrl-C abort; do not certify other key acceptance.	The candidate passes when it does not claim the incidental behavior as a portable guarantee and remains within any explicitly stated accepted set.	NOT GUARANTEED	generic CP/M 2.2 baseline
OR-0413	1.0.0	0413	optional-feature isolation	Extension tests must prove opt-in isolation and unchanged baseline/profile behavior.	The case is NOT APPLICABLE unless the optional feature is claimed; when claimed, its declared behavior must be verified without changing baseline semantics.	OPTIONAL	the Headless/structured-error extension. Generic BetterCP/M CP/M 2.2 compatibility does not require this feature
OR-0414	1.0.0	0414	positive predicate	Invoke Function 12 and verify HL=0022h.	Observed behavior must satisfy the proposition oracle for every baseline campaign.	REQUIRED	generic CP/M 2.2 baseline
OR-0415	1.0.0	0415	positive predicate	Query controlled user selections and verify A contains the current user number.	Observed behavior must satisfy the proposition oracle for every baseline campaign.	REQUIRED	generic CP/M 2.2 baseline
OR-0416	1.0.0	0416	positive predicate	Select representative E values and verify the resulting current user number modulo 32.	Observed behavior must satisfy the proposition oracle for every baseline campaign.	REQUIRED	generic CP/M 2.2 baseline
OR-0417	1.0.0	0417	permitted variation	Do not require a particular return value from the set form of Function 32.	The candidate passes when it does not claim the incidental behavior as a portable guarantee and remains within any explicitly stated accepted set.	NOT GUARANTEED	generic CP/M 2.2 baseline
OR-0418	1.0.0	0418	positive predicate	Protect the current DMA buffer with sentinels across each console function and verify it remains unchanged.	Observed behavior must satisfy the proposition oracle for every baseline campaign.	REQUIRED	generic CP/M 2.2 baseline
OR-0419	1.0.0	0419	positive predicate	Select an alternate DMA address, invoke console and identity calls, then verify a disk transfer still uses that address.	Observed behavior must satisfy the proposition oracle for every baseline campaign.	REQUIRED	generic CP/M 2.2 baseline
OR-0420	1.0.0	0420	positive predicate	Set DMA separately from the Function-10 DE buffer and verify input is stored only through the supplied DE buffer.	Observed behavior must satisfy the proposition oracle for every baseline campaign.	REQUIRED	generic CP/M 2.2 baseline
OR-0421	1.0.0	0421	anti-requirement	Test externally visible input and status behavior without requiring DRI private storage or BIOS-call sequencing.	The framework must not require equality with this behavior; testing may only verify that no baseline assertion depends on it.	OUTSIDE SCOPE	generic CP/M 2.2 compatibility claim
OR-0422	1.0.0	0422	anti-requirement	Do not require DRI’s undocumented E=FEh behavior.	The framework must not require equality with this behavior; testing may only verify that no baseline assertion depends on it.	OUTSIDE SCOPE	generic CP/M 2.2 compatibility claim
OR-0423	1.0.0	0423	anti-requirement	BetterCP/M compatibility tests must not require Function 34 to perform Compute File Size semantics.	The framework must not require equality with this behavior; testing may only verify that no baseline assertion depends on it.	OUTSIDE SCOPE	generic CP/M 2.2 compatibility claim
OR-0424	1.0.0	0424	positive predicate	Select disks with different known allocation state and verify HL addresses an ALV describing the selected disk.	Observed behavior must satisfy the proposition oracle for every baseline campaign.	REQUIRED	generic CP/M 2.2 baseline
OR-0425	1.0.0	0425	positive predicate	Derive length from DPB DSM and compare bits with controlled files.	Observed behavior must satisfy the proposition oracle for every baseline campaign.	REQUIRED	generic CP/M 2.2 baseline
OR-0426	1.0.0	0426	positive predicate	Verify the leading reserved block bits on a controlled empty disk.	Observed behavior must satisfy the proposition oracle for every baseline campaign.	REQUIRED	generic CP/M 2.2 baseline
OR-0427	1.0.0	0427	positive predicate	Compare ALV around a controlled one-record file lifecycle.	Observed behavior must satisfy the proposition oracle for every baseline campaign.	REQUIRED	generic CP/M 2.2 baseline
OR-0428	1.0.0	0428	permitted variation	Do not require DRI addresses or stale-pointer behavior.	The candidate passes when it does not claim the incidental behavior as a portable guarantee and remains within any explicitly stated accepted set.	NOT GUARANTEED	generic CP/M 2.2 baseline
OR-0429	1.0.0	0429	permitted variation	Programs must not require arbitrary ALV writes to control BDOS.	The candidate passes when it does not claim the incidental behavior as a portable guarantee and remains within any explicitly stated accepted set.	NOT GUARANTEED	generic CP/M 2.2 baseline
OR-0430	1.0.0	0430	permitted variation	Do not require current ALV accuracy after Function 28.	The candidate passes when it does not claim the incidental behavior as a portable guarantee and remains within any explicitly stated accepted set.	NOT GUARANTEED	generic CP/M 2.2 baseline
OR-0431	1.0.0	0431	positive predicate	Decode all fields from at least two configured drives.	Observed behavior must satisfy the proposition oracle for every baseline campaign.	REQUIRED	generic CP/M 2.2 baseline
OR-0432	1.0.0	0432	positive predicate	Accept shared or distinct pointers while validating each geometry.	Observed behavior must satisfy the proposition oracle for every baseline campaign.	REQUIRED	generic CP/M 2.2 baseline
OR-0433	1.0.0	0433	positive predicate	Temporarily change a safe DPB field, re-query/read, then restore.	Observed behavior must satisfy the proposition oracle for every baseline campaign.	REQUIRED	generic CP/M 2.2 baseline
OR-0434	1.0.0	0434	permitted variation	Do not compare against fixed addresses or require stale pointers.	The candidate passes when it does not claim the incidental behavior as a portable guarantee and remains within any explicitly stated accepted set.	NOT GUARANTEED	generic CP/M 2.2 baseline
OR-0435	1.0.0	0435	optional-feature isolation	If selected, activate the full state-effect suite; otherwise return/out-of-range policy remains as declared.	The case is NOT APPLICABLE unless the optional feature is claimed; when claimed, its declared behavior must be verified without changing baseline semantics.	OPTIONAL	the Undocumented Function-37 compatibility profile. Generic BetterCP/M CP/M 2.2 compatibility does not require this feature
OR-0436	1.0.0	0436	positive predicate	Supply a controlled READER byte and verify A and one call.	Observed behavior must satisfy the proposition oracle for every baseline campaign.	REQUIRED	generic CP/M 2.2 baseline
OR-0437	1.0.0	0437	permitted variation	Accept blocking physical input or documented absent-device EOF.	The candidate passes when it does not claim the incidental behavior as a portable guarantee and remains within any explicitly stated accepted set.	NOT GUARANTEED	generic CP/M 2.2 baseline
OR-0438	1.0.0	0438	positive predicate	Retain console input, call Reader, then recover console input.	Observed behavior must satisfy the proposition oracle for every baseline campaign.	REQUIRED	generic CP/M 2.2 baseline
OR-0439	1.0.0	0439	positive predicate	Capture graphic and control bytes at BIOS PUNCH.	Observed behavior must satisfy the proposition oracle for every baseline campaign.	REQUIRED	generic CP/M 2.2 baseline
OR-0440	1.0.0	0440	positive predicate	Capture TAB/Ctrl-P and verify later Function 2 state.	Observed behavior must satisfy the proposition oracle for every baseline campaign.	REQUIRED	generic CP/M 2.2 baseline
OR-0441	1.0.0	0441	permitted variation	Do not require A/HL beyond general normal-return aliases.	The candidate passes when it does not claim the incidental behavior as a portable guarantee and remains within any explicitly stated accepted set.	NOT GUARANTEED	generic CP/M 2.2 baseline
OR-0442	1.0.0	0442	positive predicate	Compare Function 7 with direct 0003h reads.	Observed behavior must satisfy the proposition oracle for every baseline campaign.	REQUIRED	generic CP/M 2.2 baseline
OR-0443	1.0.0	0443	positive predicate	Round-trip several full-byte patterns including A5h.	Observed behavior must satisfy the proposition oracle for every baseline campaign.	REQUIRED	generic CP/M 2.2 baseline
OR-0444	1.0.0	0444	positive predicate	Exercise all implemented logical-to-physical assignments.	Observed behavior must satisfy the proposition oracle for every baseline campaign.	REQUIRED	generic CP/M 2.2 baseline
OR-0445	1.0.0	0445	positive predicate	Observe fixed logical dispatch under multiple IOBYTE values.	Observed behavior must satisfy the proposition oracle for every baseline campaign.	REQUIRED	generic CP/M 2.2 baseline
OR-0446	1.0.0	0446	profile-gated positive	Profile declares inert or active mapping and tests every selected logical-to-physical route.	Observed behavior must satisfy the proposition oracle under the selected named profile.	PROFILE REQUIRED	the IOBYTE logical-device profile
OR-0447	1.0.0	0447	permitted variation	Do not require device-open/reset side effects or result.	The candidate passes when it does not claim the incidental behavior as a portable guarantee and remains within any explicitly stated accepted set.	NOT GUARANTEED	generic CP/M 2.2 baseline
OR-0448	1.0.0	0448	positive predicate	Preserve default/alternate DMA sentinels across all calls.	Observed behavior must satisfy the proposition oracle for every baseline campaign.	REQUIRED	generic CP/M 2.2 baseline
OR-0449	1.0.0	0449	positive predicate	Vary each setup value independently.	Observed behavior must satisfy the proposition oracle for every baseline campaign.	REQUIRED	generic CP/M 2.2 baseline
OR-0450	1.0.0	0450	positive predicate	Test configured and absent drives and deferred I/O.	Observed behavior must satisfy the proposition oracle for every baseline campaign.	REQUIRED	generic CP/M 2.2 baseline
OR-0451	1.0.0	0451	positive predicate	Validate pointers and per-drive/shared objects without fixed addresses.	Observed behavior must satisfy the proposition oracle for every baseline campaign.	REQUIRED	generic CP/M 2.2 baseline
OR-0452	1.0.0	0452	permitted variation	Prohibit fixed-address/private-workspace dependencies.	The candidate passes when it does not claim the incidental behavior as a portable guarantee and remains within any explicitly stated accepted set.	NOT GUARANTEED	generic CP/M 2.2 baseline
OR-0453	1.0.0	0453	positive predicate	Trace boundary tracks with nonzero OFF.	Observed behavior must satisfy the proposition oracle for every baseline campaign.	REQUIRED	generic CP/M 2.2 baseline
OR-0454	1.0.0	0454	positive predicate	Test with controlled nonidentity XLT.	Observed behavior must satisfy the proposition oracle for every baseline campaign.	REQUIRED	generic CP/M 2.2 baseline
OR-0455	1.0.0	0455	permitted variation	Accept table or algorithm with identical results.	The candidate passes when it does not claim the incidental behavior as a portable guarantee and remains within any explicitly stated accepted set.	NOT GUARANTEED	generic CP/M 2.2 baseline
OR-0456	1.0.0	0456	positive predicate	Trace application and directory buffers.	Observed behavior must satisfy the proposition oracle for every baseline campaign.	REQUIRED	generic CP/M 2.2 baseline
OR-0457	1.0.0	0457	positive predicate	Test successful and fault-injected transfers.	Observed behavior must satisfy the proposition oracle for every baseline campaign.	REQUIRED	generic CP/M 2.2 baseline
OR-0458	1.0.0	0458	positive predicate	Verify controlled lifecycle produces all.	Observed behavior must satisfy the proposition oracle for every baseline campaign.	REQUIRED	generic CP/M 2.2 baseline
OR-0459	1.0.0	0459	anti-requirement	Run the same BDOS tests over distinct physical mappings.	The framework must not require equality with this behavior; testing may only verify that no baseline assertion depends on it.	OUTSIDE SCOPE	generic CP/M 2.2 compatibility claim
OR-0460	1.0.0	0460	permitted variation	Do not require nested setup preservation.	The candidate passes when it does not claim the incidental behavior as a portable guarantee and remains within any explicitly stated accepted set.	NOT GUARANTEED	generic CP/M 2.2 baseline
OR-0461	1.0.0	0461	positive predicate	Locate the configured BIOS and verify opcodes, spacing, count, and order independently.	Observed behavior must satisfy the proposition oracle for every baseline campaign.	REQUIRED	generic CP/M 2.2 baseline
OR-0462	1.0.0	0462	permitted variation	Run the same vector test at distinct configured memory sizes without fixed numeric addresses.	The candidate passes when it does not claim the incidental behavior as a portable guarantee and remains within any explicitly stated accepted set.	NOT GUARANTEED	generic CP/M 2.2 baseline
OR-0463	1.0.0	0463	positive predicate	Derive the base only from page zero and successfully identify all entries.	Observed behavior must satisfy the proposition oracle for every baseline campaign.	REQUIRED	generic CP/M 2.2 baseline
OR-0464	1.0.0	0464	positive predicate	Cold-start a configured image and validate public state at CCP entry.	Observed behavior must satisfy the proposition oracle for every baseline campaign.	REQUIRED	generic CP/M 2.2 baseline
OR-0465	1.0.0	0465	positive predicate	Invoke programmed warm restart and verify CCP resumes with documented public state.	Observed behavior must satisfy the proposition oracle for every baseline campaign.	REQUIRED	generic CP/M 2.2 baseline
OR-0466	1.0.0	0466	positive predicate	Damage only the two gateway opcodes, invoke saved WBOOT, and verify both valid gateways at the next transient entry.	Observed behavior must satisfy the proposition oracle for every baseline campaign.	REQUIRED	generic CP/M 2.2 baseline
OR-0467	1.0.0	0467	anti-requirement	Accept distinct boot implementations that produce the same documented public state.	The framework must not require equality with this behavior; testing may only verify that no baseline assertion depends on it.	OUTSIDE SCOPE	generic CP/M 2.2 compatibility claim
OR-0468	1.0.0	0468	positive predicate	Queue one character, poll before/after, and recover that same character through CONIN.	Observed behavior must satisfy the proposition oracle for every baseline campaign.	REQUIRED	generic CP/M 2.2 baseline
OR-0469	1.0.0	0469	positive predicate	Supply controlled input and separately observe A and absence of BIOS-imposed BDOS transformations.	Observed behavior must satisfy the proposition oracle for every baseline campaign.	REQUIRED	generic CP/M 2.2 baseline
OR-0470	1.0.0	0470	positive predicate	Call each vector with graphic/control bytes and capture the C byte at the logical boundary.	Observed behavior must satisfy the proposition oracle for every baseline campaign.	REQUIRED	generic CP/M 2.2 baseline
OR-0471	1.0.0	0471	positive predicate	Test normal input and configured absent-device EOF independently.	Observed behavior must satisfy the proposition oracle for every baseline campaign.	REQUIRED	generic CP/M 2.2 baseline
OR-0472	1.0.0	0472	profile-gated positive	Profile defines ready/not-ready encodings and tests both states; generic callers cannot assume one exact nonzero.	Observed behavior must satisfy the proposition oracle under the selected named profile.	PROFILE REQUIRED	the BIOS/list-device profile
OR-0473	1.0.0	0473	positive predicate	Compare direct and BDOS-mediated controlled character operations.	Observed behavior must satisfy the proposition oracle for every baseline campaign.	REQUIRED	generic CP/M 2.2 baseline
OR-0474	1.0.0	0474	permitted variation	Applications rely only on documented inputs/outputs and make no nested-context assumption.	The candidate passes when it does not claim the incidental behavior as a portable guarantee and remains within any explicitly stated accepted set.	NOT GUARANTEED	generic CP/M 2.2 baseline
OR-0475	1.0.0	0475	positive predicate	Switch drives and verify the semantic prompt changes accordingly.	Observed behavior must satisfy the proposition oracle for every baseline campaign.	REQUIRED	generic CP/M 2.2 baseline
OR-0476	1.0.0	0476	permitted variation	Baseline uses semantic recognition, never byte-exact prompt decoration.	The candidate passes when it does not claim the incidental behavior as a portable guarantee and remains within any explicitly stated accepted set.	NOT GUARANTEED	generic CP/M 2.2 baseline
OR-0477	1.0.0	0477	positive predicate	Queue edited input and verify dispatch occurs only after CR.	Observed behavior must satisfy the proposition oracle for every baseline campaign.	REQUIRED	generic CP/M 2.2 baseline
OR-0478	1.0.0	0478	profile-gated positive	Profile tests the 127-byte boundary and rejection; baseline publishes its supported documented capacity.	Observed behavior must satisfy the proposition oracle under the selected named profile.	PROFILE REQUIRED	the Strict DRI CCP profile
OR-0479	1.0.0	0479	positive predicate	Test CR, one SPACE, and multiple SPACEs independently.	Observed behavior must satisfy the proposition oracle for every baseline campaign.	REQUIRED	generic CP/M 2.2 baseline
OR-0480	1.0.0	0480	positive predicate	Submit SPACE and TAB separately; require TAB not to act as token-separating SPACE.	Observed behavior must satisfy the proposition oracle for every baseline campaign.	REQUIRED	generic CP/M 2.2 baseline
OR-0481	1.0.0	0481	positive predicate	Compare lower/mixed-case dispatch and transient-entry bytes.	Observed behavior must satisfy the proposition oracle for every baseline campaign.	REQUIRED	generic CP/M 2.2 baseline
OR-0482	1.0.0	0482	positive predicate	Test each exact name without exercising full command semantics.	Observed behavior must satisfy the proposition oracle for every baseline campaign.	REQUIRED	generic CP/M 2.2 baseline
OR-0483	1.0.0	0483	positive predicate	Compare exact, prefix, and suffix names.	Observed behavior must satisfy the proposition oracle for every baseline campaign.	REQUIRED	generic CP/M 2.2 baseline
OR-0484	1.0.0	0484	positive predicate	Install harmless colliding COM files and verify markers do not execute.	Observed behavior must satisfy the proposition oracle for every baseline campaign.	REQUIRED	generic CP/M 2.2 baseline
OR-0485	1.0.0	0485	positive predicate	Issue drive-only commands and query prompt/BDOS drive afterward.	Observed behavior must satisfy the proposition oracle for every baseline campaign.	REQUIRED	generic CP/M 2.2 baseline
OR-0486	1.0.0	0486	positive predicate	Use colliding and missing transient names on another drive and inspect the following prompt.	Observed behavior must satisfy the proposition oracle for every baseline campaign.	REQUIRED	generic CP/M 2.2 baseline
OR-0487	1.0.0	0487	positive predicate	Compare NAME and NAME.COM/NAME.TXT for a controlled transient.	Observed behavior must satisfy the proposition oracle for every baseline campaign.	REQUIRED	generic CP/M 2.2 baseline
OR-0488	1.0.0	0488	positive predicate	Instrument both dispatch branches and test only externally visible prepared state.	Observed behavior must satisfy the proposition oracle for every baseline campaign.	REQUIRED	generic CP/M 2.2 baseline
OR-0489	1.0.0	0489	positive predicate	Record drive before failure and the following prompt/query.	Observed behavior must satisfy the proposition oracle for every baseline campaign.	REQUIRED	generic CP/M 2.2 baseline
OR-0490	1.0.0	0490	profile-gated positive	Profile compares exact error transcript; baseline verifies rejection and reprompt only.	Observed behavior must satisfy the proposition oracle under the selected named profile.	PROFILE REQUIRED	the DRI diagnostic-presentation profile
OR-0491	1.0.0	0491	anti-requirement	Test public input/output and transient-entry results rather than private layout.	The framework must not require equality with this behavior; testing may only verify that no baseline assertion depends on it.	OUTSIDE SCOPE	generic CP/M 2.2 compatibility claim
OR-0492	1.0.0	0492	positive predicate	Compare controlled NAME.COM execution with typed NAME and explicit-type cases.	Observed behavior must satisfy the proposition oracle for every baseline campaign.	REQUIRED	generic CP/M 2.2 baseline
OR-0493	1.0.0	0493	positive predicate	Place commands on controlled drives and vary current drive selection.	Observed behavior must satisfy the proposition oracle for every baseline campaign.	REQUIRED	generic CP/M 2.2 baseline
OR-0494	1.0.0	0494	positive predicate	Place distinct commands in user areas and verify selection behavior.	Observed behavior must satisfy the proposition oracle for every baseline campaign.	REQUIRED	generic CP/M 2.2 baseline
OR-0495	1.0.0	0495	positive predicate	Record execution identity and following command prompt state.	Observed behavior must satisfy the proposition oracle for every baseline campaign.	REQUIRED	generic CP/M 2.2 baseline
OR-0496	1.0.0	0496	positive predicate	Verify record markers at 0100h plus record offset.	Observed behavior must satisfy the proposition oracle for every baseline campaign.	REQUIRED	generic CP/M 2.2 baseline
OR-0497	1.0.0	0497	positive predicate	Compare ordinary EOF with controlled failure returns.	Observed behavior must satisfy the proposition oracle for every baseline campaign.	REQUIRED	generic CP/M 2.2 baseline
OR-0498	1.0.0	0498	permitted variation	Require complete record transfer only.	The candidate passes when it does not claim the incidental behavior as a portable guarantee and remains within any explicitly stated accepted set.	NOT GUARANTEED	generic CP/M 2.2 baseline
OR-0499	1.0.0	0499	positive predicate	Test largest accepted and first rejected record counts.	Observed behavior must satisfy the proposition oracle for every baseline campaign.	REQUIRED	generic CP/M 2.2 baseline
OR-0500	1.0.0	0500	permitted variation	Repeat boundary tests per configuration.	The candidate passes when it does not claim the incidental behavior as a portable guarantee and remains within any explicitly stated accepted set.	NOT GUARANTEED	generic CP/M 2.2 baseline
OR-0501	1.0.0	0501	positive predicate	Verify execution markers are absent after failure.	Observed behavior must satisfy the proposition oracle for every baseline campaign.	REQUIRED	generic CP/M 2.2 baseline
OR-0502	1.0.0	0502	positive predicate	Probe command tail and default DMA at entry.	Observed behavior must satisfy the proposition oracle for every baseline campaign.	REQUIRED	generic CP/M 2.2 baseline
OR-0503	1.0.0	0503	positive predicate	Terminate by RET and verify restored environment.	Observed behavior must satisfy the proposition oracle for every baseline campaign.	REQUIRED	generic CP/M 2.2 baseline
OR-0504	1.0.0	0504	positive predicate	Compare all three termination paths.	Observed behavior must satisfy the proposition oracle for every baseline campaign.	REQUIRED	generic CP/M 2.2 baseline
OR-0505	1.0.0	0505	anti-requirement	Test observable behavior rather than private internals.	The framework must not require equality with this behavior; testing may only verify that no baseline assertion depends on it.	OUTSIDE SCOPE	generic CP/M 2.2 compatibility claim
OR-0506	1.0.0	0506	profile-gated positive	One profile test jointly covers 0012 and 0506 without counting duplicate obligations.	Observed behavior must satisfy the proposition oracle under the selected named profile.	PROFILE REQUIRED	the Strict DRI CCP/ecosystem
OR-0507	1.0.0	0507	permitted variation	A compatible implementation may vary residual bytes without failing compatibility.	The candidate passes when it does not claim the incidental behavior as a portable guarantee and remains within any explicitly stated accepted set.	NOT GUARANTEED	generic CP/M 2.2 baseline
OR-0508	1.0.0	0508	profile-gated positive	Each CCP profile publishes and tests its accepted-line and resulting-tail limits.	Observed behavior must satisfy the proposition oracle under the selected named profile.	PROFILE REQUIRED	the Declared CCP profile
OR-0509	1.0.0	0509	positive predicate	Execute minimal transients using each mechanism and verify a usable CCP prompt, distinguishing RET from WBOOT by controlled page-zero reconstruction.	Observed behavior must satisfy the proposition oracle for every baseline campaign.	REQUIRED	generic CP/M 2.2 baseline
OR-0510	1.0.0	0510	permitted variation	Install safe forwarding modifications to 0000h/0005h, terminate by RET, and verify that compatibility does not depend on CCP rewriting them.	The candidate passes when it does not claim the incidental behavior as a portable guarantee and remains within any explicitly stated accepted set.	NOT GUARANTEED	generic CP/M 2.2 baseline
OR-0511	1.0.0	0511	permitted variation	Make and write a record without Close, terminate through each path, and verify that an implementation is not required to finalize the FCB as if Function 16 had been called.	The candidate passes when it does not claim the incidental behavior as a portable guarantee and remains within any explicitly stated accepted set.	NOT GUARANTEED	generic CP/M 2.2 baseline
OR-0512	1.0.0	0512	profile-gated positive	Profile tests RET, Function 0, and JMP 0000h with changed drive/user state.	Observed behavior must satisfy the proposition oracle under the selected named profile.	PROFILE REQUIRED	the CCP/lifecycle profile
OR-0513	1.0.0	0513	positive predicate	Interpret each BDOS result according to its function-specific contract rather than assuming a universal failure code.	Observed behavior must satisfy the proposition oracle for every baseline campaign.	REQUIRED	generic CP/M 2.2 baseline
OR-0514	1.0.0	0514	permitted variation	Do not consume DMA data after failed file operations unless the specific function contract establishes it.	The candidate passes when it does not claim the incidental behavior as a portable guarantee and remains within any explicitly stated accepted set.	NOT GUARANTEED	generic CP/M 2.2 baseline
OR-0515	1.0.0	0515	permitted variation	Do not require byte-for-byte FCB preservation after failed operations.	The candidate passes when it does not claim the incidental behavior as a portable guarantee and remains within any explicitly stated accepted set.	NOT GUARANTEED	generic CP/M 2.2 baseline
OR-0516	1.0.0	0516	positive predicate	Test directory exhaustion and allocation exhaustion independently.	Observed behavior must satisfy the proposition oracle for every baseline campaign.	REQUIRED	generic CP/M 2.2 baseline
OR-0517	1.0.0	0517	permitted variation	Require documented behavior only for valid FCBs and documented preconditions.	The candidate passes when it does not claim the incidental behavior as a portable guarantee and remains within any explicitly stated accepted set.	NOT GUARANTEED	generic CP/M 2.2 baseline
OR-0518	1.0.0	0518	positive predicate	Change and query each state component independently.	Observed behavior must satisfy the proposition oracle for every baseline campaign.	REQUIRED	generic CP/M 2.2 baseline
OR-0519	1.0.0	0519	positive predicate	Select drives and verify BDOS exposes the corresponding BIOS resources without requiring a particular address.	Observed behavior must satisfy the proposition oracle for every baseline campaign.	REQUIRED	generic CP/M 2.2 baseline
OR-0520	1.0.0	0520	positive predicate	Interpose nonresetting BDOS calls before a transfer, then test each documented reset boundary.	Observed behavior must satisfy the proposition oracle for every baseline campaign.	REQUIRED	generic CP/M 2.2 baseline
OR-0521	1.0.0	0521	positive predicate	Alter each component and query the others.	Observed behavior must satisfy the proposition oracle for every baseline campaign.	REQUIRED	generic CP/M 2.2 baseline
OR-0522	1.0.0	0522	permitted variation	Applications re-query after state transitions; conformance does not compare DRI numeric addresses.	The candidate passes when it does not claim the incidental behavior as a portable guarantee and remains within any explicitly stated accepted set.	NOT GUARANTEED	generic CP/M 2.2 baseline
OR-0523	1.0.0	0523	optional-feature isolation	Selecting 0435 activates 0523's inactive/current/multiple/read-only vector tests.	The case is NOT APPLICABLE unless the optional feature is claimed; when claimed, its declared behavior must be verified without changing baseline semantics.	OPTIONAL	the Undocumented Function-37 compatibility profile. Generic BetterCP/M CP/M 2.2 compatibility does not require this feature
OR-0524	1.0.0	0524	anti-requirement	Do not require a Get-BIOS pointer from selector 39.	The framework must not require equality with this behavior; testing may only verify that no baseline assertion depends on it.	OUTSIDE SCOPE	generic CP/M 2.2 compatibility claim
OR-0525	1.0.0	0525	positive predicate	Test Function 40 as random write; require no Function-41 extension for CP/M 2.2 conformance.	Observed behavior must satisfy the proposition oracle for every baseline campaign.	REQUIRED	generic CP/M 2.2 baseline
OR-0526	1.0.0	0526	positive predicate	Relocate the BDOS target while preserving the 0005h gateway.	Observed behavior must satisfy the proposition oracle for every baseline campaign.	REQUIRED	generic CP/M 2.2 baseline
OR-0527	1.0.0	0527	positive predicate	Exercise pointer, word, byte, and unused DE/E cases.	Observed behavior must satisfy the proposition oracle for every baseline campaign.	REQUIRED	generic CP/M 2.2 baseline
OR-0528	1.0.0	0528	positive predicate	Check primary and alias registers for success, error, void, and out-of-range returns.	Observed behavior must satisfy the proposition oracle for every baseline campaign.	REQUIRED	generic CP/M 2.2 baseline
OR-0529	1.0.0	0529	positive predicate	Test 41, 42, 7Fh, 80h, and FFh in strict mode.	Observed behavior must satisfy the proposition oracle for every baseline campaign.	REQUIRED	generic CP/M 2.2 baseline
OR-0530	1.0.0	0530	permitted variation	Applications reload needed inputs and tests accept arbitrary undocumented residual register state.	The candidate passes when it does not claim the incidental behavior as a portable guarantee and remains within any explicitly stated accepted set.	NOT GUARANTEED	generic CP/M 2.2 baseline
OR-0531	1.0.0	0531	positive predicate	Repeat returning calls on a guarded caller stack and compare SP.	Observed behavior must satisfy the proposition oracle for every baseline campaign.	REQUIRED	generic CP/M 2.2 baseline
OR-0532	1.0.0	0532	permitted variation	Validate documented errors per function and require no common bad-parameter code.	The candidate passes when it does not claim the incidental behavior as a portable guarantee and remains within any explicitly stated accepted set.	NOT GUARANTEED	generic CP/M 2.2 baseline
OR-0533	1.0.0	0533	permitted variation	Compatible applications do not make nested calls; no DRI private implementation is required.	The candidate passes when it does not claim the incidental behavior as a portable guarantee and remains within any explicitly stated accepted set.	NOT GUARANTEED	generic CP/M 2.2 baseline
OR-0534	1.0.0	0534	positive predicate	Capture all public entry objects before the first diagnostic call and immediately invoke BDOS.	Observed behavior must satisfy the proposition oracle for every baseline campaign.	REQUIRED	generic CP/M 2.2 baseline
OR-0535	1.0.0	0535	anti-requirement	Test entry state, not private instruction order.	The framework must not require equality with this behavior; testing may only verify that no baseline assertion depends on it.	OUTSIDE SCOPE	generic CP/M 2.2 compatibility claim
OR-0536	1.0.0	0536	permitted variation	Vary unused memory contents; applications initialize storage before relying on it.	The candidate passes when it does not claim the incidental behavior as a portable guarantee and remains within any explicitly stated accepted set.	NOT GUARANTEED	generic CP/M 2.2 baseline
OR-0537	1.0.0	0537	positive predicate	Make a documented BDOS call as the first external operation.	Observed behavior must satisfy the proposition oracle for every baseline campaign.	REQUIRED	generic CP/M 2.2 baseline
OR-0538	1.0.0	0538	positive predicate	Load a multirecord program and use DMA immediately without Function 26.	Observed behavior must satisfy the proposition oracle for every baseline campaign.	REQUIRED	generic CP/M 2.2 baseline
OR-0539	1.0.0	0539	permitted variation	Require immediate RET to work while varying numeric stack state.	The candidate passes when it does not claim the incidental behavior as a portable guarantee and remains within any explicitly stated accepted set.	NOT GUARANTEED	generic CP/M 2.2 baseline
OR-0540	1.0.0	0540	positive predicate	Embed a visible entry marker and verify it is absent on failure.	Observed behavior must satisfy the proposition oracle for every baseline campaign.	REQUIRED	generic CP/M 2.2 baseline
OR-0541	1.0.0	0541	permitted variation	Mutate state and memory, return, and validate only the next command’s documented environment.	The candidate passes when it does not claim the incidental behavior as a portable guarantee and remains within any explicitly stated accepted set.	NOT GUARANTEED	generic CP/M 2.2 baseline
OR-0542	1.0.0	0542	positive predicate	Search a controlled multi-extent file and observe each matching extent entry.	Observed behavior must satisfy the proposition oracle for every baseline campaign.	REQUIRED	generic CP/M 2.2 baseline
OR-0543	1.0.0	0543	positive predicate	Enumerate a file exceeding one extent and compare returned 32-byte entries.	Observed behavior must satisfy the proposition oracle for every baseline campaign.	REQUIRED	generic CP/M 2.2 baseline
OR-0544	1.0.0	0544	permitted variation	Compare uppercase and lowercase application-built FCB searches against one uppercase directory entry.	The candidate passes when it does not claim the incidental behavior as a portable guarantee and remains within any explicitly stated accepted set.	NOT GUARANTEED	generic CP/M 2.2 baseline
OR-0545	1.0.0	0545	positive predicate	Use stable FCB storage for a multi-result sequence; separately diagnose mutation as nonportable.	Observed behavior must satisfy the proposition oracle for every baseline campaign.	REQUIRED	generic CP/M 2.2 baseline
OR-0546	1.0.0	0546	positive predicate	Interpose Functions 12 and 25 between successful First and Next calls.	Observed behavior must satisfy the proposition oracle for every baseline campaign.	REQUIRED	generic CP/M 2.2 baseline
OR-0547	1.0.0	0547	permitted variation	Require each new lifecycle to begin enumeration with Search First.	The candidate passes when it does not claim the incidental behavior as a portable guarantee and remains within any explicitly stated accepted set.	NOT GUARANTEED	generic CP/M 2.2 baseline
OR-0548	1.0.0	0548	permitted variation	Accept directory-order results and reject tests that require alphabetical sorting.	The candidate passes when it does not claim the incidental behavior as a portable guarantee and remains within any explicitly stated accepted set.	NOT GUARANTEED	generic CP/M 2.2 baseline
OR-0549	1.0.0	0549	permitted variation	Test returned no-match separately from a controlled invalid-drive fatal path.	The candidate passes when it does not claim the incidental behavior as a portable guarantee and remains within any explicitly stated accepted set.	NOT GUARANTEED	generic CP/M 2.2 baseline
OR-0550	1.0.0	0550	positive predicate	Continue a controlled dr=‘?’ scan across user bytes and an E5h free directory slot.	Observed behavior must satisfy the proposition oracle for every baseline campaign.	REQUIRED	generic CP/M 2.2 baseline
OR-0551	1.0.0	0551	positive predicate	Exercise Make-only, Make/Close, Make/write/Close, and reopen.	Observed behavior must satisfy the proposition oracle for every baseline campaign.	REQUIRED	generic CP/M 2.2 baseline
OR-0552	1.0.0	0552	permitted variation	Compare the working FCB and Search record before Close.	The candidate passes when it does not claim the incidental behavior as a portable guarantee and remains within any explicitly stated accepted set.	NOT GUARANTEED	generic CP/M 2.2 baseline
OR-0553	1.0.0	0553	positive predicate	Close a grown multi-extent file, reopen it, enumerate extents, read boundary markers, and compute size.	Observed behavior must satisfy the proposition oracle for every baseline campaign.	REQUIRED	generic CP/M 2.2 baseline
OR-0554	1.0.0	0554	permitted variation	Compare access and documented fields rather than all literal FCB bytes.	The candidate passes when it does not claim the incidental behavior as a portable guarantee and remains within any explicitly stated accepted set.	NOT GUARANTEED	generic CP/M 2.2 baseline
OR-0555	1.0.0	0555	positive predicate	Verify records 127-129 through sequential, random, search, reopen, and size interfaces.	Observed behavior must satisfy the proposition oracle for every baseline campaign.	REQUIRED	generic CP/M 2.2 baseline
OR-0556	1.0.0	0556	positive predicate	Fill extent 0 with no slot for extent 1 and verify its 128 records after the next write fails.	Observed behavior must satisfy the proposition oracle for every baseline campaign.	REQUIRED	generic CP/M 2.2 baseline
OR-0557	1.0.0	0557	positive predicate	Exhaust directory or allocation space, attempt extension, then reopen and compute size.	Observed behavior must satisfy the proposition oracle for every baseline campaign.	REQUIRED	generic CP/M 2.2 baseline
OR-0558	1.0.0	0558	anti-requirement	Compare content, length, and valid allocation rather than exact block numbers.	The framework must not require equality with this behavior; testing may only verify that no baseline assertion depends on it.	OUTSIDE SCOPE	generic CP/M 2.2 compatibility claim
OR-0559	1.0.0	0559	positive predicate	Create the same 8.3 identity in two users and read distinct content.	Observed behavior must satisfy the proposition oracle for every baseline campaign.	REQUIRED	generic CP/M 2.2 baseline
OR-0560	1.0.0	0560	positive predicate	Query, set 1/31/32, query, and restore.	Observed behavior must satisfy the proposition oracle for every baseline campaign.	REQUIRED	generic CP/M 2.2 baseline
OR-0561	1.0.0	0561	positive predicate	Hold FCB bytes constant while changing current user and repeat lookup.	Observed behavior must satisfy the proposition oracle for every baseline campaign.	REQUIRED	generic CP/M 2.2 baseline
OR-0562	1.0.0	0562	positive predicate	Place the target only in another user and require ordinary failure.	Observed behavior must satisfy the proposition oracle for every baseline campaign.	REQUIRED	generic CP/M 2.2 baseline
OR-0563	1.0.0	0563	positive predicate	Make the same exact name under two user numbers and inspect entry byte 0.	Observed behavior must satisfy the proposition oracle for every baseline campaign.	REQUIRED	generic CP/M 2.2 baseline
OR-0564	1.0.0	0564	positive predicate	Operate on duplicate names and verify the other user’s entry/content remains.	Observed behavior must satisfy the proposition oracle for every baseline campaign.	REQUIRED	generic CP/M 2.2 baseline
OR-0565	1.0.0	0565	permitted variation	Require restore/reopen/new Search First after user change.	The candidate passes when it does not claim the incidental behavior as a portable guarantee and remains within any explicitly stated accepted set.	NOT GUARANTEED	generic CP/M 2.2 baseline
OR-0566	1.0.0	0566	positive predicate	Enumerate another-user entry then show ordinary Open still fails.	Observed behavior must satisfy the proposition oracle for every baseline campaign.	REQUIRED	generic CP/M 2.2 baseline
OR-0567	1.0.0	0567	positive predicate	Issue USER, run a transient Function-32 query, and test visibility.	Observed behavior must satisfy the proposition oracle for every baseline campaign.	REQUIRED	generic CP/M 2.2 baseline
OR-0568	1.0.0	0568	anti-requirement	Test namespace results without asserting security properties.	The framework must not require equality with this behavior; testing may only verify that no baseline assertion depends on it.	OUTSIDE SCOPE	generic CP/M 2.2 compatibility claim
OR-0569	1.0.0	0569	positive predicate	Install marker COMs and invoke each unprefixed resident name.	Observed behavior must satisfy the proposition oracle for every baseline campaign.	REQUIRED	generic CP/M 2.2 baseline
OR-0570	1.0.0	0570	positive predicate	Test blank, exact, wildcard, system-attributed, user, and drive cases.	Observed behavior must satisfy the proposition oracle for every baseline campaign.	REQUIRED	generic CP/M 2.2 baseline
OR-0571	1.0.0	0571	permitted variation	Validate names/visibility without sorting or pixel-exact layout requirements.	The candidate passes when it does not claim the incidental behavior as a portable guarantee and remains within any explicitly stated accepted set.	NOT GUARANTEED	generic CP/M 2.2 baseline
OR-0572	1.0.0	0572	positive predicate	Test exact, partial wildcard, all wildcard with N/Y, and other-user preservation.	Observed behavior must satisfy the proposition oracle for every baseline campaign.	REQUIRED	generic CP/M 2.2 baseline
OR-0573	1.0.0	0573	permitted variation	Attempt ERA on a controlled read-only-attributed entry.	The candidate passes when it does not claim the incidental behavior as a portable guarantee and remains within any explicitly stated accepted set.	NOT GUARANTEED	generic CP/M 2.2 baseline
OR-0574	1.0.0	0574	positive predicate	Test success, collision, missing source, drive conflict, and duplicate other-user names.	Observed behavior must satisfy the proposition oracle for every baseline campaign.	REQUIRED	generic CP/M 2.2 baseline
OR-0575	1.0.0	0575	positive predicate	SAVE known memory pages and verify exact file length/content.	Observed behavior must satisfy the proposition oracle for every baseline campaign.	REQUIRED	generic CP/M 2.2 baseline
OR-0576	1.0.0	0576	permitted variation	Exercise replacement with controlled allocation failure.	The candidate passes when it does not claim the incidental behavior as a portable guarantee and remains within any explicitly stated accepted set.	NOT GUARANTEED	generic CP/M 2.2 baseline
OR-0577	1.0.0	0577	positive predicate	Test text, empty, embedded controls, 1Ah, multirecord, and missing files.	Observed behavior must satisfy the proposition oracle for every baseline campaign.	REQUIRED	generic CP/M 2.2 baseline
OR-0578	1.0.0	0578	positive predicate	Test 0, 1, 15, 16 and a following transient Function-32 query.	Observed behavior must satisfy the proposition oracle for every baseline campaign.	REQUIRED	generic CP/M 2.2 baseline
OR-0579	1.0.0	0579	positive predicate	Test token errors, missing files, collision, invalid count, and no-space cases.	Observed behavior must satisfy the proposition oracle for every baseline campaign.	REQUIRED	generic CP/M 2.2 baseline
OR-0580	1.0.0	0580	profile-gated positive	Profile corpus-tests exact layout/text; baseline tests semantic file listing and command result.	Observed behavior must satisfy the proposition oracle under the selected named profile.	PROFILE REQUIRED	the DRI resident-presentation profile
OR-0581	1.0.0	0581	positive predicate	Inject a final BIOS read and write failure and verify that the direct caller is suspended at physical-error presentation.	Observed behavior must satisfy the proposition oracle for every baseline campaign.	REQUIRED	generic CP/M 2.2 baseline
OR-0582	1.0.0	0582	positive predicate	Compare EOF, unwritten-record, capacity, and no-match cases with injected BIOS failures and verify distinct return/presentation paths.	Observed behavior must satisfy the proposition oracle for every baseline campaign.	REQUIRED	generic CP/M 2.2 baseline
OR-0583	1.0.0	0583	permitted variation	Fail the directory read during Search, ignore, and inspect the returned slot, DMA record, and continuation behavior independently.	The candidate passes when it does not claim the incidental behavior as a portable guarantee and remains within any explicitly stated accepted set.	NOT GUARANTEED	generic CP/M 2.2 baseline
OR-0584	1.0.0	0584	permitted variation	Inject pre-transfer directory-write failures and compare the returned value with an independently read post-operation disk image.	The candidate passes when it does not claim the incidental behavior as a portable guarantee and remains within any explicitly stated accepted set.	NOT GUARANTEED	generic CP/M 2.2 baseline
OR-0585	1.0.0	0585	permitted variation	Capture every public state object before and after ignored failures without treating unchanged or advanced fields as success proof.	The candidate passes when it does not claim the incidental behavior as a portable guarantee and remains within any explicitly stated accepted set.	NOT GUARANTEED	generic CP/M 2.2 baseline
OR-0586	1.0.0	0586	positive predicate	Place a marker after the BDOS call, inject failure, answer with Control-C, and verify the marker is absent and CCP recovery occurs.	Observed behavior must satisfy the proposition oracle for every baseline campaign.	REQUIRED	generic CP/M 2.2 baseline
OR-0587	1.0.0	0587	positive predicate	Abort an injected failure, then execute a CCP command and an independent healthy BDOS disk operation.	Observed behavior must satisfy the proposition oracle for every baseline campaign.	REQUIRED	generic CP/M 2.2 baseline
OR-0588	1.0.0	0588	anti-requirement	Compare distinct conforming implementations by public post-restart behavior rather than internal call sequence or addresses.	The framework must not require equality with this behavior; testing may only verify that no baseline assertion depends on it.	OUTSIDE SCOPE	generic CP/M 2.2 compatibility claim
OR-0589	1.0.0	0589	positive predicate	Compare the first rejected COM record with runtime writes below the advertised 0006h ceiling using a safe private stack and recovery path.	Observed behavior must satisfy the proposition oracle for every baseline campaign.	REQUIRED	generic CP/M 2.2 baseline
OR-0590	1.0.0	0590	positive predicate	Overwrite controlled CCP bytes after adopting a private stack, avoid RET, invoke WBOOT, and verify a usable command environment is restored.	Observed behavior must satisfy the proposition oracle for every baseline campaign.	REQUIRED	generic CP/M 2.2 baseline
OR-0591	1.0.0	0591	permitted variation	Test documented accesses normally and treat destructive writes only as isolated takeover cases with an independently retained recovery path.	The candidate passes when it does not claim the incidental behavior as a portable guarantee and remains within any explicitly stated accepted set.	NOT GUARANTEED	generic CP/M 2.2 baseline
OR-0592	1.0.0	0592	permitted variation	Vary entry stack placement; require immediate RET, but require an overlaying program to establish its own stack before consuming that region.	The candidate passes when it does not claim the incidental behavior as a portable guarantee and remains within any explicitly stated accepted set.	NOT GUARANTEED	generic CP/M 2.2 baseline
OR-0593	1.0.0	0593	positive predicate	From an arbitrary pre-BOOT public-state pattern, invoke the configured BOOT entry and verify a usable A-drive CCP/BDOS environment and valid 0000h/0005h gateways; do not require a particular loader or sign-on.	Observed behavior must satisfy the proposition oracle for every baseline campaign.	REQUIRED	generic CP/M 2.2 baseline
OR-0594	1.0.0	0594	permitted variation	A system may retain or overwrite unspecified memory during BOOT; applications must rely only on documented post-BOOT state.	The candidate passes when it does not claim the incidental behavior as a portable guarantee and remains within any explicitly stated accepted set.	NOT GUARANTEED	generic CP/M 2.2 baseline
OR-0595	1.0.0	0595	positive predicate	Corrupt safe gateway operands and select a nondefault DMA, then enter WBOOT and verify reconstructed gateways, DMA 0080h, and a usable CCP.	Observed behavior must satisfy the proposition oracle for every baseline campaign.	REQUIRED	generic CP/M 2.2 baseline
OR-0596	1.0.0	0596	permitted variation	Applications shall remain correct whether such unspecified state survives or is overwritten; implementations need not reproduce the reference residue.	The candidate passes when it does not claim the incidental behavior as a portable guarantee and remains within any explicitly stated accepted set.	NOT GUARANTEED	generic CP/M 2.2 baseline
OR-0597	1.0.0	0597	permitted variation	After WBOOT, either loss or BIOS-defined retention of previously pending unconsumed console input is compatible unless the configured BIOS interface separately promises otherwise.	The candidate passes when it does not claim the incidental behavior as a portable guarantee and remains within any explicitly stated accepted set.	NOT GUARANTEED	generic CP/M 2.2 baseline
OR-0598	1.0.0	0598	positive predicate	Invoke documented BIOS vector entries through the configured vector and verify the documented call interface.	Observed behavior must satisfy the proposition oracle for every baseline campaign.	REQUIRED	generic CP/M 2.2 baseline
OR-0599	1.0.0	0599	positive predicate	Inspect DPH-derived runtime structures and verify documented fields required by compatible software.	Observed behavior must satisfy the proposition oracle for every baseline campaign.	REQUIRED	generic CP/M 2.2 baseline
OR-0600	1.0.0	0600	positive predicate	Compare direct BIOS access with BDOS operations and verify that BIOS behavior remains at the device layer.	Observed behavior must satisfy the proposition oracle for every baseline campaign.	REQUIRED	generic CP/M 2.2 baseline
OR-0601	1.0.0	0601	permitted variation	Require documented BIOS behavior while permitting implementation-specific hardware abstraction choices.	The candidate passes when it does not claim the incidental behavior as a portable guarantee and remains within any explicitly stated accepted set.	NOT GUARANTEED	generic CP/M 2.2 baseline
OR-0602	1.0.0	0602	positive predicate	Open or create a controlled file, select a random record in the FCB, set DMA, call Function 40, and verify the target record.	Observed behavior must satisfy the proposition oracle for every baseline campaign.	REQUIRED	generic CP/M 2.2 baseline
OR-0603	1.0.0	0603	positive predicate	Write record 10 of a new file on a multi-record allocation-block disk and verify preceding record 9 reads successfully as 128 zero bytes.	Observed behavior must satisfy the proposition oracle for every baseline campaign.	REQUIRED	generic CP/M 2.2 baseline
OR-0604	1.0.0	0604	permitted variation	Vary allocation-block size and distant target records; applications shall not require holes outside allocated blocks to read as zeros.	The candidate passes when it does not claim the incidental behavior as a portable guarantee and remains within any explicitly stated accepted set.	NOT GUARANTEED	generic CP/M 2.2 baseline
OR-0605	1.0.0	0605	positive predicate	Test success, exhausted storage, and nonzero R2 overflow with controlled images and verify the corresponding codes.	Observed behavior must satisfy the proposition oracle for every baseline campaign.	REQUIRED	generic CP/M 2.2 baseline
OR-0606	1.0.0	0606	positive predicate	Compare direct BIOS character calls with BDOS console functions and verify the documented layering boundary.	Observed behavior must satisfy the proposition oracle for every baseline campaign.	REQUIRED	generic CP/M 2.2 baseline
OR-0607	1.0.0	0607	positive predicate	Exercise each character path independently and verify that the selected device service is used.	Observed behavior must satisfy the proposition oracle for every baseline campaign.	REQUIRED	generic CP/M 2.2 baseline
OR-0608	1.0.0	0608	positive predicate	Change IOBYTE assignments and verify subsequent device operations use the updated mapping.	Observed behavior must satisfy the proposition oracle for every baseline campaign.	REQUIRED	generic CP/M 2.2 baseline
OR-0609	1.0.0	0609	positive predicate	Set values through Function 8 and direct access, query through the other path, and verify configured device routing.	Observed behavior must satisfy the proposition oracle for every baseline campaign.	REQUIRED	generic CP/M 2.2 baseline
OR-0610	1.0.0	0610	positive predicate	Begin with distinct field values, change each assignment independently, and verify the remaining six bits.	Observed behavior must satisfy the proposition oracle for every baseline campaign.	REQUIRED	generic CP/M 2.2 baseline
OR-0611	1.0.0	0611	permitted variation	Accept valid assignment states while testing unavailable mappings according to the declared device profile.	The candidate passes when it does not claim the incidental behavior as a portable guarantee and remains within any explicitly stated accepted set.	NOT GUARANTEED	generic CP/M 2.2 baseline
OR-0612	1.0.0	0612	positive predicate	Display fields, make valid changes, attempt an invalid name, and compare IOBYTE before and after each action.	Observed behavior must satisfy the proposition oracle for every baseline campaign.	REQUIRED	generic CP/M 2.2 baseline
OR-0613	1.0.0	0613	positive predicate	Validate empty, populated, and nearly full media against every public field.	Observed behavior must satisfy the proposition oracle for every baseline campaign.	REQUIRED	generic CP/M 2.2 baseline
OR-0614	1.0.0	0614	positive predicate	Exercise both DSM classes.	Observed behavior must satisfy the proposition oracle for every baseline campaign.	REQUIRED	generic CP/M 2.2 baseline
OR-0615	1.0.0	0615	positive predicate	Parse a nonidentity translation profile without assuming contiguous physical directory sectors.	Observed behavior must satisfy the proposition oracle for every baseline campaign.	REQUIRED	generic CP/M 2.2 baseline
OR-0616	1.0.0	0616	permitted variation	Accept distinct declared profiles implementing the same logical interfaces.	The candidate passes when it does not claim the incidental behavior as a portable guarantee and remains within any explicitly stated accepted set.	NOT GUARANTEED	generic CP/M 2.2 baseline
OR-0617	1.0.0	0617	positive predicate	Compare a configured direct read with BDOS access and reject hard-coded foreign geometry.	Observed behavior must satisfy the proposition oracle for every baseline campaign.	REQUIRED	generic CP/M 2.2 baseline
OR-0618	1.0.0	0618	permitted variation	Detect/report corrupt fixtures without requiring a particular repair choice; I044 ERROR RECOVERY BDOS BIOS subsystem IG AG.	The candidate passes when it does not claim the incidental behavior as a portable guarantee and remains within any explicitly stated accepted set.	NOT GUARANTEED	generic CP/M 2.2 baseline
OR-0619	1.0.0	0619	permitted variation	Relocate or wrap the BDOS implementation while preserving CALL 0005h and verify conforming applications continue to operate; do not accept a private-target caller as a general conformance requirement.	The candidate passes when it does not claim the incidental behavior as a portable guarantee and remains within any explicitly stated accepted set.	NOT GUARANTEED	generic CP/M 2.2 baseline
OR-0620	1.0.0	0620	positive predicate	Submit a deterministic multi-command file ending in a unique transient marker; verify ordered execution across returns, exhaustion cleanup, and subsequent console prompt.	Observed behavior must satisfy the proposition oracle for every baseline campaign.	REQUIRED	generic CP/M 2.2 baseline
OR-0621	1.0.0	0621	positive predicate	Activate XSUB from a submission, run a transient that calls Function 10, place a known following record in the stream, and verify the counted buffer and continued command execution.	Observed behavior must satisfy the proposition oracle for every baseline campaign.	REQUIRED	generic CP/M 2.2 baseline
OR-0622	1.0.0	0622	positive predicate	Load a transient containing a patchable instruction, change an operand in place, execute it, and verify the changed result; repeat at more than one valid TPA placement.	Observed behavior must satisfy the proposition oracle for every baseline campaign.	REQUIRED	generic CP/M 2.2 baseline
OR-0623	1.0.0	0623	positive predicate	Run an 8080-only instruction/flag probe and representative CP/M software on the claimed execution environment.	Observed behavior must satisfy the proposition oracle for every baseline campaign.	REQUIRED	generic CP/M 2.2 baseline
OR-0624	1.0.0	0624	positive predicate	Test profile-specific instruction families separately from CP/M service tests, then run the inherited generic CP/M suite unchanged.	Observed behavior must satisfy the proposition oracle for every baseline campaign.	REQUIRED	generic CP/M 2.2 baseline
OR-0625	1.0.0	0625	anti-requirement	Do not fail a generic 8080-profile implementation merely because a Z80-only transient cannot execute.	The framework must not require equality with this behavior; testing may only verify that no baseline assertion depends on it.	OUTSIDE SCOPE	generic CP/M 2.2 compatibility claim
OR-0626	1.0.0	0626	permitted variation	A generic suite may verify permitted variation or trapping; stronger behavior requires a named profile.	The candidate passes when it does not claim the incidental behavior as a portable guarantee and remains within any explicitly stated accepted set.	NOT GUARANTEED	generic CP/M 2.2 baseline
OR-0627	1.0.0	0627	anti-requirement	Test such properties only under a profile that explicitly advertises them.	The framework must not require equality with this behavior; testing may only verify that no baseline assertion depends on it.	OUTSIDE SCOPE	generic CP/M 2.2 compatibility claim
