case_id	case_version	parent_test_id	ledger_entry	requirement	classification	applicability	oracle_id	oracle_version	oracle_type	oracle	evidence_requirement	pass_fail_rule	certification_impact	dependencies
MEM-001-P0001	1.0.0	MEM-001	0001	.COM load origin	REQUIRED	generic CP/M 2.2 baseline	OR-0001	1.0.0	positive predicate	A test program’s first loaded byte appears at 0100h.	Campaign manifest; raw observation; runner/probe source and executable hashes; fixture/profile identity; result record; before/after state for mutable media.	Observed behavior must satisfy the proposition oracle for every baseline campaign.	A FAIL defeats baseline certification; BLOCKED prevents certification.	profile manifest; restored fixture
CCP-003-P0002	1.0.0	CCP-003	0002	Transient entry point	REQUIRED	generic CP/M 2.2 baseline	OR-0002	1.0.0	positive predicate	A signature program begins execution at 0100h.	Campaign manifest; raw observation; runner/probe source and executable hashes; fixture/profile identity; result record; before/after state for mutable media.	Observed behavior must satisfy the proposition oracle for every baseline campaign.	A FAIL defeats baseline certification; BLOCKED prevents certification.	MEM-001; BDOS public/file/console prerequisites used by case
MEM-001-P0003	1.0.0	MEM-001	0003	TPA lower boundary	REQUIRED	generic CP/M 2.2 baseline	OR-0003	1.0.0	positive predicate	Memory below 0100h is not treated as ordinary transient program storage.	Campaign manifest; raw observation; runner/probe source and executable hashes; fixture/profile identity; result record; before/after state for mutable media.	Observed behavior must satisfy the proposition oracle for every baseline campaign.	A FAIL defeats baseline certification; BLOCKED prevents certification.	profile manifest; restored fixture
CCP-003-P0004	1.0.0	CCP-003	0004	TPA upper-bound discovery	REQUIRED	generic CP/M 2.2 baseline	OR-0004	1.0.0	positive predicate	LHLD 0006h yields the advertised low resident boundary.	Campaign manifest; raw observation; runner/probe source and executable hashes; fixture/profile identity; result record; before/after state for mutable media.	Observed behavior must satisfy the proposition oracle for every baseline campaign.	A FAIL defeats baseline certification; BLOCKED prevents certification.	MEM-001; BDOS public/file/console prerequisites used by case
MEM-001-P0005	1.0.0	MEM-001	0005	Warm-start gateway at 0000h	REQUIRED	generic CP/M 2.2 baseline	OR-0005	1.0.0	positive predicate	JMP 0000h performs warm-start semantics.	Campaign manifest; raw observation; runner/probe source and executable hashes; fixture/profile identity; result record; before/after state for mutable media.	Observed behavior must satisfy the proposition oracle for every baseline campaign.	A FAIL defeats baseline certification; BLOCKED prevents certification.	profile manifest; restored fixture
MEM-005-P0006	1.0.0	MEM-005	0006	IOBYTE location	REQUIRED	generic CP/M 2.2 baseline	OR-0006	1.0.0	positive predicate	Where implemented, 0003h has the documented IOBYTE meaning.	Campaign manifest; raw observation; runner/probe source and executable hashes; fixture/profile identity; result record; before/after state for mutable media.	Observed behavior must satisfy the proposition oracle for every baseline campaign.	A FAIL defeats baseline certification; BLOCKED prevents certification.	MEM-001; BIOS-001 as applicable
CCP-003-P0007	1.0.0	CCP-003	0007	Command-entry default-drive byte	REQUIRED	generic CP/M 2.2 baseline	OR-0007	1.0.0	positive predicate	At transient entry, 0004h contains the command environment drive. Function 25 is used to test live BDOS current drive state.	Campaign manifest; raw observation; runner/probe source and executable hashes; fixture/profile identity; result record; before/after state for mutable media.	Observed behavior must satisfy the proposition oracle for every baseline campaign.	A FAIL defeats baseline certification; BLOCKED prevents certification.	MEM-001; BDOS public/file/console prerequisites used by case
MEM-001-P0008	1.0.0	MEM-001	0008	BDOS gateway at 0005h	REQUIRED	generic CP/M 2.2 baseline	OR-0008	1.0.0	positive predicate	CALL 0005h invokes BDOS and returning services resume after the call.	Campaign manifest; raw observation; runner/probe source and executable hashes; fixture/profile identity; result record; before/after state for mutable media.	Observed behavior must satisfy the proposition oracle for every baseline campaign.	A FAIL defeats baseline certification; BLOCKED prevents certification.	profile manifest; restored fixture
MEM-005-P0009	1.0.0	MEM-005	0009	Reserved restart/interrupt region roles	REQUIRED	generic CP/M 2.2 baseline	OR-0009	1.0.0	positive predicate	BetterCP/M does not assign incompatible baseline meanings to documented restart/interrupt locations.	Campaign manifest; raw observation; runner/probe source and executable hashes; fixture/profile identity; result record; before/after state for mutable media.	Observed behavior must satisfy the proposition oracle for every baseline campaign.	A FAIL defeats baseline certification; BLOCKED prevents certification.	MEM-001; BIOS-001 as applicable
CCP-003-P0010	1.0.0	CCP-003	0010	CBIOS scratch-area role	REQUIRED	generic CP/M 2.2 baseline	OR-0010	1.0.0	positive predicate	Software is not promised fixed contents in this area.	Campaign manifest; raw observation; runner/probe source and executable hashes; fixture/profile identity; result record; before/after state for mutable media.	Observed behavior must satisfy the proposition oracle for every baseline campaign.	A FAIL defeats baseline certification; BLOCKED prevents certification.	MEM-001; BDOS public/file/console prerequisites used by case
MEM-001-P0011	1.0.0	MEM-001	0011	First default FCB location	REQUIRED	generic CP/M 2.2 baseline	OR-0011	1.0.0	positive predicate	A transient with a first file operand finds its default FCB beginning at 005Ch.	Campaign manifest; raw observation; runner/probe source and executable hashes; fixture/profile identity; result record; before/after state for mutable media.	Observed behavior must satisfy the proposition oracle for every baseline campaign.	A FAIL defeats baseline certification; BLOCKED prevents certification.	profile manifest; restored fixture
MEM-005-P0012	1.0.0	MEM-005	0012	Second default FCB at 006Ch	PROFILE REQUIRED	the Strict DRI CCP/ecosystem	OR-0012	1.0.0	profile-gated positive	Activate two-operand 005Ch/006Ch comparison only for the strict CCP profile.	Campaign manifest; raw observation; runner/probe source and executable hashes; fixture/profile identity; result record; before/after state for mutable media.	Observed behavior must satisfy the proposition oracle under the selected named profile.	A FAIL defeats that profile claim; NOT APPLICABLE is permitted only when the profile is not claimed.	MEM-001; BIOS-001 as applicable
CCP-003-P0013	1.0.0	CCP-003	0013	Default FCB drive-prefix parsing	REQUIRED	generic CP/M 2.2 baseline	OR-0013	1.0.0	positive predicate	Test independently with explicit drive prefixes.	Campaign manifest; raw observation; runner/probe source and executable hashes; fixture/profile identity; result record; before/after state for mutable media.	Observed behavior must satisfy the proposition oracle for every baseline campaign.	A FAIL defeats baseline certification; BLOCKED prevents certification.	MEM-001; BDOS public/file/console prerequisites used by case
MEM-001-P0014	1.0.0	MEM-001	0014	Default FCB wildcard expansion	REQUIRED	generic CP/M 2.2 baseline	OR-0014	1.0.0	positive predicate	Test '*' and '?' cases independently.	Campaign manifest; raw observation; runner/probe source and executable hashes; fixture/profile identity; result record; before/after state for mutable media.	Observed behavior must satisfy the proposition oracle for every baseline campaign.	A FAIL defeats baseline certification; BLOCKED prevents certification.	profile manifest; restored fixture
MEM-005-P0015	1.0.0	MEM-005	0015	Default FCB case and padding	REQUIRED	generic CP/M 2.2 baseline	OR-0015	1.0.0	positive predicate	Compare resulting filename/type bytes for representative operands.	Campaign manifest; raw observation; runner/probe source and executable hashes; fixture/profile identity; result record; before/after state for mutable media.	Observed behavior must satisfy the proposition oracle for every baseline campaign.	A FAIL defeats baseline certification; BLOCKED prevents certification.	MEM-001; BIOS-001 as applicable
CCP-003-P0016	1.0.0	CCP-003	0016	Default FCB unopened control fields	NOT GUARANTEED	generic CP/M 2.2 baseline	OR-0016	1.0.0	permitted variation	Require filename/type parsing; accept variation in other unopened fields.	Campaign manifest; raw observation; runner/probe source and executable hashes; fixture/profile identity; result record; before/after state for mutable media.	The candidate passes when it does not claim the incidental behavior as a portable guarantee and remains within any explicitly stated accepted set.	A candidate is not failed for differing from DRI; a contradictory portability guarantee is a framework FAIL.	MEM-001; BDOS public/file/console prerequisites used by case
MEM-001-P0017	1.0.0	MEM-001	0017	Command-tail count location	REQUIRED	generic CP/M 2.2 baseline	OR-0017	1.0.0	positive predicate	0080h contains the count for the supplied command tail.	Campaign manifest; raw observation; runner/probe source and executable hashes; fixture/profile identity; result record; before/after state for mutable media.	Observed behavior must satisfy the proposition oracle for every baseline campaign.	A FAIL defeats baseline certification; BLOCKED prevents certification.	profile manifest; restored fixture
MEM-005-P0018	1.0.0	MEM-005	0018	Command-tail character location	REQUIRED	generic CP/M 2.2 baseline	OR-0018	1.0.0	positive predicate	The counted command characters occupy the documented buffer.	Campaign manifest; raw observation; runner/probe source and executable hashes; fixture/profile identity; result record; before/after state for mutable media.	Observed behavior must satisfy the proposition oracle for every baseline campaign.	A FAIL defeats baseline certification; BLOCKED prevents certification.	MEM-001; BIOS-001 as applicable
CCP-003-P0019	1.0.0	CCP-003	0019	Leading blank in command tail	REQUIRED	generic CP/M 2.2 baseline	OR-0019	1.0.0	positive predicate	Positive mixed-command test must require the leading counted blank.	Campaign manifest; raw observation; runner/probe source and executable hashes; fixture/profile identity; result record; before/after state for mutable media.	Observed behavior must satisfy the proposition oracle for every baseline campaign.	A FAIL defeats baseline certification; BLOCKED prevents certification.	MEM-001; BDOS public/file/console prerequisites used by case
MEM-001-P0020	1.0.0	MEM-001	0020	Uppercase command-tail representation	REQUIRED	generic CP/M 2.2 baseline	OR-0020	1.0.0	positive predicate	Mixed-case acquisition test must verify uppercase tail bytes.	Campaign manifest; raw observation; runner/probe source and executable hashes; fixture/profile identity; result record; before/after state for mutable media.	Observed behavior must satisfy the proposition oracle for every baseline campaign.	A FAIL defeats baseline certification; BLOCKED prevents certification.	profile manifest; restored fixture
MEM-005-P0021	1.0.0	MEM-005	0021	NUL after counted command tail	NOT GUARANTEED	generic CP/M 2.2 baseline	OR-0021	1.0.0	permitted variation	Tests must use the count and must not require or consume a terminator.	Campaign manifest; raw observation; runner/probe source and executable hashes; fixture/profile identity; result record; before/after state for mutable media.	The candidate passes when it does not claim the incidental behavior as a portable guarantee and remains within any explicitly stated accepted set.	A candidate is not failed for differing from DRI; a contradictory portability guarantee is a framework FAIL.	MEM-001; BIOS-001 as applicable
CCP-003-P0022	1.0.0	CCP-003	0022	Bytes following command-tail terminator	OUTSIDE SCOPE	generic CP/M 2.2 compatibility claim	OR-0022	1.0.0	anti-requirement	Tests may report these bytes diagnostically but must not require a particular value.	Campaign manifest; raw observation; runner/probe source and executable hashes; fixture/profile identity; result record; before/after state for mutable media.	The framework must not require equality with this behavior; testing may only verify that no baseline assertion depends on it.	Never a positive baseline gate; an attempted mandatory assertion is a framework-definition FAIL.	MEM-001; BDOS public/file/console prerequisites used by case
MEM-001-P0023	1.0.0	MEM-001	0023	Default DMA address	REQUIRED	generic CP/M 2.2 baseline	OR-0023	1.0.0	positive predicate	The first disk operation using the unchanged default DMA operates on 0080h.	Campaign manifest; raw observation; runner/probe source and executable hashes; fixture/profile identity; result record; before/after state for mutable media.	Observed behavior must satisfy the proposition oracle for every baseline campaign.	A FAIL defeats baseline certification; BLOCKED prevents certification.	profile manifest; restored fixture
MEM-005-P0024	1.0.0	MEM-005	0024	Command-tail/default-DMA overlap	REQUIRED	generic CP/M 2.2 baseline	OR-0024	1.0.0	positive predicate	Initial contents of the default DMA buffer are the command tail, not an implied disk record.	Campaign manifest; raw observation; runner/probe source and executable hashes; fixture/profile identity; result record; before/after state for mutable media.	Observed behavior must satisfy the proposition oracle for every baseline campaign.	A FAIL defeats baseline certification; BLOCKED prevents certification.	MEM-001; BIOS-001 as applicable
CCP-003-P0025	1.0.0	CCP-003	0025	Program termination through JMP 0000h	REQUIRED	generic CP/M 2.2 baseline	OR-0025	1.0.0	positive predicate	JMP 0000h regains the command environment with warm-start semantics.	Campaign manifest; raw observation; runner/probe source and executable hashes; fixture/profile identity; result record; before/after state for mutable media.	Observed behavior must satisfy the proposition oracle for every baseline campaign.	A FAIL defeats baseline certification; BLOCKED prevents certification.	MEM-001; BDOS public/file/console prerequisites used by case
MEM-001-P0026	1.0.0	MEM-001	0026	Program termination through BDOS function 0	REQUIRED	generic CP/M 2.2 baseline	OR-0026	1.0.0	positive predicate	Function 0 regains the command environment with warm-start semantics.	Campaign manifest; raw observation; runner/probe source and executable hashes; fixture/profile identity; result record; before/after state for mutable media.	Observed behavior must satisfy the proposition oracle for every baseline campaign.	A FAIL defeats baseline certification; BLOCKED prevents certification.	profile manifest; restored fixture
MEM-005-P0027	1.0.0	MEM-005	0027	RET termination	REQUIRED	generic CP/M 2.2 baseline	OR-0027	1.0.0	positive predicate	A minimal transient containing RET returns safely to the command environment without requiring BIOS warm start.	Campaign manifest; raw observation; runner/probe source and executable hashes; fixture/profile identity; result record; before/after state for mutable media.	Observed behavior must satisfy the proposition oracle for every baseline campaign.	A FAIL defeats baseline certification; BLOCKED prevents certification.	MEM-001; BIOS-001 as applicable
CCP-003-P0028	1.0.0	CCP-003	0028	Valid entry return word	REQUIRED	generic CP/M 2.2 baseline	OR-0028	1.0.0	positive predicate	RET from entry succeeds using the supplied return word.	Campaign manifest; raw observation; runner/probe source and executable hashes; fixture/profile identity; result record; before/after state for mutable media.	Observed behavior must satisfy the proposition oracle for every baseline campaign.	A FAIL defeats baseline certification; BLOCKED prevents certification.	MEM-001; BDOS public/file/console prerequisites used by case
MEM-001-P0029	1.0.0	MEM-001	0029	Exact entry SP	OUTSIDE SCOPE	generic CP/M 2.2 compatibility claim	OR-0029	1.0.0	anti-requirement	Software may rely on a usable return stack but not on a particular SP value.	Campaign manifest; raw observation; runner/probe source and executable hashes; fixture/profile identity; result record; before/after state for mutable media.	The framework must not require equality with this behavior; testing may only verify that no baseline assertion depends on it.	Never a positive baseline gate; an attempted mandatory assertion is a framework-definition FAIL.	profile manifest; restored fixture
MEM-005-P0030	1.0.0	MEM-005	0030	Exact entry return address	OUTSIDE SCOPE	generic CP/M 2.2 compatibility claim	OR-0030	1.0.0	anti-requirement	The return word must function correctly but need not point to the same numeric address or CCP routine as DRI CP/M.	Campaign manifest; raw observation; runner/probe source and executable hashes; fixture/profile identity; result record; before/after state for mutable media.	The framework must not require equality with this behavior; testing may only verify that no baseline assertion depends on it.	Never a positive baseline gate; an attempted mandatory assertion is a framework-definition FAIL.	MEM-001; BIOS-001 as applicable
CCP-003-P0031	1.0.0	CCP-003	0031	General-register entry state	NOT GUARANTEED	generic CP/M 2.2 baseline	OR-0031	1.0.0	permitted variation	BetterCP/M may expose different residual values.	Campaign manifest; raw observation; runner/probe source and executable hashes; fixture/profile identity; result record; before/after state for mutable media.	The candidate passes when it does not claim the incidental behavior as a portable guarantee and remains within any explicitly stated accepted set.	A candidate is not failed for differing from DRI; a contradictory portability guarantee is a framework FAIL.	MEM-001; BDOS public/file/console prerequisites used by case
MEM-001-P0032	1.0.0	MEM-001	0032	Z80 extended-register entry state	NOT GUARANTEED	generic CP/M 2.2 baseline	OR-0032	1.0.0	permitted variation	BetterCP/M may expose different residual values.	Campaign manifest; raw observation; runner/probe source and executable hashes; fixture/profile identity; result record; before/after state for mutable media.	The candidate passes when it does not claim the incidental behavior as a portable guarantee and remains within any explicitly stated accepted set.	A candidate is not failed for differing from DRI; a contradictory portability guarantee is a framework FAIL.	profile manifest; restored fixture
MEM-005-P0033	1.0.0	MEM-005	0033	Entry flags and interrupt state	NOT GUARANTEED	generic CP/M 2.2 baseline	OR-0033	1.0.0	permitted variation	Programs must not rely upon the reference system's observed values.	Campaign manifest; raw observation; runner/probe source and executable hashes; fixture/profile identity; result record; before/after state for mutable media.	The candidate passes when it does not claim the incidental behavior as a portable guarantee and remains within any explicitly stated accepted set.	A candidate is not failed for differing from DRI; a contradictory portability guarantee is a framework FAIL.	MEM-001; BIOS-001 as applicable
BDOS-CALL-001-P0034	1.0.0	BDOS-CALL-001	0034	Exact BIOS/BDOS vector targets	OUTSIDE SCOPE	generic CP/M 2.2 compatibility claim	OR-0034	1.0.0	anti-requirement	Test the gateway semantics, not particular target addresses.	Campaign manifest; raw observation; runner/probe source and executable hashes; fixture/profile identity; result record; before/after state for mutable media.	The framework must not require equality with this behavior; testing may only verify that no baseline assertion depends on it.	Never a positive baseline gate; an attempted mandatory assertion is a framework-definition FAIL.	profile manifest; restored fixture
BDOS-CALL-001-P0035	1.0.0	BDOS-CALL-001	0035	BDOS function selector in C	REQUIRED	generic CP/M 2.2 baseline	OR-0035	1.0.0	positive predicate	Every implemented BDOS function interprets C as the selector.	Campaign manifest; raw observation; runner/probe source and executable hashes; fixture/profile identity; result record; before/after state for mutable media.	Observed behavior must satisfy the proposition oracle for every baseline campaign.	A FAIL defeats baseline certification; BLOCKED prevents certification.	profile manifest; restored fixture
BDOS-CALL-001-P0036	1.0.0	BDOS-CALL-001	0036	BDOS function-specific input in DE/E	REQUIRED	generic CP/M 2.2 baseline	OR-0036	1.0.0	positive predicate	Representative functions correctly consume their documented DE/E input.	Campaign manifest; raw observation; runner/probe source and executable hashes; fixture/profile identity; result record; before/after state for mutable media.	Observed behavior must satisfy the proposition oracle for every baseline campaign.	A FAIL defeats baseline certification; BLOCKED prevents certification.	profile manifest; restored fixture
BDOS-CALL-001-P0037	1.0.0	BDOS-CALL-001	0037	Byte result in A	REQUIRED	generic CP/M 2.2 baseline	OR-0037	1.0.0	positive predicate	Byte-returning functions are checked independently in A.	Campaign manifest; raw observation; runner/probe source and executable hashes; fixture/profile identity; result record; before/after state for mutable media.	Observed behavior must satisfy the proposition oracle for every baseline campaign.	A FAIL defeats baseline certification; BLOCKED prevents certification.	profile manifest; restored fixture
BDOS-CALL-001-P0038	1.0.0	BDOS-CALL-001	0038	Word result in HL	REQUIRED	generic CP/M 2.2 baseline	OR-0038	1.0.0	positive predicate	Word-returning functions are checked independently in HL.	Campaign manifest; raw observation; runner/probe source and executable hashes; fixture/profile identity; result record; before/after state for mutable media.	Observed behavior must satisfy the proposition oracle for every baseline campaign.	A FAIL defeats baseline certification; BLOCKED prevents certification.	profile manifest; restored fixture
BDOS-CALL-001-P0039	1.0.0	BDOS-CALL-001	0039	Normal-return alias A=L	REQUIRED	generic CP/M 2.2 baseline	OR-0039	1.0.0	positive predicate	Assert A=L on every returning baseline function, including error returns.	Campaign manifest; raw observation; runner/probe source and executable hashes; fixture/profile identity; result record; before/after state for mutable media.	Observed behavior must satisfy the proposition oracle for every baseline campaign.	A FAIL defeats baseline certification; BLOCKED prevents certification.	profile manifest; restored fixture
BDOS-CALL-001-P0040	1.0.0	BDOS-CALL-001	0040	Normal-return alias B=H	REQUIRED	generic CP/M 2.2 baseline	OR-0040	1.0.0	positive predicate	Assert B=H on every returning baseline function.	Campaign manifest; raw observation; runner/probe source and executable hashes; fixture/profile identity; result record; before/after state for mutable media.	Observed behavior must satisfy the proposition oracle for every baseline campaign.	A FAIL defeats baseline certification; BLOCKED prevents certification.	profile manifest; restored fixture
BDOS-CALL-001-P0041	1.0.0	BDOS-CALL-001	0041	CP/M 2.2 BDOS selector range	REQUIRED	generic CP/M 2.2 baseline	OR-0041	1.0.0	positive predicate	Baseline functions 0-40 are accounted for individually.	Campaign manifest; raw observation; runner/probe source and executable hashes; fixture/profile identity; result record; before/after state for mutable media.	Observed behavior must satisfy the proposition oracle for every baseline campaign.	A FAIL defeats baseline certification; BLOCKED prevents certification.	profile manifest; restored fixture
BDOS-CALL-001-P0042	1.0.0	BDOS-CALL-001	0042	Out-of-range BDOS result	REQUIRED	generic CP/M 2.2 baseline	OR-0042	1.0.0	positive predicate	Test representative selectors including 41, 42, 7Fh, 80h, and FFh.	Campaign manifest; raw observation; runner/probe source and executable hashes; fixture/profile identity; result record; before/after state for mutable media.	Observed behavior must satisfy the proposition oracle for every baseline campaign.	A FAIL defeats baseline certification; BLOCKED prevents certification.	profile manifest; restored fixture
BDOS-CALL-001-P0043	1.0.0	BDOS-CALL-001	0043	Caller SP restored on returning BDOS calls	REQUIRED	generic CP/M 2.2 baseline	OR-0043	1.0.0	positive predicate	Verify pre-call and post-return SP are equal for returning functions.	Campaign manifest; raw observation; runner/probe source and executable hashes; fixture/profile identity; result record; before/after state for mutable media.	Observed behavior must satisfy the proposition oracle for every baseline campaign.	A FAIL defeats baseline certification; BLOCKED prevents certification.	profile manifest; restored fixture
BDOS-CALL-001-P0044	1.0.0	BDOS-CALL-001	0044	DRI private BDOS stack mechanism	OUTSIDE SCOPE	generic CP/M 2.2 compatibility claim	OR-0044	1.0.0	anti-requirement	Do not test DRI internal stack addresses or implementation.	Campaign manifest; raw observation; runner/probe source and executable hashes; fixture/profile identity; result record; before/after state for mutable media.	The framework must not require equality with this behavior; testing may only verify that no baseline assertion depends on it.	Never a positive baseline gate; an attempted mandatory assertion is a framework-definition FAIL.	profile manifest; restored fixture
BDOS-CALL-001-P0045	1.0.0	BDOS-CALL-001	0045	AF preservation across BDOS	NOT GUARANTEED	generic CP/M 2.2 baseline	OR-0045	1.0.0	permitted variation	Callers must treat unspecified AF/flags state as clobbered.	Campaign manifest; raw observation; runner/probe source and executable hashes; fixture/profile identity; result record; before/after state for mutable media.	The candidate passes when it does not claim the incidental behavior as a portable guarantee and remains within any explicitly stated accepted set.	A candidate is not failed for differing from DRI; a contradictory portability guarantee is a framework FAIL.	profile manifest; restored fixture
BDOS-CALL-001-P0046	1.0.0	BDOS-CALL-001	0046	BC preservation across BDOS	NOT GUARANTEED	generic CP/M 2.2 baseline	OR-0046	1.0.0	permitted variation	Callers must not depend upon BC preservation.	Campaign manifest; raw observation; runner/probe source and executable hashes; fixture/profile identity; result record; before/after state for mutable media.	The candidate passes when it does not claim the incidental behavior as a portable guarantee and remains within any explicitly stated accepted set.	A candidate is not failed for differing from DRI; a contradictory portability guarantee is a framework FAIL.	profile manifest; restored fixture
BDOS-CALL-001-P0047	1.0.0	BDOS-CALL-001	0047	DE preservation across BDOS	NOT GUARANTEED	generic CP/M 2.2 baseline	OR-0047	1.0.0	permitted variation	Callers must not depend upon DE preservation.	Campaign manifest; raw observation; runner/probe source and executable hashes; fixture/profile identity; result record; before/after state for mutable media.	The candidate passes when it does not claim the incidental behavior as a portable guarantee and remains within any explicitly stated accepted set.	A candidate is not failed for differing from DRI; a contradictory portability guarantee is a framework FAIL.	profile manifest; restored fixture
BDOS-CALL-001-P0048	1.0.0	BDOS-CALL-001	0048	HL preservation across BDOS	NOT GUARANTEED	generic CP/M 2.2 baseline	OR-0048	1.0.0	permitted variation	Callers must not depend upon prior HL surviving a call.	Campaign manifest; raw observation; runner/probe source and executable hashes; fixture/profile identity; result record; before/after state for mutable media.	The candidate passes when it does not claim the incidental behavior as a portable guarantee and remains within any explicitly stated accepted set.	A candidate is not failed for differing from DRI; a contradictory portability guarantee is a framework FAIL.	profile manifest; restored fixture
BDOS-CALL-001-P0049	1.0.0	BDOS-CALL-001	0049	Z80-only and alternate-register preservation	NOT GUARANTEED	generic CP/M 2.2 baseline	OR-0049	1.0.0	permitted variation	Diagnostic tests may report changes but must not fail because BetterCP/M clobbers these registers.	Campaign manifest; raw observation; runner/probe source and executable hashes; fixture/profile identity; result record; before/after state for mutable media.	The candidate passes when it does not claim the incidental behavior as a portable guarantee and remains within any explicitly stated accepted set.	A candidate is not failed for differing from DRI; a contradictory portability guarantee is a framework FAIL.	profile manifest; restored fixture
BDOS-CALL-001-P0050	1.0.0	BDOS-CALL-001	0050	Valid-call C becomes input E	OUTSIDE SCOPE	generic CP/M 2.2 compatibility claim	OR-0050	1.0.0	anti-requirement	Applications must not rely upon returned C mirroring the input E value.	Campaign manifest; raw observation; runner/probe source and executable hashes; fixture/profile identity; result record; before/after state for mutable media.	The framework must not require equality with this behavior; testing may only verify that no baseline assertion depends on it.	Never a positive baseline gate; an attempted mandatory assertion is a framework-definition FAIL.	profile manifest; restored fixture
BDOS-CON-001-P0051	1.0.0	BDOS-CON-001	0051	Observed BDOS return flags	OUTSIDE SCOPE	generic CP/M 2.2 compatibility claim	OR-0051	1.0.0	anti-requirement	Generic BDOS tests do not require the DRI reference flags.	Campaign manifest; raw observation; runner/probe source and executable hashes; fixture/profile identity; result record; before/after state for mutable media.	The framework must not require equality with this behavior; testing may only verify that no baseline assertion depends on it.	Never a positive baseline gate; an attempted mandatory assertion is a framework-definition FAIL.	MEM-001; BIOS-001 as applicable
BDOS-CON-001-P0052	1.0.0	BDOS-CON-001	0052	Function 2 character source	REQUIRED	generic CP/M 2.2 baseline	OR-0052	1.0.0	positive predicate	Representative byte values supplied in E are emitted through the formatted console-output path.	Campaign manifest; raw observation; runner/probe source and executable hashes; fixture/profile identity; result record; before/after state for mutable media.	Observed behavior must satisfy the proposition oracle for every baseline campaign.	A FAIL defeats baseline certification; BLOCKED prevents certification.	MEM-001; BIOS-001 as applicable
BDOS-CON-001-P0053	1.0.0	BDOS-CON-001	0053	Function 2 treats '$' as ordinary data	REQUIRED	generic CP/M 2.2 baseline	OR-0053	1.0.0	positive predicate	Function 2 with E='$' emits '$'.	Campaign manifest; raw observation; runner/probe source and executable hashes; fixture/profile identity; result record; before/after state for mutable media.	Observed behavior must satisfy the proposition oracle for every baseline campaign.	A FAIL defeats baseline certification; BLOCKED prevents certification.	MEM-001; BIOS-001 as applicable
BDOS-CON-001-P0054	1.0.0	BDOS-CON-001	0054	Function 9 string address	REQUIRED	generic CP/M 2.2 baseline	OR-0054	1.0.0	positive predicate	Output begins with the byte at the supplied DE address.	Campaign manifest; raw observation; runner/probe source and executable hashes; fixture/profile identity; result record; before/after state for mutable media.	Observed behavior must satisfy the proposition oracle for every baseline campaign.	A FAIL defeats baseline certification; BLOCKED prevents certification.	MEM-001; BIOS-001 as applicable
BDOS-CON-001-P0055	1.0.0	BDOS-CON-001	0055	Function 9 '$' termination	REQUIRED	generic CP/M 2.2 baseline	OR-0055	1.0.0	positive predicate	Bytes following the first '$' are not emitted by that call.	Campaign manifest; raw observation; runner/probe source and executable hashes; fixture/profile identity; result record; before/after state for mutable media.	Observed behavior must satisfy the proposition oracle for every baseline campaign.	A FAIL defeats baseline certification; BLOCKED prevents certification.	MEM-001; BIOS-001 as applicable
BDOS-CON-001-P0056	1.0.0	BDOS-CON-001	0056	Function 9 terminator is not emitted	REQUIRED	generic CP/M 2.2 baseline	OR-0056	1.0.0	positive predicate	The terminating '$' does not appear in the console stream.	Campaign manifest; raw observation; runner/probe source and executable hashes; fixture/profile identity; result record; before/after state for mutable media.	Observed behavior must satisfy the proposition oracle for every baseline campaign.	A FAIL defeats baseline certification; BLOCKED prevents certification.	MEM-001; BIOS-001 as applicable
BDOS-CON-001-P0057	1.0.0	BDOS-CON-001	0057	Function 9 empty string	REQUIRED	generic CP/M 2.2 baseline	OR-0057	1.0.0	positive predicate	A string beginning with '$' produces empty output.	Campaign manifest; raw observation; runner/probe source and executable hashes; fixture/profile identity; result record; before/after state for mutable media.	Observed behavior must satisfy the proposition oracle for every baseline campaign.	A FAIL defeats baseline certification; BLOCKED prevents certification.	MEM-001; BIOS-001 as applicable
BDOS-CON-001-P0058	1.0.0	BDOS-CON-001	0058	Function 9 scans across ordinary control characters	REQUIRED	generic CP/M 2.2 baseline	OR-0058	1.0.0	positive predicate	A function 9 string containing embedded CR/LF continues until the first '$'.	Campaign manifest; raw observation; runner/probe source and executable hashes; fixture/profile identity; result record; before/after state for mutable media.	Observed behavior must satisfy the proposition oracle for every baseline campaign.	A FAIL defeats baseline certification; BLOCKED prevents certification.	MEM-001; BIOS-001 as applicable
BDOS-CON-001-P0059	1.0.0	BDOS-CON-001	0059	Function 2 uses formatted console output	REQUIRED	generic CP/M 2.2 baseline	OR-0059	1.0.0	positive predicate	Function 2 participates in the documented formatted-output behaviors tested separately below.	Campaign manifest; raw observation; runner/probe source and executable hashes; fixture/profile identity; result record; before/after state for mutable media.	Observed behavior must satisfy the proposition oracle for every baseline campaign.	A FAIL defeats baseline certification; BLOCKED prevents certification.	MEM-001; BIOS-001 as applicable
BDOS-CON-001-P0060	1.0.0	BDOS-CON-001	0060	Function 9 uses formatted console output	REQUIRED	generic CP/M 2.2 baseline	OR-0060	1.0.0	positive predicate	Function 9 participates in the same formatted-output state and transformations as function 2.	Campaign manifest; raw observation; runner/probe source and executable hashes; fixture/profile identity; result record; before/after state for mutable media.	Observed behavior must satisfy the proposition oracle for every baseline campaign.	A FAIL defeats baseline certification; BLOCKED prevents certification.	MEM-001; BIOS-001 as applicable
BDOS-CON-001-P0061	1.0.0	BDOS-CON-001	0061	Shared formatted-output state	REQUIRED	generic CP/M 2.2 baseline	OR-0061	1.0.0	positive predicate	Output by one function affects subsequent formatting by the other where the formatting rule depends on prior output state.	Campaign manifest; raw observation; runner/probe source and executable hashes; fixture/profile identity; result record; before/after state for mutable media.	Observed behavior must satisfy the proposition oracle for every baseline campaign.	A FAIL defeats baseline certification; BLOCKED prevents certification.	MEM-001; BIOS-001 as applicable
BDOS-CON-001-P0062	1.0.0	BDOS-CON-001	0062	TAB expansion	REQUIRED	generic CP/M 2.2 baseline	OR-0062	1.0.0	positive predicate	TABs at known logical columns expand to the required number of spaces to reach the next eight-column stop.	Campaign manifest; raw observation; runner/probe source and executable hashes; fixture/profile identity; result record; before/after state for mutable media.	Observed behavior must satisfy the proposition oracle for every baseline campaign.	A FAIL defeats baseline certification; BLOCKED prevents certification.	MEM-001; BIOS-001 as applicable
BDOS-CON-001-P0063	1.0.0	BDOS-CON-001	0063	Function 2 participates in scrolling control	REQUIRED	generic CP/M 2.2 baseline	OR-0063	1.0.0	positive predicate	A deterministic keyboard-input harness should verify the documented scrolling-control behavior.	Campaign manifest; raw observation; runner/probe source and executable hashes; fixture/profile identity; result record; before/after state for mutable media.	Observed behavior must satisfy the proposition oracle for every baseline campaign.	A FAIL defeats baseline certification; BLOCKED prevents certification.	MEM-001; BIOS-001 as applicable
BDOS-CON-001-P0064	1.0.0	BDOS-CON-001	0064	Function 9 participates in scrolling control	REQUIRED	generic CP/M 2.2 baseline	OR-0064	1.0.0	positive predicate	A deterministic keyboard-input harness should verify the documented scrolling-control behavior during function 9.	Campaign manifest; raw observation; runner/probe source and executable hashes; fixture/profile identity; result record; before/after state for mutable media.	Observed behavior must satisfy the proposition oracle for every baseline campaign.	A FAIL defeats baseline certification; BLOCKED prevents certification.	MEM-001; BIOS-001 as applicable
BDOS-CON-001-P0065	1.0.0	BDOS-CON-001	0065	Function 2 participates in active printer echo	REQUIRED	generic CP/M 2.2 baseline	OR-0065	1.0.0	positive predicate	With printer echo enabled, function-2 output appears at the logical printer as well as the console.	Campaign manifest; raw observation; runner/probe source and executable hashes; fixture/profile identity; result record; before/after state for mutable media.	Observed behavior must satisfy the proposition oracle for every baseline campaign.	A FAIL defeats baseline certification; BLOCKED prevents certification.	MEM-001; BIOS-001 as applicable
BDOS-CON-001-P0066	1.0.0	BDOS-CON-001	0066	Function 9 participates in active printer echo	REQUIRED	generic CP/M 2.2 baseline	OR-0066	1.0.0	positive predicate	With printer echo enabled, function-9 output appears at the logical printer as well as the console.	Campaign manifest; raw observation; runner/probe source and executable hashes; fixture/profile identity; result record; before/after state for mutable media.	Observed behavior must satisfy the proposition oracle for every baseline campaign.	A FAIL defeats baseline certification; BLOCKED prevents certification.	MEM-001; BIOS-001 as applicable
BDOS-CON-001-P0067	1.0.0	BDOS-CON-001	0067	Function 2 has no function-specific return value	NOT GUARANTEED	generic CP/M 2.2 baseline	OR-0067	1.0.0	permitted variation	Tests must not require a function-2-specific result value.	Campaign manifest; raw observation; runner/probe source and executable hashes; fixture/profile identity; result record; before/after state for mutable media.	The candidate passes when it does not claim the incidental behavior as a portable guarantee and remains within any explicitly stated accepted set.	A candidate is not failed for differing from DRI; a contradictory portability guarantee is a framework FAIL.	MEM-001; BIOS-001 as applicable
BDOS-CON-001-P0068	1.0.0	BDOS-CON-001	0068	Function 9 has no function-specific return value	NOT GUARANTEED	generic CP/M 2.2 baseline	OR-0068	1.0.0	permitted variation	Tests must not require a function-9-specific result value.	Campaign manifest; raw observation; runner/probe source and executable hashes; fixture/profile identity; result record; before/after state for mutable media.	The candidate passes when it does not claim the incidental behavior as a portable guarantee and remains within any explicitly stated accepted set.	A candidate is not failed for differing from DRI; a contradictory portability guarantee is a framework FAIL.	MEM-001; BIOS-001 as applicable
BDOS-CON-001-P0069	1.0.0	BDOS-CON-001	0069	Exact logical-column update rules	PROFILE REQUIRED	the DRI formatted-console profile	OR-0069	1.0.0	profile-gated positive	Profile test exercises the complete character-by-character column state machine.	Campaign manifest; raw observation; runner/probe source and executable hashes; fixture/profile identity; result record; before/after state for mutable media.	Observed behavior must satisfy the proposition oracle under the selected named profile.	A FAIL defeats that profile claim; NOT APPLICABLE is permitted only when the profile is not claimed.	MEM-001; BIOS-001 as applicable
BDOS-CON-001-P0070	1.0.0	BDOS-CON-001	0070	LF resets DRI logical column	PROFILE REQUIRED	the DRI formatted-console profile	OR-0070	1.0.0	profile-gated positive	Profile test separates LF state change from emitted LF byte.	Campaign manifest; raw observation; runner/probe source and executable hashes; fixture/profile identity; result record; before/after state for mutable media.	Observed behavior must satisfy the proposition oracle under the selected named profile.	A FAIL defeats that profile claim; NOT APPLICABLE is permitted only when the profile is not claimed.	MEM-001; BIOS-001 as applicable
BDOS-CON-001-P0071	1.0.0	BDOS-CON-001	0071	CR does not reset DRI logical column	PROFILE REQUIRED	the DRI formatted-console profile	OR-0071	1.0.0	profile-gated positive	Profile test emits CR then probes later column-dependent output.	Campaign manifest; raw observation; runner/probe source and executable hashes; fixture/profile identity; result record; before/after state for mutable media.	Observed behavior must satisfy the proposition oracle under the selected named profile.	A FAIL defeats that profile claim; NOT APPLICABLE is permitted only when the profile is not claimed.	MEM-001; BIOS-001 as applicable
BDOS-CON-001-P0072	1.0.0	BDOS-CON-001	0072	Pending-key buffering during formatted output	NOT GUARANTEED	generic CP/M 2.2 baseline	OR-0072	1.0.0	permitted variation	No baseline assertion about retained key or BIOS call count.	Campaign manifest; raw observation; runner/probe source and executable hashes; fixture/profile identity; result record; before/after state for mutable media.	The candidate passes when it does not claim the incidental behavior as a portable guarantee and remains within any explicitly stated accepted set.	A candidate is not failed for differing from DRI; a contradictory portability guarantee is a framework FAIL.	MEM-001; BIOS-001 as applicable
BDOS-CON-001-P0073	1.0.0	BDOS-CON-001	0073	Ctrl-C behavior after output pause	NOT GUARANTEED	generic CP/M 2.2 baseline	OR-0073	1.0.0	permitted variation	Exclude exact post-pause timing/state from certification; retain diagnostic coverage.	Campaign manifest; raw observation; runner/probe source and executable hashes; fixture/profile identity; result record; before/after state for mutable media.	The candidate passes when it does not claim the incidental behavior as a portable guarantee and remains within any explicitly stated accepted set.	A candidate is not failed for differing from DRI; a contradictory portability guarantee is a framework FAIL.	MEM-001; BIOS-001 as applicable
BDOS-CON-002-P0074	1.0.0	BDOS-CON-002	0074	DRI private formatted-output implementation state	OUTSIDE SCOPE	generic CP/M 2.2 compatibility claim	OR-0074	1.0.0	anti-requirement	Do not test private DRI variable locations or internal implementation structure.	Campaign manifest; raw observation; runner/probe source and executable hashes; fixture/profile identity; result record; before/after state for mutable media.	The framework must not require equality with this behavior; testing may only verify that no baseline assertion depends on it.	Never a positive baseline gate; an attempted mandatory assertion is a framework-definition FAIL.	MEM-001; BIOS-001 as applicable
BDOS-CON-005-P0075	1.0.0	BDOS-CON-005	0075	Function 6 direct-output selection	REQUIRED	generic CP/M 2.2 baseline	OR-0075	1.0.0	positive predicate	Representative valid ASCII characters with E not FFh select the direct-output path.	Campaign manifest; raw observation; runner/probe source and executable hashes; fixture/profile identity; result record; before/after state for mutable media.	Observed behavior must satisfy the proposition oracle for every baseline campaign.	A FAIL defeats baseline certification; BLOCKED prevents certification.	MEM-001; BIOS-001 as applicable
BDOS-CON-002-P0076	1.0.0	BDOS-CON-002	0076	Function 6 direct-output character source	REQUIRED	generic CP/M 2.2 baseline	OR-0076	1.0.0	positive predicate	Representative characters supplied in E are emitted unchanged through the logical-console output path.	Campaign manifest; raw observation; runner/probe source and executable hashes; fixture/profile identity; result record; before/after state for mutable media.	Observed behavior must satisfy the proposition oracle for every baseline campaign.	A FAIL defeats baseline certification; BLOCKED prevents certification.	MEM-001; BIOS-001 as applicable
BDOS-CON-005-P0077	1.0.0	BDOS-CON-005	0077	Function 6 direct output does not expand TAB	REQUIRED	generic CP/M 2.2 baseline	OR-0077	1.0.0	positive predicate	E=09h reaches console output as a TAB byte rather than a sequence of spaces.	Campaign manifest; raw observation; runner/probe source and executable hashes; fixture/profile identity; result record; before/after state for mutable media.	Observed behavior must satisfy the proposition oracle for every baseline campaign.	A FAIL defeats baseline certification; BLOCKED prevents certification.	MEM-001; BIOS-001 as applicable
BDOS-CON-002-P0078	1.0.0	BDOS-CON-002	0078	Function 6 direct output bypasses Ctrl-S scrolling control	REQUIRED	generic CP/M 2.2 baseline	OR-0078	1.0.0	positive predicate	Direct output is not interpreted by the BDOS formatted-output Ctrl-S path.	Campaign manifest; raw observation; runner/probe source and executable hashes; fixture/profile identity; result record; before/after state for mutable media.	Observed behavior must satisfy the proposition oracle for every baseline campaign.	A FAIL defeats baseline certification; BLOCKED prevents certification.	MEM-001; BIOS-001 as applicable
BDOS-CON-005-P0079	1.0.0	BDOS-CON-005	0079	Function 6 direct output bypasses Ctrl-P printer echo	REQUIRED	generic CP/M 2.2 baseline	OR-0079	1.0.0	positive predicate	Direct function-6 output remains absent from LIST while formatted output is echoed there.	Campaign manifest; raw observation; runner/probe source and executable hashes; fixture/profile identity; result record; before/after state for mutable media.	Observed behavior must satisfy the proposition oracle for every baseline campaign.	A FAIL defeats baseline certification; BLOCKED prevents certification.	MEM-001; BIOS-001 as applicable
BDOS-CON-002-P0080	1.0.0	BDOS-CON-002	0080	Function 6 direct output has no function-specific result	NOT GUARANTEED	generic CP/M 2.2 baseline	OR-0080	1.0.0	permitted variation	Tests must not require a particular function-6 direct-output result value.	Campaign manifest; raw observation; runner/probe source and executable hashes; fixture/profile identity; result record; before/after state for mutable media.	The candidate passes when it does not claim the incidental behavior as a portable guarantee and remains within any explicitly stated accepted set.	A candidate is not failed for differing from DRI; a contradictory portability guarantee is a framework FAIL.	MEM-001; BIOS-001 as applicable
BDOS-CON-005-P0081	1.0.0	BDOS-CON-005	0081	Function 6 nonblocking-input selection	REQUIRED	generic CP/M 2.2 baseline	OR-0081	1.0.0	positive predicate	C=06h with E=FFh selects the nonblocking input path.	Campaign manifest; raw observation; runner/probe source and executable hashes; fixture/profile identity; result record; before/after state for mutable media.	Observed behavior must satisfy the proposition oracle for every baseline campaign.	A FAIL defeats baseline certification; BLOCKED prevents certification.	MEM-001; BIOS-001 as applicable
BDOS-CON-002-P0082	1.0.0	BDOS-CON-002	0082	Function 6 no-input result	REQUIRED	generic CP/M 2.2 baseline	OR-0082	1.0.0	positive predicate	With no input ready, the call does not wait and returns 00h.	Campaign manifest; raw observation; runner/probe source and executable hashes; fixture/profile identity; result record; before/after state for mutable media.	Observed behavior must satisfy the proposition oracle for every baseline campaign.	A FAIL defeats baseline certification; BLOCKED prevents certification.	MEM-001; BIOS-001 as applicable
BDOS-CON-005-P0083	1.0.0	BDOS-CON-005	0083	Function 6 ready-input result	REQUIRED	generic CP/M 2.2 baseline	OR-0083	1.0.0	positive predicate	A deterministically supplied character is returned in A and consumed from the console input source.	Campaign manifest; raw observation; runner/probe source and executable hashes; fixture/profile identity; result record; before/after state for mutable media.	Observed behavior must satisfy the proposition oracle for every baseline campaign.	A FAIL defeats baseline certification; BLOCKED prevents certification.	MEM-001; BIOS-001 as applicable
BDOS-CON-002-P0084	1.0.0	BDOS-CON-002	0084	Function 6 input is unadorned	REQUIRED	generic CP/M 2.2 baseline	OR-0084	1.0.0	positive predicate	Input characters are returned without formatted-input echo or control-character processing.	Campaign manifest; raw observation; runner/probe source and executable hashes; fixture/profile identity; result record; before/after state for mutable media.	Observed behavior must satisfy the proposition oracle for every baseline campaign.	A FAIL defeats baseline certification; BLOCKED prevents certification.	MEM-001; BIOS-001 as applicable
BDOS-CON-005-P0085	1.0.0	BDOS-CON-005	0085	Function 11 not-ready result	REQUIRED	generic CP/M 2.2 baseline	OR-0085	1.0.0	positive predicate	With no input available, function 11 returns zero.	Campaign manifest; raw observation; runner/probe source and executable hashes; fixture/profile identity; result record; before/after state for mutable media.	Observed behavior must satisfy the proposition oracle for every baseline campaign.	A FAIL defeats baseline certification; BLOCKED prevents certification.	MEM-001; BIOS-001 as applicable
BDOS-CON-002-P0086	1.0.0	BDOS-CON-002	0086	Exact function 11 ready result	NOT GUARANTEED	generic CP/M 2.2 baseline	OR-0086	1.0.0	permitted variation	Require zero when not ready and nonzero when ready; vary/accept exact nonzero.	Campaign manifest; raw observation; runner/probe source and executable hashes; fixture/profile identity; result record; before/after state for mutable media.	The candidate passes when it does not claim the incidental behavior as a portable guarantee and remains within any explicitly stated accepted set.	A candidate is not failed for differing from DRI; a contradictory portability guarantee is a framework FAIL.	MEM-001; BIOS-001 as applicable
BDOS-CON-005-P0087	1.0.0	BDOS-CON-005	0087	Function 11 pending-byte retention	NOT GUARANTEED	generic CP/M 2.2 baseline	OR-0087	1.0.0	permitted variation	Do not assert retention or exact BIOS input-call count in baseline.	Campaign manifest; raw observation; runner/probe source and executable hashes; fixture/profile identity; result record; before/after state for mutable media.	The candidate passes when it does not claim the incidental behavior as a portable guarantee and remains within any explicitly stated accepted set.	A candidate is not failed for differing from DRI; a contradictory portability guarantee is a framework FAIL.	MEM-001; BIOS-001 as applicable
BDOS-CON-002-P0088	1.0.0	BDOS-CON-002	0088	DRI function 6 ignores retained pending byte	NOT GUARANTEED	generic CP/M 2.2 baseline	OR-0088	1.0.0	permitted variation	Test Function 6's direct zero/nonzero input behavior without preconditioning on private retained state.	Campaign manifest; raw observation; runner/probe source and executable hashes; fixture/profile identity; result record; before/after state for mutable media.	The candidate passes when it does not claim the incidental behavior as a portable guarantee and remains within any explicitly stated accepted set.	A candidate is not failed for differing from DRI; a contradictory portability guarantee is a framework FAIL.	MEM-001; BIOS-001 as applicable
BDOS-CON-005-P0089	1.0.0	BDOS-CON-005	0089	DRI function 6 E=FEh behavior	OUTSIDE SCOPE	generic CP/M 2.2 compatibility claim	OR-0089	1.0.0	anti-requirement	Do not require the E=FEh branch or its observed zero result.	Campaign manifest; raw observation; runner/probe source and executable hashes; fixture/profile identity; result record; before/after state for mutable media.	The framework must not require equality with this behavior; testing may only verify that no baseline assertion depends on it.	Never a positive baseline gate; an attempted mandatory assertion is a framework-definition FAIL.	MEM-001; BIOS-001 as applicable
BDOS-CON-003-P0090	1.0.0	BDOS-CON-003	0090	DRI private pending-byte representation	OUTSIDE SCOPE	generic CP/M 2.2 compatibility claim	OR-0090	1.0.0	anti-requirement	Do not test DRI private variable locations or representation.	Campaign manifest; raw observation; runner/probe source and executable hashes; fixture/profile identity; result record; before/after state for mutable media.	The framework must not require equality with this behavior; testing may only verify that no baseline assertion depends on it.	Never a positive baseline gate; an attempted mandatory assertion is a framework-definition FAIL.	MEM-001; BIOS-001 as applicable
BDOS-CON-003-P0091	1.0.0	BDOS-CON-003	0091	Function 1 selector	REQUIRED	generic CP/M 2.2 baseline	OR-0091	1.0.0	positive predicate	C=01h selects Console Input.	Campaign manifest; raw observation; runner/probe source and executable hashes; fixture/profile identity; result record; before/after state for mutable media.	Observed behavior must satisfy the proposition oracle for every baseline campaign.	A FAIL defeats baseline certification; BLOCKED prevents certification.	MEM-001; BIOS-001 as applicable
BDOS-CON-003-P0092	1.0.0	BDOS-CON-003	0092	Function 1 blocking behavior	REQUIRED	generic CP/M 2.2 baseline	OR-0092	1.0.0	positive predicate	With no character available, function 1 does not return until input becomes available.	Campaign manifest; raw observation; runner/probe source and executable hashes; fixture/profile identity; result record; before/after state for mutable media.	Observed behavior must satisfy the proposition oracle for every baseline campaign.	A FAIL defeats baseline certification; BLOCKED prevents certification.	MEM-001; BIOS-001 as applicable
BDOS-CON-003-P0093	1.0.0	BDOS-CON-003	0093	Function 1 result character	REQUIRED	generic CP/M 2.2 baseline	OR-0093	1.0.0	positive predicate	A deterministically supplied character is returned in A; common return aliases are tested separately.	Campaign manifest; raw observation; runner/probe source and executable hashes; fixture/profile identity; result record; before/after state for mutable media.	Observed behavior must satisfy the proposition oracle for every baseline campaign.	A FAIL defeats baseline certification; BLOCKED prevents certification.	MEM-001; BIOS-001 as applicable
BDOS-CON-003-P0094	1.0.0	BDOS-CON-003	0094	Function 1 echoes graphic characters	REQUIRED	generic CP/M 2.2 baseline	OR-0094	1.0.0	positive predicate	A representative graphic character is returned and echoed once.	Campaign manifest; raw observation; runner/probe source and executable hashes; fixture/profile identity; result record; before/after state for mutable media.	Observed behavior must satisfy the proposition oracle for every baseline campaign.	A FAIL defeats baseline certification; BLOCKED prevents certification.	MEM-001; BIOS-001 as applicable
BDOS-CON-003-P0095	1.0.0	BDOS-CON-003	0095	Function 1 echoes CR	REQUIRED	generic CP/M 2.2 baseline	OR-0095	1.0.0	positive predicate	Input CR is returned as 0Dh and echoed.	Campaign manifest; raw observation; runner/probe source and executable hashes; fixture/profile identity; result record; before/after state for mutable media.	Observed behavior must satisfy the proposition oracle for every baseline campaign.	A FAIL defeats baseline certification; BLOCKED prevents certification.	MEM-001; BIOS-001 as applicable
BDOS-CON-003-P0096	1.0.0	BDOS-CON-003	0096	Function 1 echoes LF	REQUIRED	generic CP/M 2.2 baseline	OR-0096	1.0.0	positive predicate	Input LF is returned as 0Ah and echoed.	Campaign manifest; raw observation; runner/probe source and executable hashes; fixture/profile identity; result record; before/after state for mutable media.	Observed behavior must satisfy the proposition oracle for every baseline campaign.	A FAIL defeats baseline certification; BLOCKED prevents certification.	MEM-001; BIOS-001 as applicable
BDOS-CON-003-P0097	1.0.0	BDOS-CON-003	0097	Function 1 echoes backspace	REQUIRED	generic CP/M 2.2 baseline	OR-0097	1.0.0	positive predicate	Input backspace is returned as 08h and echoed.	Campaign manifest; raw observation; runner/probe source and executable hashes; fixture/profile identity; result record; before/after state for mutable media.	Observed behavior must satisfy the proposition oracle for every baseline campaign.	A FAIL defeats baseline certification; BLOCKED prevents certification.	MEM-001; BIOS-001 as applicable
BDOS-CON-003-P0098	1.0.0	BDOS-CON-003	0098	Function 1 TAB echo expansion	REQUIRED	generic CP/M 2.2 baseline	OR-0098	1.0.0	positive predicate	At known logical columns, A=09h and the echo contains the spaces required to reach the next eight-column stop.	Campaign manifest; raw observation; runner/probe source and executable hashes; fixture/profile identity; result record; before/after state for mutable media.	Observed behavior must satisfy the proposition oracle for every baseline campaign.	A FAIL defeats baseline certification; BLOCKED prevents certification.	MEM-001; BIOS-001 as applicable
BDOS-CON-003-P0099	1.0.0	BDOS-CON-003	0099	Function 1 ordinary controls are not echoed	REQUIRED	generic CP/M 2.2 baseline	OR-0099	1.0.0	positive predicate	A representative ordinary control such as Ctrl-A is returned unchanged without console output.	Campaign manifest; raw observation; runner/probe source and executable hashes; fixture/profile identity; result record; before/after state for mutable media.	Observed behavior must satisfy the proposition oracle for every baseline campaign.	A FAIL defeats baseline certification; BLOCKED prevents certification.	MEM-001; BIOS-001 as applicable
BDOS-CON-003-P0100	1.0.0	BDOS-CON-003	0100	Function 1 echo uses shared formatted-console state	REQUIRED	generic CP/M 2.2 baseline	OR-0100	1.0.0	positive predicate	Function-1 echo exhibits the required shared formatting behavior across relevant calls.	Campaign manifest; raw observation; runner/probe source and executable hashes; fixture/profile identity; result record; before/after state for mutable media.	Observed behavior must satisfy the proposition oracle for every baseline campaign.	A FAIL defeats baseline certification; BLOCKED prevents certification.	MEM-001; BIOS-001 as applicable
BDOS-CON-003-P0101	1.0.0	BDOS-CON-003	0101	Function 1 echo participates in scrolling control	REQUIRED	generic CP/M 2.2 baseline	OR-0101	1.0.0	positive predicate	Verify with a deterministic scrolling-input harness; manually timed keyboard input is not sufficient evidence.	Campaign manifest; raw observation; runner/probe source and executable hashes; fixture/profile identity; result record; before/after state for mutable media.	Observed behavior must satisfy the proposition oracle for every baseline campaign.	A FAIL defeats baseline certification; BLOCKED prevents certification.	MEM-001; BIOS-001 as applicable
BDOS-CON-003-P0102	1.0.0	BDOS-CON-003	0102	Function 1 echo participates in active printer echo	REQUIRED	generic CP/M 2.2 baseline	OR-0102	1.0.0	positive predicate	With printer echo active, eligible echo appears at CONOUT and LIST after identical formatting; expanded TAB spaces are duplicated individually.	Campaign manifest; raw observation; runner/probe source and executable hashes; fixture/profile identity; result record; before/after state for mutable media.	Observed behavior must satisfy the proposition oracle for every baseline campaign.	A FAIL defeats baseline certification; BLOCKED prevents certification.	MEM-001; BIOS-001 as applicable
BDOS-CON-003-P0103	1.0.0	BDOS-CON-003	0103	Function-1 Ctrl-P printer-echo state change	PROFILE REQUIRED	the DRI formatted-console profile	OR-0103	1.0.0	profile-gated positive	Profile requires no toggle/no echo for Function-1 Ctrl-P.	Campaign manifest; raw observation; runner/probe source and executable hashes; fixture/profile identity; result record; before/after state for mutable media.	Observed behavior must satisfy the proposition oracle under the selected named profile.	A FAIL defeats that profile claim; NOT APPLICABLE is permitted only when the profile is not claimed.	MEM-001; BIOS-001 as applicable
BDOS-CON-003-P0104	1.0.0	BDOS-CON-003	0104	Function 1 consumes function-11-retained input	PROFILE REQUIRED	the DRI formatted-console profile	OR-0104	1.0.0	profile-gated positive	Activate only with the profile; verify returned byte, echo, and BIOS call count.	Campaign manifest; raw observation; runner/probe source and executable hashes; fixture/profile identity; result record; before/after state for mutable media.	Observed behavior must satisfy the proposition oracle under the selected named profile.	A FAIL defeats that profile claim; NOT APPLICABLE is permitted only when the profile is not claimed.	MEM-001; BIOS-001 as applicable
BDOS-CON-004-P0105	1.0.0	BDOS-CON-004	0105	DRI private function-1 implementation details	OUTSIDE SCOPE	generic CP/M 2.2 compatibility claim	OR-0105	1.0.0	anti-requirement	Do not test DRI private variable locations, helper-routine structure, or internal representation.	Campaign manifest; raw observation; runner/probe source and executable hashes; fixture/profile identity; result record; before/after state for mutable media.	The framework must not require equality with this behavior; testing may only verify that no baseline assertion depends on it.	Never a positive baseline gate; an attempted mandatory assertion is a framework-definition FAIL.	MEM-001; BIOS-001 as applicable
BDOS-CON-004-P0106	1.0.0	BDOS-CON-004	0106	Function 10 selector and buffer address	REQUIRED	generic CP/M 2.2 baseline	OR-0106	1.0.0	positive predicate	C=0Ah with DE addressing a valid buffer selects Read Console Buffer and operates on that buffer.	Campaign manifest; raw observation; runner/probe source and executable hashes; fixture/profile identity; result record; before/after state for mutable media.	Observed behavior must satisfy the proposition oracle for every baseline campaign.	A FAIL defeats baseline certification; BLOCKED prevents certification.	MEM-001; BIOS-001 as applicable
BDOS-CON-004-P0107	1.0.0	BDOS-CON-004	0107	Function 10 maximum byte	REQUIRED	generic CP/M 2.2 baseline	OR-0107	1.0.0	positive predicate	Test representative maximum values, including boundary values 1 and 255.	Campaign manifest; raw observation; runner/probe source and executable hashes; fixture/profile identity; result record; before/after state for mutable media.	Observed behavior must satisfy the proposition oracle for every baseline campaign.	A FAIL defeats baseline certification; BLOCKED prevents certification.	MEM-001; BIOS-001 as applicable
BDOS-CON-004-P0108	1.0.0	BDOS-CON-004	0108	Function 10 returned count	REQUIRED	generic CP/M 2.2 baseline	OR-0108	1.0.0	positive predicate	Compare DE+1 with the accepted edited length.	Campaign manifest; raw observation; runner/probe source and executable hashes; fixture/profile identity; result record; before/after state for mutable media.	Observed behavior must satisfy the proposition oracle for every baseline campaign.	A FAIL defeats baseline certification; BLOCKED prevents certification.	MEM-001; BIOS-001 as applicable
BDOS-CON-004-P0109	1.0.0	BDOS-CON-004	0109	Function 10 returned data location	REQUIRED	generic CP/M 2.2 baseline	OR-0109	1.0.0	positive predicate	Verify accepted characters occupy DE+2 onward in order.	Campaign manifest; raw observation; runner/probe source and executable hashes; fixture/profile identity; result record; before/after state for mutable media.	Observed behavior must satisfy the proposition oracle for every baseline campaign.	A FAIL defeats baseline certification; BLOCKED prevents certification.	MEM-001; BIOS-001 as applicable
BDOS-CON-004-P0110	1.0.0	BDOS-CON-004	0110	Bytes beyond function-10 returned count	NOT GUARANTEED	generic CP/M 2.2 baseline	OR-0110	1.0.0	permitted variation	Do not require particular values beyond the returned count.	Campaign manifest; raw observation; runner/probe source and executable hashes; fixture/profile identity; result record; before/after state for mutable media.	The candidate passes when it does not claim the incidental behavior as a portable guarantee and remains within any explicitly stated accepted set.	A candidate is not failed for differing from DRI; a contradictory portability guarantee is a framework FAIL.	MEM-001; BIOS-001 as applicable
BDOS-CON-004-P0111	1.0.0	BDOS-CON-004	0111	Function 10 CR termination	REQUIRED	generic CP/M 2.2 baseline	OR-0111	1.0.0	positive predicate	Supply data followed by CR and verify CR is absent from counted data.	Campaign manifest; raw observation; runner/probe source and executable hashes; fixture/profile identity; result record; before/after state for mutable media.	Observed behavior must satisfy the proposition oracle for every baseline campaign.	A FAIL defeats baseline certification; BLOCKED prevents certification.	MEM-001; BIOS-001 as applicable
BDOS-CON-004-P0112	1.0.0	BDOS-CON-004	0112	Function 10 LF termination	REQUIRED	generic CP/M 2.2 baseline	OR-0112	1.0.0	positive predicate	Supply data followed by LF and verify LF is absent from counted data.	Campaign manifest; raw observation; runner/probe source and executable hashes; fixture/profile identity; result record; before/after state for mutable media.	Observed behavior must satisfy the proposition oracle for every baseline campaign.	A FAIL defeats baseline certification; BLOCKED prevents certification.	MEM-001; BIOS-001 as applicable
BDOS-CON-004-P0113	1.0.0	BDOS-CON-004	0113	Function 10 capacity termination	REQUIRED	generic CP/M 2.2 baseline	OR-0113	1.0.0	positive predicate	Fill the buffer exactly and verify return without another BIOS CONIN.	Campaign manifest; raw observation; runner/probe source and executable hashes; fixture/profile identity; result record; before/after state for mutable media.	Observed behavior must satisfy the proposition oracle for every baseline campaign.	A FAIL defeats baseline certification; BLOCKED prevents certification.	MEM-001; BIOS-001 as applicable
BDOS-CON-004-P0114	1.0.0	BDOS-CON-004	0114	Function 10 ordinary-character storage and echo	REQUIRED	generic CP/M 2.2 baseline	OR-0114	1.0.0	positive predicate	Verify representative ordinary input is both stored and echoed.	Campaign manifest; raw observation; runner/probe source and executable hashes; fixture/profile identity; result record; before/after state for mutable media.	Observed behavior must satisfy the proposition oracle for every baseline campaign.	A FAIL defeats baseline certification; BLOCKED prevents certification.	MEM-001; BIOS-001 as applicable
BDOS-CON-004-P0115	1.0.0	BDOS-CON-004	0115	Function 10 backspace editing	REQUIRED	generic CP/M 2.2 baseline	OR-0115	1.0.0	positive predicate	Verify the preceding character is absent from returned edited data.	Campaign manifest; raw observation; runner/probe source and executable hashes; fixture/profile identity; result record; before/after state for mutable media.	Observed behavior must satisfy the proposition oracle for every baseline campaign.	A FAIL defeats baseline certification; BLOCKED prevents certification.	MEM-001; BIOS-001 as applicable
BDOS-CON-004-P0116	1.0.0	BDOS-CON-004	0116	Function 10 DEL editing	REQUIRED	generic CP/M 2.2 baseline	OR-0116	1.0.0	positive predicate	Verify the preceding character is absent from returned edited data.	Campaign manifest; raw observation; runner/probe source and executable hashes; fixture/profile identity; result record; before/after state for mutable media.	Observed behavior must satisfy the proposition oracle for every baseline campaign.	A FAIL defeats baseline certification; BLOCKED prevents certification.	MEM-001; BIOS-001 as applicable
BDOS-CON-004-P0117	1.0.0	BDOS-CON-004	0117	Function 10 initial Ctrl-C warm restart	REQUIRED	generic CP/M 2.2 baseline	OR-0117	1.0.0	positive predicate	Verify first-character Ctrl-C invokes warm-start behavior.	Campaign manifest; raw observation; runner/probe source and executable hashes; fixture/profile identity; result record; before/after state for mutable media.	Observed behavior must satisfy the proposition oracle for every baseline campaign.	A FAIL defeats baseline certification; BLOCKED prevents certification.	MEM-001; BIOS-001 as applicable
BDOS-CON-004-P0118	1.0.0	BDOS-CON-004	0118	Function 10 Ctrl-E line continuation	REQUIRED	generic CP/M 2.2 baseline	OR-0118	1.0.0	positive predicate	Verify data on both physical lines is retained in one returned logical line.	Campaign manifest; raw observation; runner/probe source and executable hashes; fixture/profile identity; result record; before/after state for mutable media.	Observed behavior must satisfy the proposition oracle for every baseline campaign.	A FAIL defeats baseline certification; BLOCKED prevents certification.	MEM-001; BIOS-001 as applicable
BDOS-CON-004-P0119	1.0.0	BDOS-CON-004	0119	Function 10 Ctrl-R redisplay	REQUIRED	generic CP/M 2.2 baseline	OR-0119	1.0.0	positive predicate	Verify pre-Ctrl-R data remains in the returned line.	Campaign manifest; raw observation; runner/probe source and executable hashes; fixture/profile identity; result record; before/after state for mutable media.	Observed behavior must satisfy the proposition oracle for every baseline campaign.	A FAIL defeats baseline certification; BLOCKED prevents certification.	MEM-001; BIOS-001 as applicable
BDOS-CON-004-P0120	1.0.0	BDOS-CON-004	0120	Function 10 Ctrl-U line deletion	REQUIRED	generic CP/M 2.2 baseline	OR-0120	1.0.0	positive predicate	Verify only replacement data after Ctrl-U is returned.	Campaign manifest; raw observation; runner/probe source and executable hashes; fixture/profile identity; result record; before/after state for mutable media.	Observed behavior must satisfy the proposition oracle for every baseline campaign.	A FAIL defeats baseline certification; BLOCKED prevents certification.	MEM-001; BIOS-001 as applicable
BDOS-CON-004-P0121	1.0.0	BDOS-CON-004	0121	Function 10 Ctrl-X line deletion	REQUIRED	generic CP/M 2.2 baseline	OR-0121	1.0.0	positive predicate	Verify prior data is discarded after Ctrl-X.	Campaign manifest; raw observation; runner/probe source and executable hashes; fixture/profile identity; result record; before/after state for mutable media.	Observed behavior must satisfy the proposition oracle for every baseline campaign.	A FAIL defeats baseline certification; BLOCKED prevents certification.	MEM-001; BIOS-001 as applicable
BDOS-CON-004-P0122	1.0.0	BDOS-CON-004	0122	Function 10 starting-column-relative editing	REQUIRED	generic CP/M 2.2 baseline	OR-0122	1.0.0	positive predicate	Begin at a nonzero logical column and verify leftward editing respects it.	Campaign manifest; raw observation; runner/probe source and executable hashes; fixture/profile identity; result record; before/after state for mutable media.	Observed behavior must satisfy the proposition oracle for every baseline campaign.	A FAIL defeats baseline certification; BLOCKED prevents certification.	MEM-001; BIOS-001 as applicable
BDOS-CON-004-P0123	1.0.0	BDOS-CON-004	0123	Function 10 stores no line terminator	REQUIRED	generic CP/M 2.2 baseline	OR-0123	1.0.0	positive predicate	Do not require CR, LF, NUL, or another terminator after counted data.	Campaign manifest; raw observation; runner/probe source and executable hashes; fixture/profile identity; result record; before/after state for mutable media.	Observed behavior must satisfy the proposition oracle for every baseline campaign.	A FAIL defeats baseline certification; BLOCKED prevents certification.	MEM-001; BIOS-001 as applicable
BDOS-CON-004-P0124	1.0.0	BDOS-CON-004	0124	Function 10 has no function-specific register result	NOT GUARANTEED	generic CP/M 2.2 baseline	OR-0124	1.0.0	permitted variation	Do not require a function-10-specific A or HL value.	Campaign manifest; raw observation; runner/probe source and executable hashes; fixture/profile identity; result record; before/after state for mutable media.	The candidate passes when it does not claim the incidental behavior as a portable guarantee and remains within any explicitly stated accepted set.	A candidate is not failed for differing from DRI; a contradictory portability guarantee is a framework FAIL.	MEM-001; BIOS-001 as applicable
BDOS-CON-004-P0125	1.0.0	BDOS-CON-004	0125	Function 10 Ctrl-P exclusion and printer-echo toggle	PROFILE REQUIRED	the DRI line-editor profile	OR-0125	1.0.0	profile-gated positive	Profile test separately requires exclusion from data and printer-echo toggle.	Campaign manifest; raw observation; runner/probe source and executable hashes; fixture/profile identity; result record; before/after state for mutable media.	Observed behavior must satisfy the proposition oracle under the selected named profile.	A FAIL defeats that profile claim; NOT APPLICABLE is permitted only when the profile is not claimed.	MEM-001; BIOS-001 as applicable
BDOS-CON-004-P0126	1.0.0	BDOS-CON-004	0126	Function 10 post-Ctrl-P echo state	PROFILE REQUIRED	the DRI line-editor profile	OR-0126	1.0.0	profile-gated positive	Profile test verifies subsequent echo reaches LIST as selected.	Campaign manifest; raw observation; runner/probe source and executable hashes; fixture/profile identity; result record; before/after state for mutable media.	Observed behavior must satisfy the proposition oracle under the selected named profile.	A FAIL defeats that profile claim; NOT APPLICABLE is permitted only when the profile is not claimed.	MEM-001; BIOS-001 as applicable
BDOS-CON-004-P0127	1.0.0	BDOS-CON-004	0127	Function 10 seven-bit input masking	PROFILE REQUIRED	the DRI line-editor profile	OR-0127	1.0.0	profile-gated positive	Profile injects high-bit bytes; baseline leaves their treatment unspecified.	Campaign manifest; raw observation; runner/probe source and executable hashes; fixture/profile identity; result record; before/after state for mutable media.	Observed behavior must satisfy the proposition oracle under the selected named profile.	A FAIL defeats that profile claim; NOT APPLICABLE is permitted only when the profile is not claimed.	MEM-001; BIOS-001 as applicable
BDOS-CON-004-P0128	1.0.0	BDOS-CON-004	0128	Function 10 exact correction-display bytes	PROFILE REQUIRED	the DRI line-editor presentation profile	OR-0128	1.0.0	profile-gated positive	Byte-exact correction transcript is profile-gated.	Campaign manifest; raw observation; runner/probe source and executable hashes; fixture/profile identity; result record; before/after state for mutable media.	Observed behavior must satisfy the proposition oracle under the selected named profile.	A FAIL defeats that profile claim; NOT APPLICABLE is permitted only when the profile is not claimed.	MEM-001; BIOS-001 as applicable
BDOS-CON-004-P0129	1.0.0	BDOS-CON-004	0129	Function 10 noninitial Ctrl-C behavior	PROFILE REQUIRED	the DRI line-editor profile	OR-0129	1.0.0	profile-gated positive	Profile test requires storage/display of noninitial Ctrl-C; baseline tests only documented initial Ctrl-C.	Campaign manifest; raw observation; runner/probe source and executable hashes; fixture/profile identity; result record; before/after state for mutable media.	Observed behavior must satisfy the proposition oracle under the selected named profile.	A FAIL defeats that profile claim; NOT APPLICABLE is permitted only when the profile is not claimed.	MEM-001; BIOS-001 as applicable
BDOS-CON-004-P0130	1.0.0	BDOS-CON-004	0130	DRI private function-10 editor organization	OUTSIDE SCOPE	generic CP/M 2.2 compatibility claim	OR-0130	1.0.0	anti-requirement	Do not test private DRI implementation structure.	Campaign manifest; raw observation; runner/probe source and executable hashes; fixture/profile identity; result record; before/after state for mutable media.	The framework must not require equality with this behavior; testing may only verify that no baseline assertion depends on it.	Never a positive baseline gate; an attempted mandatory assertion is a framework-definition FAIL.	MEM-001; BIOS-001 as applicable
BDOS-STATE-002-P0131	1.0.0	BDOS-STATE-002	0131	DRI function-10 zero common result	OUTSIDE SCOPE	generic CP/M 2.2 compatibility claim	OR-0131	1.0.0	anti-requirement	Do not require DRI's zero common result.	Campaign manifest; raw observation; runner/probe source and executable hashes; fixture/profile identity; result record; before/after state for mutable media.	The framework must not require equality with this behavior; testing may only verify that no baseline assertion depends on it.	Never a positive baseline gate; an attempted mandatory assertion is a framework-definition FAIL.	MEM-001; BIOS-001 as applicable
BDOS-STATE-002-P0132	1.0.0	BDOS-STATE-002	0132	Function 13 selector	REQUIRED	generic CP/M 2.2 baseline	OR-0132	1.0.0	positive predicate	C=0Dh selects Reset Disk System.	Campaign manifest; raw observation; runner/probe source and executable hashes; fixture/profile identity; result record; before/after state for mutable media.	Observed behavior must satisfy the proposition oracle for every baseline campaign.	A FAIL defeats baseline certification; BLOCKED prevents certification.	MEM-001; BIOS-001 as applicable
BDOS-STATE-002-P0133	1.0.0	BDOS-STATE-002	0133	Function 13 read/write reset	REQUIRED	generic CP/M 2.2 baseline	OR-0133	1.0.0	positive predicate	Establish read-only state, call reset, and verify the read-only vector is cleared.	Campaign manifest; raw observation; runner/probe source and executable hashes; fixture/profile identity; result record; before/after state for mutable media.	Observed behavior must satisfy the proposition oracle for every baseline campaign.	A FAIL defeats baseline certification; BLOCKED prevents certification.	MEM-001; BIOS-001 as applicable
BDOS-STATE-002-P0134	1.0.0	BDOS-STATE-002	0134	Function 13 selects drive A	REQUIRED	generic CP/M 2.2 baseline	OR-0134	1.0.0	positive predicate	Reset from a non-A current drive and verify function 25 returns A.	Campaign manifest; raw observation; runner/probe source and executable hashes; fixture/profile identity; result record; before/after state for mutable media.	Observed behavior must satisfy the proposition oracle for every baseline campaign.	A FAIL defeats baseline certification; BLOCKED prevents certification.	MEM-001; BIOS-001 as applicable
BDOS-STATE-002-P0135	1.0.0	BDOS-STATE-002	0135	Function 13 restores default DMA	REQUIRED	generic CP/M 2.2 baseline	OR-0135	1.0.0	positive predicate	Set an alternate DMA address, reset, and verify subsequent default DMA use begins at 0080h.	Campaign manifest; raw observation; runner/probe source and executable hashes; fixture/profile identity; result record; before/after state for mutable media.	Observed behavior must satisfy the proposition oracle for every baseline campaign.	A FAIL defeats baseline certification; BLOCKED prevents certification.	MEM-001; BIOS-001 as applicable
BDOS-STATE-002-P0136	1.0.0	BDOS-STATE-002	0136	Function 13 resets login vector	REQUIRED	generic CP/M 2.2 baseline	OR-0136	1.0.0	positive predicate	Establish multiple logged drives, reset, and verify only A remains online.	Campaign manifest; raw observation; runner/probe source and executable hashes; fixture/profile identity; result record; before/after state for mutable media.	Observed behavior must satisfy the proposition oracle for every baseline campaign.	A FAIL defeats baseline certification; BLOCKED prevents certification.	MEM-001; BIOS-001 as applicable
BDOS-STATE-002-P0137	1.0.0	BDOS-STATE-002	0137	Function 13 function-specific result	NOT GUARANTEED	generic CP/M 2.2 baseline	OR-0137	1.0.0	permitted variation	Do not require a function-13-specific result.	Campaign manifest; raw observation; runner/probe source and executable hashes; fixture/profile identity; result record; before/after state for mutable media.	The candidate passes when it does not claim the incidental behavior as a portable guarantee and remains within any explicitly stated accepted set.	A candidate is not failed for differing from DRI; a contradictory portability guarantee is a framework FAIL.	MEM-001; BIOS-001 as applicable
BDOS-STATE-002-P0138	1.0.0	BDOS-STATE-002	0138	Function 14 selector	REQUIRED	generic CP/M 2.2 baseline	OR-0138	1.0.0	positive predicate	C=0Eh selects Select Disk.	Campaign manifest; raw observation; runner/probe source and executable hashes; fixture/profile identity; result record; before/after state for mutable media.	Observed behavior must satisfy the proposition oracle for every baseline campaign.	A FAIL defeats baseline certification; BLOCKED prevents certification.	MEM-001; BIOS-001 as applicable
BDOS-STATE-002-P0139	1.0.0	BDOS-STATE-002	0139	Function 14 drive numbering	REQUIRED	generic CP/M 2.2 baseline	OR-0139	1.0.0	positive predicate	Verify valid drive selections according to this mapping.	Campaign manifest; raw observation; runner/probe source and executable hashes; fixture/profile identity; result record; before/after state for mutable media.	Observed behavior must satisfy the proposition oracle for every baseline campaign.	A FAIL defeats baseline certification; BLOCKED prevents certification.	MEM-001; BIOS-001 as applicable
BDOS-STATE-002-P0140	1.0.0	BDOS-STATE-002	0140	Function 14 changes current disk	REQUIRED	generic CP/M 2.2 baseline	OR-0140	1.0.0	positive predicate	Select another drive and verify function 25.	Campaign manifest; raw observation; runner/probe source and executable hashes; fixture/profile identity; result record; before/after state for mutable media.	Observed behavior must satisfy the proposition oracle for every baseline campaign.	A FAIL defeats baseline certification; BLOCKED prevents certification.	MEM-001; BIOS-001 as applicable
BDOS-STATE-002-P0141	1.0.0	BDOS-STATE-002	0141	Function 14 logs selected drive	REQUIRED	generic CP/M 2.2 baseline	OR-0141	1.0.0	positive predicate	Verify the corresponding login-vector bit becomes set.	Campaign manifest; raw observation; runner/probe source and executable hashes; fixture/profile identity; result record; before/after state for mutable media.	Observed behavior must satisfy the proposition oracle for every baseline campaign.	A FAIL defeats baseline certification; BLOCKED prevents certification.	MEM-001; BIOS-001 as applicable
BDOS-STATE-002-P0142	1.0.0	BDOS-STATE-002	0142	Login vector is cumulative	REQUIRED	generic CP/M 2.2 baseline	OR-0142	1.0.0	positive predicate	Select multiple drives and verify all remain represented in the login vector.	Campaign manifest; raw observation; runner/probe source and executable hashes; fixture/profile identity; result record; before/after state for mutable media.	Observed behavior must satisfy the proposition oracle for every baseline campaign.	A FAIL defeats baseline certification; BLOCKED prevents certification.	MEM-001; BIOS-001 as applicable
BDOS-STATE-002-P0143	1.0.0	BDOS-STATE-002	0143	Standard media-change read-only behavior	REQUIRED	generic CP/M 2.2 baseline	OR-0143	1.0.0	positive predicate	Apply only where the target environment implements the documented media-change behavior.	Campaign manifest; raw observation; runner/probe source and executable hashes; fixture/profile identity; result record; before/after state for mutable media.	Observed behavior must satisfy the proposition oracle for every baseline campaign.	A FAIL defeats baseline certification; BLOCKED prevents certification.	MEM-001; BIOS-001 as applicable
BDOS-STATE-002-P0144	1.0.0	BDOS-STATE-002	0144	FCB drive code zero uses current disk	REQUIRED	generic CP/M 2.2 baseline	OR-0144	1.0.0	positive predicate	Execute a file operation with an FCB drive code of zero after changing current drive.	Campaign manifest; raw observation; runner/probe source and executable hashes; fixture/profile identity; result record; before/after state for mutable media.	Observed behavior must satisfy the proposition oracle for every baseline campaign.	A FAIL defeats baseline certification; BLOCKED prevents certification.	MEM-001; BIOS-001 as applicable
BDOS-STATE-002-P0145	1.0.0	BDOS-STATE-002	0145	Explicit FCB drive selection	REQUIRED	generic CP/M 2.2 baseline	OR-0145	1.0.0	positive predicate	Verify explicit-drive operations independently from current drive state.	Campaign manifest; raw observation; runner/probe source and executable hashes; fixture/profile identity; result record; before/after state for mutable media.	Observed behavior must satisfy the proposition oracle for every baseline campaign.	A FAIL defeats baseline certification; BLOCKED prevents certification.	MEM-001; BIOS-001 as applicable
BDOS-STATE-002-P0146	1.0.0	BDOS-STATE-002	0146	Explicit FCB selection does not permanently change current disk	REQUIRED	generic CP/M 2.2 baseline	OR-0146	1.0.0	positive predicate	Perform an explicit B-drive operation while A is current and verify restoration of A.	Campaign manifest; raw observation; runner/probe source and executable hashes; fixture/profile identity; result record; before/after state for mutable media.	Observed behavior must satisfy the proposition oracle for every baseline campaign.	A FAIL defeats baseline certification; BLOCKED prevents certification.	MEM-001; BIOS-001 as applicable
BDOS-STATE-002-P0147	1.0.0	BDOS-STATE-002	0147	Function 24 login vector result	REQUIRED	generic CP/M 2.2 baseline	OR-0147	1.0.0	positive predicate	Verify HL contains the login-vector value.	Campaign manifest; raw observation; runner/probe source and executable hashes; fixture/profile identity; result record; before/after state for mutable media.	Observed behavior must satisfy the proposition oracle for every baseline campaign.	A FAIL defeats baseline certification; BLOCKED prevents certification.	MEM-001; BIOS-001 as applicable
BDOS-STATE-002-P0148	1.0.0	BDOS-STATE-002	0148	Login vector bit mapping	REQUIRED	generic CP/M 2.2 baseline	OR-0148	1.0.0	positive predicate	Verify representative low and high drive bits.	Campaign manifest; raw observation; runner/probe source and executable hashes; fixture/profile identity; result record; before/after state for mutable media.	Observed behavior must satisfy the proposition oracle for every baseline campaign.	A FAIL defeats baseline certification; BLOCKED prevents certification.	MEM-001; BIOS-001 as applicable
BDOS-STATE-002-P0149	1.0.0	BDOS-STATE-002	0149	Login bit meaning	REQUIRED	generic CP/M 2.2 baseline	OR-0149	1.0.0	positive predicate	Verify login state after explicit and implicit drive use.	Campaign manifest; raw observation; runner/probe source and executable hashes; fixture/profile identity; result record; before/after state for mutable media.	Observed behavior must satisfy the proposition oracle for every baseline campaign.	A FAIL defeats baseline certification; BLOCKED prevents certification.	MEM-001; BIOS-001 as applicable
BDOS-STATE-002-P0150	1.0.0	BDOS-STATE-002	0150	Function 25 current disk result	REQUIRED	generic CP/M 2.2 baseline	OR-0150	1.0.0	positive predicate	Compare function 25 against controlled drive selections.	Campaign manifest; raw observation; runner/probe source and executable hashes; fixture/profile identity; result record; before/after state for mutable media.	Observed behavior must satisfy the proposition oracle for every baseline campaign.	A FAIL defeats baseline certification; BLOCKED prevents certification.	MEM-001; BIOS-001 as applicable
BDOS-STATE-002-P0151	1.0.0	BDOS-STATE-002	0151	Function 14 invalid-drive result	NOT GUARANTEED	generic CP/M 2.2 baseline	OR-0151	1.0.0	permitted variation	Do not require a specific invalid-drive result.	Campaign manifest; raw observation; runner/probe source and executable hashes; fixture/profile identity; result record; before/after state for mutable media.	The candidate passes when it does not claim the incidental behavior as a portable guarantee and remains within any explicitly stated accepted set.	A candidate is not failed for differing from DRI; a contradictory portability guarantee is a framework FAIL.	MEM-001; BIOS-001 as applicable
BDOS-STATE-002-P0152	1.0.0	BDOS-STATE-002	0152	Function 13/14 synchronization of page-zero 0004h	OUTSIDE SCOPE	generic CP/M 2.2 compatibility claim	OR-0152	1.0.0	anti-requirement	Do not require 0004h to track live BDOS drive state.	Campaign manifest; raw observation; runner/probe source and executable hashes; fixture/profile identity; result record; before/after state for mutable media.	The framework must not require equality with this behavior; testing may only verify that no baseline assertion depends on it.	Never a positive baseline gate; an attempted mandatory assertion is a framework-definition FAIL.	MEM-001; BIOS-001 as applicable
BDOS-STATE-002-P0153	1.0.0	BDOS-STATE-002	0153	DRI private disk-state implementation	OUTSIDE SCOPE	generic CP/M 2.2 compatibility claim	OR-0153	1.0.0	anti-requirement	Do not test internal state representation.	Campaign manifest; raw observation; runner/probe source and executable hashes; fixture/profile identity; result record; before/after state for mutable media.	The framework must not require equality with this behavior; testing may only verify that no baseline assertion depends on it.	Never a positive baseline gate; an attempted mandatory assertion is a framework-definition FAIL.	MEM-001; BIOS-001 as applicable
BDOS-STATE-002-P0154	1.0.0	BDOS-STATE-002	0154	Unavailable-drive presentation	PROFILE REQUIRED	the Interactive DRI error profile	OR-0154	1.0.0	profile-gated positive	Profile injects absent drive and checks interaction/recovery; baseline requires coherent failure only.	Campaign manifest; raw observation; runner/probe source and executable hashes; fixture/profile identity; result record; before/after state for mutable media.	Observed behavior must satisfy the proposition oracle under the selected named profile.	A FAIL defeats that profile claim; NOT APPLICABLE is permitted only when the profile is not claimed.	MEM-001; BIOS-001 as applicable
BDOS-FILE-001-P0155	1.0.0	BDOS-FILE-001	0155	Function 13 user-number preservation	REQUIRED	generic CP/M 2.2 baseline	OR-0155	1.0.0	positive predicate	Set nonzero user, call Function 13, require the same Function-32 result.	Campaign manifest; raw observation; runner/probe source and executable hashes; fixture/profile identity; result record; before/after state for mutable media.	Observed behavior must satisfy the proposition oracle for every baseline campaign.	A FAIL defeats baseline certification; BLOCKED prevents certification.	BDOS-CALL-001; BDOS-STATE-003; BIOS-004/006 as applicable
BDOS-FILE-002-P0156	1.0.0	BDOS-FILE-002	0156	Investigation 008 finding	REQUIRED	generic CP/M 2.2 baseline	OR-0156	1.0.0	positive predicate	Verify a sequential FCB occupies exactly bytes 0-32.	Campaign manifest; raw observation; runner/probe source and executable hashes; fixture/profile identity; result record; before/after state for mutable media.	Observed behavior must satisfy the proposition oracle for every baseline campaign.	A FAIL defeats baseline certification; BLOCKED prevents certification.	BDOS-CALL-001; BDOS-STATE-003; BIOS-004/006 as applicable
BDOS-FILE-001-P0157	1.0.0	BDOS-FILE-001	0157	Investigation 008 finding	REQUIRED	generic CP/M 2.2 baseline	OR-0157	1.0.0	positive predicate	Verify random-access use adds bytes 33-35 to the sequential FCB.	Campaign manifest; raw observation; runner/probe source and executable hashes; fixture/profile identity; result record; before/after state for mutable media.	Observed behavior must satisfy the proposition oracle for every baseline campaign.	A FAIL defeats baseline certification; BLOCKED prevents certification.	BDOS-CALL-001; BDOS-STATE-003; BIOS-004/006 as applicable
BDOS-FILE-002-P0158	1.0.0	BDOS-FILE-002	0158	Investigation 008 finding	REQUIRED	generic CP/M 2.2 baseline	OR-0158	1.0.0	positive predicate	Test drive byte 0 for current default and values 1-16 for A-P.	Campaign manifest; raw observation; runner/probe source and executable hashes; fixture/profile identity; result record; before/after state for mutable media.	Observed behavior must satisfy the proposition oracle for every baseline campaign.	A FAIL defeats baseline certification; BLOCKED prevents certification.	BDOS-CALL-001; BDOS-STATE-003; BIOS-004/006 as applicable
BDOS-FILE-001-P0159	1.0.0	BDOS-FILE-001	0159	Investigation 008 finding	REQUIRED	generic CP/M 2.2 baseline	OR-0159	1.0.0	positive predicate	Compare filename bytes for uppercase, cleared high bits, and space padding.	Campaign manifest; raw observation; runner/probe source and executable hashes; fixture/profile identity; result record; before/after state for mutable media.	Observed behavior must satisfy the proposition oracle for every baseline campaign.	A FAIL defeats baseline certification; BLOCKED prevents certification.	BDOS-CALL-001; BDOS-STATE-003; BIOS-004/006 as applicable
BDOS-FILE-002-P0160	1.0.0	BDOS-FILE-002	0160	Investigation 008 finding	REQUIRED	generic CP/M 2.2 baseline	OR-0160	1.0.0	positive predicate	Compare type bytes for the documented uppercase file type.	Campaign manifest; raw observation; runner/probe source and executable hashes; fixture/profile identity; result record; before/after state for mutable media.	Observed behavior must satisfy the proposition oracle for every baseline campaign.	A FAIL defeats baseline certification; BLOCKED prevents certification.	BDOS-CALL-001; BDOS-STATE-003; BIOS-004/006 as applicable
BDOS-FILE-001-P0161	1.0.0	BDOS-FILE-001	0161	Investigation 008 finding	REQUIRED	generic CP/M 2.2 baseline	OR-0161	1.0.0	positive predicate	Verify the documented high-bit attributes in type bytes 9-11.	Campaign manifest; raw observation; runner/probe source and executable hashes; fixture/profile identity; result record; before/after state for mutable media.	Observed behavior must satisfy the proposition oracle for every baseline campaign.	A FAIL defeats baseline certification; BLOCKED prevents certification.	BDOS-CALL-001; BDOS-STATE-003; BIOS-004/006 as applicable
BDOS-FILE-002-P0162	1.0.0	BDOS-FILE-002	0162	Investigation 008 finding	REQUIRED	generic CP/M 2.2 baseline	OR-0162	1.0.0	positive predicate	Verify EX is byte 12 and exercise caller initialization and values 0-31.	Campaign manifest; raw observation; runner/probe source and executable hashes; fixture/profile identity; result record; before/after state for mutable media.	Observed behavior must satisfy the proposition oracle for every baseline campaign.	A FAIL defeats baseline certification; BLOCKED prevents certification.	BDOS-CALL-001; BDOS-STATE-003; BIOS-004/006 as applicable
BDOS-FILE-001-P0163	1.0.0	BDOS-FILE-001	0163	Investigation 008 finding	NOT GUARANTEED	generic CP/M 2.2 baseline	OR-0163	1.0.0	permitted variation	Do not require any literal application-visible value in reserved S1.	Campaign manifest; raw observation; runner/probe source and executable hashes; fixture/profile identity; result record; before/after state for mutable media.	The candidate passes when it does not claim the incidental behavior as a portable guarantee and remains within any explicitly stated accepted set.	A candidate is not failed for differing from DRI; a contradictory portability guarantee is a framework FAIL.	BDOS-CALL-001; BDOS-STATE-003; BIOS-004/006 as applicable
BDOS-FILE-002-P0164	1.0.0	BDOS-FILE-002	0164	Investigation 008 finding	REQUIRED	generic CP/M 2.2 baseline	OR-0164	1.0.0	positive predicate	Verify S2 is byte 14 and is supplied as zero on OPEN, MAKE, and SEARCH.	Campaign manifest; raw observation; runner/probe source and executable hashes; fixture/profile identity; result record; before/after state for mutable media.	Observed behavior must satisfy the proposition oracle for every baseline campaign.	A FAIL defeats baseline certification; BLOCKED prevents certification.	BDOS-CALL-001; BDOS-STATE-003; BIOS-004/006 as applicable
BDOS-FILE-001-P0165	1.0.0	BDOS-FILE-001	0165	Investigation 008 finding	REQUIRED	generic CP/M 2.2 baseline	OR-0165	1.0.0	positive predicate	Verify RC is byte 15 and accepts the documented range 0-128.	Campaign manifest; raw observation; runner/probe source and executable hashes; fixture/profile identity; result record; before/after state for mutable media.	Observed behavior must satisfy the proposition oracle for every baseline campaign.	A FAIL defeats baseline certification; BLOCKED prevents certification.	BDOS-CALL-001; BDOS-STATE-003; BIOS-004/006 as applicable
BDOS-FILE-002-P0166	1.0.0	BDOS-FILE-002	0166	Investigation 008 finding	REQUIRED	generic CP/M 2.2 baseline	OR-0166	1.0.0	positive predicate	Verify bytes 16-31 receive CP/M allocation state after activation.	Campaign manifest; raw observation; runner/probe source and executable hashes; fixture/profile identity; result record; before/after state for mutable media.	Observed behavior must satisfy the proposition oracle for every baseline campaign.	A FAIL defeats baseline certification; BLOCKED prevents certification.	BDOS-CALL-001; BDOS-STATE-003; BIOS-004/006 as applicable
BDOS-FILE-001-P0167	1.0.0	BDOS-FILE-001	0167	Investigation 008 finding	REQUIRED	generic CP/M 2.2 baseline	OR-0167	1.0.0	positive predicate	Verify CR is byte 32 and controls sequential record position 0-127.	Campaign manifest; raw observation; runner/probe source and executable hashes; fixture/profile identity; result record; before/after state for mutable media.	Observed behavior must satisfy the proposition oracle for every baseline campaign.	A FAIL defeats baseline certification; BLOCKED prevents certification.	BDOS-CALL-001; BDOS-STATE-003; BIOS-004/006 as applicable
BDOS-FILE-002-P0168	1.0.0	BDOS-FILE-002	0168	Investigation 008 finding	REQUIRED	generic CP/M 2.2 baseline	OR-0168	1.0.0	positive predicate	Invoke function 15 with C=0Fh and DE addressing a controlled FCB.	Campaign manifest; raw observation; runner/probe source and executable hashes; fixture/profile identity; result record; before/after state for mutable media.	Observed behavior must satisfy the proposition oracle for every baseline campaign.	A FAIL defeats baseline certification; BLOCKED prevents certification.	BDOS-CALL-001; BDOS-STATE-003; BIOS-004/006 as applicable
BDOS-FILE-001-P0169	1.0.0	BDOS-FILE-001	0169	Investigation 008 finding	REQUIRED	generic CP/M 2.2 baseline	OR-0169	1.0.0	positive predicate	Open a known existing file for the current user on default and explicit drives.	Campaign manifest; raw observation; runner/probe source and executable hashes; fixture/profile identity; result record; before/after state for mutable media.	Observed behavior must satisfy the proposition oracle for every baseline campaign.	A FAIL defeats baseline certification; BLOCKED prevents certification.	BDOS-CALL-001; BDOS-STATE-003; BIOS-004/006 as applicable
BDOS-FILE-002-P0170	1.0.0	BDOS-FILE-002	0170	Investigation 008 finding	REQUIRED	generic CP/M 2.2 baseline	OR-0170	1.0.0	positive predicate	Open controlled files occupying directory slots 0-3 and verify A=0-3.	Campaign manifest; raw observation; runner/probe source and executable hashes; fixture/profile identity; result record; before/after state for mutable media.	Observed behavior must satisfy the proposition oracle for every baseline campaign.	A FAIL defeats baseline certification; BLOCKED prevents certification.	BDOS-CALL-001; BDOS-STATE-003; BIOS-004/006 as applicable
BDOS-FILE-001-P0171	1.0.0	BDOS-FILE-001	0171	Investigation 008 finding	REQUIRED	generic CP/M 2.2 baseline	OR-0171	1.0.0	positive predicate	Open a nonexistent name and require FFh in A.	Campaign manifest; raw observation; runner/probe source and executable hashes; fixture/profile identity; result record; before/after state for mutable media.	Observed behavior must satisfy the proposition oracle for every baseline campaign.	A FAIL defeats baseline certification; BLOCKED prevents certification.	BDOS-CALL-001; BDOS-STATE-003; BIOS-004/006 as applicable
BDOS-FILE-002-P0172	1.0.0	BDOS-FILE-002	0172	Investigation 008 finding	REQUIRED	generic CP/M 2.2 baseline	OR-0172	1.0.0	positive predicate	Open a known file and verify returned FCB state supports subsequent file I/O.	Campaign manifest; raw observation; runner/probe source and executable hashes; fixture/profile identity; result record; before/after state for mutable media.	Observed behavior must satisfy the proposition oracle for every baseline campaign.	A FAIL defeats baseline certification; BLOCKED prevents certification.	BDOS-CALL-001; BDOS-STATE-003; BIOS-004/006 as applicable
BDOS-FILE-001-P0173	1.0.0	BDOS-FILE-001	0173	Investigation 008 finding	REQUIRED	generic CP/M 2.2 baseline	OR-0173	1.0.0	positive predicate	Attempt access only after a successful open and require the documented lifecycle.	Campaign manifest; raw observation; runner/probe source and executable hashes; fixture/profile identity; result record; before/after state for mutable media.	Observed behavior must satisfy the proposition oracle for every baseline campaign.	A FAIL defeats baseline certification; BLOCKED prevents certification.	BDOS-CALL-001; BDOS-STATE-003; BIOS-004/006 as applicable
BDOS-FILE-002-P0174	1.0.0	BDOS-FILE-002	0174	Investigation 008 finding	REQUIRED	generic CP/M 2.2 baseline	OR-0174	1.0.0	positive predicate	Open controlled wildcard names and verify '?' matches corresponding characters.	Campaign manifest; raw observation; runner/probe source and executable hashes; fixture/profile identity; result record; before/after state for mutable media.	Observed behavior must satisfy the proposition oracle for every baseline campaign.	A FAIL defeats baseline certification; BLOCKED prevents certification.	BDOS-CALL-001; BDOS-STATE-003; BIOS-004/006 as applicable
BDOS-FILE-001-P0175	1.0.0	BDOS-FILE-001	0175	Investigation 008 finding	REQUIRED	generic CP/M 2.2 baseline	OR-0175	1.0.0	positive predicate	Open a wildcard matching several files and verify only the first match is activated.	Campaign manifest; raw observation; runner/probe source and executable hashes; fixture/profile identity; result record; before/after state for mutable media.	Observed behavior must satisfy the proposition oracle for every baseline campaign.	A FAIL defeats baseline certification; BLOCKED prevents certification.	BDOS-CALL-001; BDOS-STATE-003; BIOS-004/006 as applicable
BDOS-FILE-002-P0176	1.0.0	BDOS-FILE-002	0176	Investigation 008 finding	REQUIRED	generic CP/M 2.2 baseline	OR-0176	1.0.0	positive predicate	Set CR explicitly before open and verify open does not promise to reset it.	Campaign manifest; raw observation; runner/probe source and executable hashes; fixture/profile identity; result record; before/after state for mutable media.	Observed behavior must satisfy the proposition oracle for every baseline campaign.	A FAIL defeats baseline certification; BLOCKED prevents certification.	BDOS-CALL-001; BDOS-STATE-003; BIOS-004/006 as applicable
BDOS-FILE-001-P0177	1.0.0	BDOS-FILE-001	0177	Investigation 008 finding	REQUIRED	generic CP/M 2.2 baseline	OR-0177	1.0.0	positive predicate	Invoke function 16 with C=10h and DE addressing an activated FCB.	Campaign manifest; raw observation; runner/probe source and executable hashes; fixture/profile identity; result record; before/after state for mutable media.	Observed behavior must satisfy the proposition oracle for every baseline campaign.	A FAIL defeats baseline certification; BLOCKED prevents certification.	BDOS-CALL-001; BDOS-STATE-003; BIOS-004/006 as applicable
BDOS-FILE-002-P0178	1.0.0	BDOS-FILE-002	0178	Investigation 008 finding	REQUIRED	generic CP/M 2.2 baseline	OR-0178	1.0.0	positive predicate	Close after controlled writes, reopen, and verify the new directory state persists.	Campaign manifest; raw observation; runner/probe source and executable hashes; fixture/profile identity; result record; before/after state for mutable media.	Observed behavior must satisfy the proposition oracle for every baseline campaign.	A FAIL defeats baseline certification; BLOCKED prevents certification.	BDOS-CALL-001; BDOS-STATE-003; BIOS-004/006 as applicable
BDOS-FILE-001-P0179	1.0.0	BDOS-FILE-001	0179	Investigation 008 finding	REQUIRED	generic CP/M 2.2 baseline	OR-0179	1.0.0	positive predicate	Read a file without closing it and verify no close is required for persistence.	Campaign manifest; raw observation; runner/probe source and executable hashes; fixture/profile identity; result record; before/after state for mutable media.	Observed behavior must satisfy the proposition oracle for every baseline campaign.	A FAIL defeats baseline certification; BLOCKED prevents certification.	BDOS-CALL-001; BDOS-STATE-003; BIOS-004/006 as applicable
BDOS-FILE-002-P0180	1.0.0	BDOS-FILE-002	0180	Investigation 008 finding	REQUIRED	generic CP/M 2.2 baseline	OR-0180	1.0.0	positive predicate	Close controlled files occupying directory slots 0-3 and verify A=0-3.	Campaign manifest; raw observation; runner/probe source and executable hashes; fixture/profile identity; result record; before/after state for mutable media.	Observed behavior must satisfy the proposition oracle for every baseline campaign.	A FAIL defeats baseline certification; BLOCKED prevents certification.	BDOS-CALL-001; BDOS-STATE-003; BIOS-004/006 as applicable
BDOS-FILE-001-P0181	1.0.0	BDOS-FILE-001	0181	Investigation 008 finding	REQUIRED	generic CP/M 2.2 baseline	OR-0181	1.0.0	positive predicate	Close a dirty FCB whose filename is absent and require FFh in A.	Campaign manifest; raw observation; runner/probe source and executable hashes; fixture/profile identity; result record; before/after state for mutable media.	Observed behavior must satisfy the proposition oracle for every baseline campaign.	A FAIL defeats baseline certification; BLOCKED prevents certification.	BDOS-CALL-001; BDOS-STATE-003; BIOS-004/006 as applicable
BDOS-FILE-002-P0182	1.0.0	BDOS-FILE-002	0182	Investigation 008 finding	NOT GUARANTEED	generic CP/M 2.2 baseline	OR-0182	1.0.0	permitted variation	Exercise representative disk formats and do not require one application-owned allocation encoding.	Campaign manifest; raw observation; runner/probe source and executable hashes; fixture/profile identity; result record; before/after state for mutable media.	The candidate passes when it does not claim the incidental behavior as a portable guarantee and remains within any explicitly stated accepted set.	A candidate is not failed for differing from DRI; a contradictory portability guarantee is a framework FAIL.	BDOS-CALL-001; BDOS-STATE-003; BIOS-004/006 as applicable
BDOS-FILE-001-P0183	1.0.0	BDOS-FILE-001	0183	Investigation 008 finding	NOT GUARANTEED	generic CP/M 2.2 baseline	OR-0183	1.0.0	permitted variation	Poison/snapshot diagnostically, but assert only documented effects.	Campaign manifest; raw observation; runner/probe source and executable hashes; fixture/profile identity; result record; before/after state for mutable media.	The candidate passes when it does not claim the incidental behavior as a portable guarantee and remains within any explicitly stated accepted set.	A candidate is not failed for differing from DRI; a contradictory portability guarantee is a framework FAIL.	BDOS-CALL-001; BDOS-STATE-003; BIOS-004/006 as applicable
BDOS-FILE-002-P0184	1.0.0	BDOS-FILE-002	0184	Investigation 008 finding	OUTSIDE SCOPE	generic CP/M 2.2 compatibility claim	OR-0184	1.0.0	anti-requirement	Diagnose DRI high-S2 behavior but do not require that private representation.	Campaign manifest; raw observation; runner/probe source and executable hashes; fixture/profile identity; result record; before/after state for mutable media.	The framework must not require equality with this behavior; testing may only verify that no baseline assertion depends on it.	Never a positive baseline gate; an attempted mandatory assertion is a framework-definition FAIL.	BDOS-CALL-001; BDOS-STATE-003; BIOS-004/006 as applicable
BDOS-FILE-001-P0185	1.0.0	BDOS-FILE-001	0185	Investigation 008 finding	OUTSIDE SCOPE	generic CP/M 2.2 compatibility claim	OR-0185	1.0.0	anti-requirement	Close an unchanged read-only-use FCB; do not require DRI's exact zero result.	Campaign manifest; raw observation; runner/probe source and executable hashes; fixture/profile identity; result record; before/after state for mutable media.	The framework must not require equality with this behavior; testing may only verify that no baseline assertion depends on it.	Never a positive baseline gate; an attempted mandatory assertion is a framework-definition FAIL.	BDOS-CALL-001; BDOS-STATE-003; BIOS-004/006 as applicable
BDOS-FILE-002-P0186	1.0.0	BDOS-FILE-002	0186	Investigation 008 finding	OUTSIDE SCOPE	generic CP/M 2.2 compatibility claim	OR-0186	1.0.0	anti-requirement	Test public open/close results without requiring DRI search, copy, or merge internals.	Campaign manifest; raw observation; runner/probe source and executable hashes; fixture/profile identity; result record; before/after state for mutable media.	The framework must not require equality with this behavior; testing may only verify that no baseline assertion depends on it.	Never a positive baseline gate; an attempted mandatory assertion is a framework-definition FAIL.	BDOS-CALL-001; BDOS-STATE-003; BIOS-004/006 as applicable
BDOS-STATE-003-P0187	1.0.0	BDOS-STATE-003	0187	Investigation 008 finding	OUTSIDE SCOPE	generic CP/M 2.2 compatibility claim	OR-0187	1.0.0	anti-requirement	Do not require host-tool exact-byte-count data stored in reserved S1.	Campaign manifest; raw observation; runner/probe source and executable hashes; fixture/profile identity; result record; before/after state for mutable media.	The framework must not require equality with this behavior; testing may only verify that no baseline assertion depends on it.	Never a positive baseline gate; an attempted mandatory assertion is a framework-definition FAIL.	MEM-001; BIOS-001 as applicable
BDOS-STATE-003-P0188	1.0.0	BDOS-STATE-003	0188	Search First call convention	REQUIRED	generic CP/M 2.2 baseline	OR-0188	1.0.0	positive predicate	Invoke function 17 with C=11h and DE addressing a controlled search FCB.	Campaign manifest; raw observation; runner/probe source and executable hashes; fixture/profile identity; result record; before/after state for mutable media.	Observed behavior must satisfy the proposition oracle for every baseline campaign.	A FAIL defeats baseline certification; BLOCKED prevents certification.	MEM-001; BIOS-001 as applicable
BDOS-STATE-003-P0189	1.0.0	BDOS-STATE-003	0189	Search First initial directory scan position	REQUIRED	generic CP/M 2.2 baseline	OR-0189	1.0.0	positive predicate	Search a controlled directory and verify Search First begins at its first matching position.	Campaign manifest; raw observation; runner/probe source and executable hashes; fixture/profile identity; result record; before/after state for mutable media.	Observed behavior must satisfy the proposition oracle for every baseline campaign.	A FAIL defeats baseline certification; BLOCKED prevents certification.	MEM-001; BIOS-001 as applicable
BDOS-STATE-003-P0190	1.0.0	BDOS-STATE-003	0190	Search First successful result code	REQUIRED	generic CP/M 2.2 baseline	OR-0190	1.0.0	positive predicate	Place matches in directory slots 0-3 and verify successful Search First returns A=0-3.	Campaign manifest; raw observation; runner/probe source and executable hashes; fixture/profile identity; result record; before/after state for mutable media.	Observed behavior must satisfy the proposition oracle for every baseline campaign.	A FAIL defeats baseline certification; BLOCKED prevents certification.	MEM-001; BIOS-001 as applicable
BDOS-STATE-003-P0191	1.0.0	BDOS-STATE-003	0191	Search First unsuccessful result code	REQUIRED	generic CP/M 2.2 baseline	OR-0191	1.0.0	positive predicate	Search for a missing identity and require FFh in A.	Campaign manifest; raw observation; runner/probe source and executable hashes; fixture/profile identity; result record; before/after state for mutable media.	Observed behavior must satisfy the proposition oracle for every baseline campaign.	A FAIL defeats baseline certification; BLOCKED prevents certification.	MEM-001; BIOS-001 as applicable
BDOS-STATE-003-P0192	1.0.0	BDOS-STATE-003	0192	Search First DMA record transfer	REQUIRED	generic CP/M 2.2 baseline	OR-0192	1.0.0	positive predicate	On successful searches, compare all 128 bytes at the current DMA with the directory record.	Campaign manifest; raw observation; runner/probe source and executable hashes; fixture/profile identity; result record; before/after state for mutable media.	Observed behavior must satisfy the proposition oracle for every baseline campaign.	A FAIL defeats baseline certification; BLOCKED prevents certification.	MEM-001; BIOS-001 as applicable
BDOS-STATE-003-P0193	1.0.0	BDOS-STATE-003	0193	Search result entry offset	REQUIRED	generic CP/M 2.2 baseline	OR-0193	1.0.0	positive predicate	For each result 0-3, verify the matching entry begins at DMA+A*32.	Campaign manifest; raw observation; runner/probe source and executable hashes; fixture/profile identity; result record; before/after state for mutable media.	Observed behavior must satisfy the proposition oracle for every baseline campaign.	A FAIL defeats baseline certification; BLOCKED prevents certification.	MEM-001; BIOS-001 as applicable
BDOS-STATE-003-P0194	1.0.0	BDOS-STATE-003	0194	Search transfer record layout	REQUIRED	generic CP/M 2.2 baseline	OR-0194	1.0.0	positive predicate	Verify each successful DMA record exposes four 32-byte directory entries.	Campaign manifest; raw observation; runner/probe source and executable hashes; fixture/profile identity; result record; before/after state for mutable media.	Observed behavior must satisfy the proposition oracle for every baseline campaign.	A FAIL defeats baseline certification; BLOCKED prevents certification.	MEM-001; BIOS-001 as applicable
BDOS-STATE-003-P0195	1.0.0	BDOS-STATE-003	0195	Directory entry user number	REQUIRED	generic CP/M 2.2 baseline	OR-0195	1.0.0	positive predicate	Search across controlled users and verify byte 0 of each returned entry is its user number.	Campaign manifest; raw observation; runner/probe source and executable hashes; fixture/profile identity; result record; before/after state for mutable media.	Observed behavior must satisfy the proposition oracle for every baseline campaign.	A FAIL defeats baseline certification; BLOCKED prevents certification.	MEM-001; BIOS-001 as applicable
BDOS-FILE-003-P0196	1.0.0	BDOS-FILE-003	0196	Directory entry FCB field layout	REQUIRED	generic CP/M 2.2 baseline	OR-0196	1.0.0	positive predicate	Compare returned bytes 1-31 with the documented directory/FCB field form.	Campaign manifest; raw observation; runner/probe source and executable hashes; fixture/profile identity; result record; before/after state for mutable media.	Observed behavior must satisfy the proposition oracle for every baseline campaign.	A FAIL defeats baseline certification; BLOCKED prevents certification.	BDOS-CALL-001; BDOS-STATE-003; BIOS-004/006 as applicable
BDOS-STATE-003-P0197	1.0.0	BDOS-STATE-003	0197	Search wildcard matching	REQUIRED	generic CP/M 2.2 baseline	OR-0197	1.0.0	positive predicate	Test '?' independently in filename, type, and extent positions through EX.	Campaign manifest; raw observation; runner/probe source and executable hashes; fixture/profile identity; result record; before/after state for mutable media.	Observed behavior must satisfy the proposition oracle for every baseline campaign.	A FAIL defeats baseline certification; BLOCKED prevents certification.	MEM-001; BIOS-001 as applicable
BDOS-FILE-003-P0198	1.0.0	BDOS-FILE-003	0198	Type attribute comparison	REQUIRED	generic CP/M 2.2 baseline	OR-0198	1.0.0	positive predicate	Set documented type attribute bits and verify base type matching is unchanged.	Campaign manifest; raw observation; runner/probe source and executable hashes; fixture/profile identity; result record; before/after state for mutable media.	Observed behavior must satisfy the proposition oracle for every baseline campaign.	A FAIL defeats baseline certification; BLOCKED prevents certification.	BDOS-CALL-001; BDOS-STATE-003; BIOS-004/006 as applicable
BDOS-STATE-003-P0199	1.0.0	BDOS-STATE-003	0199	Default-drive FCB search	REQUIRED	generic CP/M 2.2 baseline	OR-0199	1.0.0	positive predicate	With FCB drive 0, change the current default and verify that drive is searched.	Campaign manifest; raw observation; runner/probe source and executable hashes; fixture/profile identity; result record; before/after state for mutable media.	Observed behavior must satisfy the proposition oracle for every baseline campaign.	A FAIL defeats baseline certification; BLOCKED prevents certification.	MEM-001; BIOS-001 as applicable
BDOS-FILE-003-P0200	1.0.0	BDOS-FILE-003	0200	Explicit-drive search	REQUIRED	generic CP/M 2.2 baseline	OR-0200	1.0.0	positive predicate	Search explicit drives 1-16 and verify the prior current default is restored afterward.	Campaign manifest; raw observation; runner/probe source and executable hashes; fixture/profile identity; result record; before/after state for mutable media.	Observed behavior must satisfy the proposition oracle for every baseline campaign.	A FAIL defeats baseline certification; BLOCKED prevents certification.	BDOS-CALL-001; BDOS-STATE-003; BIOS-004/006 as applicable
BDOS-STATE-003-P0201	1.0.0	BDOS-STATE-003	0201	Search First S2 handling	REQUIRED	generic CP/M 2.2 baseline	OR-0201	1.0.0	positive predicate	Perform ordinary Search First and verify S2 is automatically zeroed.	Campaign manifest; raw observation; runner/probe source and executable hashes; fixture/profile identity; result record; before/after state for mutable media.	Observed behavior must satisfy the proposition oracle for every baseline campaign.	A FAIL defeats baseline certification; BLOCKED prevents certification.	MEM-001; BIOS-001 as applicable
BDOS-FILE-003-P0202	1.0.0	BDOS-FILE-003	0202	All-user search wildcard drive	REQUIRED	generic CP/M 2.2 baseline	OR-0202	1.0.0	positive predicate	Search with dr='?' and verify the current drive is scanned across multiple user numbers.	Campaign manifest; raw observation; runner/probe source and executable hashes; fixture/profile identity; result record; before/after state for mutable media.	Observed behavior must satisfy the proposition oracle for every baseline campaign.	A FAIL defeats baseline certification; BLOCKED prevents certification.	BDOS-CALL-001; BDOS-STATE-003; BIOS-004/006 as applicable
BDOS-STATE-003-P0203	1.0.0	BDOS-STATE-003	0203	Search Next call convention	REQUIRED	generic CP/M 2.2 baseline	OR-0203	1.0.0	positive predicate	Invoke function 18 with C=12h and no new documented DE argument.	Campaign manifest; raw observation; runner/probe source and executable hashes; fixture/profile identity; result record; before/after state for mutable media.	Observed behavior must satisfy the proposition oracle for every baseline campaign.	A FAIL defeats baseline certification; BLOCKED prevents certification.	MEM-001; BIOS-001 as applicable
BDOS-FILE-003-P0204	1.0.0	BDOS-FILE-003	0204	Search Next continuation semantics	REQUIRED	generic CP/M 2.2 baseline	OR-0204	1.0.0	positive predicate	After Search First, call Search Next and verify scanning resumes after the last match.	Campaign manifest; raw observation; runner/probe source and executable hashes; fixture/profile identity; result record; before/after state for mutable media.	Observed behavior must satisfy the proposition oracle for every baseline campaign.	A FAIL defeats baseline certification; BLOCKED prevents certification.	BDOS-CALL-001; BDOS-STATE-003; BIOS-004/006 as applicable
BDOS-STATE-003-P0205	1.0.0	BDOS-STATE-003	0205	Search Next result and DMA relationship	REQUIRED	generic CP/M 2.2 baseline	OR-0205	1.0.0	positive predicate	For Search Next successes, verify A=0-3 and the same DMA+A*32 relationship.	Campaign manifest; raw observation; runner/probe source and executable hashes; fixture/profile identity; result record; before/after state for mutable media.	Observed behavior must satisfy the proposition oracle for every baseline campaign.	A FAIL defeats baseline certification; BLOCKED prevents certification.	MEM-001; BIOS-001 as applicable
BDOS-FILE-003-P0206	1.0.0	BDOS-FILE-003	0206	Search Next unsuccessful result code	REQUIRED	generic CP/M 2.2 baseline	OR-0206	1.0.0	positive predicate	Continue Search Next through exhaustion and require FFh after the final match.	Campaign manifest; raw observation; runner/probe source and executable hashes; fixture/profile identity; result record; before/after state for mutable media.	Observed behavior must satisfy the proposition oracle for every baseline campaign.	A FAIL defeats baseline certification; BLOCKED prevents certification.	BDOS-CALL-001; BDOS-STATE-003; BIOS-004/006 as applicable
BDOS-STATE-003-P0207	1.0.0	BDOS-STATE-003	0207	Search First restart behavior	REQUIRED	generic CP/M 2.2 baseline	OR-0207	1.0.0	positive predicate	Start a new Search First during a sequence and verify enumeration restarts and replaces it.	Campaign manifest; raw observation; runner/probe source and executable hashes; fixture/profile identity; result record; before/after state for mutable media.	Observed behavior must satisfy the proposition oracle for every baseline campaign.	A FAIL defeats baseline certification; BLOCKED prevents certification.	MEM-001; BIOS-001 as applicable
BDOS-FILE-003-P0208	1.0.0	BDOS-FILE-003	0208	Set DMA Address call convention	REQUIRED	generic CP/M 2.2 baseline	OR-0208	1.0.0	positive predicate	Invoke function 26 with C=1Ah and DE containing a controlled DMA address.	Campaign manifest; raw observation; runner/probe source and executable hashes; fixture/profile identity; result record; before/after state for mutable media.	Observed behavior must satisfy the proposition oracle for every baseline campaign.	A FAIL defeats baseline certification; BLOCKED prevents certification.	BDOS-CALL-001; BDOS-STATE-003; BIOS-004/006 as applicable
BDOS-STATE-003-P0209	1.0.0	BDOS-STATE-003	0209	DMA address persistence	REQUIRED	generic CP/M 2.2 baseline	OR-0209	1.0.0	positive predicate	Set an alternate DMA and verify it remains current until a documented set/reset/start transition.	Campaign manifest; raw observation; runner/probe source and executable hashes; fixture/profile identity; result record; before/after state for mutable media.	Observed behavior must satisfy the proposition oracle for every baseline campaign.	A FAIL defeats baseline certification; BLOCKED prevents certification.	MEM-001; BIOS-001 as applicable
BDOS-FILE-003-P0210	1.0.0	BDOS-FILE-003	0210	DMA change during search continuation	REQUIRED	generic CP/M 2.2 baseline	OR-0210	1.0.0	positive predicate	Change DMA between Search First and Search Next; verify continuation and transfer to the new address.	Campaign manifest; raw observation; runner/probe source and executable hashes; fixture/profile identity; result record; before/after state for mutable media.	Observed behavior must satisfy the proposition oracle for every baseline campaign.	A FAIL defeats baseline certification; BLOCKED prevents certification.	BDOS-CALL-001; BDOS-STATE-003; BIOS-004/006 as applicable
BDOS-STATE-003-P0211	1.0.0	BDOS-STATE-003	0211	Directory enumeration order	REQUIRED	generic CP/M 2.2 baseline	OR-0211	1.0.0	positive predicate	Enumerate a controlled nonalphabetic directory and verify physical/logical scan order.	Campaign manifest; raw observation; runner/probe source and executable hashes; fixture/profile identity; result record; before/after state for mutable media.	Observed behavior must satisfy the proposition oracle for every baseline campaign.	A FAIL defeats baseline certification; BLOCKED prevents certification.	MEM-001; BIOS-001 as applicable
BDOS-FILE-003-P0212	1.0.0	BDOS-FILE-003	0212	Repeat-search ordering stability	REQUIRED	generic CP/M 2.2 baseline	OR-0212	1.0.0	positive predicate	Repeat enumeration on unchanged directory state and require the same scan sequence.	Campaign manifest; raw observation; runner/probe source and executable hashes; fixture/profile identity; result record; before/after state for mutable media.	Observed behavior must satisfy the proposition oracle for every baseline campaign.	A FAIL defeats baseline certification; BLOCKED prevents certification.	BDOS-CALL-001; BDOS-STATE-003; BIOS-004/006 as applicable
BDOS-STATE-003-P0213	1.0.0	BDOS-STATE-003	0213	Enumeration ordering guarantee limitation	NOT GUARANTEED	generic CP/M 2.2 baseline	OR-0213	1.0.0	permitted variation	Do not require alphabetic order or identical order on independently laid-out directories.	Campaign manifest; raw observation; runner/probe source and executable hashes; fixture/profile identity; result record; before/after state for mutable media.	The candidate passes when it does not claim the incidental behavior as a portable guarantee and remains within any explicitly stated accepted set.	A candidate is not failed for differing from DRI; a contradictory portability guarantee is a framework FAIL.	MEM-001; BIOS-001 as applicable
BDOS-FILE-003-P0214	1.0.0	BDOS-FILE-003	0214	Default-drive continuation limitation	NOT GUARANTEED	generic CP/M 2.2 baseline	OR-0214	1.0.0	permitted variation	Change default drive between default-drive First/Next calls and do not require continuation on the original drive.	Campaign manifest; raw observation; runner/probe source and executable hashes; fixture/profile identity; result record; before/after state for mutable media.	The candidate passes when it does not claim the incidental behavior as a portable guarantee and remains within any explicitly stated accepted set.	A candidate is not failed for differing from DRI; a contradictory portability guarantee is a framework FAIL.	BDOS-CALL-001; BDOS-STATE-003; BIOS-004/006 as applicable
BDOS-STATE-003-P0215	1.0.0	BDOS-STATE-003	0215	Search continuation state limitation	NOT GUARANTEED	generic CP/M 2.2 baseline	OR-0215	1.0.0	permitted variation	Interleave another search or directory/media mutation and do not require preserved continuation.	Campaign manifest; raw observation; runner/probe source and executable hashes; fixture/profile identity; result record; before/after state for mutable media.	The candidate passes when it does not claim the incidental behavior as a portable guarantee and remains within any explicitly stated accepted set.	A candidate is not failed for differing from DRI; a contradictory portability guarantee is a framework FAIL.	MEM-001; BIOS-001 as applicable
BDOS-FILE-003-P0216	1.0.0	BDOS-FILE-003	0216	Failed-search DMA contents	NOT GUARANTEED	generic CP/M 2.2 baseline	OR-0216	1.0.0	permitted variation	After an FFh search result, do not treat or require DMA contents as valid result data.	Campaign manifest; raw observation; runner/probe source and executable hashes; fixture/profile identity; result record; before/after state for mutable media.	The candidate passes when it does not claim the incidental behavior as a portable guarantee and remains within any explicitly stated accepted set.	A candidate is not failed for differing from DRI; a contradictory portability guarantee is a framework FAIL.	BDOS-CALL-001; BDOS-STATE-003; BIOS-004/006 as applicable
BDOS-STATE-003-P0217	1.0.0	BDOS-STATE-003	0217	DRI FFh-path directory copy	OUTSIDE SCOPE	generic CP/M 2.2 compatibility claim	OR-0217	1.0.0	anti-requirement	Observe DRI's FFh-path DMA copy diagnostically but do not require it.	Campaign manifest; raw observation; runner/probe source and executable hashes; fixture/profile identity; result record; before/after state for mutable media.	The framework must not require equality with this behavior; testing may only verify that no baseline assertion depends on it.	Never a positive baseline gate; an attempted mandatory assertion is a framework-definition FAIL.	MEM-001; BIOS-001 as applicable
BDOS-FILE-004-P0218	1.0.0	BDOS-FILE-004	0218	DRI private search implementation	OUTSIDE SCOPE	generic CP/M 2.2 compatibility claim	OR-0218	1.0.0	anti-requirement	Test public search results without requiring DRI private buffers, counters, checksums, or search machinery.	Campaign manifest; raw observation; runner/probe source and executable hashes; fixture/profile identity; result record; before/after state for mutable media.	The framework must not require equality with this behavior; testing may only verify that no baseline assertion depends on it.	Never a positive baseline gate; an attempted mandatory assertion is a framework-definition FAIL.	BDOS-CALL-001; BDOS-STATE-003; BIOS-004/006 as applicable
BDOS-FILE-004-P0219	1.0.0	BDOS-FILE-004	0219	Function 20 call convention	REQUIRED	generic CP/M 2.2 baseline	OR-0219	1.0.0	positive predicate	Invoke with a known activated FCB and verify that this object controls the read.	Campaign manifest; raw observation; runner/probe source and executable hashes; fixture/profile identity; result record; before/after state for mutable media.	Observed behavior must satisfy the proposition oracle for every baseline campaign.	A FAIL defeats baseline certification; BLOCKED prevents certification.	BDOS-CALL-001; BDOS-STATE-003; BIOS-004/006 as applicable
BDOS-FILE-004-P0220	1.0.0	BDOS-FILE-004	0220	Activated-FCB precondition	REQUIRED	generic CP/M 2.2 baseline	OR-0220	1.0.0	positive predicate	Use Function 15 before the ordinary read sequence.	Campaign manifest; raw observation; runner/probe source and executable hashes; fixture/profile identity; result record; before/after state for mutable media.	Observed behavior must satisfy the proposition oracle for every baseline campaign.	A FAIL defeats baseline certification; BLOCKED prevents certification.	BDOS-CALL-001; BDOS-STATE-003; BIOS-004/006 as applicable
BDOS-FILE-004-P0221	1.0.0	BDOS-FILE-004	0221	Sequential position source	REQUIRED	generic CP/M 2.2 baseline	OR-0221	1.0.0	positive predicate	Set up a known open FCB and compare successive markers.	Campaign manifest; raw observation; runner/probe source and executable hashes; fixture/profile identity; result record; before/after state for mutable media.	Observed behavior must satisfy the proposition oracle for every baseline campaign.	A FAIL defeats baseline certification; BLOCKED prevents certification.	BDOS-CALL-001; BDOS-STATE-003; BIOS-004/006 as applicable
BDOS-FILE-004-P0222	1.0.0	BDOS-FILE-004	0222	Successful result	REQUIRED	generic CP/M 2.2 baseline	OR-0222	1.0.0	positive predicate	Read an allocated record.	Campaign manifest; raw observation; runner/probe source and executable hashes; fixture/profile identity; result record; before/after state for mutable media.	Observed behavior must satisfy the proposition oracle for every baseline campaign.	A FAIL defeats baseline certification; BLOCKED prevents certification.	BDOS-CALL-001; BDOS-STATE-003; BIOS-004/006 as applicable
BDOS-FILE-004-P0223	1.0.0	BDOS-FILE-004	0223	Successful transfer size	REQUIRED	generic CP/M 2.2 baseline	OR-0223	1.0.0	positive predicate	Guard and inspect the complete DMA area.	Campaign manifest; raw observation; runner/probe source and executable hashes; fixture/profile identity; result record; before/after state for mutable media.	Observed behavior must satisfy the proposition oracle for every baseline campaign.	A FAIL defeats baseline certification; BLOCKED prevents certification.	BDOS-CALL-001; BDOS-STATE-003; BIOS-004/006 as applicable
BDOS-FILE-004-P0224	1.0.0	BDOS-FILE-004	0224	Current DMA destination	REQUIRED	generic CP/M 2.2 baseline	OR-0224	1.0.0	positive predicate	Move DMA and protect 0080h with a sentinel.	Campaign manifest; raw observation; runner/probe source and executable hashes; fixture/profile identity; result record; before/after state for mutable media.	Observed behavior must satisfy the proposition oracle for every baseline campaign.	A FAIL defeats baseline certification; BLOCKED prevents certification.	BDOS-CALL-001; BDOS-STATE-003; BIOS-004/006 as applicable
BDOS-FILE-004-P0225	1.0.0	BDOS-FILE-004	0225	Partial-byte count	NOT GUARANTEED	generic CP/M 2.2 baseline	OR-0225	1.0.0	permitted variation	Programs shall derive any byte-level length from file-format content, not Function 20.	Campaign manifest; raw observation; runner/probe source and executable hashes; fixture/profile identity; result record; before/after state for mutable media.	The candidate passes when it does not claim the incidental behavior as a portable guarantee and remains within any explicitly stated accepted set.	A candidate is not failed for differing from DRI; a contradictory portability guarantee is a framework FAIL.	BDOS-CALL-001; BDOS-STATE-003; BIOS-004/006 as applicable
BDOS-FILE-004-P0226	1.0.0	BDOS-FILE-004	0226	Advance after success	REQUIRED	generic CP/M 2.2 baseline	OR-0226	1.0.0	positive predicate	Inspect CR and read distinct consecutive markers.	Campaign manifest; raw observation; runner/probe source and executable hashes; fixture/profile identity; result record; before/after state for mutable media.	Observed behavior must satisfy the proposition oracle for every baseline campaign.	A FAIL defeats baseline certification; BLOCKED prevents certification.	BDOS-CALL-001; BDOS-STATE-003; BIOS-004/006 as applicable
BDOS-FILE-004-P0227	1.0.0	BDOS-FILE-004	0227	CR progression within an extent	REQUIRED	generic CP/M 2.2 baseline	OR-0227	1.0.0	positive predicate	Observe CR=1,2,3 after three reads from CR=0.	Campaign manifest; raw observation; runner/probe source and executable hashes; fixture/profile identity; result record; before/after state for mutable media.	Observed behavior must satisfy the proposition oracle for every baseline campaign.	A FAIL defeats baseline certification; BLOCKED prevents certification.	BDOS-CALL-001; BDOS-STATE-003; BIOS-004/006 as applicable
BDOS-FILE-004-P0228	1.0.0	BDOS-FILE-004	0228	Full-extent position	REQUIRED	generic CP/M 2.2 baseline	OR-0228	1.0.0	positive predicate	Inspect the FCB after the 128th read.	Campaign manifest; raw observation; runner/probe source and executable hashes; fixture/profile identity; result record; before/after state for mutable media.	Observed behavior must satisfy the proposition oracle for every baseline campaign.	A FAIL defeats baseline certification; BLOCKED prevents certification.	BDOS-CALL-001; BDOS-STATE-003; BIOS-004/006 as applicable
BDOS-FILE-004-P0229	1.0.0	BDOS-FILE-004	0229	Automatic extent transition	REQUIRED	generic CP/M 2.2 baseline	OR-0229	1.0.0	positive predicate	Read records 128 and 129 in consecutive calls.	Campaign manifest; raw observation; runner/probe source and executable hashes; fixture/profile identity; result record; before/after state for mutable media.	Observed behavior must satisfy the proposition oracle for every baseline campaign.	A FAIL defeats baseline certification; BLOCKED prevents certification.	BDOS-CALL-001; BDOS-STATE-003; BIOS-004/006 as applicable
BDOS-FILE-004-P0230	1.0.0	BDOS-FILE-004	0230	New-extent first-record state	REQUIRED	generic CP/M 2.2 baseline	OR-0230	1.0.0	positive predicate	Inspect EX and CR after record 129.	Campaign manifest; raw observation; runner/probe source and executable hashes; fixture/profile identity; result record; before/after state for mutable media.	Observed behavior must satisfy the proposition oracle for every baseline campaign.	A FAIL defeats baseline certification; BLOCKED prevents certification.	BDOS-CALL-001; BDOS-STATE-003; BIOS-004/006 as applicable
BDOS-FILE-004-P0231	1.0.0	BDOS-FILE-004	0231	Extent working-state replacement	REQUIRED	generic CP/M 2.2 baseline	OR-0231	1.0.0	positive predicate	Verify EX, RC/allocation state, and continued reading.	Campaign manifest; raw observation; runner/probe source and executable hashes; fixture/profile identity; result record; before/after state for mutable media.	Observed behavior must satisfy the proposition oracle for every baseline campaign.	A FAIL defeats baseline certification; BLOCKED prevents certification.	BDOS-CALL-001; BDOS-STATE-003; BIOS-004/006 as applicable
BDOS-FILE-004-P0232	1.0.0	BDOS-FILE-004	0232	EOF/no-data result	REQUIRED	generic CP/M 2.2 baseline	OR-0232	1.0.0	positive predicate	Read once beyond a controlled file.	Campaign manifest; raw observation; runner/probe source and executable hashes; fixture/profile identity; result record; before/after state for mutable media.	Observed behavior must satisfy the proposition oracle for every baseline campaign.	A FAIL defeats baseline certification; BLOCKED prevents certification.	BDOS-CALL-001; BDOS-STATE-003; BIOS-004/006 as applicable
BDOS-FILE-004-P0233	1.0.0	BDOS-FILE-004	0233	Exact EOF code	NOT GUARANTEED	generic CP/M 2.2 baseline	OR-0233	1.0.0	permitted variation	Require nonzero EOF and accept any nonzero value not otherwise promised.	Campaign manifest; raw observation; runner/probe source and executable hashes; fixture/profile identity; result record; before/after state for mutable media.	The candidate passes when it does not claim the incidental behavior as a portable guarantee and remains within any explicitly stated accepted set.	A candidate is not failed for differing from DRI; a contradictory portability guarantee is a framework FAIL.	BDOS-CALL-001; BDOS-STATE-003; BIOS-004/006 as applicable
BDOS-FILE-004-P0234	1.0.0	BDOS-FILE-004	0234	Empty-file behavior	REQUIRED	generic CP/M 2.2 baseline	OR-0234	1.0.0	positive predicate	Open and read a zero-record file.	Campaign manifest; raw observation; runner/probe source and executable hashes; fixture/profile identity; result record; before/after state for mutable media.	Observed behavior must satisfy the proposition oracle for every baseline campaign.	A FAIL defeats baseline certification; BLOCKED prevents certification.	BDOS-CALL-001; BDOS-STATE-003; BIOS-004/006 as applicable
BDOS-FILE-004-P0235	1.0.0	BDOS-FILE-004	0235	Partial-final-extent EOF	REQUIRED	generic CP/M 2.2 baseline	OR-0235	1.0.0	positive predicate	Exhaust a two-record final extent.	Campaign manifest; raw observation; runner/probe source and executable hashes; fixture/profile identity; result record; before/after state for mutable media.	Observed behavior must satisfy the proposition oracle for every baseline campaign.	A FAIL defeats baseline certification; BLOCKED prevents certification.	BDOS-CALL-001; BDOS-STATE-003; BIOS-004/006 as applicable
BDOS-FILE-004-P0236	1.0.0	BDOS-FILE-004	0236	Exact-boundary EOF	REQUIRED	generic CP/M 2.2 baseline	OR-0236	1.0.0	positive predicate	Exhaust an exact 128-record file.	Campaign manifest; raw observation; runner/probe source and executable hashes; fixture/profile identity; result record; before/after state for mutable media.	Observed behavior must satisfy the proposition oracle for every baseline campaign.	A FAIL defeats baseline certification; BLOCKED prevents certification.	BDOS-CALL-001; BDOS-STATE-003; BIOS-004/006 as applicable
BDOS-FILE-004-P0237	1.0.0	BDOS-FILE-004	0237	Repeated EOF indication	REQUIRED	generic CP/M 2.2 baseline	OR-0237	1.0.0	positive predicate	Issue two reads beyond EOF.	Campaign manifest; raw observation; runner/probe source and executable hashes; fixture/profile identity; result record; before/after state for mutable media.	Observed behavior must satisfy the proposition oracle for every baseline campaign.	A FAIL defeats baseline certification; BLOCKED prevents certification.	BDOS-CALL-001; BDOS-STATE-003; BIOS-004/006 as applicable
BDOS-FILE-004-P0238	1.0.0	BDOS-FILE-004	0238	DMA contents after failure	NOT GUARANTEED	generic CP/M 2.2 baseline	OR-0238	1.0.0	permitted variation	Applications shall inspect DMA only after zero.	Campaign manifest; raw observation; runner/probe source and executable hashes; fixture/profile identity; result record; before/after state for mutable media.	The candidate passes when it does not claim the incidental behavior as a portable guarantee and remains within any explicitly stated accepted set.	A candidate is not failed for differing from DRI; a contradictory portability guarantee is a framework FAIL.	BDOS-CALL-001; BDOS-STATE-003; BIOS-004/006 as applicable
BDOS-FILE-004-P0239	1.0.0	BDOS-FILE-004	0239	FCB mutation	REQUIRED	generic CP/M 2.2 baseline	OR-0239	1.0.0	positive predicate	Compare the 33 working bytes before and after reads.	Campaign manifest; raw observation; runner/probe source and executable hashes; fixture/profile identity; result record; before/after state for mutable media.	Observed behavior must satisfy the proposition oracle for every baseline campaign.	A FAIL defeats baseline certification; BLOCKED prevents certification.	BDOS-CALL-001; BDOS-STATE-003; BIOS-004/006 as applicable
BDOS-FILE-004-P0240	1.0.0	BDOS-FILE-004	0240	Exact FCB image after failed read	NOT GUARANTEED	generic CP/M 2.2 baseline	OR-0240	1.0.0	permitted variation	Applications shall not require byte-for-byte FCB stability after failure.	Campaign manifest; raw observation; runner/probe source and executable hashes; fixture/profile identity; result record; before/after state for mutable media.	The candidate passes when it does not claim the incidental behavior as a portable guarantee and remains within any explicitly stated accepted set.	A candidate is not failed for differing from DRI; a contradictory portability guarantee is a framework FAIL.	BDOS-CALL-001; BDOS-STATE-003; BIOS-004/006 as applicable
BDOS-FILE-004-P0241	1.0.0	BDOS-FILE-004	0241	DRI exact-boundary EX drift	OUTSIDE SCOPE	generic CP/M 2.2 compatibility claim	OR-0241	1.0.0	anti-requirement	Accept any coherent post-EOF working representation.	Campaign manifest; raw observation; runner/probe source and executable hashes; fixture/profile identity; result record; before/after state for mutable media.	The framework must not require equality with this behavior; testing may only verify that no baseline assertion depends on it.	Never a positive baseline gate; an attempted mandatory assertion is a framework-definition FAIL.	BDOS-CALL-001; BDOS-STATE-003; BIOS-004/006 as applicable
BDOS-FILE-004-P0242	1.0.0	BDOS-FILE-004	0242	Explicit-drive read	REQUIRED	generic CP/M 2.2 baseline	OR-0242	1.0.0	positive predicate	Read a B-drive FCB while A remains default.	Campaign manifest; raw observation; runner/probe source and executable hashes; fixture/profile identity; result record; before/after state for mutable media.	Observed behavior must satisfy the proposition oracle for every baseline campaign.	A FAIL defeats baseline certification; BLOCKED prevents certification.	BDOS-CALL-001; BDOS-STATE-003; BIOS-004/006 as applicable
BDOS-FILE-004-P0243	1.0.0	BDOS-FILE-004	0243	Read-only readability	REQUIRED	generic CP/M 2.2 baseline	OR-0243	1.0.0	positive predicate	Open and read a read-only file.	Campaign manifest; raw observation; runner/probe source and executable hashes; fixture/profile identity; result record; before/after state for mutable media.	Observed behavior must satisfy the proposition oracle for every baseline campaign.	A FAIL defeats baseline certification; BLOCKED prevents certification.	BDOS-CALL-001; BDOS-STATE-003; BIOS-004/006 as applicable
BDOS-FILE-004-P0244	1.0.0	BDOS-FILE-004	0244	Unopened-FCB result	NOT GUARANTEED	generic CP/M 2.2 baseline	OR-0244	1.0.0	permitted variation	Compatible applications shall not depend on such a call.	Campaign manifest; raw observation; runner/probe source and executable hashes; fixture/profile identity; result record; before/after state for mutable media.	The candidate passes when it does not claim the incidental behavior as a portable guarantee and remains within any explicitly stated accepted set.	A candidate is not failed for differing from DRI; a contradictory portability guarantee is a framework FAIL.	BDOS-CALL-001; BDOS-STATE-003; BIOS-004/006 as applicable
BDOS-FILE-004-P0245	1.0.0	BDOS-FILE-004	0245	Invalid-FCB result	NOT GUARANTEED	generic CP/M 2.2 baseline	OR-0245	1.0.0	permitted variation	Compatible applications shall not synthesize activated working fields.	Campaign manifest; raw observation; runner/probe source and executable hashes; fixture/profile identity; result record; before/after state for mutable media.	The candidate passes when it does not claim the incidental behavior as a portable guarantee and remains within any explicitly stated accepted set.	A candidate is not failed for differing from DRI; a contradictory portability guarantee is a framework FAIL.	BDOS-CALL-001; BDOS-STATE-003; BIOS-004/006 as applicable
BDOS-FILE-004-P0246	1.0.0	BDOS-FILE-004	0246	Physical read-error presentation	PROFILE REQUIRED	the Interactive CP/M disk-error profile	OR-0246	1.0.0	profile-gated positive	Profile injects read fault and checks prompt, ignore, abort, and recovery; no invented file code.	Campaign manifest; raw observation; runner/probe source and executable hashes; fixture/profile identity; result record; before/after state for mutable media.	Observed behavior must satisfy the proposition oracle under the selected named profile.	A FAIL defeats that profile claim; NOT APPLICABLE is permitted only when the profile is not claimed.	BDOS-CALL-001; BDOS-STATE-003; BIOS-004/006 as applicable
BDOS-FILE-005-P0247	1.0.0	BDOS-FILE-005	0247	DRI internal read machinery	OUTSIDE SCOPE	generic CP/M 2.2 compatibility claim	OR-0247	1.0.0	anti-requirement	Test observable results and FCB state, not internal addresses or routines.	Campaign manifest; raw observation; runner/probe source and executable hashes; fixture/profile identity; result record; before/after state for mutable media.	The framework must not require equality with this behavior; testing may only verify that no baseline assertion depends on it.	Never a positive baseline gate; an attempted mandatory assertion is a framework-definition FAIL.	BDOS-CALL-001; BDOS-STATE-003; BIOS-004/006 as applicable
BDOS-FILE-005-P0248	1.0.0	BDOS-FILE-005	0248	Function 22 convention	REQUIRED	generic CP/M 2.2 baseline	OR-0248	1.0.0	positive predicate	Create a controlled new name.	Campaign manifest; raw observation; runner/probe source and executable hashes; fixture/profile identity; result record; before/after state for mutable media.	Observed behavior must satisfy the proposition oracle for every baseline campaign.	A FAIL defeats baseline certification; BLOCKED prevents certification.	BDOS-CALL-001; BDOS-STATE-003; BIOS-004/006 as applicable
BDOS-FILE-005-P0249	1.0.0	BDOS-FILE-005	0249	Make uniqueness precondition	REQUIRED	generic CP/M 2.2 baseline	OR-0249	1.0.0	positive predicate	Baseline tests use an absent exact name.	Campaign manifest; raw observation; runner/probe source and executable hashes; fixture/profile identity; result record; before/after state for mutable media.	Observed behavior must satisfy the proposition oracle for every baseline campaign.	A FAIL defeats baseline certification; BLOCKED prevents certification.	BDOS-CALL-001; BDOS-STATE-003; BIOS-004/006 as applicable
BDOS-FILE-005-P0250	1.0.0	BDOS-FILE-005	0250	New empty file	REQUIRED	generic CP/M 2.2 baseline	OR-0250	1.0.0	positive predicate	Search the name and inspect RC=0.	Campaign manifest; raw observation; runner/probe source and executable hashes; fixture/profile identity; result record; before/after state for mutable media.	Observed behavior must satisfy the proposition oracle for every baseline campaign.	A FAIL defeats baseline certification; BLOCKED prevents certification.	BDOS-CALL-001; BDOS-STATE-003; BIOS-004/006 as applicable
BDOS-FILE-005-P0251	1.0.0	BDOS-FILE-005	0251	Make activates FCB	REQUIRED	generic CP/M 2.2 baseline	OR-0251	1.0.0	positive predicate	Call Function 21 immediately.	Campaign manifest; raw observation; runner/probe source and executable hashes; fixture/profile identity; result record; before/after state for mutable media.	Observed behavior must satisfy the proposition oracle for every baseline campaign.	A FAIL defeats baseline certification; BLOCKED prevents certification.	BDOS-CALL-001; BDOS-STATE-003; BIOS-004/006 as applicable
BDOS-FILE-005-P0252	1.0.0	BDOS-FILE-005	0252	Make success result	REQUIRED	generic CP/M 2.2 baseline	OR-0252	1.0.0	positive predicate	Accept each slot code as success.	Campaign manifest; raw observation; runner/probe source and executable hashes; fixture/profile identity; result record; before/after state for mutable media.	Observed behavior must satisfy the proposition oracle for every baseline campaign.	A FAIL defeats baseline certification; BLOCKED prevents certification.	BDOS-CALL-001; BDOS-STATE-003; BIOS-004/006 as applicable
BDOS-FILE-005-P0253	1.0.0	BDOS-FILE-005	0253	Make directory-full result	REQUIRED	generic CP/M 2.2 baseline	OR-0253	1.0.0	positive predicate	Use a 64-entry-full test directory.	Campaign manifest; raw observation; runner/probe source and executable hashes; fixture/profile identity; result record; before/after state for mutable media.	Observed behavior must satisfy the proposition oracle for every baseline campaign.	A FAIL defeats baseline certification; BLOCKED prevents certification.	BDOS-CALL-001; BDOS-STATE-003; BIOS-004/006 as applicable
BDOS-FILE-005-P0254	1.0.0	BDOS-FILE-005	0254	Immediate empty-file visibility	REQUIRED	generic CP/M 2.2 baseline	OR-0254	1.0.0	positive predicate	Search First immediately after Make.	Campaign manifest; raw observation; runner/probe source and executable hashes; fixture/profile identity; result record; before/after state for mutable media.	Observed behavior must satisfy the proposition oracle for every baseline campaign.	A FAIL defeats baseline certification; BLOCKED prevents certification.	BDOS-CALL-001; BDOS-STATE-003; BIOS-004/006 as applicable
BDOS-FILE-005-P0255	1.0.0	BDOS-FILE-005	0255	Data-full empty Make	REQUIRED	generic CP/M 2.2 baseline	OR-0255	1.0.0	positive predicate	Make on allocation-full media with a free directory slot.	Campaign manifest; raw observation; runner/probe source and executable hashes; fixture/profile identity; result record; before/after state for mutable media.	Observed behavior must satisfy the proposition oracle for every baseline campaign.	A FAIL defeats baseline certification; BLOCKED prevents certification.	BDOS-CALL-001; BDOS-STATE-003; BIOS-004/006 as applicable
BDOS-FILE-011-P0256	1.0.0	BDOS-FILE-011	0256	Make on existing name	NOT GUARANTEED	generic CP/M 2.2 baseline	OR-0256	1.0.0	permitted variation	Compatible programs shall check/delete as appropriate before Make.	Campaign manifest; raw observation; runner/probe source and executable hashes; fixture/profile identity; result record; before/after state for mutable media.	The candidate passes when it does not claim the incidental behavior as a portable guarantee and remains within any explicitly stated accepted set.	A candidate is not failed for differing from DRI; a contradictory portability guarantee is a framework FAIL.	BDOS-CALL-001; BDOS-STATE-003; BIOS-004/006 as applicable
BDOS-FILE-005-P0257	1.0.0	BDOS-FILE-005	0257	Ambiguous Make name	NOT GUARANTEED	generic CP/M 2.2 baseline	OR-0257	1.0.0	permitted variation	Creation names shall be exact and valid.	Campaign manifest; raw observation; runner/probe source and executable hashes; fixture/profile identity; result record; before/after state for mutable media.	The candidate passes when it does not claim the incidental behavior as a portable guarantee and remains within any explicitly stated accepted set.	A candidate is not failed for differing from DRI; a contradictory portability guarantee is a framework FAIL.	BDOS-CALL-001; BDOS-STATE-003; BIOS-004/006 as applicable
BDOS-FILE-011-P0258	1.0.0	BDOS-FILE-011	0258	Immediate data-block reservation	OUTSIDE SCOPE	generic CP/M 2.2 compatibility claim	OR-0258	1.0.0	anti-requirement	Test the zero-record public state, not an internal reservation policy.	Campaign manifest; raw observation; runner/probe source and executable hashes; fixture/profile identity; result record; before/after state for mutable media.	The framework must not require equality with this behavior; testing may only verify that no baseline assertion depends on it.	Never a positive baseline gate; an attempted mandatory assertion is a framework-definition FAIL.	BDOS-CALL-001; BDOS-STATE-003; BIOS-004/006 as applicable
BDOS-FILE-005-P0259	1.0.0	BDOS-FILE-005	0259	Function 21 convention	REQUIRED	generic CP/M 2.2 baseline	OR-0259	1.0.0	positive predicate	Invoke after successful Open or Make.	Campaign manifest; raw observation; runner/probe source and executable hashes; fixture/profile identity; result record; before/after state for mutable media.	Observed behavior must satisfy the proposition oracle for every baseline campaign.	A FAIL defeats baseline certification; BLOCKED prevents certification.	BDOS-CALL-001; BDOS-STATE-003; BIOS-004/006 as applicable
BDOS-FILE-011-P0260	1.0.0	BDOS-FILE-011	0260	Write activation precondition	REQUIRED	generic CP/M 2.2 baseline	OR-0260	1.0.0	positive predicate	Ordinary tests never synthesize allocation fields.	Campaign manifest; raw observation; runner/probe source and executable hashes; fixture/profile identity; result record; before/after state for mutable media.	Observed behavior must satisfy the proposition oracle for every baseline campaign.	A FAIL defeats baseline certification; BLOCKED prevents certification.	BDOS-CALL-001; BDOS-STATE-003; BIOS-004/006 as applicable
BDOS-FILE-005-P0261	1.0.0	BDOS-FILE-005	0261	Write source position	REQUIRED	generic CP/M 2.2 baseline	OR-0261	1.0.0	positive predicate	Reopen and compare sequential markers.	Campaign manifest; raw observation; runner/probe source and executable hashes; fixture/profile identity; result record; before/after state for mutable media.	Observed behavior must satisfy the proposition oracle for every baseline campaign.	A FAIL defeats baseline certification; BLOCKED prevents certification.	BDOS-CALL-001; BDOS-STATE-003; BIOS-004/006 as applicable
BDOS-FILE-011-P0262	1.0.0	BDOS-FILE-011	0262	Successful write result	REQUIRED	generic CP/M 2.2 baseline	OR-0262	1.0.0	positive predicate	Write with available space.	Campaign manifest; raw observation; runner/probe source and executable hashes; fixture/profile identity; result record; before/after state for mutable media.	Observed behavior must satisfy the proposition oracle for every baseline campaign.	A FAIL defeats baseline certification; BLOCKED prevents certification.	BDOS-CALL-001; BDOS-STATE-003; BIOS-004/006 as applicable
BDOS-FILE-005-P0263	1.0.0	BDOS-FILE-005	0263	Write transfer size	REQUIRED	generic CP/M 2.2 baseline	OR-0263	1.0.0	positive predicate	Verify all bytes, including record tail.	Campaign manifest; raw observation; runner/probe source and executable hashes; fixture/profile identity; result record; before/after state for mutable media.	Observed behavior must satisfy the proposition oracle for every baseline campaign.	A FAIL defeats baseline certification; BLOCKED prevents certification.	BDOS-CALL-001; BDOS-STATE-003; BIOS-004/006 as applicable
BDOS-FILE-011-P0264	1.0.0	BDOS-FILE-011	0264	Current DMA source	REQUIRED	generic CP/M 2.2 baseline	OR-0264	1.0.0	positive predicate	Alternate DMA and reopen/read.	Campaign manifest; raw observation; runner/probe source and executable hashes; fixture/profile identity; result record; before/after state for mutable media.	Observed behavior must satisfy the proposition oracle for every baseline campaign.	A FAIL defeats baseline certification; BLOCKED prevents certification.	BDOS-CALL-001; BDOS-STATE-003; BIOS-004/006 as applicable
BDOS-FILE-005-P0265	1.0.0	BDOS-FILE-005	0265	Partial-record length	NOT GUARANTEED	generic CP/M 2.2 baseline	OR-0265	1.0.0	permitted variation	Applications pad their final logical record.	Campaign manifest; raw observation; runner/probe source and executable hashes; fixture/profile identity; result record; before/after state for mutable media.	The candidate passes when it does not claim the incidental behavior as a portable guarantee and remains within any explicitly stated accepted set.	A candidate is not failed for differing from DRI; a contradictory portability guarantee is a framework FAIL.	BDOS-CALL-001; BDOS-STATE-003; BIOS-004/006 as applicable
BDOS-FILE-011-P0266	1.0.0	BDOS-FILE-011	0266	CR advance after write	REQUIRED	generic CP/M 2.2 baseline	OR-0266	1.0.0	positive predicate	Observe CR after consecutive writes.	Campaign manifest; raw observation; runner/probe source and executable hashes; fixture/profile identity; result record; before/after state for mutable media.	Observed behavior must satisfy the proposition oracle for every baseline campaign.	A FAIL defeats baseline certification; BLOCKED prevents certification.	BDOS-CALL-001; BDOS-STATE-003; BIOS-004/006 as applicable
BDOS-FILE-005-P0267	1.0.0	BDOS-FILE-005	0267	RC extension	REQUIRED	generic CP/M 2.2 baseline	OR-0267	1.0.0	positive predicate	Observe RC=1 and RC=3.	Campaign manifest; raw observation; runner/probe source and executable hashes; fixture/profile identity; result record; before/after state for mutable media.	Observed behavior must satisfy the proposition oracle for every baseline campaign.	A FAIL defeats baseline certification; BLOCKED prevents certification.	BDOS-CALL-001; BDOS-STATE-003; BIOS-004/006 as applicable
BDOS-FILE-011-P0268	1.0.0	BDOS-FILE-011	0268	Existing-record overwrite	REQUIRED	generic CP/M 2.2 baseline	OR-0268	1.0.0	positive predicate	Open an existing file at a controlled CR and verify replacement.	Campaign manifest; raw observation; runner/probe source and executable hashes; fixture/profile identity; result record; before/after state for mutable media.	Observed behavior must satisfy the proposition oracle for every baseline campaign.	A FAIL defeats baseline certification; BLOCKED prevents certification.	BDOS-CALL-001; BDOS-STATE-003; BIOS-004/006 as applicable
BDOS-FILE-005-P0269	1.0.0	BDOS-FILE-005	0269	On-demand allocation	REQUIRED	generic CP/M 2.2 baseline	OR-0269	1.0.0	positive predicate	First write to a new file and continue reading it.	Campaign manifest; raw observation; runner/probe source and executable hashes; fixture/profile identity; result record; before/after state for mutable media.	Observed behavior must satisfy the proposition oracle for every baseline campaign.	A FAIL defeats baseline certification; BLOCKED prevents certification.	BDOS-CALL-001; BDOS-STATE-003; BIOS-004/006 as applicable
BDOS-FILE-011-P0270	1.0.0	BDOS-FILE-011	0270	Exact allocation choice	NOT GUARANTEED	generic CP/M 2.2 baseline	OR-0270	1.0.0	permitted variation	Validate reachability, not block identity.	Campaign manifest; raw observation; runner/probe source and executable hashes; fixture/profile identity; result record; before/after state for mutable media.	The candidate passes when it does not claim the incidental behavior as a portable guarantee and remains within any explicitly stated accepted set.	A candidate is not failed for differing from DRI; a contradictory portability guarantee is a framework FAIL.	BDOS-CALL-001; BDOS-STATE-003; BIOS-004/006 as applicable
BDOS-FILE-002-P0271	1.0.0	BDOS-FILE-002	0271	Automatic write extent transition	REQUIRED	generic CP/M 2.2 baseline	OR-0271	1.0.0	positive predicate	Write records 128 and 129 consecutively.	Campaign manifest; raw observation; runner/probe source and executable hashes; fixture/profile identity; result record; before/after state for mutable media.	Observed behavior must satisfy the proposition oracle for every baseline campaign.	A FAIL defeats baseline certification; BLOCKED prevents certification.	BDOS-CALL-001; BDOS-STATE-003; BIOS-004/006 as applicable
BDOS-FILE-005-P0272	1.0.0	BDOS-FILE-005	0272	Successful transition state	REQUIRED	generic CP/M 2.2 baseline	OR-0272	1.0.0	positive predicate	Inspect state and successfully write record 129.	Campaign manifest; raw observation; runner/probe source and executable hashes; fixture/profile identity; result record; before/after state for mutable media.	Observed behavior must satisfy the proposition oracle for every baseline campaign.	A FAIL defeats baseline certification; BLOCKED prevents certification.	BDOS-CALL-001; BDOS-STATE-003; BIOS-004/006 as applicable
BDOS-FILE-011-P0273	1.0.0	BDOS-FILE-011	0273	Full last record remains successful	REQUIRED	generic CP/M 2.2 baseline	OR-0273	1.0.0	positive predicate	Use a one-slot-left directory.	Campaign manifest; raw observation; runner/probe source and executable hashes; fixture/profile identity; result record; before/after state for mutable media.	Observed behavior must satisfy the proposition oracle for every baseline campaign.	A FAIL defeats baseline certification; BLOCKED prevents certification.	BDOS-CALL-001; BDOS-STATE-003; BIOS-004/006 as applicable
BDOS-FILE-002-P0274	1.0.0	BDOS-FILE-002	0274	Next-extent failure result	REQUIRED	generic CP/M 2.2 baseline	OR-0274	1.0.0	positive predicate	Attempt record 129 with no directory slot.	Campaign manifest; raw observation; runner/probe source and executable hashes; fixture/profile identity; result record; before/after state for mutable media.	Observed behavior must satisfy the proposition oracle for every baseline campaign.	A FAIL defeats baseline certification; BLOCKED prevents certification.	BDOS-CALL-001; BDOS-STATE-003; BIOS-004/006 as applicable
BDOS-FILE-005-P0275	1.0.0	BDOS-FILE-005	0275	Allocation-full failure	REQUIRED	generic CP/M 2.2 baseline	OR-0275	1.0.0	positive predicate	First write to an empty made file on allocation-full media.	Campaign manifest; raw observation; runner/probe source and executable hashes; fixture/profile identity; result record; before/after state for mutable media.	Observed behavior must satisfy the proposition oracle for every baseline campaign.	A FAIL defeats baseline certification; BLOCKED prevents certification.	BDOS-CALL-001; BDOS-STATE-003; BIOS-004/006 as applicable
BDOS-FILE-011-P0276	1.0.0	BDOS-FILE-011	0276	Exact write failure codes	REQUIRED	generic CP/M 2.2 baseline	OR-0276	1.0.0	positive predicate	Exhaust directory and allocation separately; require 01h and 02h.	Campaign manifest; raw observation; runner/probe source and executable hashes; fixture/profile identity; result record; before/after state for mutable media.	Observed behavior must satisfy the proposition oracle for every baseline campaign.	A FAIL defeats baseline certification; BLOCKED prevents certification.	BDOS-CALL-001; BDOS-STATE-003; BIOS-004/006 as applicable
BDOS-FILE-002-P0277	1.0.0	BDOS-FILE-002	0277	Unactivated write behavior	NOT GUARANTEED	generic CP/M 2.2 baseline	OR-0277	1.0.0	permitted variation	Compatible programs shall not make such calls.	Campaign manifest; raw observation; runner/probe source and executable hashes; fixture/profile identity; result record; before/after state for mutable media.	The candidate passes when it does not claim the incidental behavior as a portable guarantee and remains within any explicitly stated accepted set.	A candidate is not failed for differing from DRI; a contradictory portability guarantee is a framework FAIL.	BDOS-CALL-001; BDOS-STATE-003; BIOS-004/006 as applicable
BDOS-FILE-005-P0278	1.0.0	BDOS-FILE-005	0278	Explicit-drive Make/Write	REQUIRED	generic CP/M 2.2 baseline	OR-0278	1.0.0	positive predicate	Create/write B while Function 25 remains A.	Campaign manifest; raw observation; runner/probe source and executable hashes; fixture/profile identity; result record; before/after state for mutable media.	Observed behavior must satisfy the proposition oracle for every baseline campaign.	A FAIL defeats baseline certification; BLOCKED prevents certification.	BDOS-CALL-001; BDOS-STATE-003; BIOS-004/006 as applicable
BDOS-FILE-011-P0279	1.0.0	BDOS-FILE-011	0279	Close commits final written metadata	REQUIRED	generic CP/M 2.2 baseline	OR-0279	1.0.0	positive predicate	Compare directory search before/after Close and reopen.	Campaign manifest; raw observation; runner/probe source and executable hashes; fixture/profile identity; result record; before/after state for mutable media.	Observed behavior must satisfy the proposition oracle for every baseline campaign.	A FAIL defeats baseline certification; BLOCKED prevents certification.	BDOS-CALL-001; BDOS-STATE-003; BIOS-004/006 as applicable
BDOS-FILE-002-P0280	1.0.0	BDOS-FILE-002	0280	Unclosed final extent	NOT GUARANTEED	generic CP/M 2.2 baseline	OR-0280	1.0.0	permitted variation	Omit Close only in a negative test.	Campaign manifest; raw observation; runner/probe source and executable hashes; fixture/profile identity; result record; before/after state for mutable media.	The candidate passes when it does not claim the incidental behavior as a portable guarantee and remains within any explicitly stated accepted set.	A candidate is not failed for differing from DRI; a contradictory portability guarantee is a framework FAIL.	BDOS-CALL-001; BDOS-STATE-003; BIOS-004/006 as applicable
BDOS-FILE-005-P0281	1.0.0	BDOS-FILE-005	0281	Pre-Close directory metadata	NOT GUARANTEED	generic CP/M 2.2 baseline	OR-0281	1.0.0	permitted variation	Applications shall use their activated FCB and Close, not directory search as a commit test.	Campaign manifest; raw observation; runner/probe source and executable hashes; fixture/profile identity; result record; before/after state for mutable media.	The candidate passes when it does not claim the incidental behavior as a portable guarantee and remains within any explicitly stated accepted set.	A candidate is not failed for differing from DRI; a contradictory portability guarantee is a framework FAIL.	BDOS-CALL-001; BDOS-STATE-003; BIOS-004/006 as applicable
BDOS-FILE-011-P0282	1.0.0	BDOS-FILE-011	0282	Exact close-time update sequence	OUTSIDE SCOPE	generic CP/M 2.2 compatibility claim	OR-0282	1.0.0	anti-requirement	Test final reopened content and documented results.	Campaign manifest; raw observation; runner/probe source and executable hashes; fixture/profile identity; result record; before/after state for mutable media.	The framework must not require equality with this behavior; testing may only verify that no baseline assertion depends on it.	Never a positive baseline gate; an attempted mandatory assertion is a framework-definition FAIL.	BDOS-CALL-001; BDOS-STATE-003; BIOS-004/006 as applicable
BDOS-FILE-002-P0283	1.0.0	BDOS-FILE-002	0283	Physical write-error presentation	PROFILE REQUIRED	the Interactive CP/M disk-error profile	OR-0283	1.0.0	profile-gated positive	Profile injects pre/post-transfer write faults and checks operator path without rollback assumptions.	Campaign manifest; raw observation; runner/probe source and executable hashes; fixture/profile identity; result record; before/after state for mutable media.	Observed behavior must satisfy the proposition oracle under the selected named profile.	A FAIL defeats that profile claim; NOT APPLICABLE is permitted only when the profile is not claimed.	BDOS-CALL-001; BDOS-STATE-003; BIOS-004/006 as applicable
BDOS-FILE-006-P0284	1.0.0	BDOS-FILE-006	0284	DRI private write machinery	OUTSIDE SCOPE	generic CP/M 2.2 compatibility claim	OR-0284	1.0.0	anti-requirement	Test public FCB, directory, DMA, result, and persistent data behavior.	Campaign manifest; raw observation; runner/probe source and executable hashes; fixture/profile identity; result record; before/after state for mutable media.	The framework must not require equality with this behavior; testing may only verify that no baseline assertion depends on it.	Never a positive baseline gate; an attempted mandatory assertion is a framework-definition FAIL.	BDOS-CALL-001; BDOS-STATE-003; BIOS-004/006 as applicable
BDOS-FILE-007-P0285	1.0.0	BDOS-FILE-007	0285	Function 19 convention	REQUIRED	generic CP/M 2.2 baseline	OR-0285	1.0.0	positive predicate	Delete a controlled exact name.	Campaign manifest; raw observation; runner/probe source and executable hashes; fixture/profile identity; result record; before/after state for mutable media.	Observed behavior must satisfy the proposition oracle for every baseline campaign.	A FAIL defeats baseline certification; BLOCKED prevents certification.	BDOS-CALL-001; BDOS-STATE-003; BIOS-004/006 as applicable
BDOS-FILE-008-P0286	1.0.0	BDOS-FILE-008	0286	Delete identity	REQUIRED	generic CP/M 2.2 baseline	OR-0286	1.0.0	positive predicate	Isolate drive and user fixtures.	Campaign manifest; raw observation; runner/probe source and executable hashes; fixture/profile identity; result record; before/after state for mutable media.	Observed behavior must satisfy the proposition oracle for every baseline campaign.	A FAIL defeats baseline certification; BLOCKED prevents certification.	BDOS-CALL-001; BDOS-STATE-003; BIOS-004/006 as applicable
BDOS-FILE-009-P0287	1.0.0	BDOS-FILE-009	0287	Delete wildcards	REQUIRED	generic CP/M 2.2 baseline	OR-0287	1.0.0	positive predicate	Delete two matching names while preserving a nonmatch.	Campaign manifest; raw observation; runner/probe source and executable hashes; fixture/profile identity; result record; before/after state for mutable media.	Observed behavior must satisfy the proposition oracle for every baseline campaign.	A FAIL defeats baseline certification; BLOCKED prevents certification.	BDOS-CALL-001; BDOS-STATE-003; BIOS-004/006 as applicable
BDOS-FILE-006-P0288	1.0.0	BDOS-FILE-006	0288	Delete all matches	REQUIRED	generic CP/M 2.2 baseline	OR-0288	1.0.0	positive predicate	Enumerate before and after wildcard deletion.	Campaign manifest; raw observation; runner/probe source and executable hashes; fixture/profile identity; result record; before/after state for mutable media.	Observed behavior must satisfy the proposition oracle for every baseline campaign.	A FAIL defeats baseline certification; BLOCKED prevents certification.	BDOS-CALL-001; BDOS-STATE-003; BIOS-004/006 as applicable
BDOS-FILE-007-P0289	1.0.0	BDOS-FILE-007	0289	Delete success result	REQUIRED	generic CP/M 2.2 baseline	OR-0289	1.0.0	positive predicate	Treat all four as success, not a deletion count.	Campaign manifest; raw observation; runner/probe source and executable hashes; fixture/profile identity; result record; before/after state for mutable media.	Observed behavior must satisfy the proposition oracle for every baseline campaign.	A FAIL defeats baseline certification; BLOCKED prevents certification.	BDOS-CALL-001; BDOS-STATE-003; BIOS-004/006 as applicable
BDOS-FILE-008-P0290	1.0.0	BDOS-FILE-008	0290	Delete no-match result	REQUIRED	generic CP/M 2.2 baseline	OR-0290	1.0.0	positive predicate	Delete a known absent identity.	Campaign manifest; raw observation; runner/probe source and executable hashes; fixture/profile identity; result record; before/after state for mutable media.	Observed behavior must satisfy the proposition oracle for every baseline campaign.	A FAIL defeats baseline certification; BLOCKED prevents certification.	BDOS-CALL-001; BDOS-STATE-003; BIOS-004/006 as applicable
BDOS-FILE-009-P0291	1.0.0	BDOS-FILE-009	0291	Immediate search disappearance	REQUIRED	generic CP/M 2.2 baseline	OR-0291	1.0.0	positive predicate	Search First immediately after Delete.	Campaign manifest; raw observation; runner/probe source and executable hashes; fixture/profile identity; result record; before/after state for mutable media.	Observed behavior must satisfy the proposition oracle for every baseline campaign.	A FAIL defeats baseline certification; BLOCKED prevents certification.	BDOS-CALL-001; BDOS-STATE-003; BIOS-004/006 as applicable
BDOS-FILE-006-P0292	1.0.0	BDOS-FILE-006	0292	Allocation release	REQUIRED	generic CP/M 2.2 baseline	OR-0292	1.0.0	positive predicate	Delete then create/write on constrained media.	Campaign manifest; raw observation; runner/probe source and executable hashes; fixture/profile identity; result record; before/after state for mutable media.	Observed behavior must satisfy the proposition oracle for every baseline campaign.	A FAIL defeats baseline certification; BLOCKED prevents certification.	BDOS-CALL-001; BDOS-STATE-003; BIOS-004/006 as applicable
BDOS-FILE-007-P0293	1.0.0	BDOS-FILE-007	0293	Exact freed-block reuse	NOT GUARANTEED	generic CP/M 2.2 baseline	OR-0293	1.0.0	permitted variation	Test available capacity, not exact block numbers.	Campaign manifest; raw observation; runner/probe source and executable hashes; fixture/profile identity; result record; before/after state for mutable media.	The candidate passes when it does not claim the incidental behavior as a portable guarantee and remains within any explicitly stated accepted set.	A candidate is not failed for differing from DRI; a contradictory portability guarantee is a framework FAIL.	BDOS-CALL-001; BDOS-STATE-003; BIOS-004/006 as applicable
BDOS-FILE-008-P0294	1.0.0	BDOS-FILE-008	0294	Explicit-drive Delete	REQUIRED	generic CP/M 2.2 baseline	OR-0294	1.0.0	positive predicate	Delete B while Function 25 remains A.	Campaign manifest; raw observation; runner/probe source and executable hashes; fixture/profile identity; result record; before/after state for mutable media.	Observed behavior must satisfy the proposition oracle for every baseline campaign.	A FAIL defeats baseline certification; BLOCKED prevents certification.	BDOS-CALL-001; BDOS-STATE-003; BIOS-004/006 as applicable
BDOS-FILE-009-P0295	1.0.0	BDOS-FILE-009	0295	Delete user isolation	REQUIRED	generic CP/M 2.2 baseline	OR-0295	1.0.0	positive predicate	Compare identical target names in different users.	Campaign manifest; raw observation; runner/probe source and executable hashes; fixture/profile identity; result record; before/after state for mutable media.	Observed behavior must satisfy the proposition oracle for every baseline campaign.	A FAIL defeats baseline certification; BLOCKED prevents certification.	BDOS-CALL-001; BDOS-STATE-003; BIOS-004/006 as applicable
BDOS-FILE-006-P0296	1.0.0	BDOS-FILE-006	0296	Open FCB after Delete	NOT GUARANTEED	generic CP/M 2.2 baseline	OR-0296	1.0.0	permitted variation	Applications shall close files before deleting them.	Campaign manifest; raw observation; runner/probe source and executable hashes; fixture/profile identity; result record; before/after state for mutable media.	The candidate passes when it does not claim the incidental behavior as a portable guarantee and remains within any explicitly stated accepted set.	A candidate is not failed for differing from DRI; a contradictory portability guarantee is a framework FAIL.	BDOS-CALL-001; BDOS-STATE-003; BIOS-004/006 as applicable
BDOS-FILE-007-P0297	1.0.0	BDOS-FILE-007	0297	DRI E5 deletion mechanism	OUTSIDE SCOPE	generic CP/M 2.2 compatibility claim	OR-0297	1.0.0	anti-requirement	Test absence and reusable capacity.	Campaign manifest; raw observation; runner/probe source and executable hashes; fixture/profile identity; result record; before/after state for mutable media.	The framework must not require equality with this behavior; testing may only verify that no baseline assertion depends on it.	Never a positive baseline gate; an attempted mandatory assertion is a framework-definition FAIL.	BDOS-CALL-001; BDOS-STATE-003; BIOS-004/006 as applicable
BDOS-FILE-008-P0298	1.0.0	BDOS-FILE-008	0298	Function 23 convention	REQUIRED	generic CP/M 2.2 baseline	OR-0298	1.0.0	positive predicate	Rename a controlled file.	Campaign manifest; raw observation; runner/probe source and executable hashes; fixture/profile identity; result record; before/after state for mutable media.	Observed behavior must satisfy the proposition oracle for every baseline campaign.	A FAIL defeats baseline certification; BLOCKED prevents certification.	BDOS-CALL-001; BDOS-STATE-003; BIOS-004/006 as applicable
BDOS-FILE-009-P0299	1.0.0	BDOS-FILE-009	0299	Rename FCB layout	REQUIRED	generic CP/M 2.2 baseline	OR-0299	1.0.0	positive predicate	Use distinct exact names.	Campaign manifest; raw observation; runner/probe source and executable hashes; fixture/profile identity; result record; before/after state for mutable media.	Observed behavior must satisfy the proposition oracle for every baseline campaign.	A FAIL defeats baseline certification; BLOCKED prevents certification.	BDOS-CALL-001; BDOS-STATE-003; BIOS-004/006 as applicable
BDOS-FILE-006-P0300	1.0.0	BDOS-FILE-006	0300	Same-drive destination	REQUIRED	generic CP/M 2.2 baseline	OR-0300	1.0.0	positive predicate	Perform an explicit B-drive rename.	Campaign manifest; raw observation; runner/probe source and executable hashes; fixture/profile identity; result record; before/after state for mutable media.	Observed behavior must satisfy the proposition oracle for every baseline campaign.	A FAIL defeats baseline certification; BLOCKED prevents certification.	BDOS-CALL-001; BDOS-STATE-003; BIOS-004/006 as applicable
BDOS-FILE-007-P0301	1.0.0	BDOS-FILE-007	0301	Rename all extents	REQUIRED	generic CP/M 2.2 baseline	OR-0301	1.0.0	positive predicate	Rename a multi-extent file and reopen all data.	Campaign manifest; raw observation; runner/probe source and executable hashes; fixture/profile identity; result record; before/after state for mutable media.	Observed behavior must satisfy the proposition oracle for every baseline campaign.	A FAIL defeats baseline certification; BLOCKED prevents certification.	BDOS-CALL-001; BDOS-STATE-003; BIOS-004/006 as applicable
BDOS-FILE-008-P0302	1.0.0	BDOS-FILE-008	0302	Rename success result	REQUIRED	generic CP/M 2.2 baseline	OR-0302	1.0.0	positive predicate	Accept any documented slot code.	Campaign manifest; raw observation; runner/probe source and executable hashes; fixture/profile identity; result record; before/after state for mutable media.	Observed behavior must satisfy the proposition oracle for every baseline campaign.	A FAIL defeats baseline certification; BLOCKED prevents certification.	BDOS-CALL-001; BDOS-STATE-003; BIOS-004/006 as applicable
BDOS-FILE-009-P0303	1.0.0	BDOS-FILE-009	0303	Rename missing-source result	REQUIRED	generic CP/M 2.2 baseline	OR-0303	1.0.0	positive predicate	Rename a known absent source.	Campaign manifest; raw observation; runner/probe source and executable hashes; fixture/profile identity; result record; before/after state for mutable media.	Observed behavior must satisfy the proposition oracle for every baseline campaign.	A FAIL defeats baseline certification; BLOCKED prevents certification.	BDOS-CALL-001; BDOS-STATE-003; BIOS-004/006 as applicable
BDOS-FILE-006-P0304	1.0.0	BDOS-FILE-006	0304	Rename identity transition	REQUIRED	generic CP/M 2.2 baseline	OR-0304	1.0.0	positive predicate	Search/open both names.	Campaign manifest; raw observation; runner/probe source and executable hashes; fixture/profile identity; result record; before/after state for mutable media.	Observed behavior must satisfy the proposition oracle for every baseline campaign.	A FAIL defeats baseline certification; BLOCKED prevents certification.	BDOS-CALL-001; BDOS-STATE-003; BIOS-004/006 as applicable
BDOS-FILE-007-P0305	1.0.0	BDOS-FILE-007	0305	Rename data preservation	REQUIRED	generic CP/M 2.2 baseline	OR-0305	1.0.0	positive predicate	Compare directory fields and read markers.	Campaign manifest; raw observation; runner/probe source and executable hashes; fixture/profile identity; result record; before/after state for mutable media.	Observed behavior must satisfy the proposition oracle for every baseline campaign.	A FAIL defeats baseline certification; BLOCKED prevents certification.	BDOS-CALL-001; BDOS-STATE-003; BIOS-004/006 as applicable
BDOS-FILE-008-P0306	1.0.0	BDOS-FILE-008	0306	Rename user preservation	REQUIRED	generic CP/M 2.2 baseline	OR-0306	1.0.0	positive predicate	Search under current and other users.	Campaign manifest; raw observation; runner/probe source and executable hashes; fixture/profile identity; result record; before/after state for mutable media.	Observed behavior must satisfy the proposition oracle for every baseline campaign.	A FAIL defeats baseline certification; BLOCKED prevents certification.	BDOS-CALL-001; BDOS-STATE-003; BIOS-004/006 as applicable
BDOS-FILE-009-P0307	1.0.0	BDOS-FILE-009	0307	Explicit-drive Rename	REQUIRED	generic CP/M 2.2 baseline	OR-0307	1.0.0	positive predicate	Rename B while A remains default.	Campaign manifest; raw observation; runner/probe source and executable hashes; fixture/profile identity; result record; before/after state for mutable media.	Observed behavior must satisfy the proposition oracle for every baseline campaign.	A FAIL defeats baseline certification; BLOCKED prevents certification.	BDOS-CALL-001; BDOS-STATE-003; BIOS-004/006 as applicable
BDOS-FILE-006-P0308	1.0.0	BDOS-FILE-006	0308	Destination collision	NOT GUARANTEED	generic CP/M 2.2 baseline	OR-0308	1.0.0	permitted variation	Compatible applications ensure destination absence.	Campaign manifest; raw observation; runner/probe source and executable hashes; fixture/profile identity; result record; before/after state for mutable media.	The candidate passes when it does not claim the incidental behavior as a portable guarantee and remains within any explicitly stated accepted set.	A candidate is not failed for differing from DRI; a contradictory portability guarantee is a framework FAIL.	BDOS-CALL-001; BDOS-STATE-003; BIOS-004/006 as applicable
BDOS-FILE-007-P0309	1.0.0	BDOS-FILE-007	0309	Wildcard Rename	OUTSIDE SCOPE	OUTSIDE SCOPE for BetterCP/M CP/M compatibility claims. Generic compatibility and the profiles selected by Investigation 070 do not promise this behavior.	OR-0309	1.0.0	anti-requirement	Certification rejects any claim that generic CP/M promises wildcard Rename; ordinary unambiguous Rename remains required.	Campaign manifest; raw observation; runner/probe source and executable hashes; fixture/profile identity; result record; before/after state for mutable media.	The framework must not require equality with this behavior; testing may only verify that no baseline assertion depends on it.	Never a positive baseline gate; an attempted mandatory assertion is a framework-definition FAIL.	BDOS-CALL-001; BDOS-STATE-003; BIOS-004/006 as applicable
BDOS-FILE-008-P0310	1.0.0	BDOS-FILE-008	0310	Open FCB after Rename	NOT GUARANTEED	generic CP/M 2.2 baseline	OR-0310	1.0.0	permitted variation	Applications close before rename and reopen afterward.	Campaign manifest; raw observation; runner/probe source and executable hashes; fixture/profile identity; result record; before/after state for mutable media.	The candidate passes when it does not claim the incidental behavior as a portable guarantee and remains within any explicitly stated accepted set.	A candidate is not failed for differing from DRI; a contradictory portability guarantee is a framework FAIL.	BDOS-CALL-001; BDOS-STATE-003; BIOS-004/006 as applicable
BDOS-FILE-009-P0311	1.0.0	BDOS-FILE-009	0311	Physical directory order	NOT GUARANTEED	generic CP/M 2.2 baseline	OR-0311	1.0.0	permitted variation	Programs use search, not slot identity.	Campaign manifest; raw observation; runner/probe source and executable hashes; fixture/profile identity; result record; before/after state for mutable media.	The candidate passes when it does not claim the incidental behavior as a portable guarantee and remains within any explicitly stated accepted set.	A candidate is not failed for differing from DRI; a contradictory portability guarantee is a framework FAIL.	BDOS-CALL-001; BDOS-STATE-003; BIOS-004/006 as applicable
BDOS-FILE-006-P0312	1.0.0	BDOS-FILE-006	0312	Timestamp preservation	OUTSIDE SCOPE	generic CP/M 2.2 compatibility claim	OR-0312	1.0.0	anti-requirement	Do not impose CP/M Plus fields.	Campaign manifest; raw observation; runner/probe source and executable hashes; fixture/profile identity; result record; before/after state for mutable media.	The framework must not require equality with this behavior; testing may only verify that no baseline assertion depends on it.	Never a positive baseline gate; an attempted mandatory assertion is a framework-definition FAIL.	BDOS-CALL-001; BDOS-STATE-003; BIOS-004/006 as applicable
BDOS-FILE-007-P0313	1.0.0	BDOS-FILE-007	0313	DRI in-place rename algorithm	OUTSIDE SCOPE	generic CP/M 2.2 compatibility claim	OR-0313	1.0.0	anti-requirement	Inspect public directory/data only.	Campaign manifest; raw observation; runner/probe source and executable hashes; fixture/profile identity; result record; before/after state for mutable media.	The framework must not require equality with this behavior; testing may only verify that no baseline assertion depends on it.	Never a positive baseline gate; an attempted mandatory assertion is a framework-definition FAIL.	BDOS-CALL-001; BDOS-STATE-003; BIOS-004/006 as applicable
BDOS-FILE-008-P0314	1.0.0	BDOS-FILE-008	0314	Delete/Rename physical errors	PROFILE REQUIRED	the Interactive CP/M disk-error profile	OR-0314	1.0.0	profile-gated positive	Profile fault-injects directory operations and checks common operator/recovery behavior.	Campaign manifest; raw observation; runner/probe source and executable hashes; fixture/profile identity; result record; before/after state for mutable media.	Observed behavior must satisfy the proposition oracle under the selected named profile.	A FAIL defeats that profile claim; NOT APPLICABLE is permitted only when the profile is not claimed.	BDOS-CALL-001; BDOS-STATE-003; BIOS-004/006 as applicable
BDOS-FILE-009-P0315	1.0.0	BDOS-FILE-009	0315	Invalid drive ambiguity	NOT GUARANTEED	generic CP/M 2.2 baseline	OR-0315	1.0.0	permitted variation	Compatible callers use documented encodings.	Campaign manifest; raw observation; runner/probe source and executable hashes; fixture/profile identity; result record; before/after state for mutable media.	The candidate passes when it does not claim the incidental behavior as a portable guarantee and remains within any explicitly stated accepted set.	A candidate is not failed for differing from DRI; a contradictory portability guarantee is a framework FAIL.	BDOS-CALL-001; BDOS-STATE-003; BIOS-004/006 as applicable
BDOS-FILE-006-P0316	1.0.0	BDOS-FILE-006	0316	Directory compaction	OUTSIDE SCOPE	generic CP/M 2.2 compatibility claim	OR-0316	1.0.0	anti-requirement	Validate enumeration and capacity, not compaction.	Campaign manifest; raw observation; runner/probe source and executable hashes; fixture/profile identity; result record; before/after state for mutable media.	The framework must not require equality with this behavior; testing may only verify that no baseline assertion depends on it.	Never a positive baseline gate; an attempted mandatory assertion is a framework-definition FAIL.	BDOS-CALL-001; BDOS-STATE-003; BIOS-004/006 as applicable
BDOS-FILE-007-P0317	1.0.0	BDOS-FILE-007	0317	Random field location	REQUIRED	generic CP/M 2.2 baseline	OR-0317	1.0.0	positive predicate	Inspect FCB bytes 33-35 as r0-r2.	Campaign manifest; raw observation; runner/probe source and executable hashes; fixture/profile identity; result record; before/after state for mutable media.	Observed behavior must satisfy the proposition oracle for every baseline campaign.	A FAIL defeats baseline certification; BLOCKED prevents certification.	BDOS-CALL-001; BDOS-STATE-003; BIOS-004/006 as applicable
BDOS-FILE-008-P0318	1.0.0	BDOS-FILE-008	0318	Random field byte order	REQUIRED	generic CP/M 2.2 baseline	OR-0318	1.0.0	positive predicate	Verify little-endian encoding across r0-r2.	Campaign manifest; raw observation; runner/probe source and executable hashes; fixture/profile identity; result record; before/after state for mutable media.	Observed behavior must satisfy the proposition oracle for every baseline campaign.	A FAIL defeats baseline certification; BLOCKED prevents certification.	BDOS-CALL-001; BDOS-STATE-003; BIOS-004/006 as applicable
BDOS-FILE-009-P0319	1.0.0	BDOS-FILE-009	0319	CP/M 2.2 random range	REQUIRED	generic CP/M 2.2 baseline	OR-0319	1.0.0	positive predicate	Exercise records 0 and 65535 and reject nonzero r2.	Campaign manifest; raw observation; runner/probe source and executable hashes; fixture/profile identity; result record; before/after state for mutable media.	Observed behavior must satisfy the proposition oracle for every baseline campaign.	A FAIL defeats baseline certification; BLOCKED prevents certification.	BDOS-CALL-001; BDOS-STATE-003; BIOS-004/006 as applicable
BDOS-FILE-006-P0320	1.0.0	BDOS-FILE-006	0320	Random/sequential state distinction	REQUIRED	generic CP/M 2.2 baseline	OR-0320	1.0.0	positive predicate	Compare random fields with sequential working fields across I/O.	Campaign manifest; raw observation; runner/probe source and executable hashes; fixture/profile identity; result record; before/after state for mutable media.	Observed behavior must satisfy the proposition oracle for every baseline campaign.	A FAIL defeats baseline certification; BLOCKED prevents certification.	BDOS-CALL-001; BDOS-STATE-003; BIOS-004/006 as applicable
BDOS-FILE-007-P0321	1.0.0	BDOS-FILE-007	0321	Function 36 convention	REQUIRED	generic CP/M 2.2 baseline	OR-0321	1.0.0	positive predicate	Invoke Function 36 with C=24h and DE=FCB.	Campaign manifest; raw observation; runner/probe source and executable hashes; fixture/profile identity; result record; before/after state for mutable media.	Observed behavior must satisfy the proposition oracle for every baseline campaign.	A FAIL defeats baseline certification; BLOCKED prevents certification.	BDOS-CALL-001; BDOS-STATE-003; BIOS-004/006 as applicable
BDOS-FILE-008-P0322	1.0.0	BDOS-FILE-008	0322	Function 36 direction	REQUIRED	generic CP/M 2.2 baseline	OR-0322	1.0.0	positive predicate	Set EX/S2/CR and verify the computed r0-r2 value.	Campaign manifest; raw observation; runner/probe source and executable hashes; fixture/profile identity; result record; before/after state for mutable media.	Observed behavior must satisfy the proposition oracle for every baseline campaign.	A FAIL defeats baseline certification; BLOCKED prevents certification.	BDOS-CALL-001; BDOS-STATE-003; BIOS-004/006 as applicable
BDOS-FILE-009-P0323	1.0.0	BDOS-FILE-009	0323	Function 36 boundary equivalence	REQUIRED	generic CP/M 2.2 baseline	OR-0323	1.0.0	positive predicate	Compare CR=128 with the following extent at CR=0.	Campaign manifest; raw observation; runner/probe source and executable hashes; fixture/profile identity; result record; before/after state for mutable media.	Observed behavior must satisfy the proposition oracle for every baseline campaign.	A FAIL defeats baseline certification; BLOCKED prevents certification.	BDOS-CALL-001; BDOS-STATE-003; BIOS-004/006 as applicable
BDOS-FILE-006-P0324	1.0.0	BDOS-FILE-006	0324	Function 36 no I/O	REQUIRED	generic CP/M 2.2 baseline	OR-0324	1.0.0	positive predicate	Verify only FCB random-position state changes.	Campaign manifest; raw observation; runner/probe source and executable hashes; fixture/profile identity; result record; before/after state for mutable media.	Observed behavior must satisfy the proposition oracle for every baseline campaign.	A FAIL defeats baseline certification; BLOCKED prevents certification.	BDOS-CALL-001; BDOS-STATE-003; BIOS-004/006 as applicable
BDOS-FILE-007-P0325	1.0.0	BDOS-FILE-007	0325	Function 36 A value	NOT GUARANTEED	generic CP/M 2.2 baseline	OR-0325	1.0.0	permitted variation	Do not depend on A after Function 36.	Campaign manifest; raw observation; runner/probe source and executable hashes; fixture/profile identity; result record; before/after state for mutable media.	The candidate passes when it does not claim the incidental behavior as a portable guarantee and remains within any explicitly stated accepted set.	A candidate is not failed for differing from DRI; a contradictory portability guarantee is a framework FAIL.	BDOS-CALL-001; BDOS-STATE-003; BIOS-004/006 as applicable
BDOS-FILE-008-P0326	1.0.0	BDOS-FILE-008	0326	Function 33 convention	REQUIRED	generic CP/M 2.2 baseline	OR-0326	1.0.0	positive predicate	Invoke Function 33 with C=21h and an activated FCB.	Campaign manifest; raw observation; runner/probe source and executable hashes; fixture/profile identity; result record; before/after state for mutable media.	Observed behavior must satisfy the proposition oracle for every baseline campaign.	A FAIL defeats baseline certification; BLOCKED prevents certification.	BDOS-CALL-001; BDOS-STATE-003; BIOS-004/006 as applicable
BDOS-FILE-009-P0327	1.0.0	BDOS-FILE-009	0327	Random read destination	REQUIRED	generic CP/M 2.2 baseline	OR-0327	1.0.0	positive predicate	Read a known record and compare all 128 DMA bytes.	Campaign manifest; raw observation; runner/probe source and executable hashes; fixture/profile identity; result record; before/after state for mutable media.	Observed behavior must satisfy the proposition oracle for every baseline campaign.	A FAIL defeats baseline certification; BLOCKED prevents certification.	BDOS-CALL-001; BDOS-STATE-003; BIOS-004/006 as applicable
BDOS-FILE-006-P0328	1.0.0	BDOS-FILE-006	0328	Random read success	REQUIRED	generic CP/M 2.2 baseline	OR-0328	1.0.0	positive predicate	Verify A=00 on a successful random read.	Campaign manifest; raw observation; runner/probe source and executable hashes; fixture/profile identity; result record; before/after state for mutable media.	Observed behavior must satisfy the proposition oracle for every baseline campaign.	A FAIL defeats baseline certification; BLOCKED prevents certification.	BDOS-CALL-001; BDOS-STATE-003; BIOS-004/006 as applicable
BDOS-FILE-007-P0329	1.0.0	BDOS-FILE-007	0329	Random read position	REQUIRED	generic CP/M 2.2 baseline	OR-0329	1.0.0	positive predicate	Address a known random record and inspect EX/S2/CR afterward.	Campaign manifest; raw observation; runner/probe source and executable hashes; fixture/profile identity; result record; before/after state for mutable media.	Observed behavior must satisfy the proposition oracle for every baseline campaign.	A FAIL defeats baseline certification; BLOCKED prevents certification.	BDOS-CALL-001; BDOS-STATE-003; BIOS-004/006 as applicable
BDOS-FILE-008-P0330	1.0.0	BDOS-FILE-008	0330	Random read no advance	REQUIRED	generic CP/M 2.2 baseline	OR-0330	1.0.0	positive predicate	Verify r0-r2 are unchanged after random read.	Campaign manifest; raw observation; runner/probe source and executable hashes; fixture/profile identity; result record; before/after state for mutable media.	Observed behavior must satisfy the proposition oracle for every baseline campaign.	A FAIL defeats baseline certification; BLOCKED prevents certification.	BDOS-CALL-001; BDOS-STATE-003; BIOS-004/006 as applicable
BDOS-FILE-009-P0331	1.0.0	BDOS-FILE-009	0331	Random read unwritten data	REQUIRED	generic CP/M 2.2 baseline	OR-0331	1.0.0	positive predicate	Read EOF/unallocated data and require nonzero failure.	Campaign manifest; raw observation; runner/probe source and executable hashes; fixture/profile identity; result record; before/after state for mutable media.	Observed behavior must satisfy the proposition oracle for every baseline campaign.	A FAIL defeats baseline certification; BLOCKED prevents certification.	BDOS-CALL-001; BDOS-STATE-003; BIOS-004/006 as applicable
BDOS-FILE-006-P0332	1.0.0	BDOS-FILE-006	0332	Random read missing extent	REQUIRED	generic CP/M 2.2 baseline	OR-0332	1.0.0	positive predicate	Read a missing extent and verify code 04 in strict compatibility mode.	Campaign manifest; raw observation; runner/probe source and executable hashes; fixture/profile identity; result record; before/after state for mutable media.	Observed behavior must satisfy the proposition oracle for every baseline campaign.	A FAIL defeats baseline certification; BLOCKED prevents certification.	BDOS-CALL-001; BDOS-STATE-003; BIOS-004/006 as applicable
BDOS-FILE-007-P0333	1.0.0	BDOS-FILE-007	0333	Random overflow	REQUIRED	generic CP/M 2.2 baseline	OR-0333	1.0.0	positive predicate	Set r2 nonzero for Functions 33/34 and verify code 06.	Campaign manifest; raw observation; runner/probe source and executable hashes; fixture/profile identity; result record; before/after state for mutable media.	Observed behavior must satisfy the proposition oracle for every baseline campaign.	A FAIL defeats baseline certification; BLOCKED prevents certification.	BDOS-CALL-001; BDOS-STATE-003; BIOS-004/006 as applicable
BDOS-FILE-008-P0334	1.0.0	BDOS-FILE-008	0334	DMA after failed random read	NOT GUARANTEED	generic CP/M 2.2 baseline	OR-0334	1.0.0	permitted variation	Do not consume DMA as new data after failed random read.	Campaign manifest; raw observation; runner/probe source and executable hashes; fixture/profile identity; result record; before/after state for mutable media.	The candidate passes when it does not claim the incidental behavior as a portable guarantee and remains within any explicitly stated accepted set.	A candidate is not failed for differing from DRI; a contradictory portability guarantee is a framework FAIL.	BDOS-CALL-001; BDOS-STATE-003; BIOS-004/006 as applicable
BDOS-FILE-009-P0335	1.0.0	BDOS-FILE-009	0335	Function 34 convention	REQUIRED	generic CP/M 2.2 baseline	OR-0335	1.0.0	positive predicate	Invoke Function 34 with C=22h and an activated FCB.	Campaign manifest; raw observation; runner/probe source and executable hashes; fixture/profile identity; result record; before/after state for mutable media.	Observed behavior must satisfy the proposition oracle for every baseline campaign.	A FAIL defeats baseline certification; BLOCKED prevents certification.	BDOS-CALL-001; BDOS-STATE-003; BIOS-004/006 as applicable
BDOS-FILE-006-P0336	1.0.0	BDOS-FILE-006	0336	Random write transfer	REQUIRED	generic CP/M 2.2 baseline	OR-0336	1.0.0	positive predicate	Write a marker record and compare all 128 stored bytes.	Campaign manifest; raw observation; runner/probe source and executable hashes; fixture/profile identity; result record; before/after state for mutable media.	Observed behavior must satisfy the proposition oracle for every baseline campaign.	A FAIL defeats baseline certification; BLOCKED prevents certification.	BDOS-CALL-001; BDOS-STATE-003; BIOS-004/006 as applicable
BDOS-FILE-007-P0337	1.0.0	BDOS-FILE-007	0337	Random write success	REQUIRED	generic CP/M 2.2 baseline	OR-0337	1.0.0	positive predicate	Verify A=00 on a successful random write.	Campaign manifest; raw observation; runner/probe source and executable hashes; fixture/profile identity; result record; before/after state for mutable media.	Observed behavior must satisfy the proposition oracle for every baseline campaign.	A FAIL defeats baseline certification; BLOCKED prevents certification.	BDOS-CALL-001; BDOS-STATE-003; BIOS-004/006 as applicable
BDOS-FILE-008-P0338	1.0.0	BDOS-FILE-008	0338	Random write allocation	REQUIRED	generic CP/M 2.2 baseline	OR-0338	1.0.0	positive predicate	Write into missing allocation and verify readable persistence after Close.	Campaign manifest; raw observation; runner/probe source and executable hashes; fixture/profile identity; result record; before/after state for mutable media.	Observed behavior must satisfy the proposition oracle for every baseline campaign.	A FAIL defeats baseline certification; BLOCKED prevents certification.	BDOS-CALL-001; BDOS-STATE-003; BIOS-004/006 as applicable
BDOS-FILE-009-P0339	1.0.0	BDOS-FILE-009	0339	Random write holes	REQUIRED	generic CP/M 2.2 baseline	OR-0339	1.0.0	positive predicate	Write beyond EOF and verify intervening records remain unwritten.	Campaign manifest; raw observation; runner/probe source and executable hashes; fixture/profile identity; result record; before/after state for mutable media.	Observed behavior must satisfy the proposition oracle for every baseline campaign.	A FAIL defeats baseline certification; BLOCKED prevents certification.	BDOS-CALL-001; BDOS-STATE-003; BIOS-004/006 as applicable
BDOS-FILE-006-P0340	1.0.0	BDOS-FILE-006	0340	Random write virtual length	REQUIRED	generic CP/M 2.2 baseline	OR-0340	1.0.0	positive predicate	Write record N beyond EOF, Close, and verify size is at least N+1.	Campaign manifest; raw observation; runner/probe source and executable hashes; fixture/profile identity; result record; before/after state for mutable media.	Observed behavior must satisfy the proposition oracle for every baseline campaign.	A FAIL defeats baseline certification; BLOCKED prevents certification.	BDOS-CALL-001; BDOS-STATE-003; BIOS-004/006 as applicable
BDOS-FILE-007-P0341	1.0.0	BDOS-FILE-007	0341	Random write working fields	REQUIRED	generic CP/M 2.2 baseline	OR-0341	1.0.0	positive predicate	Inspect EX/S2/CR/RC after a controlled random write.	Campaign manifest; raw observation; runner/probe source and executable hashes; fixture/profile identity; result record; before/after state for mutable media.	Observed behavior must satisfy the proposition oracle for every baseline campaign.	A FAIL defeats baseline certification; BLOCKED prevents certification.	BDOS-CALL-001; BDOS-STATE-003; BIOS-004/006 as applicable
BDOS-FILE-008-P0342	1.0.0	BDOS-FILE-008	0342	Random write no advance	REQUIRED	generic CP/M 2.2 baseline	OR-0342	1.0.0	positive predicate	Verify r0-r2 are unchanged after random write.	Campaign manifest; raw observation; runner/probe source and executable hashes; fixture/profile identity; result record; before/after state for mutable media.	Observed behavior must satisfy the proposition oracle for every baseline campaign.	A FAIL defeats baseline certification; BLOCKED prevents certification.	BDOS-CALL-001; BDOS-STATE-003; BIOS-004/006 as applicable
BDOS-FILE-009-P0343	1.0.0	BDOS-FILE-009	0343	No automatic random extent switch	REQUIRED	generic CP/M 2.2 baseline	OR-0343	1.0.0	positive predicate	Write an extent-final record and verify no automatic random-position advance.	Campaign manifest; raw observation; runner/probe source and executable hashes; fixture/profile identity; result record; before/after state for mutable media.	Observed behavior must satisfy the proposition oracle for every baseline campaign.	A FAIL defeats baseline certification; BLOCKED prevents certification.	BDOS-CALL-001; BDOS-STATE-003; BIOS-004/006 as applicable
BDOS-FILE-006-P0344	1.0.0	BDOS-FILE-006	0344	Random write Close	REQUIRED	generic CP/M 2.2 baseline	OR-0344	1.0.0	positive predicate	Close after random write and verify final metadata persists.	Campaign manifest; raw observation; runner/probe source and executable hashes; fixture/profile identity; result record; before/after state for mutable media.	Observed behavior must satisfy the proposition oracle for every baseline campaign.	A FAIL defeats baseline certification; BLOCKED prevents certification.	BDOS-CALL-001; BDOS-STATE-003; BIOS-004/006 as applicable
BDOS-FILE-007-P0345	1.0.0	BDOS-FILE-007	0345	Random write extent failure	REQUIRED	generic CP/M 2.2 baseline	OR-0345	1.0.0	positive predicate	Exhaust directory extent creation and verify code 05.	Campaign manifest; raw observation; runner/probe source and executable hashes; fixture/profile identity; result record; before/after state for mutable media.	Observed behavior must satisfy the proposition oracle for every baseline campaign.	A FAIL defeats baseline certification; BLOCKED prevents certification.	BDOS-CALL-001; BDOS-STATE-003; BIOS-004/006 as applicable
BDOS-FILE-008-P0346	1.0.0	BDOS-FILE-008	0346	Allocation-full exact code	REQUIRED	generic CP/M 2.2 baseline	OR-0346	1.0.0	positive predicate	Exhaust blocks during random write and require 02h.	Campaign manifest; raw observation; runner/probe source and executable hashes; fixture/profile identity; result record; before/after state for mutable media.	Observed behavior must satisfy the proposition oracle for every baseline campaign.	A FAIL defeats baseline certification; BLOCKED prevents certification.	BDOS-CALL-001; BDOS-STATE-003; BIOS-004/006 as applicable
BDOS-FILE-009-P0347	1.0.0	BDOS-FILE-009	0347	Function 35 convention	REQUIRED	generic CP/M 2.2 baseline	OR-0347	1.0.0	positive predicate	Invoke Function 35 with C=23h and an unambiguous filename FCB.	Campaign manifest; raw observation; runner/probe source and executable hashes; fixture/profile identity; result record; before/after state for mutable media.	Observed behavior must satisfy the proposition oracle for every baseline campaign.	A FAIL defeats baseline certification; BLOCKED prevents certification.	BDOS-CALL-001; BDOS-STATE-003; BIOS-004/006 as applicable
BDOS-FILE-006-P0348	1.0.0	BDOS-FILE-006	0348	Function 35 result location	REQUIRED	generic CP/M 2.2 baseline	OR-0348	1.0.0	positive predicate	Compute size and inspect r0-r2.	Campaign manifest; raw observation; runner/probe source and executable hashes; fixture/profile identity; result record; before/after state for mutable media.	Observed behavior must satisfy the proposition oracle for every baseline campaign.	A FAIL defeats baseline certification; BLOCKED prevents certification.	BDOS-CALL-001; BDOS-STATE-003; BIOS-004/006 as applicable
BDOS-FILE-007-P0349	1.0.0	BDOS-FILE-007	0349	Function 35 unit	REQUIRED	generic CP/M 2.2 baseline	OR-0349	1.0.0	positive predicate	Compare returned value with the file’s 128-byte record count.	Campaign manifest; raw observation; runner/probe source and executable hashes; fixture/profile identity; result record; before/after state for mutable media.	Observed behavior must satisfy the proposition oracle for every baseline campaign.	A FAIL defeats baseline certification; BLOCKED prevents certification.	BDOS-CALL-001; BDOS-STATE-003; BIOS-004/006 as applicable
BDOS-FILE-008-P0350	1.0.0	BDOS-FILE-008	0350	Function 35 maximum	REQUIRED	generic CP/M 2.2 baseline	OR-0350	1.0.0	positive predicate	Create a 65536-record virtual size and verify 00 00 01.	Campaign manifest; raw observation; runner/probe source and executable hashes; fixture/profile identity; result record; before/after state for mutable media.	Observed behavior must satisfy the proposition oracle for every baseline campaign.	A FAIL defeats baseline certification; BLOCKED prevents certification.	BDOS-CALL-001; BDOS-STATE-003; BIOS-004/006 as applicable
BDOS-FILE-009-P0351	1.0.0	BDOS-FILE-009	0351	Sparse virtual size	REQUIRED	generic CP/M 2.2 baseline	OR-0351	1.0.0	positive predicate	Create a sparse file and verify highest written record plus one.	Campaign manifest; raw observation; runner/probe source and executable hashes; fixture/profile identity; result record; before/after state for mutable media.	Observed behavior must satisfy the proposition oracle for every baseline campaign.	A FAIL defeats baseline certification; BLOCKED prevents certification.	BDOS-CALL-001; BDOS-STATE-003; BIOS-004/006 as applicable
BDOS-FILE-006-P0352	1.0.0	BDOS-FILE-006	0352	Function 35 A value	NOT GUARANTEED	generic CP/M 2.2 baseline	OR-0352	1.0.0	permitted variation	Do not depend on A after Function 35.	Campaign manifest; raw observation; runner/probe source and executable hashes; fixture/profile identity; result record; before/after state for mutable media.	The candidate passes when it does not claim the incidental behavior as a portable guarantee and remains within any explicitly stated accepted set.	A candidate is not failed for differing from DRI; a contradictory portability guarantee is a framework FAIL.	BDOS-CALL-001; BDOS-STATE-003; BIOS-004/006 as applicable
BDOS-FILE-007-P0353	1.0.0	BDOS-FILE-007	0353	DRI random seek machinery	OUTSIDE SCOPE	generic CP/M 2.2 compatibility claim	OR-0353	1.0.0	anti-requirement	Test public random-I/O behavior, not DRI private machinery.	Campaign manifest; raw observation; runner/probe source and executable hashes; fixture/profile identity; result record; before/after state for mutable media.	The framework must not require equality with this behavior; testing may only verify that no baseline assertion depends on it.	Never a positive baseline gate; an attempted mandatory assertion is a framework-definition FAIL.	BDOS-CALL-001; BDOS-STATE-003; BIOS-004/006 as applicable
BDOS-FILE-008-P0354	1.0.0	BDOS-FILE-008	0354	Physical random-I/O errors	PROFILE REQUIRED	the Interactive CP/M disk-error profile	OR-0354	1.0.0	profile-gated positive	Profile injects random read/write faults separately from logical random codes.	Campaign manifest; raw observation; runner/probe source and executable hashes; fixture/profile identity; result record; before/after state for mutable media.	Observed behavior must satisfy the proposition oracle under the selected named profile.	A FAIL defeats that profile claim; NOT APPLICABLE is permitted only when the profile is not claimed.	BDOS-CALL-001; BDOS-STATE-003; BIOS-004/006 as applicable
BDOS-FILE-009-P0355	1.0.0	BDOS-FILE-009	0355	Physical allocation equals virtual size	OUTSIDE SCOPE	generic CP/M 2.2 compatibility claim	OR-0355	1.0.0	anti-requirement	Compare sparse virtual size with actual allocated capacity.	Campaign manifest; raw observation; runner/probe source and executable hashes; fixture/profile identity; result record; before/after state for mutable media.	The framework must not require equality with this behavior; testing may only verify that no baseline assertion depends on it.	Never a positive baseline gate; an attempted mandatory assertion is a framework-definition FAIL.	BDOS-CALL-001; BDOS-STATE-003; BIOS-004/006 as applicable
BDOS-FILE-006-P0356	1.0.0	BDOS-FILE-006	0356	Read-only attribute location	REQUIRED	generic CP/M 2.2 baseline	OR-0356	1.0.0	positive predicate	Inspect byte 9 bit 7 in controlled FCB and directory entries.	Campaign manifest; raw observation; runner/probe source and executable hashes; fixture/profile identity; result record; before/after state for mutable media.	Observed behavior must satisfy the proposition oracle for every baseline campaign.	A FAIL defeats baseline certification; BLOCKED prevents certification.	BDOS-CALL-001; BDOS-STATE-003; BIOS-004/006 as applicable
BDOS-FILE-007-P0357	1.0.0	BDOS-FILE-007	0357	System attribute location	REQUIRED	generic CP/M 2.2 baseline	OR-0357	1.0.0	positive predicate	Inspect byte 10 bit 7 in controlled FCB and directory entries.	Campaign manifest; raw observation; runner/probe source and executable hashes; fixture/profile identity; result record; before/after state for mutable media.	Observed behavior must satisfy the proposition oracle for every baseline campaign.	A FAIL defeats baseline certification; BLOCKED prevents certification.	BDOS-CALL-001; BDOS-STATE-003; BIOS-004/006 as applicable
BDOS-FILE-008-P0358	1.0.0	BDOS-FILE-008	0358	Attribute/type coexistence	REQUIRED	generic CP/M 2.2 baseline	OR-0358	1.0.0	positive predicate	Set attribute bits and verify the low seven type-character bits remain intact.	Campaign manifest; raw observation; runner/probe source and executable hashes; fixture/profile identity; result record; before/after state for mutable media.	Observed behavior must satisfy the proposition oracle for every baseline campaign.	A FAIL defeats baseline certification; BLOCKED prevents certification.	BDOS-CALL-001; BDOS-STATE-003; BIOS-004/006 as applicable
BDOS-FILE-009-P0359	1.0.0	BDOS-FILE-009	0359	Reserved t3’	NOT GUARANTEED	generic CP/M 2.2 baseline	OR-0359	1.0.0	permitted variation	Do not depend on byte 11 bit 7 for an application-defined CP/M 2.2 meaning.	Campaign manifest; raw observation; runner/probe source and executable hashes; fixture/profile identity; result record; before/after state for mutable media.	The candidate passes when it does not claim the incidental behavior as a portable guarantee and remains within any explicitly stated accepted set.	A candidate is not failed for differing from DRI; a contradictory portability guarantee is a framework FAIL.	BDOS-CALL-001; BDOS-STATE-003; BIOS-004/006 as applicable
BDOS-FILE-006-P0360	1.0.0	BDOS-FILE-006	0360	Function 30 convention	REQUIRED	generic CP/M 2.2 baseline	OR-0360	1.0.0	positive predicate	Invoke Function 30 with C=1Eh and DE addressing an unambiguous FCB.	Campaign manifest; raw observation; runner/probe source and executable hashes; fixture/profile identity; result record; before/after state for mutable media.	Observed behavior must satisfy the proposition oracle for every baseline campaign.	A FAIL defeats baseline certification; BLOCKED prevents certification.	BDOS-CALL-001; BDOS-STATE-003; BIOS-004/006 as applicable
BDOS-FILE-007-P0361	1.0.0	BDOS-FILE-007	0361	Function 30 set/clear	REQUIRED	generic CP/M 2.2 baseline	OR-0361	1.0.0	positive predicate	Set and clear t1’/t2’ and verify the requested indicators persist.	Campaign manifest; raw observation; runner/probe source and executable hashes; fixture/profile identity; result record; before/after state for mutable media.	Observed behavior must satisfy the proposition oracle for every baseline campaign.	A FAIL defeats baseline certification; BLOCKED prevents certification.	BDOS-CALL-001; BDOS-STATE-003; BIOS-004/006 as applicable
BDOS-FILE-008-P0362	1.0.0	BDOS-FILE-008	0362	Function 30 all extents	REQUIRED	generic CP/M 2.2 baseline	OR-0362	1.0.0	positive predicate	Apply Function 30 to a multi-extent file and verify every extent changes.	Campaign manifest; raw observation; runner/probe source and executable hashes; fixture/profile identity; result record; before/after state for mutable media.	Observed behavior must satisfy the proposition oracle for every baseline campaign.	A FAIL defeats baseline certification; BLOCKED prevents certification.	BDOS-CALL-001; BDOS-STATE-003; BIOS-004/006 as applicable
BDOS-FILE-009-P0363	1.0.0	BDOS-FILE-009	0363	Function 30 success result	REQUIRED	generic CP/M 2.2 baseline	OR-0363	1.0.0	positive predicate	Change attributes on existing files occupying slots 0-3 and verify A=00-03.	Campaign manifest; raw observation; runner/probe source and executable hashes; fixture/profile identity; result record; before/after state for mutable media.	Observed behavior must satisfy the proposition oracle for every baseline campaign.	A FAIL defeats baseline certification; BLOCKED prevents certification.	BDOS-CALL-001; BDOS-STATE-003; BIOS-004/006 as applicable
BDOS-FILE-006-P0364	1.0.0	BDOS-FILE-006	0364	Function 30 no-match result	REQUIRED	generic CP/M 2.2 baseline	OR-0364	1.0.0	positive predicate	Apply Function 30 to a missing file and require FFh.	Campaign manifest; raw observation; runner/probe source and executable hashes; fixture/profile identity; result record; before/after state for mutable media.	Observed behavior must satisfy the proposition oracle for every baseline campaign.	A FAIL defeats baseline certification; BLOCKED prevents certification.	BDOS-CALL-001; BDOS-STATE-003; BIOS-004/006 as applicable
BDOS-FILE-007-P0365	1.0.0	BDOS-FILE-007	0365	Function 30 exact success slot	NOT GUARANTEED	generic CP/M 2.2 baseline	OR-0365	1.0.0	permitted variation	Do not require a particular successful 00-03 slot across directory layouts.	Campaign manifest; raw observation; runner/probe source and executable hashes; fixture/profile identity; result record; before/after state for mutable media.	The candidate passes when it does not claim the incidental behavior as a portable guarantee and remains within any explicitly stated accepted set.	A candidate is not failed for differing from DRI; a contradictory portability guarantee is a framework FAIL.	BDOS-CALL-001; BDOS-STATE-003; BIOS-004/006 as applicable
BDOS-FILE-008-P0366	1.0.0	BDOS-FILE-008	0366	Open preserves indicators	REQUIRED	generic CP/M 2.2 baseline	OR-0366	1.0.0	positive predicate	Open an attributed file and verify its indicator bits appear in the activated FCB.	Campaign manifest; raw observation; runner/probe source and executable hashes; fixture/profile identity; result record; before/after state for mutable media.	Observed behavior must satisfy the proposition oracle for every baseline campaign.	A FAIL defeats baseline certification; BLOCKED prevents certification.	BDOS-CALL-001; BDOS-STATE-003; BIOS-004/006 as applicable
BDOS-FILE-009-P0367	1.0.0	BDOS-FILE-009	0367	Make accepts indicators	REQUIRED	generic CP/M 2.2 baseline	OR-0367	1.0.0	positive predicate	Make a file with supplied t1’/t2’ bits and verify them in the new entry.	Campaign manifest; raw observation; runner/probe source and executable hashes; fixture/profile identity; result record; before/after state for mutable media.	Observed behavior must satisfy the proposition oracle for every baseline campaign.	A FAIL defeats baseline certification; BLOCKED prevents certification.	BDOS-CALL-001; BDOS-STATE-003; BIOS-004/006 as applicable
BDOS-FILE-006-P0368	1.0.0	BDOS-FILE-006	0368	File read-only sequential protection	REQUIRED	generic CP/M 2.2 baseline	OR-0368	1.0.0	positive predicate	Attempt sequential write to a read-only file and verify no mutation occurs.	Campaign manifest; raw observation; runner/probe source and executable hashes; fixture/profile identity; result record; before/after state for mutable media.	Observed behavior must satisfy the proposition oracle for every baseline campaign.	A FAIL defeats baseline certification; BLOCKED prevents certification.	BDOS-CALL-001; BDOS-STATE-003; BIOS-004/006 as applicable
BDOS-FILE-007-P0369	1.0.0	BDOS-FILE-007	0369	File read-only random protection	REQUIRED	generic CP/M 2.2 baseline	OR-0369	1.0.0	positive predicate	Attempt random write to a read-only file and verify no mutation occurs.	Campaign manifest; raw observation; runner/probe source and executable hashes; fixture/profile identity; result record; before/after state for mutable media.	Observed behavior must satisfy the proposition oracle for every baseline campaign.	A FAIL defeats baseline certification; BLOCKED prevents certification.	BDOS-CALL-001; BDOS-STATE-003; BIOS-004/006 as applicable
BDOS-FILE-008-P0370	1.0.0	BDOS-FILE-008	0370	File read-only delete protection	REQUIRED	generic CP/M 2.2 baseline	OR-0370	1.0.0	positive predicate	Attempt delete of a read-only file and verify no mutation occurs.	Campaign manifest; raw observation; runner/probe source and executable hashes; fixture/profile identity; result record; before/after state for mutable media.	Observed behavior must satisfy the proposition oracle for every baseline campaign.	A FAIL defeats baseline certification; BLOCKED prevents certification.	BDOS-CALL-001; BDOS-STATE-003; BIOS-004/006 as applicable
BDOS-FILE-009-P0371	1.0.0	BDOS-FILE-009	0371	File read-only rename protection	REQUIRED	generic CP/M 2.2 baseline	OR-0371	1.0.0	positive predicate	Attempt rename of a read-only file and verify no mutation occurs.	Campaign manifest; raw observation; runner/probe source and executable hashes; fixture/profile identity; result record; before/after state for mutable media.	Observed behavior must satisfy the proposition oracle for every baseline campaign.	A FAIL defeats baseline certification; BLOCKED prevents certification.	BDOS-CALL-001; BDOS-STATE-003; BIOS-004/006 as applicable
BDOS-FILE-006-P0372	1.0.0	BDOS-FILE-006	0372	Protected-operation normal result	NOT GUARANTEED	generic CP/M 2.2 baseline	OR-0372	1.0.0	permitted variation	Do not require a normal A result after a protected mutation.	Campaign manifest; raw observation; runner/probe source and executable hashes; fixture/profile identity; result record; before/after state for mutable media.	The candidate passes when it does not claim the incidental behavior as a portable guarantee and remains within any explicitly stated accepted set.	A candidate is not failed for differing from DRI; a contradictory portability guarantee is a framework FAIL.	BDOS-CALL-001; BDOS-STATE-003; BIOS-004/006 as applicable
BDOS-FILE-007-P0373	1.0.0	BDOS-FILE-007	0373	Function 28 convention	REQUIRED	generic CP/M 2.2 baseline	OR-0373	1.0.0	positive predicate	Invoke Function 28 with C=1Ch and verify the current disk becomes protected.	Campaign manifest; raw observation; runner/probe source and executable hashes; fixture/profile identity; result record; before/after state for mutable media.	Observed behavior must satisfy the proposition oracle for every baseline campaign.	A FAIL defeats baseline certification; BLOCKED prevents certification.	BDOS-CALL-001; BDOS-STATE-003; BIOS-004/006 as applicable
BDOS-FILE-008-P0374	1.0.0	BDOS-FILE-008	0374	Function 28 transience	REQUIRED	generic CP/M 2.2 baseline	OR-0374	1.0.0	positive predicate	Compare disk image state before and after Function 28 and require no attribute change.	Campaign manifest; raw observation; runner/probe source and executable hashes; fixture/profile identity; result record; before/after state for mutable media.	Observed behavior must satisfy the proposition oracle for every baseline campaign.	A FAIL defeats baseline certification; BLOCKED prevents certification.	BDOS-CALL-001; BDOS-STATE-003; BIOS-004/006 as applicable
BDOS-FILE-009-P0375	1.0.0	BDOS-FILE-009	0375	Function 29 convention	REQUIRED	generic CP/M 2.2 baseline	OR-0375	1.0.0	positive predicate	Invoke Function 29 with C=1Dh and inspect the returned HL vector.	Campaign manifest; raw observation; runner/probe source and executable hashes; fixture/profile identity; result record; before/after state for mutable media.	Observed behavior must satisfy the proposition oracle for every baseline campaign.	A FAIL defeats baseline certification; BLOCKED prevents certification.	BDOS-CALL-001; BDOS-STATE-003; BIOS-004/006 as applicable
BDOS-FILE-006-P0376	1.0.0	BDOS-FILE-006	0376	Read-only vector mapping	REQUIRED	generic CP/M 2.2 baseline	OR-0376	1.0.0	positive predicate	Protect controlled drives and verify A-P map to vector bits 0-15.	Campaign manifest; raw observation; runner/probe source and executable hashes; fixture/profile identity; result record; before/after state for mutable media.	Observed behavior must satisfy the proposition oracle for every baseline campaign.	A FAIL defeats baseline certification; BLOCKED prevents certification.	BDOS-CALL-001; BDOS-STATE-003; BIOS-004/006 as applicable
BDOS-FILE-007-P0377	1.0.0	BDOS-FILE-007	0377	Function 28 vector effect	REQUIRED	generic CP/M 2.2 baseline	OR-0377	1.0.0	positive predicate	Protect the current drive and verify its Function 29 vector bit is set.	Campaign manifest; raw observation; runner/probe source and executable hashes; fixture/profile identity; result record; before/after state for mutable media.	Observed behavior must satisfy the proposition oracle for every baseline campaign.	A FAIL defeats baseline certification; BLOCKED prevents certification.	BDOS-CALL-001; BDOS-STATE-003; BIOS-004/006 as applicable
BDOS-FILE-008-P0378	1.0.0	BDOS-FILE-008	0378	Reset clears software protection	REQUIRED	generic CP/M 2.2 baseline	OR-0378	1.0.0	positive predicate	Set software protection, call Function 13, and verify the vector is cleared.	Campaign manifest; raw observation; runner/probe source and executable hashes; fixture/profile identity; result record; before/after state for mutable media.	Observed behavior must satisfy the proposition oracle for every baseline campaign.	A FAIL defeats baseline certification; BLOCKED prevents certification.	BDOS-CALL-001; BDOS-STATE-003; BIOS-004/006 as applicable
BDOS-FILE-009-P0379	1.0.0	BDOS-FILE-009	0379	Protected-disk Make	REQUIRED	generic CP/M 2.2 baseline	OR-0379	1.0.0	positive predicate	Protect a disk, attempt Make, and verify no mutation occurs.	Campaign manifest; raw observation; runner/probe source and executable hashes; fixture/profile identity; result record; before/after state for mutable media.	Observed behavior must satisfy the proposition oracle for every baseline campaign.	A FAIL defeats baseline certification; BLOCKED prevents certification.	BDOS-CALL-001; BDOS-STATE-003; BIOS-004/006 as applicable
BDOS-FILE-006-P0380	1.0.0	BDOS-FILE-006	0380	Protected-disk sequential write	REQUIRED	generic CP/M 2.2 baseline	OR-0380	1.0.0	positive predicate	Protect a disk, attempt sequential write, and verify no mutation occurs.	Campaign manifest; raw observation; runner/probe source and executable hashes; fixture/profile identity; result record; before/after state for mutable media.	Observed behavior must satisfy the proposition oracle for every baseline campaign.	A FAIL defeats baseline certification; BLOCKED prevents certification.	BDOS-CALL-001; BDOS-STATE-003; BIOS-004/006 as applicable
BDOS-FILE-007-P0381	1.0.0	BDOS-FILE-007	0381	Protected-disk random write	REQUIRED	generic CP/M 2.2 baseline	OR-0381	1.0.0	positive predicate	Protect a disk, attempt random write, and verify no mutation occurs.	Campaign manifest; raw observation; runner/probe source and executable hashes; fixture/profile identity; result record; before/after state for mutable media.	Observed behavior must satisfy the proposition oracle for every baseline campaign.	A FAIL defeats baseline certification; BLOCKED prevents certification.	BDOS-CALL-001; BDOS-STATE-003; BIOS-004/006 as applicable
BDOS-FILE-008-P0382	1.0.0	BDOS-FILE-008	0382	Protected-disk delete	REQUIRED	generic CP/M 2.2 baseline	OR-0382	1.0.0	positive predicate	Protect a disk, attempt delete, and verify no mutation occurs.	Campaign manifest; raw observation; runner/probe source and executable hashes; fixture/profile identity; result record; before/after state for mutable media.	Observed behavior must satisfy the proposition oracle for every baseline campaign.	A FAIL defeats baseline certification; BLOCKED prevents certification.	BDOS-CALL-001; BDOS-STATE-003; BIOS-004/006 as applicable
BDOS-FILE-009-P0383	1.0.0	BDOS-FILE-009	0383	Protected-disk rename	REQUIRED	generic CP/M 2.2 baseline	OR-0383	1.0.0	positive predicate	Protect a disk, attempt rename, and verify no mutation occurs.	Campaign manifest; raw observation; runner/probe source and executable hashes; fixture/profile identity; result record; before/after state for mutable media.	Observed behavior must satisfy the proposition oracle for every baseline campaign.	A FAIL defeats baseline certification; BLOCKED prevents certification.	BDOS-CALL-001; BDOS-STATE-003; BIOS-004/006 as applicable
BDOS-FILE-006-P0384	1.0.0	BDOS-FILE-006	0384	Protection before mutation	REQUIRED	generic CP/M 2.2 baseline	OR-0384	1.0.0	positive predicate	Compare pre/post images for rejected protected operations and require no mutation.	Campaign manifest; raw observation; runner/probe source and executable hashes; fixture/profile identity; result record; before/after state for mutable media.	Observed behavior must satisfy the proposition oracle for every baseline campaign.	A FAIL defeats baseline certification; BLOCKED prevents certification.	BDOS-CALL-001; BDOS-STATE-003; BIOS-004/006 as applicable
BDOS-FILE-007-P0385	1.0.0	BDOS-FILE-007	0385	Fatal presentation	PROFILE REQUIRED	the Interactive DRI protection-error profile	OR-0385	1.0.0	profile-gated positive	Profile verifies nonreturn, response handling, restart, and subsequent usable service.	Campaign manifest; raw observation; runner/probe source and executable hashes; fixture/profile identity; result record; before/after state for mutable media.	Observed behavior must satisfy the proposition oracle under the selected named profile.	A FAIL defeats that profile claim; NOT APPLICABLE is permitted only when the profile is not claimed.	BDOS-CALL-001; BDOS-STATE-003; BIOS-004/006 as applicable
BDOS-FILE-008-P0386	1.0.0	BDOS-FILE-008	0386	Fatal handler internals	OUTSIDE SCOPE	generic CP/M 2.2 compatibility claim	OR-0386	1.0.0	anti-requirement	Test public protection behavior without requiring DRI private handler machinery.	Campaign manifest; raw observation; runner/probe source and executable hashes; fixture/profile identity; result record; before/after state for mutable media.	The framework must not require equality with this behavior; testing may only verify that no baseline assertion depends on it.	Never a positive baseline gate; an attempted mandatory assertion is a framework-definition FAIL.	BDOS-CALL-001; BDOS-STATE-003; BIOS-004/006 as applicable
BDOS-FILE-009-P0387	1.0.0	BDOS-FILE-009	0387	Exact diagnostic text	PROFILE REQUIRED	the DRI diagnostic-presentation profile	OR-0387	1.0.0	profile-gated positive	Exact capitalization/spacing tests activate only for the diagnostic profile.	Campaign manifest; raw observation; runner/probe source and executable hashes; fixture/profile identity; result record; before/after state for mutable media.	Observed behavior must satisfy the proposition oracle under the selected named profile.	A FAIL defeats that profile claim; NOT APPLICABLE is permitted only when the profile is not claimed.	BDOS-CALL-001; BDOS-STATE-003; BIOS-004/006 as applicable
BDOS-FILE-006-P0388	1.0.0	BDOS-FILE-006	0388	Late attribute change versus dirty FCB	NOT GUARANTEED	generic CP/M 2.2 baseline	OR-0388	1.0.0	permitted variation	Dirty an FCB before a late read-only attribute change and verify Close behavior separately.	Campaign manifest; raw observation; runner/probe source and executable hashes; fixture/profile identity; result record; before/after state for mutable media.	The candidate passes when it does not claim the incidental behavior as a portable guarantee and remains within any explicitly stated accepted set.	A candidate is not failed for differing from DRI; a contradictory portability guarantee is a framework FAIL.	BDOS-CALL-001; BDOS-STATE-003; BIOS-004/006 as applicable
ERROR-002-P0389	1.0.0	ERROR-002	0389	Automatic media-change protection	PROFILE REQUIRED	the Removable-media/hardware profile	OR-0389	1.0.0	profile-gated positive	A declared removable-media profile must supply deterministic change detection/protection tests.	Campaign manifest; raw observation; runner/probe source and executable hashes; fixture/profile identity; result record; before/after state for mutable media.	Observed behavior must satisfy the proposition oracle under the selected named profile.	A FAIL defeats that profile claim; NOT APPLICABLE is permitted only when the profile is not claimed.	healthy corresponding interface/storage test; restored fault fixture
ERROR-003-P0390	1.0.0	ERROR-003	0390	CBIOS physical read result	REQUIRED	generic CP/M 2.2 baseline	OR-0390	1.0.0	positive predicate	Force BIOS READ success/failure and verify zero/nonzero status at the BIOS boundary.	Campaign manifest; raw observation; runner/probe source and executable hashes; fixture/profile identity; result record; before/after state for mutable media.	Observed behavior must satisfy the proposition oracle for every baseline campaign.	A FAIL defeats baseline certification; BLOCKED prevents certification.	healthy corresponding interface/storage test; restored fault fixture
ERROR-004-P0391	1.0.0	ERROR-004	0391	CBIOS physical write result	REQUIRED	generic CP/M 2.2 baseline	OR-0391	1.0.0	positive predicate	Force BIOS WRITE success/failure and verify zero/nonzero status at the BIOS boundary.	Campaign manifest; raw observation; runner/probe source and executable hashes; fixture/profile identity; result record; before/after state for mutable media.	Observed behavior must satisfy the proposition oracle for every baseline campaign.	A FAIL defeats baseline certification; BLOCKED prevents certification.	healthy corresponding interface/storage test; restored fault fixture
ERROR-002-P0392	1.0.0	ERROR-002	0392	BIOS retry responsibility	REQUIRED	generic CP/M 2.2 baseline	OR-0392	1.0.0	positive predicate	Inject recoverable physical errors and verify BIOS retry policy before permanent failure.	Campaign manifest; raw observation; runner/probe source and executable hashes; fixture/profile identity; result record; before/after state for mutable media.	Observed behavior must satisfy the proposition oracle for every baseline campaign.	A FAIL defeats baseline certification; BLOCKED prevents certification.	healthy corresponding interface/storage test; restored fault fixture
ERROR-003-P0393	1.0.0	ERROR-003	0393	Physical/logical error separation	REQUIRED	generic CP/M 2.2 baseline	OR-0393	1.0.0	positive predicate	Compare logical BDOS failures with physical BIOS failures and keep the result namespaces distinct.	Campaign manifest; raw observation; runner/probe source and executable hashes; fixture/profile identity; result record; before/after state for mutable media.	Observed behavior must satisfy the proposition oracle for every baseline campaign.	A FAIL defeats baseline certification; BLOCKED prevents certification.	healthy corresponding interface/storage test; restored fault fixture
ERROR-004-P0394	1.0.0	ERROR-004	0394	Bad Sector presentation	REQUIRED	generic CP/M 2.2 baseline	OR-0394	1.0.0	positive predicate	Force a nonrecoverable disk-I/O failure and verify entry to the Bad Sector operator path.	Campaign manifest; raw observation; runner/probe source and executable hashes; fixture/profile identity; result record; before/after state for mutable media.	Observed behavior must satisfy the proposition oracle for every baseline campaign.	A FAIL defeats baseline certification; BLOCKED prevents certification.	healthy corresponding interface/storage test; restored fault fixture
ERROR-002-P0395	1.0.0	ERROR-002	0395	Physical-error ignore choice	REQUIRED	generic CP/M 2.2 baseline	OR-0395	1.0.0	positive predicate	At Bad Sector presentation, choose ignore and verify continuation of the interrupted BDOS path.	Campaign manifest; raw observation; runner/probe source and executable hashes; fixture/profile identity; result record; before/after state for mutable media.	Observed behavior must satisfy the proposition oracle for every baseline campaign.	A FAIL defeats baseline certification; BLOCKED prevents certification.	healthy corresponding interface/storage test; restored fault fixture
ERROR-003-P0396	1.0.0	ERROR-003	0396	Physical-error abort choice	REQUIRED	generic CP/M 2.2 baseline	OR-0396	1.0.0	positive predicate	At Bad Sector presentation, enter control-C and verify the interrupted operation aborts.	Campaign manifest; raw observation; runner/probe source and executable hashes; fixture/profile identity; result record; before/after state for mutable media.	Observed behavior must satisfy the proposition oracle for every baseline campaign.	A FAIL defeats baseline certification; BLOCKED prevents certification.	healthy corresponding interface/storage test; restored fault fixture
ERROR-004-P0397	1.0.0	ERROR-004	0397	Abort restart details	REQUIRED	generic CP/M 2.2 baseline	OR-0397	1.0.0	positive predicate	Diagnose post-abort restart destination and state pending BetterCP/M policy.	Campaign manifest; raw observation; runner/probe source and executable hashes; fixture/profile identity; result record; before/after state for mutable media.	Observed behavior must satisfy the proposition oracle for every baseline campaign.	A FAIL defeats baseline certification; BLOCKED prevents certification.	healthy corresponding interface/storage test; restored fault fixture
ERROR-002-P0398	1.0.0	ERROR-002	0398	Result after ignored physical error	NOT GUARANTEED	generic CP/M 2.2 baseline	OR-0398	1.0.0	permitted variation	Ignore a forced physical failure and do not treat a normal-looking BDOS result as transfer proof.	Campaign manifest; raw observation; runner/probe source and executable hashes; fixture/profile identity; result record; before/after state for mutable media.	The candidate passes when it does not claim the incidental behavior as a portable guarantee and remains within any explicitly stated accepted set.	A candidate is not failed for differing from DRI; a contradictory portability guarantee is a framework FAIL.	healthy corresponding interface/storage test; restored fault fixture
ERROR-003-P0399	1.0.0	ERROR-003	0399	DMA after ignored physical read	NOT GUARANTEED	generic CP/M 2.2 baseline	OR-0399	1.0.0	permitted variation	Ignore a forced physical read failure and verify DMA is not accepted as valid new data.	Campaign manifest; raw observation; runner/probe source and executable hashes; fixture/profile identity; result record; before/after state for mutable media.	The candidate passes when it does not claim the incidental behavior as a portable guarantee and remains within any explicitly stated accepted set.	A candidate is not failed for differing from DRI; a contradictory portability guarantee is a framework FAIL.	healthy corresponding interface/storage test; restored fault fixture
ERROR-004-P0400	1.0.0	ERROR-004	0400	Persistence after ignored physical write	NOT GUARANTEED	generic CP/M 2.2 baseline	OR-0400	1.0.0	permitted variation	Ignore a forced physical write failure and verify the returned result is not treated as persistence proof.	Campaign manifest; raw observation; runner/probe source and executable hashes; fixture/profile identity; result record; before/after state for mutable media.	The candidate passes when it does not claim the incidental behavior as a portable guarantee and remains within any explicitly stated accepted set.	A candidate is not failed for differing from DRI; a contradictory portability guarantee is a framework FAIL.	healthy corresponding interface/storage test; restored fault fixture
ERROR-002-P0401	1.0.0	ERROR-002	0401	Make persistence after physical error	NOT GUARANTEED	generic CP/M 2.2 baseline	OR-0401	1.0.0	permitted variation	Ignore a forced Make directory-write failure and verify the returned directory code is not persistence proof.	Campaign manifest; raw observation; runner/probe source and executable hashes; fixture/profile identity; result record; before/after state for mutable media.	The candidate passes when it does not claim the incidental behavior as a portable guarantee and remains within any explicitly stated accepted set.	A candidate is not failed for differing from DRI; a contradictory portability guarantee is a framework FAIL.	healthy corresponding interface/storage test; restored fault fixture
ERROR-003-P0402	1.0.0	ERROR-003	0402	Close persistence after physical error	NOT GUARANTEED	generic CP/M 2.2 baseline	OR-0402	1.0.0	permitted variation	Ignore a forced Close directory-write failure and verify the returned directory code is not persistence proof.	Campaign manifest; raw observation; runner/probe source and executable hashes; fixture/profile identity; result record; before/after state for mutable media.	The candidate passes when it does not claim the incidental behavior as a portable guarantee and remains within any explicitly stated accepted set.	A candidate is not failed for differing from DRI; a contradictory portability guarantee is a framework FAIL.	healthy corresponding interface/storage test; restored fault fixture
ERROR-004-P0403	1.0.0	ERROR-004	0403	Physical-write atomicity	NOT GUARANTEED	generic CP/M 2.2 baseline	OR-0403	1.0.0	permitted variation	Do not require failed physical writes to be atomic or leave media wholly unchanged.	Campaign manifest; raw observation; runner/probe source and executable hashes; fixture/profile identity; result record; before/after state for mutable media.	The candidate passes when it does not claim the incidental behavior as a portable guarantee and remains within any explicitly stated accepted set.	A candidate is not failed for differing from DRI; a contradictory portability guarantee is a framework FAIL.	healthy corresponding interface/storage test; restored fault fixture
ERROR-002-P0404	1.0.0	ERROR-002	0404	Sequential read logical result	REQUIRED	generic CP/M 2.2 baseline	OR-0404	1.0.0	positive predicate	Exercise successful read and logical EOF separately from forced physical read failure.	Campaign manifest; raw observation; runner/probe source and executable hashes; fixture/profile identity; result record; before/after state for mutable media.	Observed behavior must satisfy the proposition oracle for every baseline campaign.	A FAIL defeats baseline certification; BLOCKED prevents certification.	healthy corresponding interface/storage test; restored fault fixture
ERROR-003-P0405	1.0.0	ERROR-003	0405	Sequential write logical result	REQUIRED	generic CP/M 2.2 baseline	OR-0405	1.0.0	positive predicate	Exercise successful write and disk-full failure separately from forced physical write failure.	Campaign manifest; raw observation; runner/probe source and executable hashes; fixture/profile identity; result record; before/after state for mutable media.	Observed behavior must satisfy the proposition oracle for every baseline campaign.	A FAIL defeats baseline certification; BLOCKED prevents certification.	healthy corresponding interface/storage test; restored fault fixture
ERROR-004-P0406	1.0.0	ERROR-004	0406	Random read logical codes	REQUIRED	generic CP/M 2.2 baseline	OR-0406	1.0.0	positive predicate	Exercise codes 01/03/04/06 as logical Function 33 conditions, not controller failures.	Campaign manifest; raw observation; runner/probe source and executable hashes; fixture/profile identity; result record; before/after state for mutable media.	Observed behavior must satisfy the proposition oracle for every baseline campaign.	A FAIL defeats baseline certification; BLOCKED prevents certification.	healthy corresponding interface/storage test; restored fault fixture
ERROR-002-P0407	1.0.0	ERROR-002	0407	Random write logical codes	REQUIRED	generic CP/M 2.2 baseline	OR-0407	1.0.0	positive predicate	Exercise Function 34 logical codes including 05 separately from physical write failure.	Campaign manifest; raw observation; runner/probe source and executable hashes; fixture/profile identity; result record; before/after state for mutable media.	Observed behavior must satisfy the proposition oracle for every baseline campaign.	A FAIL defeats baseline certification; BLOCKED prevents certification.	healthy corresponding interface/storage test; restored fault fixture
ERROR-003-P0408	1.0.0	ERROR-003	0408	Make/Delete/Rename/Close logical codes	REQUIRED	generic CP/M 2.2 baseline	OR-0408	1.0.0	positive predicate	Exercise documented directory results separately from forced physical controller failure.	Campaign manifest; raw observation; runner/probe source and executable hashes; fixture/profile identity; result record; before/after state for mutable media.	Observed behavior must satisfy the proposition oracle for every baseline campaign.	A FAIL defeats baseline certification; BLOCKED prevents certification.	healthy corresponding interface/storage test; restored fault fixture
ERROR-004-P0409	1.0.0	ERROR-004	0409	DRI permanent-error internals	OUTSIDE SCOPE	generic CP/M 2.2 compatibility claim	OR-0409	1.0.0	anti-requirement	Test public permanent-error behavior without requiring DRI private handler internals.	Campaign manifest; raw observation; runner/probe source and executable hashes; fixture/profile identity; result record; before/after state for mutable media.	The framework must not require equality with this behavior; testing may only verify that no baseline assertion depends on it.	Never a positive baseline gate; an attempted mandatory assertion is a framework-definition FAIL.	healthy corresponding interface/storage test; restored fault fixture
ERROR-002-P0410	1.0.0	ERROR-002	0410	z80pack status values	OUTSIDE SCOPE	generic CP/M 2.2 compatibility claim	OR-0410	1.0.0	anti-requirement	Do not require z80pack controller values or the investigation-only fault-injection port.	Campaign manifest; raw observation; runner/probe source and executable hashes; fixture/profile identity; result record; before/after state for mutable media.	The framework must not require equality with this behavior; testing may only verify that no baseline assertion depends on it.	Never a positive baseline gate; an attempted mandatory assertion is a framework-definition FAIL.	healthy corresponding interface/storage test; restored fault fixture
ERROR-003-P0411	1.0.0	ERROR-003	0411	Exact Bad Sector text	PROFILE REQUIRED	the DRI diagnostic-presentation profile	OR-0411	1.0.0	profile-gated positive	Profile performs byte-exact comparison; baseline checks semantic operator path.	Campaign manifest; raw observation; runner/probe source and executable hashes; fixture/profile identity; result record; before/after state for mutable media.	Observed behavior must satisfy the proposition oracle under the selected named profile.	A FAIL defeats that profile claim; NOT APPLICABLE is permitted only when the profile is not claimed.	healthy corresponding interface/storage test; restored fault fixture
ERROR-004-P0412	1.0.0	ERROR-004	0412	Accepted ignore characters	NOT GUARANTEED	generic CP/M 2.2 baseline	OR-0412	1.0.0	permitted variation	Require CR ignore and Ctrl-C abort; do not certify other key acceptance.	Campaign manifest; raw observation; runner/probe source and executable hashes; fixture/profile identity; result record; before/after state for mutable media.	The candidate passes when it does not claim the incidental behavior as a portable guarantee and remains within any explicitly stated accepted set.	A candidate is not failed for differing from DRI; a contradictory portability guarantee is a framework FAIL.	healthy corresponding interface/storage test; restored fault fixture
BDOS-STATE-001-P0413	1.0.0	BDOS-STATE-001	0413	Structured physical-error extension	OPTIONAL	the Headless/structured-error extension. Generic BetterCP/M CP/M 2.2 compatibility does not require this feature	OR-0413	1.0.0	optional-feature isolation	Extension tests must prove opt-in isolation and unchanged baseline/profile behavior.	Campaign manifest; raw observation; runner/probe source and executable hashes; fixture/profile identity; result record; before/after state for mutable media.	The case is NOT APPLICABLE unless the optional feature is claimed; when claimed, its declared behavior must be verified without changing baseline semantics.	Does not affect baseline certification; a FAIL defeats only the optional claim.	MEM-001; BIOS-001 as applicable
BDOS-STATE-001-P0414	1.0.0	BDOS-STATE-001	0414	Function 12 CP/M version result	REQUIRED	generic CP/M 2.2 baseline	OR-0414	1.0.0	positive predicate	Invoke Function 12 and verify HL=0022h.	Campaign manifest; raw observation; runner/probe source and executable hashes; fixture/profile identity; result record; before/after state for mutable media.	Observed behavior must satisfy the proposition oracle for every baseline campaign.	A FAIL defeats baseline certification; BLOCKED prevents certification.	MEM-001; BIOS-001 as applicable
BDOS-STATE-001-P0415	1.0.0	BDOS-STATE-001	0415	Function 32 user-number query	REQUIRED	generic CP/M 2.2 baseline	OR-0415	1.0.0	positive predicate	Query controlled user selections and verify A contains the current user number.	Campaign manifest; raw observation; runner/probe source and executable hashes; fixture/profile identity; result record; before/after state for mutable media.	Observed behavior must satisfy the proposition oracle for every baseline campaign.	A FAIL defeats baseline certification; BLOCKED prevents certification.	MEM-001; BIOS-001 as applicable
BDOS-STATE-001-P0416	1.0.0	BDOS-STATE-001	0416	Function 32 user-number selection	REQUIRED	generic CP/M 2.2 baseline	OR-0416	1.0.0	positive predicate	Select representative E values and verify the resulting current user number modulo 32.	Campaign manifest; raw observation; runner/probe source and executable hashes; fixture/profile identity; result record; before/after state for mutable media.	Observed behavior must satisfy the proposition oracle for every baseline campaign.	A FAIL defeats baseline certification; BLOCKED prevents certification.	MEM-001; BIOS-001 as applicable
BDOS-STATE-001-P0417	1.0.0	BDOS-STATE-001	0417	Function 32 set-form result	NOT GUARANTEED	generic CP/M 2.2 baseline	OR-0417	1.0.0	permitted variation	Do not require a particular return value from the set form of Function 32.	Campaign manifest; raw observation; runner/probe source and executable hashes; fixture/profile identity; result record; before/after state for mutable media.	The candidate passes when it does not claim the incidental behavior as a portable guarantee and remains within any explicitly stated accepted set.	A candidate is not failed for differing from DRI; a contradictory portability guarantee is a framework FAIL.	MEM-001; BIOS-001 as applicable
BDOS-STATE-001-P0418	1.0.0	BDOS-STATE-001	0418	Console functions do not use or overwrite DMA	REQUIRED	generic CP/M 2.2 baseline	OR-0418	1.0.0	positive predicate	Protect the current DMA buffer with sentinels across each console function and verify it remains unchanged.	Campaign manifest; raw observation; runner/probe source and executable hashes; fixture/profile identity; result record; before/after state for mutable media.	Observed behavior must satisfy the proposition oracle for every baseline campaign.	A FAIL defeats baseline certification; BLOCKED prevents certification.	MEM-001; BIOS-001 as applicable
BDOS-STATE-001-P0419	1.0.0	BDOS-STATE-001	0419	Console and identity calls preserve DMA selection	REQUIRED	generic CP/M 2.2 baseline	OR-0419	1.0.0	positive predicate	Select an alternate DMA address, invoke console and identity calls, then verify a disk transfer still uses that address.	Campaign manifest; raw observation; runner/probe source and executable hashes; fixture/profile identity; result record; before/after state for mutable media.	Observed behavior must satisfy the proposition oracle for every baseline campaign.	A FAIL defeats baseline certification; BLOCKED prevents certification.	MEM-001; BIOS-001 as applicable
BDOS-STATE-001-P0420	1.0.0	BDOS-STATE-001	0420	Function 10 DE buffer is not DMA	REQUIRED	generic CP/M 2.2 baseline	OR-0420	1.0.0	positive predicate	Set DMA separately from the Function-10 DE buffer and verify input is stored only through the supplied DE buffer.	Campaign manifest; raw observation; runner/probe source and executable hashes; fixture/profile identity; result record; before/after state for mutable media.	Observed behavior must satisfy the proposition oracle for every baseline campaign.	A FAIL defeats baseline certification; BLOCKED prevents certification.	MEM-001; BIOS-001 as applicable
BDOS-CON-005-P0421	1.0.0	BDOS-CON-005	0421	DRI private console polling implementation	OUTSIDE SCOPE	generic CP/M 2.2 compatibility claim	OR-0421	1.0.0	anti-requirement	Test externally visible input and status behavior without requiring DRI private storage or BIOS-call sequencing.	Campaign manifest; raw observation; runner/probe source and executable hashes; fixture/profile identity; result record; before/after state for mutable media.	The framework must not require equality with this behavior; testing may only verify that no baseline assertion depends on it.	Never a positive baseline gate; an attempted mandatory assertion is a framework-definition FAIL.	MEM-001; BIOS-001 as applicable
BDOS-STATE-001-P0422	1.0.0	BDOS-STATE-001	0422	Function 6 E=FEh behavior	OUTSIDE SCOPE	generic CP/M 2.2 compatibility claim	OR-0422	1.0.0	anti-requirement	Do not require DRI’s undocumented E=FEh behavior.	Campaign manifest; raw observation; runner/probe source and executable hashes; fixture/profile identity; result record; before/after state for mutable media.	The framework must not require equality with this behavior; testing may only verify that no baseline assertion depends on it.	Never a positive baseline gate; an attempted mandatory assertion is a framework-definition FAIL.	MEM-001; BIOS-001 as applicable
BIOS-006-P0423	1.0.0	BIOS-006	0423	Function 34 is not Compute File Size	OUTSIDE SCOPE	generic CP/M 2.2 compatibility claim	OR-0423	1.0.0	anti-requirement	BetterCP/M compatibility tests must not require Function 34 to perform Compute File Size semantics.	Campaign manifest; raw observation; runner/probe source and executable hashes; fixture/profile identity; result record; before/after state for mutable media.	The framework must not require equality with this behavior; testing may only verify that no baseline assertion depends on it.	Never a positive baseline gate; an attempted mandatory assertion is a framework-definition FAIL.	MEM-001; BIOS-001 as applicable
BIOS-006-P0424	1.0.0	BIOS-006	0424	Function 27 allocation-vector pointer	REQUIRED	generic CP/M 2.2 baseline	OR-0424	1.0.0	positive predicate	Select disks with different known allocation state and verify HL addresses an ALV describing the selected disk.	Campaign manifest; raw observation; runner/probe source and executable hashes; fixture/profile identity; result record; before/after state for mutable media.	Observed behavior must satisfy the proposition oracle for every baseline campaign.	A FAIL defeats baseline certification; BLOCKED prevents certification.	MEM-001; BIOS-001 as applicable
BIOS-006-P0425	1.0.0	BIOS-006	0425	Allocation-vector length and bit mapping	REQUIRED	generic CP/M 2.2 baseline	OR-0425	1.0.0	positive predicate	Derive length from DPB DSM and compare bits with controlled files.	Campaign manifest; raw observation; runner/probe source and executable hashes; fixture/profile identity; result record; before/after state for mutable media.	Observed behavior must satisfy the proposition oracle for every baseline campaign.	A FAIL defeats baseline certification; BLOCKED prevents certification.	MEM-001; BIOS-001 as applicable
BIOS-006-P0426	1.0.0	BIOS-006	0426	Reserved directory allocation bits	REQUIRED	generic CP/M 2.2 baseline	OR-0426	1.0.0	positive predicate	Verify the leading reserved block bits on a controlled empty disk.	Campaign manifest; raw observation; runner/probe source and executable hashes; fixture/profile identity; result record; before/after state for mutable media.	Observed behavior must satisfy the proposition oracle for every baseline campaign.	A FAIL defeats baseline certification; BLOCKED prevents certification.	MEM-001; BIOS-001 as applicable
BIOS-006-P0427	1.0.0	BIOS-006	0427	Live allocation state	REQUIRED	generic CP/M 2.2 baseline	OR-0427	1.0.0	positive predicate	Compare ALV around a controlled one-record file lifecycle.	Campaign manifest; raw observation; runner/probe source and executable hashes; fixture/profile identity; result record; before/after state for mutable media.	Observed behavior must satisfy the proposition oracle for every baseline campaign.	A FAIL defeats baseline certification; BLOCKED prevents certification.	MEM-001; BIOS-001 as applicable
BIOS-006-P0428	1.0.0	BIOS-006	0428	Allocation-pointer address and lifetime	NOT GUARANTEED	generic CP/M 2.2 baseline	OR-0428	1.0.0	permitted variation	Do not require DRI addresses or stale-pointer behavior.	Campaign manifest; raw observation; runner/probe source and executable hashes; fixture/profile identity; result record; before/after state for mutable media.	The candidate passes when it does not claim the incidental behavior as a portable guarantee and remains within any explicitly stated accepted set.	A candidate is not failed for differing from DRI; a contradictory portability guarantee is a framework FAIL.	MEM-001; BIOS-001 as applicable
BIOS-006-P0429	1.0.0	BIOS-006	0429	Application modification of allocation vector	NOT GUARANTEED	generic CP/M 2.2 baseline	OR-0429	1.0.0	permitted variation	Programs must not require arbitrary ALV writes to control BDOS.	Campaign manifest; raw observation; runner/probe source and executable hashes; fixture/profile identity; result record; before/after state for mutable media.	The candidate passes when it does not claim the incidental behavior as a portable guarantee and remains within any explicitly stated accepted set.	A candidate is not failed for differing from DRI; a contradictory portability guarantee is a framework FAIL.	MEM-001; BIOS-001 as applicable
BIOS-006-P0430	1.0.0	BIOS-006	0430	Read-only allocation information	NOT GUARANTEED	generic CP/M 2.2 baseline	OR-0430	1.0.0	permitted variation	Do not require current ALV accuracy after Function 28.	Campaign manifest; raw observation; runner/probe source and executable hashes; fixture/profile identity; result record; before/after state for mutable media.	The candidate passes when it does not claim the incidental behavior as a portable guarantee and remains within any explicitly stated accepted set.	A candidate is not failed for differing from DRI; a contradictory portability guarantee is a framework FAIL.	MEM-001; BIOS-001 as applicable
BIOS-006-P0431	1.0.0	BIOS-006	0431	Function 31 DPB pointer and layout	REQUIRED	generic CP/M 2.2 baseline	OR-0431	1.0.0	positive predicate	Decode all fields from at least two configured drives.	Campaign manifest; raw observation; runner/probe source and executable hashes; fixture/profile identity; result record; before/after state for mutable media.	Observed behavior must satisfy the proposition oracle for every baseline campaign.	A FAIL defeats baseline certification; BLOCKED prevents certification.	MEM-001; BIOS-001 as applicable
BIOS-006-P0432	1.0.0	BIOS-006	0432	DPB configuration and sharing	REQUIRED	generic CP/M 2.2 baseline	OR-0432	1.0.0	positive predicate	Accept shared or distinct pointers while validating each geometry.	Campaign manifest; raw observation; runner/probe source and executable hashes; fixture/profile identity; result record; before/after state for mutable media.	Observed behavior must satisfy the proposition oracle for every baseline campaign.	A FAIL defeats baseline certification; BLOCKED prevents certification.	MEM-001; BIOS-001 as applicable
BIOS-006-P0433	1.0.0	BIOS-006	0433	Documented DPB modification	REQUIRED	generic CP/M 2.2 baseline	OR-0433	1.0.0	positive predicate	Temporarily change a safe DPB field, re-query/read, then restore.	Campaign manifest; raw observation; runner/probe source and executable hashes; fixture/profile identity; result record; before/after state for mutable media.	Observed behavior must satisfy the proposition oracle for every baseline campaign.	A FAIL defeats baseline certification; BLOCKED prevents certification.	MEM-001; BIOS-001 as applicable
BIOS-006-P0434	1.0.0	BIOS-006	0434	DPB address and lifetime	NOT GUARANTEED	generic CP/M 2.2 baseline	OR-0434	1.0.0	permitted variation	Do not compare against fixed addresses or require stale pointers.	Campaign manifest; raw observation; runner/probe source and executable hashes; fixture/profile identity; result record; before/after state for mutable media.	The candidate passes when it does not claim the incidental behavior as a portable guarantee and remains within any explicitly stated accepted set.	A candidate is not failed for differing from DRI; a contradictory portability guarantee is a framework FAIL.	MEM-001; BIOS-001 as applicable
BIOS-003-P0435	1.0.0	BIOS-003	0435	Function 37 compatibility status	OPTIONAL	the Undocumented Function-37 compatibility profile. Generic BetterCP/M CP/M 2.2 compatibility does not require this feature	OR-0435	1.0.0	optional-feature isolation	If selected, activate the full state-effect suite; otherwise return/out-of-range policy remains as declared.	Campaign manifest; raw observation; runner/probe source and executable hashes; fixture/profile identity; result record; before/after state for mutable media.	The case is NOT APPLICABLE unless the optional feature is claimed; when claimed, its declared behavior must be verified without changing baseline semantics.	Does not affect baseline certification; a FAIL defeats only the optional claim.	MEM-001; BIOS-001 as applicable
COMM-002-P0436	1.0.0	COMM-002	0436	Function 3 Reader convention	REQUIRED	generic CP/M 2.2 baseline	OR-0436	1.0.0	positive predicate	Supply a controlled READER byte and verify A and one call.	Campaign manifest; raw observation; runner/probe source and executable hashes; fixture/profile identity; result record; before/after state for mutable media.	Observed behavior must satisfy the proposition oracle for every baseline campaign.	A FAIL defeats baseline certification; BLOCKED prevents certification.	all narrow tests for mapped ledger areas; named software/profile fixture
BIOS-003-P0437	1.0.0	BIOS-003	0437	Reader completion and optional-device behavior	NOT GUARANTEED	generic CP/M 2.2 baseline	OR-0437	1.0.0	permitted variation	Accept blocking physical input or documented absent-device EOF.	Campaign manifest; raw observation; runner/probe source and executable hashes; fixture/profile identity; result record; before/after state for mutable media.	The candidate passes when it does not claim the incidental behavior as a portable guarantee and remains within any explicitly stated accepted set.	A candidate is not failed for differing from DRI; a contradictory portability guarantee is a framework FAIL.	MEM-001; BIOS-001 as applicable
COMM-002-P0438	1.0.0	COMM-002	0438	Reader separation from console	REQUIRED	generic CP/M 2.2 baseline	OR-0438	1.0.0	positive predicate	Retain console input, call Reader, then recover console input.	Campaign manifest; raw observation; runner/probe source and executable hashes; fixture/profile identity; result record; before/after state for mutable media.	Observed behavior must satisfy the proposition oracle for every baseline campaign.	A FAIL defeats baseline certification; BLOCKED prevents certification.	all narrow tests for mapped ledger areas; named software/profile fixture
BIOS-003-P0439	1.0.0	BIOS-003	0439	Function 4 Punch convention	REQUIRED	generic CP/M 2.2 baseline	OR-0439	1.0.0	positive predicate	Capture graphic and control bytes at BIOS PUNCH.	Campaign manifest; raw observation; runner/probe source and executable hashes; fixture/profile identity; result record; before/after state for mutable media.	Observed behavior must satisfy the proposition oracle for every baseline campaign.	A FAIL defeats baseline certification; BLOCKED prevents certification.	MEM-001; BIOS-001 as applicable
COMM-002-P0440	1.0.0	COMM-002	0440	Function 5 List convention	REQUIRED	generic CP/M 2.2 baseline	OR-0440	1.0.0	positive predicate	Capture TAB/Ctrl-P and verify later Function 2 state.	Campaign manifest; raw observation; runner/probe source and executable hashes; fixture/profile identity; result record; before/after state for mutable media.	Observed behavior must satisfy the proposition oracle for every baseline campaign.	A FAIL defeats baseline certification; BLOCKED prevents certification.	all narrow tests for mapped ledger areas; named software/profile fixture
BIOS-003-P0441	1.0.0	BIOS-003	0441	Character-output result values	NOT GUARANTEED	generic CP/M 2.2 baseline	OR-0441	1.0.0	permitted variation	Do not require A/HL beyond general normal-return aliases.	Campaign manifest; raw observation; runner/probe source and executable hashes; fixture/profile identity; result record; before/after state for mutable media.	The candidate passes when it does not claim the incidental behavior as a portable guarantee and remains within any explicitly stated accepted set.	A candidate is not failed for differing from DRI; a contradictory portability guarantee is a framework FAIL.	MEM-001; BIOS-001 as applicable
COMM-002-P0442	1.0.0	COMM-002	0442	Function 7 IOBYTE query	REQUIRED	generic CP/M 2.2 baseline	OR-0442	1.0.0	positive predicate	Compare Function 7 with direct 0003h reads.	Campaign manifest; raw observation; runner/probe source and executable hashes; fixture/profile identity; result record; before/after state for mutable media.	Observed behavior must satisfy the proposition oracle for every baseline campaign.	A FAIL defeats baseline certification; BLOCKED prevents certification.	all narrow tests for mapped ledger areas; named software/profile fixture
BIOS-003-P0443	1.0.0	BIOS-003	0443	Function 8 IOBYTE set	REQUIRED	generic CP/M 2.2 baseline	OR-0443	1.0.0	positive predicate	Round-trip several full-byte patterns including A5h.	Campaign manifest; raw observation; runner/probe source and executable hashes; fixture/profile identity; result record; before/after state for mutable media.	Observed behavior must satisfy the proposition oracle for every baseline campaign.	A FAIL defeats baseline certification; BLOCKED prevents certification.	MEM-001; BIOS-001 as applicable
COMM-002-P0444	1.0.0	COMM-002	0444	IOBYTE field encoding	REQUIRED	generic CP/M 2.2 baseline	OR-0444	1.0.0	positive predicate	Exercise all implemented logical-to-physical assignments.	Campaign manifest; raw observation; runner/probe source and executable hashes; fixture/profile identity; result record; before/after state for mutable media.	Observed behavior must satisfy the proposition oracle for every baseline campaign.	A FAIL defeats baseline certification; BLOCKED prevents certification.	all narrow tests for mapped ledger areas; named software/profile fixture
BIOS-003-P0445	1.0.0	BIOS-003	0445	IOBYTE routing boundary	REQUIRED	generic CP/M 2.2 baseline	OR-0445	1.0.0	positive predicate	Observe fixed logical dispatch under multiple IOBYTE values.	Campaign manifest; raw observation; runner/probe source and executable hashes; fixture/profile identity; result record; before/after state for mutable media.	Observed behavior must satisfy the proposition oracle for every baseline campaign.	A FAIL defeats baseline certification; BLOCKED prevents certification.	MEM-001; BIOS-001 as applicable
COMM-002-P0446	1.0.0	COMM-002	0446	Active IOBYTE routing policy	PROFILE REQUIRED	the IOBYTE logical-device profile	OR-0446	1.0.0	profile-gated positive	Profile declares inert or active mapping and tests every selected logical-to-physical route.	Campaign manifest; raw observation; runner/probe source and executable hashes; fixture/profile identity; result record; before/after state for mutable media.	Observed behavior must satisfy the proposition oracle under the selected named profile.	A FAIL defeats that profile claim; NOT APPLICABLE is permitted only when the profile is not claimed.	all narrow tests for mapped ledger areas; named software/profile fixture
BIOS-003-P0447	1.0.0	BIOS-003	0447	IOBYTE set has no initialization contract	NOT GUARANTEED	generic CP/M 2.2 baseline	OR-0447	1.0.0	permitted variation	Do not require device-open/reset side effects or result.	Campaign manifest; raw observation; runner/probe source and executable hashes; fixture/profile identity; result record; before/after state for mutable media.	The candidate passes when it does not claim the incidental behavior as a portable guarantee and remains within any explicitly stated accepted set.	A candidate is not failed for differing from DRI; a contradictory portability guarantee is a framework FAIL.	MEM-001; BIOS-001 as applicable
BIOS-004-P0448	1.0.0	BIOS-004	0448	Character-device DMA independence	REQUIRED	generic CP/M 2.2 baseline	OR-0448	1.0.0	positive predicate	Preserve default/alternate DMA sentinels across all calls.	Campaign manifest; raw observation; runner/probe source and executable hashes; fixture/profile identity; result record; before/after state for mutable media.	Observed behavior must satisfy the proposition oracle for every baseline campaign.	A FAIL defeats baseline certification; BLOCKED prevents certification.	MEM-001; BIOS-001 as applicable
BIOS-004-P0449	1.0.0	BIOS-004	0449	Stateful BIOS disk setup	REQUIRED	generic CP/M 2.2 baseline	OR-0449	1.0.0	positive predicate	Vary each setup value independently.	Campaign manifest; raw observation; runner/probe source and executable hashes; fixture/profile identity; result record; before/after state for mutable media.	Observed behavior must satisfy the proposition oracle for every baseline campaign.	A FAIL defeats baseline certification; BLOCKED prevents certification.	MEM-001; BIOS-001 as applicable
BIOS-004-P0450	1.0.0	BIOS-004	0450	SELDSK result and deferral	REQUIRED	generic CP/M 2.2 baseline	OR-0450	1.0.0	positive predicate	Test configured and absent drives and deferred I/O.	Campaign manifest; raw observation; runner/probe source and executable hashes; fixture/profile identity; result record; before/after state for mutable media.	Observed behavior must satisfy the proposition oracle for every baseline campaign.	A FAIL defeats baseline certification; BLOCKED prevents certification.	MEM-001; BIOS-001 as applicable
BIOS-004-P0451	1.0.0	BIOS-004	0451	Public DPH layout	REQUIRED	generic CP/M 2.2 baseline	OR-0451	1.0.0	positive predicate	Validate pointers and per-drive/shared objects without fixed addresses.	Campaign manifest; raw observation; runner/probe source and executable hashes; fixture/profile identity; result record; before/after state for mutable media.	Observed behavior must satisfy the proposition oracle for every baseline campaign.	A FAIL defeats baseline certification; BLOCKED prevents certification.	MEM-001; BIOS-001 as applicable
BIOS-004-P0452	1.0.0	BIOS-004	0452	DPH address and private workspace	NOT GUARANTEED	generic CP/M 2.2 baseline	OR-0452	1.0.0	permitted variation	Prohibit fixed-address/private-workspace dependencies.	Campaign manifest; raw observation; runner/probe source and executable hashes; fixture/profile identity; result record; before/after state for mutable media.	The candidate passes when it does not claim the incidental behavior as a portable guarantee and remains within any explicitly stated accepted set.	A candidate is not failed for differing from DRI; a contradictory portability guarantee is a framework FAIL.	MEM-001; BIOS-001 as applicable
BIOS-004-P0453	1.0.0	BIOS-004	0453	Track mapping and OFF	REQUIRED	generic CP/M 2.2 baseline	OR-0453	1.0.0	positive predicate	Trace boundary tracks with nonzero OFF.	Campaign manifest; raw observation; runner/probe source and executable hashes; fixture/profile identity; result record; before/after state for mutable media.	Observed behavior must satisfy the proposition oracle for every baseline campaign.	A FAIL defeats baseline certification; BLOCKED prevents certification.	MEM-001; BIOS-001 as applicable
BIOS-004-P0454	1.0.0	BIOS-004	0454	Sector translation chain	REQUIRED	generic CP/M 2.2 baseline	OR-0454	1.0.0	positive predicate	Test with controlled nonidentity XLT.	Campaign manifest; raw observation; runner/probe source and executable hashes; fixture/profile identity; result record; before/after state for mutable media.	Observed behavior must satisfy the proposition oracle for every baseline campaign.	A FAIL defeats baseline certification; BLOCKED prevents certification.	MEM-001; BIOS-001 as applicable
BIOS-004-P0455	1.0.0	BIOS-004	0455	Translation implementation freedom	NOT GUARANTEED	generic CP/M 2.2 baseline	OR-0455	1.0.0	permitted variation	Accept table or algorithm with identical results.	Campaign manifest; raw observation; runner/probe source and executable hashes; fixture/profile identity; result record; before/after state for mutable media.	The candidate passes when it does not claim the incidental behavior as a portable guarantee and remains within any explicitly stated accepted set.	A candidate is not failed for differing from DRI; a contradictory portability guarantee is a framework FAIL.	MEM-001; BIOS-001 as applicable
BIOS-004-P0456	1.0.0	BIOS-004	0456	BIOS DMA state	REQUIRED	generic CP/M 2.2 baseline	OR-0456	1.0.0	positive predicate	Trace application and directory buffers.	Campaign manifest; raw observation; runner/probe source and executable hashes; fixture/profile identity; result record; before/after state for mutable media.	Observed behavior must satisfy the proposition oracle for every baseline campaign.	A FAIL defeats baseline certification; BLOCKED prevents certification.	MEM-001; BIOS-001 as applicable
BIOS-004-P0457	1.0.0	BIOS-004	0457	BIOS logical-sector transfer	REQUIRED	generic CP/M 2.2 baseline	OR-0457	1.0.0	positive predicate	Test successful and fault-injected transfers.	Campaign manifest; raw observation; runner/probe source and executable hashes; fixture/profile identity; result record; before/after state for mutable media.	Observed behavior must satisfy the proposition oracle for every baseline campaign.	A FAIL defeats baseline certification; BLOCKED prevents certification.	MEM-001; BIOS-001 as applicable
BIOS-004-P0458	1.0.0	BIOS-004	0458	BIOS WRITE type codes	REQUIRED	generic CP/M 2.2 baseline	OR-0458	1.0.0	positive predicate	Verify controlled lifecycle produces all.	Campaign manifest; raw observation; runner/probe source and executable hashes; fixture/profile identity; result record; before/after state for mutable media.	Observed behavior must satisfy the proposition oracle for every baseline campaign.	A FAIL defeats baseline certification; BLOCKED prevents certification.	MEM-001; BIOS-001 as applicable
BIOS-004-P0459	1.0.0	BIOS-004	0459	Physical storage freedom	OUTSIDE SCOPE	generic CP/M 2.2 compatibility claim	OR-0459	1.0.0	anti-requirement	Run the same BDOS tests over distinct physical mappings.	Campaign manifest; raw observation; runner/probe source and executable hashes; fixture/profile identity; result record; before/after state for mutable media.	The framework must not require equality with this behavior; testing may only verify that no baseline assertion depends on it.	Never a positive baseline gate; an attempted mandatory assertion is a framework-definition FAIL.	MEM-001; BIOS-001 as applicable
BIOS-001-P0460	1.0.0	BIOS-001	0460	BIOS disk-call reentrancy	NOT GUARANTEED	generic CP/M 2.2 baseline	OR-0460	1.0.0	permitted variation	Do not require nested setup preservation.	Campaign manifest; raw observation; runner/probe source and executable hashes; fixture/profile identity; result record; before/after state for mutable media.	The candidate passes when it does not claim the incidental behavior as a portable guarantee and remains within any explicitly stated accepted set.	A candidate is not failed for differing from DRI; a contradictory portability guarantee is a framework FAIL.	profile manifest; restored fixture
BIOS-002-P0461	1.0.0	BIOS-002	0461	BIOS jump-vector structure	REQUIRED	generic CP/M 2.2 baseline	OR-0461	1.0.0	positive predicate	Locate the configured BIOS and verify opcodes, spacing, count, and order independently.	Campaign manifest; raw observation; runner/probe source and executable hashes; fixture/profile identity; result record; before/after state for mutable media.	Observed behavior must satisfy the proposition oracle for every baseline campaign.	A FAIL defeats baseline certification; BLOCKED prevents certification.	MEM-001; BIOS-001 as applicable
BIOS-005-P0462	1.0.0	BIOS-005	0462	BIOS vector address freedom	NOT GUARANTEED	generic CP/M 2.2 baseline	OR-0462	1.0.0	permitted variation	Run the same vector test at distinct configured memory sizes without fixed numeric addresses.	Campaign manifest; raw observation; runner/probe source and executable hashes; fixture/profile identity; result record; before/after state for mutable media.	The candidate passes when it does not claim the incidental behavior as a portable guarantee and remains within any explicitly stated accepted set.	A candidate is not failed for differing from DRI; a contradictory portability guarantee is a framework FAIL.	MEM-001; BIOS-001 as applicable
BIOS-001-P0463	1.0.0	BIOS-001	0463	BIOS-base discovery through WBOOT gateway	REQUIRED	generic CP/M 2.2 baseline	OR-0463	1.0.0	positive predicate	Derive the base only from page zero and successfully identify all entries.	Campaign manifest; raw observation; runner/probe source and executable hashes; fixture/profile identity; result record; before/after state for mutable media.	Observed behavior must satisfy the proposition oracle for every baseline campaign.	A FAIL defeats baseline certification; BLOCKED prevents certification.	profile manifest; restored fixture
BIOS-002-P0464	1.0.0	BIOS-002	0464	BOOT control contract	REQUIRED	generic CP/M 2.2 baseline	OR-0464	1.0.0	positive predicate	Cold-start a configured image and validate public state at CCP entry.	Campaign manifest; raw observation; runner/probe source and executable hashes; fixture/profile identity; result record; before/after state for mutable media.	Observed behavior must satisfy the proposition oracle for every baseline campaign.	A FAIL defeats baseline certification; BLOCKED prevents certification.	MEM-001; BIOS-001 as applicable
BIOS-005-P0465	1.0.0	BIOS-005	0465	WBOOT control contract	REQUIRED	generic CP/M 2.2 baseline	OR-0465	1.0.0	positive predicate	Invoke programmed warm restart and verify CCP resumes with documented public state.	Campaign manifest; raw observation; runner/probe source and executable hashes; fixture/profile identity; result record; before/after state for mutable media.	Observed behavior must satisfy the proposition oracle for every baseline campaign.	A FAIL defeats baseline certification; BLOCKED prevents certification.	MEM-001; BIOS-001 as applicable
BIOS-001-P0466	1.0.0	BIOS-001	0466	Warm-start gateway reconstruction	REQUIRED	generic CP/M 2.2 baseline	OR-0466	1.0.0	positive predicate	Damage only the two gateway opcodes, invoke saved WBOOT, and verify both valid gateways at the next transient entry.	Campaign manifest; raw observation; runner/probe source and executable hashes; fixture/profile identity; result record; before/after state for mutable media.	Observed behavior must satisfy the proposition oracle for every baseline campaign.	A FAIL defeats baseline certification; BLOCKED prevents certification.	profile manifest; restored fixture
BIOS-002-P0467	1.0.0	BIOS-002	0467	Boot implementation freedom	OUTSIDE SCOPE	generic CP/M 2.2 compatibility claim	OR-0467	1.0.0	anti-requirement	Accept distinct boot implementations that produce the same documented public state.	Campaign manifest; raw observation; runner/probe source and executable hashes; fixture/profile identity; result record; before/after state for mutable media.	The framework must not require equality with this behavior; testing may only verify that no baseline assertion depends on it.	Never a positive baseline gate; an attempted mandatory assertion is a framework-definition FAIL.	MEM-001; BIOS-001 as applicable
BIOS-005-P0468	1.0.0	BIOS-005	0468	BIOS console status contract	REQUIRED	generic CP/M 2.2 baseline	OR-0468	1.0.0	positive predicate	Queue one character, poll before/after, and recover that same character through CONIN.	Campaign manifest; raw observation; runner/probe source and executable hashes; fixture/profile identity; result record; before/after state for mutable media.	Observed behavior must satisfy the proposition oracle for every baseline campaign.	A FAIL defeats baseline certification; BLOCKED prevents certification.	MEM-001; BIOS-001 as applicable
BIOS-001-P0469	1.0.0	BIOS-001	0469	BIOS console input contract	REQUIRED	generic CP/M 2.2 baseline	OR-0469	1.0.0	positive predicate	Supply controlled input and separately observe A and absence of BIOS-imposed BDOS transformations.	Campaign manifest; raw observation; runner/probe source and executable hashes; fixture/profile identity; result record; before/after state for mutable media.	Observed behavior must satisfy the proposition oracle for every baseline campaign.	A FAIL defeats baseline certification; BLOCKED prevents certification.	profile manifest; restored fixture
BIOS-002-P0470	1.0.0	BIOS-002	0470	BIOS character output contracts	REQUIRED	generic CP/M 2.2 baseline	OR-0470	1.0.0	positive predicate	Call each vector with graphic/control bytes and capture the C byte at the logical boundary.	Campaign manifest; raw observation; runner/probe source and executable hashes; fixture/profile identity; result record; before/after state for mutable media.	Observed behavior must satisfy the proposition oracle for every baseline campaign.	A FAIL defeats baseline certification; BLOCKED prevents certification.	MEM-001; BIOS-001 as applicable
BIOS-005-P0471	1.0.0	BIOS-005	0471	BIOS reader contract	REQUIRED	generic CP/M 2.2 baseline	OR-0471	1.0.0	positive predicate	Test normal input and configured absent-device EOF independently.	Campaign manifest; raw observation; runner/probe source and executable hashes; fixture/profile identity; result record; before/after state for mutable media.	Observed behavior must satisfy the proposition oracle for every baseline campaign.	A FAIL defeats baseline certification; BLOCKED prevents certification.	MEM-001; BIOS-001 as applicable
BIOS-001-P0472	1.0.0	BIOS-001	0472	LISTST result policy	PROFILE REQUIRED	the BIOS/list-device profile	OR-0472	1.0.0	profile-gated positive	Profile defines ready/not-ready encodings and tests both states; generic callers cannot assume one exact nonzero.	Campaign manifest; raw observation; runner/probe source and executable hashes; fixture/profile identity; result record; before/after state for mutable media.	Observed behavior must satisfy the proposition oracle under the selected named profile.	A FAIL defeats that profile claim; NOT APPLICABLE is permitted only when the profile is not claimed.	profile manifest; restored fixture
BIOS-002-P0473	1.0.0	BIOS-002	0473	Direct BIOS call layering	REQUIRED	generic CP/M 2.2 baseline	OR-0473	1.0.0	positive predicate	Compare direct and BDOS-mediated controlled character operations.	Campaign manifest; raw observation; runner/probe source and executable hashes; fixture/profile identity; result record; before/after state for mutable media.	Observed behavior must satisfy the proposition oracle for every baseline campaign.	A FAIL defeats baseline certification; BLOCKED prevents certification.	MEM-001; BIOS-001 as applicable
CCP-001-P0474	1.0.0	CCP-001	0474	BIOS residual registers and reentrancy	NOT GUARANTEED	generic CP/M 2.2 baseline	OR-0474	1.0.0	permitted variation	Applications rely only on documented inputs/outputs and make no nested-context assumption.	Campaign manifest; raw observation; runner/probe source and executable hashes; fixture/profile identity; result record; before/after state for mutable media.	The candidate passes when it does not claim the incidental behavior as a portable guarantee and remains within any explicitly stated accepted set.	A candidate is not failed for differing from DRI; a contradictory portability guarantee is a framework FAIL.	MEM-001; BDOS public/file/console prerequisites used by case
CCP-002-P0475	1.0.0	CCP-002	0475	CCP semantic prompt	REQUIRED	generic CP/M 2.2 baseline	OR-0475	1.0.0	positive predicate	Switch drives and verify the semantic prompt changes accordingly.	Campaign manifest; raw observation; runner/probe source and executable hashes; fixture/profile identity; result record; before/after state for mutable media.	Observed behavior must satisfy the proposition oracle for every baseline campaign.	A FAIL defeats baseline certification; BLOCKED prevents certification.	MEM-001; BDOS public/file/console prerequisites used by case
CCP-001-P0476	1.0.0	CCP-001	0476	CCP prompt presentation freedom	NOT GUARANTEED	generic CP/M 2.2 baseline	OR-0476	1.0.0	permitted variation	Baseline uses semantic recognition, never byte-exact prompt decoration.	Campaign manifest; raw observation; runner/probe source and executable hashes; fixture/profile identity; result record; before/after state for mutable media.	The candidate passes when it does not claim the incidental behavior as a portable guarantee and remains within any explicitly stated accepted set.	A candidate is not failed for differing from DRI; a contradictory portability guarantee is a framework FAIL.	MEM-001; BDOS public/file/console prerequisites used by case
CCP-002-P0477	1.0.0	CCP-002	0477	CCP buffered command acquisition	REQUIRED	generic CP/M 2.2 baseline	OR-0477	1.0.0	positive predicate	Queue edited input and verify dispatch occurs only after CR.	Campaign manifest; raw observation; runner/probe source and executable hashes; fixture/profile identity; result record; before/after state for mutable media.	Observed behavior must satisfy the proposition oracle for every baseline campaign.	A FAIL defeats baseline certification; BLOCKED prevents certification.	MEM-001; BDOS public/file/console prerequisites used by case
CCP-001-P0478	1.0.0	CCP-001	0478	DRI CCP command capacity	PROFILE REQUIRED	the Strict DRI CCP profile	OR-0478	1.0.0	profile-gated positive	Profile tests the 127-byte boundary and rejection; baseline publishes its supported documented capacity.	Campaign manifest; raw observation; runner/probe source and executable hashes; fixture/profile identity; result record; before/after state for mutable media.	Observed behavior must satisfy the proposition oracle under the selected named profile.	A FAIL defeats that profile claim; NOT APPLICABLE is permitted only when the profile is not claimed.	MEM-001; BDOS public/file/console prerequisites used by case
CCP-002-P0479	1.0.0	CCP-002	0479	CCP empty and SPACE-only commands	REQUIRED	generic CP/M 2.2 baseline	OR-0479	1.0.0	positive predicate	Test CR, one SPACE, and multiple SPACEs independently.	Campaign manifest; raw observation; runner/probe source and executable hashes; fixture/profile identity; result record; before/after state for mutable media.	Observed behavior must satisfy the proposition oracle for every baseline campaign.	A FAIL defeats baseline certification; BLOCKED prevents certification.	MEM-001; BDOS public/file/console prerequisites used by case
CCP-001-P0480	1.0.0	CCP-001	0480	TAB is not CCP SPACE	REQUIRED	generic CP/M 2.2 baseline	OR-0480	1.0.0	positive predicate	Submit SPACE and TAB separately; require TAB not to act as token-separating SPACE.	Campaign manifest; raw observation; runner/probe source and executable hashes; fixture/profile identity; result record; before/after state for mutable media.	Observed behavior must satisfy the proposition oracle for every baseline campaign.	A FAIL defeats baseline certification; BLOCKED prevents certification.	MEM-001; BDOS public/file/console prerequisites used by case
CCP-002-P0481	1.0.0	CCP-002	0481	CCP ASCII case normalization	REQUIRED	generic CP/M 2.2 baseline	OR-0481	1.0.0	positive predicate	Compare lower/mixed-case dispatch and transient-entry bytes.	Campaign manifest; raw observation; runner/probe source and executable hashes; fixture/profile identity; result record; before/after state for mutable media.	Observed behavior must satisfy the proposition oracle for every baseline campaign.	A FAIL defeats baseline certification; BLOCKED prevents certification.	MEM-001; BDOS public/file/console prerequisites used by case
CCP-001-P0482	1.0.0	CCP-001	0482	CCP built-in command set	REQUIRED	generic CP/M 2.2 baseline	OR-0482	1.0.0	positive predicate	Test each exact name without exercising full command semantics.	Campaign manifest; raw observation; runner/probe source and executable hashes; fixture/profile identity; result record; before/after state for mutable media.	Observed behavior must satisfy the proposition oracle for every baseline campaign.	A FAIL defeats baseline certification; BLOCKED prevents certification.	MEM-001; BDOS public/file/console prerequisites used by case
CCP-002-P0483	1.0.0	CCP-002	0483	Exact built-in-name matching	REQUIRED	generic CP/M 2.2 baseline	OR-0483	1.0.0	positive predicate	Compare exact, prefix, and suffix names.	Campaign manifest; raw observation; runner/probe source and executable hashes; fixture/profile identity; result record; before/after state for mutable media.	Observed behavior must satisfy the proposition oracle for every baseline campaign.	A FAIL defeats baseline certification; BLOCKED prevents certification.	MEM-001; BDOS public/file/console prerequisites used by case
CCP-001-P0484	1.0.0	CCP-001	0484	Built-in precedence	REQUIRED	generic CP/M 2.2 baseline	OR-0484	1.0.0	positive predicate	Install harmless colliding COM files and verify markers do not execute.	Campaign manifest; raw observation; runner/probe source and executable hashes; fixture/profile identity; result record; before/after state for mutable media.	Observed behavior must satisfy the proposition oracle for every baseline campaign.	A FAIL defeats baseline certification; BLOCKED prevents certification.	MEM-001; BDOS public/file/console prerequisites used by case
CCP-002-P0485	1.0.0	CCP-002	0485	Drive-only CCP selection	REQUIRED	generic CP/M 2.2 baseline	OR-0485	1.0.0	positive predicate	Issue drive-only commands and query prompt/BDOS drive afterward.	Campaign manifest; raw observation; runner/probe source and executable hashes; fixture/profile identity; result record; before/after state for mutable media.	Observed behavior must satisfy the proposition oracle for every baseline campaign.	A FAIL defeats baseline certification; BLOCKED prevents certification.	MEM-001; BDOS public/file/console prerequisites used by case
CCP-001-P0486	1.0.0	CCP-001	0486	Drive-prefixed transient dispatch	REQUIRED	generic CP/M 2.2 baseline	OR-0486	1.0.0	positive predicate	Use colliding and missing transient names on another drive and inspect the following prompt.	Campaign manifest; raw observation; runner/probe source and executable hashes; fixture/profile identity; result record; before/after state for mutable media.	Observed behavior must satisfy the proposition oracle for every baseline campaign.	A FAIL defeats baseline certification; BLOCKED prevents certification.	MEM-001; BDOS public/file/console prerequisites used by case
CCP-002-P0487	1.0.0	CCP-002	0487	Primary-name transient command syntax	REQUIRED	generic CP/M 2.2 baseline	OR-0487	1.0.0	positive predicate	Compare NAME and NAME.COM/NAME.TXT for a controlled transient.	Campaign manifest; raw observation; runner/probe source and executable hashes; fixture/profile identity; result record; before/after state for mutable media.	Observed behavior must satisfy the proposition oracle for every baseline campaign.	A FAIL defeats baseline certification; BLOCKED prevents certification.	MEM-001; BDOS public/file/console prerequisites used by case
CCP-001-P0488	1.0.0	CCP-001	0488	CCP resident/transient preparation boundary	REQUIRED	generic CP/M 2.2 baseline	OR-0488	1.0.0	positive predicate	Instrument both dispatch branches and test only externally visible prepared state.	Campaign manifest; raw observation; runner/probe source and executable hashes; fixture/profile identity; result record; before/after state for mutable media.	Observed behavior must satisfy the proposition oracle for every baseline campaign.	A FAIL defeats baseline certification; BLOCKED prevents certification.	MEM-001; BDOS public/file/console prerequisites used by case
CCP-002-P0489	1.0.0	CCP-002	0489	Generic command-error recovery	REQUIRED	generic CP/M 2.2 baseline	OR-0489	1.0.0	positive predicate	Record drive before failure and the following prompt/query.	Campaign manifest; raw observation; runner/probe source and executable hashes; fixture/profile identity; result record; before/after state for mutable media.	Observed behavior must satisfy the proposition oracle for every baseline campaign.	A FAIL defeats baseline certification; BLOCKED prevents certification.	MEM-001; BDOS public/file/console prerequisites used by case
CCP-001-P0490	1.0.0	CCP-001	0490	Exact DRI command-error presentation	PROFILE REQUIRED	the DRI diagnostic-presentation profile	OR-0490	1.0.0	profile-gated positive	Profile compares exact error transcript; baseline verifies rejection and reprompt only.	Campaign manifest; raw observation; runner/probe source and executable hashes; fixture/profile identity; result record; before/after state for mutable media.	Observed behavior must satisfy the proposition oracle under the selected named profile.	A FAIL defeats that profile claim; NOT APPLICABLE is permitted only when the profile is not claimed.	MEM-001; BDOS public/file/console prerequisites used by case
CCP-005-P0491	1.0.0	CCP-005	0491	CCP parser implementation freedom	OUTSIDE SCOPE	generic CP/M 2.2 compatibility claim	OR-0491	1.0.0	anti-requirement	Test public input/output and transient-entry results rather than private layout.	Campaign manifest; raw observation; runner/probe source and executable hashes; fixture/profile identity; result record; before/after state for mutable media.	The framework must not require equality with this behavior; testing may only verify that no baseline assertion depends on it.	Never a positive baseline gate; an attempted mandatory assertion is a framework-definition FAIL.	MEM-001; BDOS public/file/console prerequisites used by case
CCP-005-P0492	1.0.0	CCP-005	0492	CCP executable identity	REQUIRED	generic CP/M 2.2 baseline	OR-0492	1.0.0	positive predicate	Compare controlled NAME.COM execution with typed NAME and explicit-type cases.	Campaign manifest; raw observation; runner/probe source and executable hashes; fixture/profile identity; result record; before/after state for mutable media.	Observed behavior must satisfy the proposition oracle for every baseline campaign.	A FAIL defeats baseline certification; BLOCKED prevents certification.	MEM-001; BDOS public/file/console prerequisites used by case
CCP-005-P0493	1.0.0	CCP-005	0493	Single-drive transient lookup	REQUIRED	generic CP/M 2.2 baseline	OR-0493	1.0.0	positive predicate	Place commands on controlled drives and vary current drive selection.	Campaign manifest; raw observation; runner/probe source and executable hashes; fixture/profile identity; result record; before/after state for mutable media.	Observed behavior must satisfy the proposition oracle for every baseline campaign.	A FAIL defeats baseline certification; BLOCKED prevents certification.	MEM-001; BDOS public/file/console prerequisites used by case
CCP-005-P0494	1.0.0	CCP-005	0494	Current-user transient lookup	REQUIRED	generic CP/M 2.2 baseline	OR-0494	1.0.0	positive predicate	Place distinct commands in user areas and verify selection behavior.	Campaign manifest; raw observation; runner/probe source and executable hashes; fixture/profile identity; result record; before/after state for mutable media.	Observed behavior must satisfy the proposition oracle for every baseline campaign.	A FAIL defeats baseline certification; BLOCKED prevents certification.	MEM-001; BDOS public/file/console prerequisites used by case
CCP-006-P0495	1.0.0	CCP-006	0495	Explicit-drive lookup context	REQUIRED	generic CP/M 2.2 baseline	OR-0495	1.0.0	positive predicate	Record execution identity and following command prompt state.	Campaign manifest; raw observation; runner/probe source and executable hashes; fixture/profile identity; result record; before/after state for mutable media.	Observed behavior must satisfy the proposition oracle for every baseline campaign.	A FAIL defeats baseline certification; BLOCKED prevents certification.	MEM-001; BDOS public/file/console prerequisites used by case
CCP-005-P0496	1.0.0	CCP-005	0496	CCP sequential COM loading	REQUIRED	generic CP/M 2.2 baseline	OR-0496	1.0.0	positive predicate	Verify record markers at 0100h plus record offset.	Campaign manifest; raw observation; runner/probe source and executable hashes; fixture/profile identity; result record; before/after state for mutable media.	Observed behavior must satisfy the proposition oracle for every baseline campaign.	A FAIL defeats baseline certification; BLOCKED prevents certification.	MEM-001; BDOS public/file/console prerequisites used by case
CCP-006-P0497	1.0.0	CCP-006	0497	CCP load completion	REQUIRED	generic CP/M 2.2 baseline	OR-0497	1.0.0	positive predicate	Compare ordinary EOF with controlled failure returns.	Campaign manifest; raw observation; runner/probe source and executable hashes; fixture/profile identity; result record; before/after state for mutable media.	Observed behavior must satisfy the proposition oracle for every baseline campaign.	A FAIL defeats baseline certification; BLOCKED prevents certification.	MEM-001; BDOS public/file/console prerequisites used by case
CCP-005-P0498	1.0.0	CCP-005	0498	Final COM record granularity	NOT GUARANTEED	generic CP/M 2.2 baseline	OR-0498	1.0.0	permitted variation	Require complete record transfer only.	Campaign manifest; raw observation; runner/probe source and executable hashes; fixture/profile identity; result record; before/after state for mutable media.	The candidate passes when it does not claim the incidental behavior as a portable guarantee and remains within any explicitly stated accepted set.	A candidate is not failed for differing from DRI; a contradictory portability guarantee is a framework FAIL.	MEM-001; BDOS public/file/console prerequisites used by case
CCP-006-P0499	1.0.0	CCP-006	0499	Resident-system load protection	REQUIRED	generic CP/M 2.2 baseline	OR-0499	1.0.0	positive predicate	Test largest accepted and first rejected record counts.	Campaign manifest; raw observation; runner/probe source and executable hashes; fixture/profile identity; result record; before/after state for mutable media.	Observed behavior must satisfy the proposition oracle for every baseline campaign.	A FAIL defeats baseline certification; BLOCKED prevents certification.	MEM-001; BDOS public/file/console prerequisites used by case
CCP-005-P0500	1.0.0	CCP-005	0500	Transient maximum is configuration-dependent	NOT GUARANTEED	generic CP/M 2.2 baseline	OR-0500	1.0.0	permitted variation	Repeat boundary tests per configuration.	Campaign manifest; raw observation; runner/probe source and executable hashes; fixture/profile identity; result record; before/after state for mutable media.	The candidate passes when it does not claim the incidental behavior as a portable guarantee and remains within any explicitly stated accepted set.	A candidate is not failed for differing from DRI; a contradictory portability guarantee is a framework FAIL.	MEM-001; BDOS public/file/console prerequisites used by case
CCP-006-P0501	1.0.0	CCP-006	0501	CCP load-failure nonexecution	REQUIRED	generic CP/M 2.2 baseline	OR-0501	1.0.0	positive predicate	Verify execution markers are absent after failure.	Campaign manifest; raw observation; runner/probe source and executable hashes; fixture/profile identity; result record; before/after state for mutable media.	Observed behavior must satisfy the proposition oracle for every baseline campaign.	A FAIL defeats baseline certification; BLOCKED prevents certification.	MEM-001; BDOS public/file/console prerequisites used by case
CCP-005-P0502	1.0.0	CCP-005	0502	Pre-execution DMA restoration	REQUIRED	generic CP/M 2.2 baseline	OR-0502	1.0.0	positive predicate	Probe command tail and default DMA at entry.	Campaign manifest; raw observation; runner/probe source and executable hashes; fixture/profile identity; result record; before/after state for mutable media.	Observed behavior must satisfy the proposition oracle for every baseline campaign.	A FAIL defeats baseline certification; BLOCKED prevents certification.	MEM-001; BDOS public/file/console prerequisites used by case
CCP-006-P0503	1.0.0	CCP-006	0503	CCP CALL/RET cleanup path	REQUIRED	generic CP/M 2.2 baseline	OR-0503	1.0.0	positive predicate	Terminate by RET and verify restored environment.	Campaign manifest; raw observation; runner/probe source and executable hashes; fixture/profile identity; result record; before/after state for mutable media.	Observed behavior must satisfy the proposition oracle for every baseline campaign.	A FAIL defeats baseline certification; BLOCKED prevents certification.	MEM-001; BDOS public/file/console prerequisites used by case
CCP-005-P0504	1.0.0	CCP-005	0504	Termination-state convergence	REQUIRED	generic CP/M 2.2 baseline	OR-0504	1.0.0	positive predicate	Compare all three termination paths.	Campaign manifest; raw observation; runner/probe source and executable hashes; fixture/profile identity; result record; before/after state for mutable media.	Observed behavior must satisfy the proposition oracle for every baseline campaign.	A FAIL defeats baseline certification; BLOCKED prevents certification.	MEM-001; BDOS public/file/console prerequisites used by case
CCP-005-P0505	1.0.0	CCP-005	0505	CCP loader implementation freedom	OUTSIDE SCOPE	generic CP/M 2.2 compatibility claim	OR-0505	1.0.0	anti-requirement	Test observable behavior rather than private internals.	Campaign manifest; raw observation; runner/probe source and executable hashes; fixture/profile identity; result record; before/after state for mutable media.	The framework must not require equality with this behavior; testing may only verify that no baseline assertion depends on it.	Never a positive baseline gate; an attempted mandatory assertion is a framework-definition FAIL.	MEM-001; BDOS public/file/console prerequisites used by case
CCP-006-P0506	1.0.0	CCP-006	0506	Default FCB operand assignment	PROFILE REQUIRED	the Strict DRI CCP/ecosystem	OR-0506	1.0.0	profile-gated positive	One profile test jointly covers 0012 and 0506 without counting duplicate obligations.	Campaign manifest; raw observation; runner/probe source and executable hashes; fixture/profile identity; result record; before/after state for mutable media.	Observed behavior must satisfy the proposition oracle under the selected named profile.	A FAIL defeats that profile claim; NOT APPLICABLE is permitted only when the profile is not claimed.	MEM-001; BDOS public/file/console prerequisites used by case
CCP-005-P0507	1.0.0	CCP-005	0507	Default FCB residual fields	NOT GUARANTEED	generic CP/M 2.2 baseline	OR-0507	1.0.0	permitted variation	A compatible implementation may vary residual bytes without failing compatibility.	Campaign manifest; raw observation; runner/probe source and executable hashes; fixture/profile identity; result record; before/after state for mutable media.	The candidate passes when it does not claim the incidental behavior as a portable guarantee and remains within any explicitly stated accepted set.	A candidate is not failed for differing from DRI; a contradictory portability guarantee is a framework FAIL.	MEM-001; BDOS public/file/console prerequisites used by case
CCP-007-P0508	1.0.0	CCP-007	0508	Tail capacity is bounded by CCP input acquisition	PROFILE REQUIRED	the Declared CCP profile	OR-0508	1.0.0	profile-gated positive	Each CCP profile publishes and tests its accepted-line and resulting-tail limits.	Campaign manifest; raw observation; runner/probe source and executable hashes; fixture/profile identity; result record; before/after state for mutable media.	Observed behavior must satisfy the proposition oracle under the selected named profile.	A FAIL defeats that profile claim; NOT APPLICABLE is permitted only when the profile is not claimed.	MEM-001; BDOS public/file/console prerequisites used by case
MEM-005-P0509	1.0.0	MEM-005	0509	Transient termination mechanisms	REQUIRED	generic CP/M 2.2 baseline	OR-0509	1.0.0	positive predicate	Execute minimal transients using each mechanism and verify a usable CCP prompt, distinguishing RET from WBOOT by controlled page-zero reconstruction.	Campaign manifest; raw observation; runner/probe source and executable hashes; fixture/profile identity; result record; before/after state for mutable media.	Observed behavior must satisfy the proposition oracle for every baseline campaign.	A FAIL defeats baseline certification; BLOCKED prevents certification.	MEM-001; BIOS-001 as applicable
CCP-007-P0510	1.0.0	CCP-007	0510	RET does not generally reconstruct page zero	NOT GUARANTEED	generic CP/M 2.2 baseline	OR-0510	1.0.0	permitted variation	Install safe forwarding modifications to 0000h/0005h, terminate by RET, and verify that compatibility does not depend on CCP rewriting them.	Campaign manifest; raw observation; runner/probe source and executable hashes; fixture/profile identity; result record; before/after state for mutable media.	The candidate passes when it does not claim the incidental behavior as a portable guarantee and remains within any explicitly stated accepted set.	A candidate is not failed for differing from DRI; a contradictory portability guarantee is a framework FAIL.	MEM-001; BDOS public/file/console prerequisites used by case
MEM-005-P0511	1.0.0	MEM-005	0511	Termination does not implicitly close application FCBs	NOT GUARANTEED	generic CP/M 2.2 baseline	OR-0511	1.0.0	permitted variation	Make and write a record without Close, terminate through each path, and verify that an implementation is not required to finalize the FCB as if Function 16 had been called.	Campaign manifest; raw observation; runner/probe source and executable hashes; fixture/profile identity; result record; before/after state for mutable media.	The candidate passes when it does not claim the incidental behavior as a portable guarantee and remains within any explicitly stated accepted set.	A candidate is not failed for differing from DRI; a contradictory portability guarantee is a framework FAIL.	MEM-001; BIOS-001 as applicable
ERROR-001-P0512	1.0.0	ERROR-001	0512	Post-termination drive and user policy	PROFILE REQUIRED	the CCP/lifecycle profile	OR-0512	1.0.0	profile-gated positive	Profile tests RET, Function 0, and JMP 0000h with changed drive/user state.	Campaign manifest; raw observation; runner/probe source and executable hashes; fixture/profile identity; result record; before/after state for mutable media.	Observed behavior must satisfy the proposition oracle under the selected named profile.	A FAIL defeats that profile claim; NOT APPLICABLE is permitted only when the profile is not claimed.	healthy corresponding interface/storage test; restored fault fixture
APP-004-P0513	1.0.0	APP-004	0513	File-operation failures are function-specific	REQUIRED	generic CP/M 2.2 baseline	OR-0513	1.0.0	positive predicate	Interpret each BDOS result according to its function-specific contract rather than assuming a universal failure code.	Campaign manifest; raw observation; runner/probe source and executable hashes; fixture/profile identity; result record; before/after state for mutable media.	Observed behavior must satisfy the proposition oracle for every baseline campaign.	A FAIL defeats baseline certification; BLOCKED prevents certification.	all narrow tests for mapped ledger areas; named software/profile fixture
ERROR-001-P0514	1.0.0	ERROR-001	0514	Failure does not generally validate DMA contents	NOT GUARANTEED	generic CP/M 2.2 baseline	OR-0514	1.0.0	permitted variation	Do not consume DMA data after failed file operations unless the specific function contract establishes it.	Campaign manifest; raw observation; runner/probe source and executable hashes; fixture/profile identity; result record; before/after state for mutable media.	The candidate passes when it does not claim the incidental behavior as a portable guarantee and remains within any explicitly stated accepted set.	A candidate is not failed for differing from DRI; a contradictory portability guarantee is a framework FAIL.	healthy corresponding interface/storage test; restored fault fixture
APP-004-P0515	1.0.0	APP-004	0515	FCB state after precondition or operation failure	NOT GUARANTEED	generic CP/M 2.2 baseline	OR-0515	1.0.0	permitted variation	Do not require byte-for-byte FCB preservation after failed operations.	Campaign manifest; raw observation; runner/probe source and executable hashes; fixture/profile identity; result record; before/after state for mutable media.	The candidate passes when it does not claim the incidental behavior as a portable guarantee and remains within any explicitly stated accepted set.	A candidate is not failed for differing from DRI; a contradictory portability guarantee is a framework FAIL.	all narrow tests for mapped ledger areas; named software/profile fixture
ERROR-001-P0516	1.0.0	ERROR-001	0516	Directory-full and allocation-full are distinct	REQUIRED	generic CP/M 2.2 baseline	OR-0516	1.0.0	positive predicate	Test directory exhaustion and allocation exhaustion independently.	Campaign manifest; raw observation; runner/probe source and executable hashes; fixture/profile identity; result record; before/after state for mutable media.	Observed behavior must satisfy the proposition oracle for every baseline campaign.	A FAIL defeats baseline certification; BLOCKED prevents certification.	healthy corresponding interface/storage test; restored fault fixture
BDOS-STATE-001-P0517	1.0.0	BDOS-STATE-001	0517	Malformed FCB behavior is outside the portable contract	NOT GUARANTEED	generic CP/M 2.2 baseline	OR-0517	1.0.0	permitted variation	Require documented behavior only for valid FCBs and documented preconditions.	Campaign manifest; raw observation; runner/probe source and executable hashes; fixture/profile identity; result record; before/after state for mutable media.	The candidate passes when it does not claim the incidental behavior as a portable guarantee and remains within any explicitly stated accepted set.	A candidate is not failed for differing from DRI; a contradictory portability guarantee is a framework FAIL.	MEM-001; BIOS-001 as applicable
BDOS-STATE-001-P0518	1.0.0	BDOS-STATE-001	0518	BDOS system state components	REQUIRED	generic CP/M 2.2 baseline	OR-0518	1.0.0	positive predicate	Change and query each state component independently.	Campaign manifest; raw observation; runner/probe source and executable hashes; fixture/profile identity; result record; before/after state for mutable media.	Observed behavior must satisfy the proposition oracle for every baseline campaign.	A FAIL defeats baseline certification; BLOCKED prevents certification.	MEM-001; BIOS-001 as applicable
BDOS-STATE-001-P0519	1.0.0	BDOS-STATE-001	0519	BIOS-owned selected-drive resources	REQUIRED	generic CP/M 2.2 baseline	OR-0519	1.0.0	positive predicate	Select drives and verify BDOS exposes the corresponding BIOS resources without requiring a particular address.	Campaign manifest; raw observation; runner/probe source and executable hashes; fixture/profile identity; result record; before/after state for mutable media.	Observed behavior must satisfy the proposition oracle for every baseline campaign.	A FAIL defeats baseline certification; BLOCKED prevents certification.	MEM-001; BIOS-001 as applicable
BDOS-STATE-001-P0520	1.0.0	BDOS-STATE-001	0520	Function 26 persistence boundary	REQUIRED	generic CP/M 2.2 baseline	OR-0520	1.0.0	positive predicate	Interpose nonresetting BDOS calls before a transfer, then test each documented reset boundary.	Campaign manifest; raw observation; runner/probe source and executable hashes; fixture/profile identity; result record; before/after state for mutable media.	Observed behavior must satisfy the proposition oracle for every baseline campaign.	A FAIL defeats baseline certification; BLOCKED prevents certification.	MEM-001; BIOS-001 as applicable
BDOS-STATE-001-P0521	1.0.0	BDOS-STATE-001	0521	System-state independence	REQUIRED	generic CP/M 2.2 baseline	OR-0521	1.0.0	positive predicate	Alter each component and query the others.	Campaign manifest; raw observation; runner/probe source and executable hashes; fixture/profile identity; result record; before/after state for mutable media.	Observed behavior must satisfy the proposition oracle for every baseline campaign.	A FAIL defeats baseline certification; BLOCKED prevents certification.	MEM-001; BIOS-001 as applicable
BDOS-STATE-001-P0522	1.0.0	BDOS-STATE-001	0522	ALV and DPB pointer lifetime	NOT GUARANTEED	generic CP/M 2.2 baseline	OR-0522	1.0.0	permitted variation	Applications re-query after state transitions; conformance does not compare DRI numeric addresses.	Campaign manifest; raw observation; runner/probe source and executable hashes; fixture/profile identity; result record; before/after state for mutable media.	The candidate passes when it does not claim the incidental behavior as a portable guarantee and remains within any explicitly stated accepted set.	A candidate is not failed for differing from DRI; a contradictory portability guarantee is a framework FAIL.	MEM-001; BIOS-001 as applicable
BDOS-STATE-001-P0523	1.0.0	BDOS-STATE-001	0523	Function 37 state-effect profile scope	OPTIONAL	the Undocumented Function-37 compatibility profile. Generic BetterCP/M CP/M 2.2 compatibility does not require this feature	OR-0523	1.0.0	optional-feature isolation	Selecting 0435 activates 0523's inactive/current/multiple/read-only vector tests.	Campaign manifest; raw observation; runner/probe source and executable hashes; fixture/profile identity; result record; before/after state for mutable media.	The case is NOT APPLICABLE unless the optional feature is claimed; when claimed, its declared behavior must be verified without changing baseline semantics.	Does not affect baseline certification; a FAIL defeats only the optional claim.	MEM-001; BIOS-001 as applicable
BDOS-STATE-001-P0524	1.0.0	BDOS-STATE-001	0524	CP/M 2.2 Function 39 has no Get-BIOS contract	OUTSIDE SCOPE	generic CP/M 2.2 compatibility claim	OR-0524	1.0.0	anti-requirement	Do not require a Get-BIOS pointer from selector 39.	Campaign manifest; raw observation; runner/probe source and executable hashes; fixture/profile identity; result record; before/after state for mutable media.	The framework must not require equality with this behavior; testing may only verify that no baseline assertion depends on it.	Never a positive baseline gate; an attempted mandatory assertion is a framework-definition FAIL.	MEM-001; BIOS-001 as applicable
BDOS-CALL-001-P0525	1.0.0	BDOS-CALL-001	0525	CP/M 2.2 selectors 40 and 41	REQUIRED	generic CP/M 2.2 baseline	OR-0525	1.0.0	positive predicate	Test Function 40 as random write; require no Function-41 extension for CP/M 2.2 conformance.	Campaign manifest; raw observation; runner/probe source and executable hashes; fixture/profile identity; result record; before/after state for mutable media.	Observed behavior must satisfy the proposition oracle for every baseline campaign.	A FAIL defeats baseline certification; BLOCKED prevents certification.	profile manifest; restored fixture
BDOS-CALL-001-P0526	1.0.0	BDOS-CALL-001	0526	Common BDOS gateway and invocation	REQUIRED	generic CP/M 2.2 baseline	OR-0526	1.0.0	positive predicate	Relocate the BDOS target while preserving the 0005h gateway.	Campaign manifest; raw observation; runner/probe source and executable hashes; fixture/profile identity; result record; before/after state for mutable media.	Observed behavior must satisfy the proposition oracle for every baseline campaign.	A FAIL defeats baseline certification; BLOCKED prevents certification.	profile manifest; restored fixture
BDOS-CALL-001-P0527	1.0.0	BDOS-CALL-001	0527	Common selector and parameter carriers	REQUIRED	generic CP/M 2.2 baseline	OR-0527	1.0.0	positive predicate	Exercise pointer, word, byte, and unused DE/E cases.	Campaign manifest; raw observation; runner/probe source and executable hashes; fixture/profile identity; result record; before/after state for mutable media.	Observed behavior must satisfy the proposition oracle for every baseline campaign.	A FAIL defeats baseline certification; BLOCKED prevents certification.	profile manifest; restored fixture
BDOS-CALL-001-P0528	1.0.0	BDOS-CALL-001	0528	Common result and alias convention	REQUIRED	generic CP/M 2.2 baseline	OR-0528	1.0.0	positive predicate	Check primary and alias registers for success, error, void, and out-of-range returns.	Campaign manifest; raw observation; runner/probe source and executable hashes; fixture/profile identity; result record; before/after state for mutable media.	Observed behavior must satisfy the proposition oracle for every baseline campaign.	A FAIL defeats baseline certification; BLOCKED prevents certification.	profile manifest; restored fixture
BDOS-CALL-001-P0529	1.0.0	BDOS-CALL-001	0529	Strict CP/M 2.2 unsupported selectors	REQUIRED	generic CP/M 2.2 baseline	OR-0529	1.0.0	positive predicate	Test 41, 42, 7Fh, 80h, and FFh in strict mode.	Campaign manifest; raw observation; runner/probe source and executable hashes; fixture/profile identity; result record; before/after state for mutable media.	Observed behavior must satisfy the proposition oracle for every baseline campaign.	A FAIL defeats baseline certification; BLOCKED prevents certification.	profile manifest; restored fixture
BDOS-CALL-001-P0530	1.0.0	BDOS-CALL-001	0530	General register preservation	NOT GUARANTEED	generic CP/M 2.2 baseline	OR-0530	1.0.0	permitted variation	Applications reload needed inputs and tests accept arbitrary undocumented residual register state.	Campaign manifest; raw observation; runner/probe source and executable hashes; fixture/profile identity; result record; before/after state for mutable media.	The candidate passes when it does not claim the incidental behavior as a portable guarantee and remains within any explicitly stated accepted set.	A candidate is not failed for differing from DRI; a contradictory portability guarantee is a framework FAIL.	profile manifest; restored fixture
BDOS-CALL-001-P0531	1.0.0	BDOS-CALL-001	0531	Returning-call stack balance	REQUIRED	generic CP/M 2.2 baseline	OR-0531	1.0.0	positive predicate	Repeat returning calls on a guarded caller stack and compare SP.	Campaign manifest; raw observation; runner/probe source and executable hashes; fixture/profile identity; result record; before/after state for mutable media.	Observed behavior must satisfy the proposition oracle for every baseline campaign.	A FAIL defeats baseline certification; BLOCKED prevents certification.	profile manifest; restored fixture
BDOS-CALL-001-P0532	1.0.0	BDOS-CALL-001	0532	Invalid parameters are function-specific	NOT GUARANTEED	generic CP/M 2.2 baseline	OR-0532	1.0.0	permitted variation	Validate documented errors per function and require no common bad-parameter code.	Campaign manifest; raw observation; runner/probe source and executable hashes; fixture/profile identity; result record; before/after state for mutable media.	The candidate passes when it does not claim the incidental behavior as a portable guarantee and remains within any explicitly stated accepted set.	A candidate is not failed for differing from DRI; a contradictory portability guarantee is a framework FAIL.	profile manifest; restored fixture
MEM-004-P0533	1.0.0	MEM-004	0533	BDOS reentrancy	NOT GUARANTEED	generic CP/M 2.2 baseline	OR-0533	1.0.0	permitted variation	Compatible applications do not make nested calls; no DRI private implementation is required.	Campaign manifest; raw observation; runner/probe source and executable hashes; fixture/profile identity; result record; before/after state for mutable media.	The candidate passes when it does not claim the incidental behavior as a portable guarantee and remains within any explicitly stated accepted set.	A candidate is not failed for differing from DRI; a contradictory portability guarantee is a framework FAIL.	MEM-001; BIOS-001 as applicable
CCP-006-P0534	1.0.0	CCP-006	0534	Complete transient handoff	REQUIRED	generic CP/M 2.2 baseline	OR-0534	1.0.0	positive predicate	Capture all public entry objects before the first diagnostic call and immediately invoke BDOS.	Campaign manifest; raw observation; runner/probe source and executable hashes; fixture/profile identity; result record; before/after state for mutable media.	Observed behavior must satisfy the proposition oracle for every baseline campaign.	A FAIL defeats baseline certification; BLOCKED prevents certification.	MEM-001; BDOS public/file/console prerequisites used by case
MEM-004-P0535	1.0.0	MEM-004	0535	Handoff preparation ordering	OUTSIDE SCOPE	generic CP/M 2.2 compatibility claim	OR-0535	1.0.0	anti-requirement	Test entry state, not private instruction order.	Campaign manifest; raw observation; runner/probe source and executable hashes; fixture/profile identity; result record; before/after state for mutable media.	The framework must not require equality with this behavior; testing may only verify that no baseline assertion depends on it.	Never a positive baseline gate; an attempted mandatory assertion is a framework-definition FAIL.	MEM-001; BIOS-001 as applicable
CCP-006-P0536	1.0.0	CCP-006	0536	Unloaded transient memory	NOT GUARANTEED	generic CP/M 2.2 baseline	OR-0536	1.0.0	permitted variation	Vary unused memory contents; applications initialize storage before relying on it.	Campaign manifest; raw observation; runner/probe source and executable hashes; fixture/profile identity; result record; before/after state for mutable media.	The candidate passes when it does not claim the incidental behavior as a portable guarantee and remains within any explicitly stated accepted set.	A candidate is not failed for differing from DRI; a contradictory portability guarantee is a framework FAIL.	MEM-001; BDOS public/file/console prerequisites used by case
MEM-004-P0537	1.0.0	MEM-004	0537	Immediate BDOS readiness	REQUIRED	generic CP/M 2.2 baseline	OR-0537	1.0.0	positive predicate	Make a documented BDOS call as the first external operation.	Campaign manifest; raw observation; runner/probe source and executable hashes; fixture/profile identity; result record; before/after state for mutable media.	Observed behavior must satisfy the proposition oracle for every baseline campaign.	A FAIL defeats baseline certification; BLOCKED prevents certification.	MEM-001; BIOS-001 as applicable
CCP-006-P0538	1.0.0	CCP-006	0538	Loader DMA isolation	REQUIRED	generic CP/M 2.2 baseline	OR-0538	1.0.0	positive predicate	Load a multirecord program and use DMA immediately without Function 26.	Campaign manifest; raw observation; runner/probe source and executable hashes; fixture/profile identity; result record; before/after state for mutable media.	Observed behavior must satisfy the proposition oracle for every baseline campaign.	A FAIL defeats baseline certification; BLOCKED prevents certification.	MEM-001; BDOS public/file/console prerequisites used by case
MEM-004-P0539	1.0.0	MEM-004	0539	Transient stack preparation	NOT GUARANTEED	generic CP/M 2.2 baseline	OR-0539	1.0.0	permitted variation	Require immediate RET to work while varying numeric stack state.	Campaign manifest; raw observation; runner/probe source and executable hashes; fixture/profile identity; result record; before/after state for mutable media.	The candidate passes when it does not claim the incidental behavior as a portable guarantee and remains within any explicitly stated accepted set.	A candidate is not failed for differing from DRI; a contradictory portability guarantee is a framework FAIL.	MEM-001; BIOS-001 as applicable
CCP-006-P0540	1.0.0	CCP-006	0540	Load rejection suppresses execution	REQUIRED	generic CP/M 2.2 baseline	OR-0540	1.0.0	positive predicate	Embed a visible entry marker and verify it is absent on failure.	Campaign manifest; raw observation; runner/probe source and executable hashes; fixture/profile identity; result record; before/after state for mutable media.	Observed behavior must satisfy the proposition oracle for every baseline campaign.	A FAIL defeats baseline certification; BLOCKED prevents certification.	MEM-001; BDOS public/file/console prerequisites used by case
BDOS-FILE-003-P0541	1.0.0	BDOS-FILE-003	0541	Post-RET reconstruction boundary	NOT GUARANTEED	generic CP/M 2.2 baseline	OR-0541	1.0.0	permitted variation	Mutate state and memory, return, and validate only the next command’s documented environment.	Campaign manifest; raw observation; runner/probe source and executable hashes; fixture/profile identity; result record; before/after state for mutable media.	The candidate passes when it does not claim the incidental behavior as a portable guarantee and remains within any explicitly stated accepted set.	A candidate is not failed for differing from DRI; a contradictory portability guarantee is a framework FAIL.	BDOS-CALL-001; BDOS-STATE-003; BIOS-004/006 as applicable
BDOS-FILE-003-P0542	1.0.0	BDOS-FILE-003	0542	Enumeration returns directory entries, not unique filenames	REQUIRED	generic CP/M 2.2 baseline	OR-0542	1.0.0	positive predicate	Search a controlled multi-extent file and observe each matching extent entry.	Campaign manifest; raw observation; runner/probe source and executable hashes; fixture/profile identity; result record; before/after state for mutable media.	Observed behavior must satisfy the proposition oracle for every baseline campaign.	A FAIL defeats baseline certification; BLOCKED prevents certification.	BDOS-CALL-001; BDOS-STATE-003; BIOS-004/006 as applicable
BDOS-FILE-003-P0543	1.0.0	BDOS-FILE-003	0543	Matching extents remain separately visible	REQUIRED	generic CP/M 2.2 baseline	OR-0543	1.0.0	positive predicate	Enumerate a file exceeding one extent and compare returned 32-byte entries.	Campaign manifest; raw observation; runner/probe source and executable hashes; fixture/profile identity; result record; before/after state for mutable media.	Observed behavior must satisfy the proposition oracle for every baseline campaign.	A FAIL defeats baseline certification; BLOCKED prevents certification.	BDOS-CALL-001; BDOS-STATE-003; BIOS-004/006 as applicable
BDOS-FILE-003-P0544	1.0.0	BDOS-FILE-003	0544	Application-built FCB case is not folded	NOT GUARANTEED	generic CP/M 2.2 baseline	OR-0544	1.0.0	permitted variation	Compare uppercase and lowercase application-built FCB searches against one uppercase directory entry.	Campaign manifest; raw observation; runner/probe source and executable hashes; fixture/profile identity; result record; before/after state for mutable media.	The candidate passes when it does not claim the incidental behavior as a portable guarantee and remains within any explicitly stated accepted set.	A candidate is not failed for differing from DRI; a contradictory portability guarantee is a framework FAIL.	BDOS-CALL-001; BDOS-STATE-003; BIOS-004/006 as applicable
BDOS-FILE-003-P0545	1.0.0	BDOS-FILE-003	0545	Search FCB lifetime	REQUIRED	generic CP/M 2.2 baseline	OR-0545	1.0.0	positive predicate	Use stable FCB storage for a multi-result sequence; separately diagnose mutation as nonportable.	Campaign manifest; raw observation; runner/probe source and executable hashes; fixture/profile identity; result record; before/after state for mutable media.	Observed behavior must satisfy the proposition oracle for every baseline campaign.	A FAIL defeats baseline certification; BLOCKED prevents certification.	BDOS-CALL-001; BDOS-STATE-003; BIOS-004/006 as applicable
BDOS-FILE-003-P0546	1.0.0	BDOS-FILE-003	0546	Harmless state-query calls need not end enumeration	REQUIRED	generic CP/M 2.2 baseline	OR-0546	1.0.0	positive predicate	Interpose Functions 12 and 25 between successful First and Next calls.	Campaign manifest; raw observation; runner/probe source and executable hashes; fixture/profile identity; result record; before/after state for mutable media.	Observed behavior must satisfy the proposition oracle for every baseline campaign.	A FAIL defeats baseline certification; BLOCKED prevents certification.	BDOS-CALL-001; BDOS-STATE-003; BIOS-004/006 as applicable
BDOS-FILE-003-P0547	1.0.0	BDOS-FILE-003	0547	Search context does not survive program lifecycle reset	NOT GUARANTEED	generic CP/M 2.2 baseline	OR-0547	1.0.0	permitted variation	Require each new lifecycle to begin enumeration with Search First.	Campaign manifest; raw observation; runner/probe source and executable hashes; fixture/profile identity; result record; before/after state for mutable media.	The candidate passes when it does not claim the incidental behavior as a portable guarantee and remains within any explicitly stated accepted set.	A candidate is not failed for differing from DRI; a contradictory portability guarantee is a framework FAIL.	BDOS-CALL-001; BDOS-STATE-003; BIOS-004/006 as applicable
BDOS-FILE-003-P0548	1.0.0	BDOS-FILE-003	0548	Physical enumeration order is not a sort contract	NOT GUARANTEED	generic CP/M 2.2 baseline	OR-0548	1.0.0	permitted variation	Accept directory-order results and reject tests that require alphabetical sorting.	Campaign manifest; raw observation; runner/probe source and executable hashes; fixture/profile identity; result record; before/after state for mutable media.	The candidate passes when it does not claim the incidental behavior as a portable guarantee and remains within any explicitly stated accepted set.	A candidate is not failed for differing from DRI; a contradictory portability guarantee is a framework FAIL.	BDOS-CALL-001; BDOS-STATE-003; BIOS-004/006 as applicable
BDOS-FILE-003-P0549	1.0.0	BDOS-FILE-003	0549	Invalid-drive search need not return a result code	NOT GUARANTEED	generic CP/M 2.2 baseline	OR-0549	1.0.0	permitted variation	Test returned no-match separately from a controlled invalid-drive fatal path.	Campaign manifest; raw observation; runner/probe source and executable hashes; fixture/profile identity; result record; before/after state for mutable media.	The candidate passes when it does not claim the incidental behavior as a portable guarantee and remains within any explicitly stated accepted set.	A candidate is not failed for differing from DRI; a contradictory portability guarantee is a framework FAIL.	BDOS-CALL-001; BDOS-STATE-003; BIOS-004/006 as applicable
BDOS-FILE-011-P0550	1.0.0	BDOS-FILE-011	0550	Special drive-question search exposes complete directory values	REQUIRED	generic CP/M 2.2 baseline	OR-0550	1.0.0	positive predicate	Continue a controlled dr=‘?’ scan across user bytes and an E5h free directory slot.	Campaign manifest; raw observation; runner/probe source and executable hashes; fixture/profile identity; result record; before/after state for mutable media.	Observed behavior must satisfy the proposition oracle for every baseline campaign.	A FAIL defeats baseline certification; BLOCKED prevents certification.	BDOS-CALL-001; BDOS-STATE-003; BIOS-004/006 as applicable
BDOS-FILE-011-P0551	1.0.0	BDOS-FILE-011	0551	Make-to-open lifecycle equivalence	REQUIRED	generic CP/M 2.2 baseline	OR-0551	1.0.0	positive predicate	Exercise Make-only, Make/Close, Make/write/Close, and reopen.	Campaign manifest; raw observation; runner/probe source and executable hashes; fixture/profile identity; result record; before/after state for mutable media.	Observed behavior must satisfy the proposition oracle for every baseline campaign.	A FAIL defeats baseline certification; BLOCKED prevents certification.	BDOS-CALL-001; BDOS-STATE-003; BIOS-004/006 as applicable
BDOS-FILE-011-P0552	1.0.0	BDOS-FILE-011	0552	Working FCB may lead directory metadata	NOT GUARANTEED	generic CP/M 2.2 baseline	OR-0552	1.0.0	permitted variation	Compare the working FCB and Search record before Close.	Campaign manifest; raw observation; runner/probe source and executable hashes; fixture/profile identity; result record; before/after state for mutable media.	The candidate passes when it does not claim the incidental behavior as a portable guarantee and remains within any explicitly stated accepted set.	A candidate is not failed for differing from DRI; a contradictory portability guarantee is a framework FAIL.	BDOS-CALL-001; BDOS-STATE-003; BIOS-004/006 as applicable
BDOS-FILE-011-P0553	1.0.0	BDOS-FILE-011	0553	Successful Close establishes reopened consistency	REQUIRED	generic CP/M 2.2 baseline	OR-0553	1.0.0	positive predicate	Close a grown multi-extent file, reopen it, enumerate extents, read boundary markers, and compute size.	Campaign manifest; raw observation; runner/probe source and executable hashes; fixture/profile identity; result record; before/after state for mutable media.	Observed behavior must satisfy the proposition oracle for every baseline campaign.	A FAIL defeats baseline certification; BLOCKED prevents certification.	BDOS-CALL-001; BDOS-STATE-003; BIOS-004/006 as applicable
BDOS-FILE-011-P0554	1.0.0	BDOS-FILE-011	0554	Reopen reconstructs behavior, not FCB byte identity	NOT GUARANTEED	generic CP/M 2.2 baseline	OR-0554	1.0.0	permitted variation	Compare access and documented fields rather than all literal FCB bytes.	Campaign manifest; raw observation; runner/probe source and executable hashes; fixture/profile identity; result record; before/after state for mutable media.	The candidate passes when it does not claim the incidental behavior as a portable guarantee and remains within any explicitly stated accepted set.	A candidate is not failed for differing from DRI; a contradictory portability guarantee is a framework FAIL.	BDOS-CALL-001; BDOS-STATE-003; BIOS-004/006 as applicable
BDOS-FILE-011-P0555	1.0.0	BDOS-FILE-011	0555	Extents form one logical record stream	REQUIRED	generic CP/M 2.2 baseline	OR-0555	1.0.0	positive predicate	Verify records 127-129 through sequential, random, search, reopen, and size interfaces.	Campaign manifest; raw observation; runner/probe source and executable hashes; fixture/profile identity; result record; before/after state for mutable media.	Observed behavior must satisfy the proposition oracle for every baseline campaign.	A FAIL defeats baseline certification; BLOCKED prevents certification.	BDOS-CALL-001; BDOS-STATE-003; BIOS-004/006 as applicable
BDOS-FILE-011-P0556	1.0.0	BDOS-FILE-011	0556	Completed extent survives later extension failure	REQUIRED	generic CP/M 2.2 baseline	OR-0556	1.0.0	positive predicate	Fill extent 0 with no slot for extent 1 and verify its 128 records after the next write fails.	Campaign manifest; raw observation; runner/probe source and executable hashes; fixture/profile identity; result record; before/after state for mutable media.	Observed behavior must satisfy the proposition oracle for every baseline campaign.	A FAIL defeats baseline certification; BLOCKED prevents certification.	BDOS-CALL-001; BDOS-STATE-003; BIOS-004/006 as applicable
BDOS-FILE-011-P0557	1.0.0	BDOS-FILE-011	0557	Failed growth does not claim a new record	REQUIRED	generic CP/M 2.2 baseline	OR-0557	1.0.0	positive predicate	Exhaust directory or allocation space, attempt extension, then reopen and compute size.	Campaign manifest; raw observation; runner/probe source and executable hashes; fixture/profile identity; result record; before/after state for mutable media.	Observed behavior must satisfy the proposition oracle for every baseline campaign.	A FAIL defeats baseline certification; BLOCKED prevents certification.	BDOS-CALL-001; BDOS-STATE-003; BIOS-004/006 as applicable
BDOS-FILE-010-P0558	1.0.0	BDOS-FILE-010	0558	Allocation order is outside lifecycle compatibility	OUTSIDE SCOPE	generic CP/M 2.2 compatibility claim	OR-0558	1.0.0	anti-requirement	Compare content, length, and valid allocation rather than exact block numbers.	Campaign manifest; raw observation; runner/probe source and executable hashes; fixture/profile identity; result record; before/after state for mutable media.	The framework must not require equality with this behavior; testing may only verify that no baseline assertion depends on it.	Never a positive baseline gate; an attempted mandatory assertion is a framework-definition FAIL.	BDOS-CALL-001; BDOS-STATE-003; BIOS-004/006 as applicable
BDOS-FILE-010-P0559	1.0.0	BDOS-FILE-010	0559	User area participates in ordinary file identity	REQUIRED	generic CP/M 2.2 baseline	OR-0559	1.0.0	positive predicate	Create the same 8.3 identity in two users and read distinct content.	Campaign manifest; raw observation; runner/probe source and executable hashes; fixture/profile identity; result record; before/after state for mutable media.	Observed behavior must satisfy the proposition oracle for every baseline campaign.	A FAIL defeats baseline certification; BLOCKED prevents certification.	BDOS-CALL-001; BDOS-STATE-003; BIOS-004/006 as applicable
BDOS-FILE-010-P0560	1.0.0	BDOS-FILE-010	0560	Function 32 user-state contract	REQUIRED	generic CP/M 2.2 baseline	OR-0560	1.0.0	positive predicate	Query, set 1/31/32, query, and restore.	Campaign manifest; raw observation; runner/probe source and executable hashes; fixture/profile identity; result record; before/after state for mutable media.	Observed behavior must satisfy the proposition oracle for every baseline campaign.	A FAIL defeats baseline certification; BLOCKED prevents certification.	BDOS-CALL-001; BDOS-STATE-003; BIOS-004/006 as applicable
BDOS-FILE-010-P0561	1.0.0	BDOS-FILE-010	0561	FCB does not carry ordinary user identity	REQUIRED	generic CP/M 2.2 baseline	OR-0561	1.0.0	positive predicate	Hold FCB bytes constant while changing current user and repeat lookup.	Campaign manifest; raw observation; runner/probe source and executable hashes; fixture/profile identity; result record; before/after state for mutable media.	Observed behavior must satisfy the proposition oracle for every baseline campaign.	A FAIL defeats baseline certification; BLOCKED prevents certification.	BDOS-CALL-001; BDOS-STATE-003; BIOS-004/006 as applicable
BDOS-FILE-010-P0562	1.0.0	BDOS-FILE-010	0562	Ordinary lookup has no cross-user fallback	REQUIRED	generic CP/M 2.2 baseline	OR-0562	1.0.0	positive predicate	Place the target only in another user and require ordinary failure.	Campaign manifest; raw observation; runner/probe source and executable hashes; fixture/profile identity; result record; before/after state for mutable media.	Observed behavior must satisfy the proposition oracle for every baseline campaign.	A FAIL defeats baseline certification; BLOCKED prevents certification.	BDOS-CALL-001; BDOS-STATE-003; BIOS-004/006 as applicable
BDOS-FILE-010-P0563	1.0.0	BDOS-FILE-010	0563	Make records current-user ownership	REQUIRED	generic CP/M 2.2 baseline	OR-0563	1.0.0	positive predicate	Make the same exact name under two user numbers and inspect entry byte 0.	Campaign manifest; raw observation; runner/probe source and executable hashes; fixture/profile identity; result record; before/after state for mutable media.	Observed behavior must satisfy the proposition oracle for every baseline campaign.	A FAIL defeats baseline certification; BLOCKED prevents certification.	BDOS-CALL-001; BDOS-STATE-003; BIOS-004/006 as applicable
BDOS-FILE-010-P0564	1.0.0	BDOS-FILE-010	0564	Delete and Rename are current-user scoped	REQUIRED	generic CP/M 2.2 baseline	OR-0564	1.0.0	positive predicate	Operate on duplicate names and verify the other user’s entry/content remains.	Campaign manifest; raw observation; runner/probe source and executable hashes; fixture/profile identity; result record; before/after state for mutable media.	Observed behavior must satisfy the proposition oracle for every baseline campaign.	A FAIL defeats baseline certification; BLOCKED prevents certification.	BDOS-CALL-001; BDOS-STATE-003; BIOS-004/006 as applicable
BDOS-FILE-010-P0565	1.0.0	BDOS-FILE-010	0565	User change invalidates retained namespace assumptions	NOT GUARANTEED	generic CP/M 2.2 baseline	OR-0565	1.0.0	permitted variation	Require restore/reopen/new Search First after user change.	Campaign manifest; raw observation; runner/probe source and executable hashes; fixture/profile identity; result record; before/after state for mutable media.	The candidate passes when it does not claim the incidental behavior as a portable guarantee and remains within any explicitly stated accepted set.	A candidate is not failed for differing from DRI; a contradictory portability guarantee is a framework FAIL.	BDOS-CALL-001; BDOS-STATE-003; BIOS-004/006 as applicable
BDOS-FILE-010-P0566	1.0.0	BDOS-FILE-010	0566	Complete-directory search is not public lookup	REQUIRED	generic CP/M 2.2 baseline	OR-0566	1.0.0	positive predicate	Enumerate another-user entry then show ordinary Open still fails.	Campaign manifest; raw observation; runner/probe source and executable hashes; fixture/profile identity; result record; before/after state for mutable media.	Observed behavior must satisfy the proposition oracle for every baseline campaign.	A FAIL defeats baseline certification; BLOCKED prevents certification.	BDOS-CALL-001; BDOS-STATE-003; BIOS-004/006 as applicable
BDOS-FILE-010-P0567	1.0.0	BDOS-FILE-010	0567	CCP USER and BDOS user state are shared	REQUIRED	generic CP/M 2.2 baseline	OR-0567	1.0.0	positive predicate	Issue USER, run a transient Function-32 query, and test visibility.	Campaign manifest; raw observation; runner/probe source and executable hashes; fixture/profile identity; result record; before/after state for mutable media.	Observed behavior must satisfy the proposition oracle for every baseline campaign.	A FAIL defeats baseline certification; BLOCKED prevents certification.	BDOS-CALL-001; BDOS-STATE-003; BIOS-004/006 as applicable
CCP-004-P0568	1.0.0	CCP-004	0568	User areas are not a security contract	OUTSIDE SCOPE	generic CP/M 2.2 compatibility claim	OR-0568	1.0.0	anti-requirement	Test namespace results without asserting security properties.	Campaign manifest; raw observation; runner/probe source and executable hashes; fixture/profile identity; result record; before/after state for mutable media.	The framework must not require equality with this behavior; testing may only verify that no baseline assertion depends on it.	Never a positive baseline gate; an attempted mandatory assertion is a framework-definition FAIL.	MEM-001; BDOS public/file/console prerequisites used by case
UTIL-001-P0569	1.0.0	UTIL-001	0569	Resident command semantic set	REQUIRED	generic CP/M 2.2 baseline	OR-0569	1.0.0	positive predicate	Install marker COMs and invoke each unprefixed resident name.	Campaign manifest; raw observation; runner/probe source and executable hashes; fixture/profile identity; result record; before/after state for mutable media.	Observed behavior must satisfy the proposition oracle for every baseline campaign.	A FAIL defeats baseline certification; BLOCKED prevents certification.	all narrow tests for mapped ledger areas; named software/profile fixture
CCP-004-P0570	1.0.0	CCP-004	0570	DIR search and visibility	REQUIRED	generic CP/M 2.2 baseline	OR-0570	1.0.0	positive predicate	Test blank, exact, wildcard, system-attributed, user, and drive cases.	Campaign manifest; raw observation; runner/probe source and executable hashes; fixture/profile identity; result record; before/after state for mutable media.	Observed behavior must satisfy the proposition oracle for every baseline campaign.	A FAIL defeats baseline certification; BLOCKED prevents certification.	MEM-001; BDOS public/file/console prerequisites used by case
UTIL-001-P0571	1.0.0	UTIL-001	0571	DIR ordering and exact layout	NOT GUARANTEED	generic CP/M 2.2 baseline	OR-0571	1.0.0	permitted variation	Validate names/visibility without sorting or pixel-exact layout requirements.	Campaign manifest; raw observation; runner/probe source and executable hashes; fixture/profile identity; result record; before/after state for mutable media.	The candidate passes when it does not claim the incidental behavior as a portable guarantee and remains within any explicitly stated accepted set.	A candidate is not failed for differing from DRI; a contradictory portability guarantee is a framework FAIL.	all narrow tests for mapped ledger areas; named software/profile fixture
CCP-004-P0572	1.0.0	CCP-004	0572	ERA wildcard confirmation boundary	REQUIRED	generic CP/M 2.2 baseline	OR-0572	1.0.0	positive predicate	Test exact, partial wildcard, all wildcard with N/Y, and other-user preservation.	Campaign manifest; raw observation; runner/probe source and executable hashes; fixture/profile identity; result record; before/after state for mutable media.	Observed behavior must satisfy the proposition oracle for every baseline campaign.	A FAIL defeats baseline certification; BLOCKED prevents certification.	MEM-001; BDOS public/file/console prerequisites used by case
UTIL-001-P0573	1.0.0	UTIL-001	0573	ERA read-only attribute is not protection	NOT GUARANTEED	generic CP/M 2.2 baseline	OR-0573	1.0.0	permitted variation	Attempt ERA on a controlled read-only-attributed entry.	Campaign manifest; raw observation; runner/probe source and executable hashes; fixture/profile identity; result record; before/after state for mutable media.	The candidate passes when it does not claim the incidental behavior as a portable guarantee and remains within any explicitly stated accepted set.	A candidate is not failed for differing from DRI; a contradictory portability guarantee is a framework FAIL.	all narrow tests for mapped ledger areas; named software/profile fixture
CCP-004-P0574	1.0.0	CCP-004	0574	REN resident syntax and validation	REQUIRED	generic CP/M 2.2 baseline	OR-0574	1.0.0	positive predicate	Test success, collision, missing source, drive conflict, and duplicate other-user names.	Campaign manifest; raw observation; runner/probe source and executable hashes; fixture/profile identity; result record; before/after state for mutable media.	Observed behavior must satisfy the proposition oracle for every baseline campaign.	A FAIL defeats baseline certification; BLOCKED prevents certification.	MEM-001; BDOS public/file/console prerequisites used by case
UTIL-001-P0575	1.0.0	UTIL-001	0575	SAVE page mapping	REQUIRED	generic CP/M 2.2 baseline	OR-0575	1.0.0	positive predicate	SAVE known memory pages and verify exact file length/content.	Campaign manifest; raw observation; runner/probe source and executable hashes; fixture/profile identity; result record; before/after state for mutable media.	Observed behavior must satisfy the proposition oracle for every baseline campaign.	A FAIL defeats baseline certification; BLOCKED prevents certification.	all narrow tests for mapped ledger areas; named software/profile fixture
CCP-004-P0576	1.0.0	CCP-004	0576	SAVE destructive replacement	NOT GUARANTEED	generic CP/M 2.2 baseline	OR-0576	1.0.0	permitted variation	Exercise replacement with controlled allocation failure.	Campaign manifest; raw observation; runner/probe source and executable hashes; fixture/profile identity; result record; before/after state for mutable media.	The candidate passes when it does not claim the incidental behavior as a portable guarantee and remains within any explicitly stated accepted set.	A candidate is not failed for differing from DRI; a contradictory portability guarantee is a framework FAIL.	MEM-001; BDOS public/file/console prerequisites used by case
UTIL-001-P0577	1.0.0	UTIL-001	0577	TYPE byte-stream contract	REQUIRED	generic CP/M 2.2 baseline	OR-0577	1.0.0	positive predicate	Test text, empty, embedded controls, 1Ah, multirecord, and missing files.	Campaign manifest; raw observation; runner/probe source and executable hashes; fixture/profile identity; result record; before/after state for mutable media.	Observed behavior must satisfy the proposition oracle for every baseline campaign.	A FAIL defeats baseline certification; BLOCKED prevents certification.	all narrow tests for mapped ledger areas; named software/profile fixture
CCP-004-P0578	1.0.0	CCP-004	0578	CCP USER accepted range	REQUIRED	generic CP/M 2.2 baseline	OR-0578	1.0.0	positive predicate	Test 0, 1, 15, 16 and a following transient Function-32 query.	Campaign manifest; raw observation; runner/probe source and executable hashes; fixture/profile identity; result record; before/after state for mutable media.	Observed behavior must satisfy the proposition oracle for every baseline campaign.	A FAIL defeats baseline certification; BLOCKED prevents certification.	MEM-001; BDOS public/file/console prerequisites used by case
UTIL-001-P0579	1.0.0	UTIL-001	0579	Ordinary resident-command recovery	REQUIRED	generic CP/M 2.2 baseline	OR-0579	1.0.0	positive predicate	Test token errors, missing files, collision, invalid count, and no-space cases.	Campaign manifest; raw observation; runner/probe source and executable hashes; fixture/profile identity; result record; before/after state for mutable media.	Observed behavior must satisfy the proposition oracle for every baseline campaign.	A FAIL defeats baseline certification; BLOCKED prevents certification.	all narrow tests for mapped ledger areas; named software/profile fixture
ERROR-002-P0580	1.0.0	ERROR-002	0580	Exact resident output presentation	PROFILE REQUIRED	the DRI resident-presentation profile	OR-0580	1.0.0	profile-gated positive	Profile corpus-tests exact layout/text; baseline tests semantic file listing and command result.	Campaign manifest; raw observation; runner/probe source and executable hashes; fixture/profile identity; result record; before/after state for mutable media.	Observed behavior must satisfy the proposition oracle under the selected named profile.	A FAIL defeats that profile claim; NOT APPLICABLE is permitted only when the profile is not claimed.	healthy corresponding interface/storage test; restored fault fixture
ERROR-003-P0581	1.0.0	ERROR-003	0581	Physical failure suspends the BDOS caller	REQUIRED	generic CP/M 2.2 baseline	OR-0581	1.0.0	positive predicate	Inject a final BIOS read and write failure and verify that the direct caller is suspended at physical-error presentation.	Campaign manifest; raw observation; runner/probe source and executable hashes; fixture/profile identity; result record; before/after state for mutable media.	Observed behavior must satisfy the proposition oracle for every baseline campaign.	A FAIL defeats baseline certification; BLOCKED prevents certification.	healthy corresponding interface/storage test; restored fault fixture
ERROR-004-P0582	1.0.0	ERROR-004	0582	Logical failures return without physical-error intervention	REQUIRED	generic CP/M 2.2 baseline	OR-0582	1.0.0	positive predicate	Compare EOF, unwritten-record, capacity, and no-match cases with injected BIOS failures and verify distinct return/presentation paths.	Campaign manifest; raw observation; runner/probe source and executable hashes; fixture/profile identity; result record; before/after state for mutable media.	Observed behavior must satisfy the proposition oracle for every baseline campaign.	A FAIL defeats baseline certification; BLOCKED prevents certification.	healthy corresponding interface/storage test; restored fault fixture
ERROR-002-P0583	1.0.0	ERROR-002	0583	Ignored directory-search result is not validation	NOT GUARANTEED	generic CP/M 2.2 baseline	OR-0583	1.0.0	permitted variation	Fail the directory read during Search, ignore, and inspect the returned slot, DMA record, and continuation behavior independently.	Campaign manifest; raw observation; runner/probe source and executable hashes; fixture/profile identity; result record; before/after state for mutable media.	The candidate passes when it does not claim the incidental behavior as a portable guarantee and remains within any explicitly stated accepted set.	A candidate is not failed for differing from DRI; a contradictory portability guarantee is a framework FAIL.	healthy corresponding interface/storage test; restored fault fixture
ERROR-003-P0584	1.0.0	ERROR-003	0584	Ignored directory-update result is not persistence	NOT GUARANTEED	generic CP/M 2.2 baseline	OR-0584	1.0.0	permitted variation	Inject pre-transfer directory-write failures and compare the returned value with an independently read post-operation disk image.	Campaign manifest; raw observation; runner/probe source and executable hashes; fixture/profile identity; result record; before/after state for mutable media.	The candidate passes when it does not claim the incidental behavior as a portable guarantee and remains within any explicitly stated accepted set.	A candidate is not failed for differing from DRI; a contradictory portability guarantee is a framework FAIL.	healthy corresponding interface/storage test; restored fault fixture
ERROR-004-P0585	1.0.0	ERROR-004	0585	Post-ignore affected state is not a continuation contract	NOT GUARANTEED	generic CP/M 2.2 baseline	OR-0585	1.0.0	permitted variation	Capture every public state object before and after ignored failures without treating unchanged or advanced fields as success proof.	Campaign manifest; raw observation; runner/probe source and executable hashes; fixture/profile identity; result record; before/after state for mutable media.	The candidate passes when it does not claim the incidental behavior as a portable guarantee and remains within any explicitly stated accepted set.	A candidate is not failed for differing from DRI; a contradictory portability guarantee is a framework FAIL.	healthy corresponding interface/storage test; restored fault fixture
ERROR-002-P0586	1.0.0	ERROR-002	0586	Physical-error abort abandons the interrupted caller	REQUIRED	generic CP/M 2.2 baseline	OR-0586	1.0.0	positive predicate	Place a marker after the BDOS call, inject failure, answer with Control-C, and verify the marker is absent and CCP recovery occurs.	Campaign manifest; raw observation; runner/probe source and executable hashes; fixture/profile identity; result record; before/after state for mutable media.	Observed behavior must satisfy the proposition oracle for every baseline campaign.	A FAIL defeats baseline certification; BLOCKED prevents certification.	healthy corresponding interface/storage test; restored fault fixture
ERROR-003-P0587	1.0.0	ERROR-003	0587	Abort recovery establishes a usable command environment	REQUIRED	generic CP/M 2.2 baseline	OR-0587	1.0.0	positive predicate	Abort an injected failure, then execute a CCP command and an independent healthy BDOS disk operation.	Campaign manifest; raw observation; runner/probe source and executable hashes; fixture/profile identity; result record; before/after state for mutable media.	Observed behavior must satisfy the proposition oracle for every baseline campaign.	A FAIL defeats baseline certification; BLOCKED prevents certification.	healthy corresponding interface/storage test; restored fault fixture
MEM-002-P0588	1.0.0	MEM-002	0588	Exact recovery internals are not part of the contract	OUTSIDE SCOPE	generic CP/M 2.2 compatibility claim	OR-0588	1.0.0	anti-requirement	Compare distinct conforming implementations by public post-restart behavior rather than internal call sequence or addresses.	Campaign manifest; raw observation; runner/probe source and executable hashes; fixture/profile identity; result record; before/after state for mutable media.	The framework must not require equality with this behavior; testing may only verify that no baseline assertion depends on it.	Never a positive baseline gate; an attempted mandatory assertion is a framework-definition FAIL.	MEM-001; BIOS-001 as applicable
MEM-002-P0589	1.0.0	MEM-002	0589	Loader ceiling and overlay TPA are distinct	REQUIRED	generic CP/M 2.2 baseline	OR-0589	1.0.0	positive predicate	Compare the first rejected COM record with runtime writes below the advertised 0006h ceiling using a safe private stack and recovery path.	Campaign manifest; raw observation; runner/probe source and executable hashes; fixture/profile identity; result record; before/after state for mutable media.	Observed behavior must satisfy the proposition oracle for every baseline campaign.	A FAIL defeats baseline certification; BLOCKED prevents certification.	MEM-001; BIOS-001 as applicable
MEM-002-P0590	1.0.0	MEM-002	0590	CCP overlay invalidates ordinary RET assumptions	REQUIRED	generic CP/M 2.2 baseline	OR-0590	1.0.0	positive predicate	Overwrite controlled CCP bytes after adopting a private stack, avoid RET, invoke WBOOT, and verify a usable command environment is restored.	Campaign manifest; raw observation; runner/probe source and executable hashes; fixture/profile identity; result record; before/after state for mutable media.	Observed behavior must satisfy the proposition oracle for every baseline campaign.	A FAIL defeats baseline certification; BLOCKED prevents certification.	MEM-001; BIOS-001 as applicable
MEM-002-P0591	1.0.0	MEM-002	0591	System ownership is an application obligation	NOT GUARANTEED	generic CP/M 2.2 baseline	OR-0591	1.0.0	permitted variation	Test documented accesses normally and treat destructive writes only as isolated takeover cases with an independently retained recovery path.	Campaign manifest; raw observation; runner/probe source and executable hashes; fixture/profile identity; result record; before/after state for mutable media.	The candidate passes when it does not claim the incidental behavior as a portable guarantee and remains within any explicitly stated accepted set.	A candidate is not failed for differing from DRI; a contradictory portability guarantee is a framework FAIL.	MEM-001; BIOS-001 as applicable
MEM-002-P0592	1.0.0	MEM-002	0592	Entry-stack storage may occupy overlayable memory	NOT GUARANTEED	generic CP/M 2.2 baseline	OR-0592	1.0.0	permitted variation	Vary entry stack placement; require immediate RET, but require an overlaying program to establish its own stack before consuming that region.	Campaign manifest; raw observation; runner/probe source and executable hashes; fixture/profile identity; result record; before/after state for mutable media.	The candidate passes when it does not claim the incidental behavior as a portable guarantee and remains within any explicitly stated accepted set.	A candidate is not failed for differing from DRI; a contradictory portability guarantee is a framework FAIL.	MEM-001; BIOS-001 as applicable
MEM-004-P0593	1.0.0	MEM-004	0593	Cold BOOT public postcondition	REQUIRED	generic CP/M 2.2 baseline	OR-0593	1.0.0	positive predicate	From an arbitrary pre-BOOT public-state pattern, invoke the configured BOOT entry and verify a usable A-drive CCP/BDOS environment and valid 0000h/0005h gateways; do not require a particular loader or sign-on.	Campaign manifest; raw observation; runner/probe source and executable hashes; fixture/profile identity; result record; before/after state for mutable media.	Observed behavior must satisfy the proposition oracle for every baseline campaign.	A FAIL defeats baseline certification; BLOCKED prevents certification.	MEM-001; BIOS-001 as applicable
MEM-002-P0594	1.0.0	MEM-002	0594	Cold BOOT does not promise blanket memory clearing	NOT GUARANTEED	generic CP/M 2.2 baseline	OR-0594	1.0.0	permitted variation	A system may retain or overwrite unspecified memory during BOOT; applications must rely only on documented post-BOOT state.	Campaign manifest; raw observation; runner/probe source and executable hashes; fixture/profile identity; result record; before/after state for mutable media.	The candidate passes when it does not claim the incidental behavior as a portable guarantee and remains within any explicitly stated accepted set.	A candidate is not failed for differing from DRI; a contradictory portability guarantee is a framework FAIL.	MEM-001; BIOS-001 as applicable
MEM-004-P0595	1.0.0	MEM-004	0595	WBOOT command-environment reconstruction	REQUIRED	generic CP/M 2.2 baseline	OR-0595	1.0.0	positive predicate	Corrupt safe gateway operands and select a nondefault DMA, then enter WBOOT and verify reconstructed gateways, DMA 0080h, and a usable CCP.	Campaign manifest; raw observation; runner/probe source and executable hashes; fixture/profile identity; result record; before/after state for mutable media.	Observed behavior must satisfy the proposition oracle for every baseline campaign.	A FAIL defeats baseline certification; BLOCKED prevents certification.	MEM-001; BIOS-001 as applicable
MEM-002-P0596	1.0.0	MEM-002	0596	Residual state across WBOOT	NOT GUARANTEED	generic CP/M 2.2 baseline	OR-0596	1.0.0	permitted variation	Applications shall remain correct whether such unspecified state survives or is overwritten; implementations need not reproduce the reference residue.	Campaign manifest; raw observation; runner/probe source and executable hashes; fixture/profile identity; result record; before/after state for mutable media.	The candidate passes when it does not claim the incidental behavior as a portable guarantee and remains within any explicitly stated accepted set.	A candidate is not failed for differing from DRI; a contradictory portability guarantee is a framework FAIL.	MEM-001; BIOS-001 as applicable
MEM-004-P0597	1.0.0	MEM-004	0597	Console-pending state across WBOOT	NOT GUARANTEED	generic CP/M 2.2 baseline	OR-0597	1.0.0	permitted variation	After WBOOT, either loss or BIOS-defined retention of previously pending unconsumed console input is compatible unless the configured BIOS interface separately promises otherwise.	Campaign manifest; raw observation; runner/probe source and executable hashes; fixture/profile identity; result record; before/after state for mutable media.	The candidate passes when it does not claim the incidental behavior as a portable guarantee and remains within any explicitly stated accepted set.	A candidate is not failed for differing from DRI; a contradictory portability guarantee is a framework FAIL.	MEM-001; BIOS-001 as applicable
MEM-002-P0598	1.0.0	MEM-002	0598	BIOS vector is a public runtime ABI	REQUIRED	generic CP/M 2.2 baseline	OR-0598	1.0.0	positive predicate	Invoke documented BIOS vector entries through the configured vector and verify the documented call interface.	Campaign manifest; raw observation; runner/probe source and executable hashes; fixture/profile identity; result record; before/after state for mutable media.	Observed behavior must satisfy the proposition oracle for every baseline campaign.	A FAIL defeats baseline certification; BLOCKED prevents certification.	MEM-001; BIOS-001 as applicable
MEM-004-P0599	1.0.0	MEM-004	0599	DPH structures are compatibility-visible	REQUIRED	generic CP/M 2.2 baseline	OR-0599	1.0.0	positive predicate	Inspect DPH-derived runtime structures and verify documented fields required by compatible software.	Campaign manifest; raw observation; runner/probe source and executable hashes; fixture/profile identity; result record; before/after state for mutable media.	Observed behavior must satisfy the proposition oracle for every baseline campaign.	A FAIL defeats baseline certification; BLOCKED prevents certification.	MEM-001; BIOS-001 as applicable
MEM-002-P0600	1.0.0	MEM-002	0600	Direct BIOS calls expose raw device behavior	REQUIRED	generic CP/M 2.2 baseline	OR-0600	1.0.0	positive predicate	Compare direct BIOS access with BDOS operations and verify that BIOS behavior remains at the device layer.	Campaign manifest; raw observation; runner/probe source and executable hashes; fixture/profile identity; result record; before/after state for mutable media.	Observed behavior must satisfy the proposition oracle for every baseline campaign.	A FAIL defeats baseline certification; BLOCKED prevents certification.	MEM-001; BIOS-001 as applicable
MEM-004-P0601	1.0.0	MEM-004	0601	BIOS implementation details remain profile-specific	NOT GUARANTEED	generic CP/M 2.2 baseline	OR-0601	1.0.0	permitted variation	Require documented BIOS behavior while permitting implementation-specific hardware abstraction choices.	Campaign manifest; raw observation; runner/probe source and executable hashes; fixture/profile identity; result record; before/after state for mutable media.	The candidate passes when it does not claim the incidental behavior as a portable guarantee and remains within any explicitly stated accepted set.	A candidate is not failed for differing from DRI; a contradictory portability guarantee is a framework FAIL.	MEM-001; BIOS-001 as applicable
MEM-002-P0602	1.0.0	MEM-002	0602	Function 40 selector and input	REQUIRED	generic CP/M 2.2 baseline	OR-0602	1.0.0	positive predicate	Open or create a controlled file, select a random record in the FCB, set DMA, call Function 40, and verify the target record.	Campaign manifest; raw observation; runner/probe source and executable hashes; fixture/profile identity; result record; before/after state for mutable media.	Observed behavior must satisfy the proposition oracle for every baseline campaign.	A FAIL defeats baseline certification; BLOCKED prevents certification.	MEM-001; BIOS-001 as applicable
MEM-004-P0603	1.0.0	MEM-004	0603	Function 40 allocation-block zero fill	REQUIRED	generic CP/M 2.2 baseline	OR-0603	1.0.0	positive predicate	Write record 10 of a new file on a multi-record allocation-block disk and verify preceding record 9 reads successfully as 128 zero bytes.	Campaign manifest; raw observation; runner/probe source and executable hashes; fixture/profile identity; result record; before/after state for mutable media.	Observed behavior must satisfy the proposition oracle for every baseline campaign.	A FAIL defeats baseline certification; BLOCKED prevents certification.	MEM-001; BIOS-001 as applicable
MEM-002-P0604	1.0.0	MEM-002	0604	Function 40 is not universal sparse-hole materialization	NOT GUARANTEED	generic CP/M 2.2 baseline	OR-0604	1.0.0	permitted variation	Vary allocation-block size and distant target records; applications shall not require holes outside allocated blocks to read as zeros.	Campaign manifest; raw observation; runner/probe source and executable hashes; fixture/profile identity; result record; before/after state for mutable media.	The candidate passes when it does not claim the incidental behavior as a portable guarantee and remains within any explicitly stated accepted set.	A candidate is not failed for differing from DRI; a contradictory portability guarantee is a framework FAIL.	MEM-001; BIOS-001 as applicable
MEM-004-P0605	1.0.0	MEM-004	0605	Function 40 result family	REQUIRED	generic CP/M 2.2 baseline	OR-0605	1.0.0	positive predicate	Test success, exhausted storage, and nonzero R2 overflow with controlled images and verify the corresponding codes.	Campaign manifest; raw observation; runner/probe source and executable hashes; fixture/profile identity; result record; before/after state for mutable media.	Observed behavior must satisfy the proposition oracle for every baseline campaign.	A FAIL defeats baseline certification; BLOCKED prevents certification.	MEM-001; BIOS-001 as applicable
MEM-002-P0606	1.0.0	MEM-002	0606	BIOS character services are raw device interfaces	REQUIRED	generic CP/M 2.2 baseline	OR-0606	1.0.0	positive predicate	Compare direct BIOS character calls with BDOS console functions and verify the documented layering boundary.	Campaign manifest; raw observation; runner/probe source and executable hashes; fixture/profile identity; result record; before/after state for mutable media.	Observed behavior must satisfy the proposition oracle for every baseline campaign.	A FAIL defeats baseline certification; BLOCKED prevents certification.	MEM-001; BIOS-001 as applicable
MEM-004-P0607	1.0.0	MEM-004	0607	Character devices remain distinct runtime paths	REQUIRED	generic CP/M 2.2 baseline	OR-0607	1.0.0	positive predicate	Exercise each character path independently and verify that the selected device service is used.	Campaign manifest; raw observation; runner/probe source and executable hashes; fixture/profile identity; result record; before/after state for mutable media.	Observed behavior must satisfy the proposition oracle for every baseline campaign.	A FAIL defeats baseline certification; BLOCKED prevents certification.	MEM-001; BIOS-001 as applicable
MEM-002-P0608	1.0.0	MEM-002	0608	IOBYTE reassignment is runtime visible	REQUIRED	generic CP/M 2.2 baseline	OR-0608	1.0.0	positive predicate	Change IOBYTE assignments and verify subsequent device operations use the updated mapping.	Campaign manifest; raw observation; runner/probe source and executable hashes; fixture/profile identity; result record; before/after state for mutable media.	Observed behavior must satisfy the proposition oracle for every baseline campaign.	A FAIL defeats baseline certification; BLOCKED prevents certification.	MEM-001; BIOS-001 as applicable
MEM-004-P0609	1.0.0	MEM-004	0609	IOBYTE access coherence	REQUIRED	generic CP/M 2.2 baseline	OR-0609	1.0.0	positive predicate	Set values through Function 8 and direct access, query through the other path, and verify configured device routing.	Campaign manifest; raw observation; runner/probe source and executable hashes; fixture/profile identity; result record; before/after state for mutable media.	Observed behavior must satisfy the proposition oracle for every baseline campaign.	A FAIL defeats baseline certification; BLOCKED prevents certification.	MEM-001; BIOS-001 as applicable
MEM-005-P0610	1.0.0	MEM-005	0610	Field-preserving assignment changes	REQUIRED	generic CP/M 2.2 baseline	OR-0610	1.0.0	positive predicate	Begin with distinct field values, change each assignment independently, and verify the remaining six bits.	Campaign manifest; raw observation; runner/probe source and executable hashes; fixture/profile identity; result record; before/after state for mutable media.	Observed behavior must satisfy the proposition oracle for every baseline campaign.	A FAIL defeats baseline certification; BLOCKED prevents certification.	MEM-001; BIOS-001 as applicable
MEM-002-P0611	1.0.0	MEM-002	0611	IOBYTE assignment does not validate device presence	NOT GUARANTEED	generic CP/M 2.2 baseline	OR-0611	1.0.0	permitted variation	Accept valid assignment states while testing unavailable mappings according to the declared device profile.	Campaign manifest; raw observation; runner/probe source and executable hashes; fixture/profile identity; result record; before/after state for mutable media.	The candidate passes when it does not claim the incidental behavior as a portable guarantee and remains within any explicitly stated accepted set.	A candidate is not failed for differing from DRI; a contradictory portability guarantee is a framework FAIL.	MEM-001; BIOS-001 as applicable
MEM-004-P0612	1.0.0	MEM-004	0612	STAT device-assignment semantics	REQUIRED	generic CP/M 2.2 baseline	OR-0612	1.0.0	positive predicate	Display fields, make valid changes, attempt an invalid name, and compare IOBYTE before and after each action.	Campaign manifest; raw observation; runner/probe source and executable hashes; fixture/profile identity; result record; before/after state for mutable media.	Observed behavior must satisfy the proposition oracle for every baseline campaign.	A FAIL defeats baseline certification; BLOCKED prevents certification.	MEM-001; BIOS-001 as applicable
MEM-005-P0613	1.0.0	MEM-005	0613	Parameterized disk-structure coherence	REQUIRED	generic CP/M 2.2 baseline	OR-0613	1.0.0	positive predicate	Validate empty, populated, and nearly full media against every public field.	Campaign manifest; raw observation; runner/probe source and executable hashes; fixture/profile identity; result record; before/after state for mutable media.	Observed behavior must satisfy the proposition oracle for every baseline campaign.	A FAIL defeats baseline certification; BLOCKED prevents certification.	MEM-001; BIOS-001 as applicable
MEM-002-P0614	1.0.0	MEM-002	0614	DPB-dependent directory allocation-map width	REQUIRED	generic CP/M 2.2 baseline	OR-0614	1.0.0	positive predicate	Exercise both DSM classes.	Campaign manifest; raw observation; runner/probe source and executable hashes; fixture/profile identity; result record; before/after state for mutable media.	Observed behavior must satisfy the proposition oracle for every baseline campaign.	A FAIL defeats baseline certification; BLOCKED prevents certification.	MEM-001; BIOS-001 as applicable
MEM-004-P0615	1.0.0	MEM-004	0615	Logical directory placement	REQUIRED	generic CP/M 2.2 baseline	OR-0615	1.0.0	positive predicate	Parse a nonidentity translation profile without assuming contiguous physical directory sectors.	Campaign manifest; raw observation; runner/probe source and executable hashes; fixture/profile identity; result record; before/after state for mutable media.	Observed behavior must satisfy the proposition oracle for every baseline campaign.	A FAIL defeats baseline certification; BLOCKED prevents certification.	MEM-001; BIOS-001 as applicable
MEM-005-P0616	1.0.0	MEM-005	0616	Raw-format universality	NOT GUARANTEED	generic CP/M 2.2 baseline	OR-0616	1.0.0	permitted variation	Accept distinct declared profiles implementing the same logical interfaces.	Campaign manifest; raw observation; runner/probe source and executable hashes; fixture/profile identity; result record; before/after state for mutable media.	The candidate passes when it does not claim the incidental behavior as a portable guarantee and remains within any explicitly stated accepted set.	A candidate is not failed for differing from DRI; a contradictory portability guarantee is a framework FAIL.	MEM-001; BIOS-001 as applicable
MEM-002-P0617	1.0.0	MEM-002	0617	Direct-structure caller responsibility	REQUIRED	generic CP/M 2.2 baseline	OR-0617	1.0.0	positive predicate	Compare a configured direct read with BDOS access and reject hard-coded foreign geometry.	Campaign manifest; raw observation; runner/probe source and executable hashes; fixture/profile identity; result record; before/after state for mutable media.	Observed behavior must satisfy the proposition oracle for every baseline campaign.	A FAIL defeats baseline certification; BLOCKED prevents certification.	MEM-001; BIOS-001 as applicable
ERROR-005-P0618	1.0.0	ERROR-005	0618	Damaged-directory recovery	NOT GUARANTEED	generic CP/M 2.2 baseline	OR-0618	1.0.0	permitted variation	Detect/report corrupt fixtures without requiring a particular repair choice; I044 ERROR RECOVERY BDOS BIOS subsystem IG AG.	Campaign manifest; raw observation; runner/probe source and executable hashes; fixture/profile identity; result record; before/after state for mutable media.	The candidate passes when it does not claim the incidental behavior as a portable guarantee and remains within any explicitly stated accepted set.	A candidate is not failed for differing from DRI; a contradictory portability guarantee is a framework FAIL.	healthy corresponding interface/storage test; restored fault fixture
MEM-006-P0619	1.0.0	MEM-006	0619	Private BDOS target is not an application gateway	NOT GUARANTEED	generic CP/M 2.2 baseline	OR-0619	1.0.0	permitted variation	Relocate or wrap the BDOS implementation while preserving CALL 0005h and verify conforming applications continue to operate; do not accept a private-target caller as a general conformance requirement.	Campaign manifest; raw observation; runner/probe source and executable hashes; fixture/profile identity; result record; before/after state for mutable media.	The candidate passes when it does not claim the incidental behavior as a portable guarantee and remains within any explicitly stated accepted set.	A candidate is not failed for differing from DRI; a contradictory portability guarantee is a framework FAIL.	MEM-001; BIOS-001 as applicable
CCP-008-P0620	1.0.0	CCP-008	0620	DRI submitted-command stream	REQUIRED	generic CP/M 2.2 baseline	OR-0620	1.0.0	positive predicate	Submit a deterministic multi-command file ending in a unique transient marker; verify ordered execution across returns, exhaustion cleanup, and subsequent console prompt.	Campaign manifest; raw observation; runner/probe source and executable hashes; fixture/profile identity; result record; before/after state for mutable media.	Observed behavior must satisfy the proposition oracle for every baseline campaign.	A FAIL defeats baseline certification; BLOCKED prevents certification.	MEM-001; BDOS public/file/console prerequisites used by case
CCP-008-P0621	1.0.0	CCP-008	0621	XSUB buffered-input compatibility	REQUIRED	generic CP/M 2.2 baseline	OR-0621	1.0.0	positive predicate	Activate XSUB from a submission, run a transient that calls Function 10, place a known following record in the stream, and verify the counted buffer and continued command execution.	Campaign manifest; raw observation; runner/probe source and executable hashes; fixture/profile identity; result record; before/after state for mutable media.	Observed behavior must satisfy the proposition oracle for every baseline campaign.	A FAIL defeats baseline certification; BLOCKED prevents certification.	MEM-001; BDOS public/file/console prerequisites used by case
BIOS-007-P0622	1.0.0	BIOS-007	0622	Self-modifying transient execution	REQUIRED	generic CP/M 2.2 baseline	OR-0622	1.0.0	positive predicate	Load a transient containing a patchable instruction, change an operand in place, execute it, and verify the changed result; repeat at more than one valid TPA placement.	Campaign manifest; raw observation; runner/probe source and executable hashes; fixture/profile identity; result record; before/after state for mutable media.	Observed behavior must satisfy the proposition oracle for every baseline campaign.	A FAIL defeats baseline certification; BLOCKED prevents certification.	MEM-001; BIOS-001 as applicable
MEM-003-P0623	1.0.0	MEM-003	0623	Intel 8080-compatible binary execution baseline	REQUIRED	generic CP/M 2.2 baseline	OR-0623	1.0.0	positive predicate	Run an 8080-only instruction/flag probe and representative CP/M software on the claimed execution environment.	Campaign manifest; raw observation; runner/probe source and executable hashes; fixture/profile identity; result record; before/after state for mutable media.	Observed behavior must satisfy the proposition oracle for every baseline campaign.	A FAIL defeats baseline certification; BLOCKED prevents certification.	MEM-001; BIOS-001 as applicable
MEM-003-P0624	1.0.0	MEM-003	0624	Declared processor-profile instruction semantics	REQUIRED	generic CP/M 2.2 baseline	OR-0624	1.0.0	positive predicate	Test profile-specific instruction families separately from CP/M service tests, then run the inherited generic CP/M suite unchanged.	Campaign manifest; raw observation; runner/probe source and executable hashes; fixture/profile identity; result record; before/after state for mutable media.	Observed behavior must satisfy the proposition oracle for every baseline campaign.	A FAIL defeats baseline certification; BLOCKED prevents certification.	MEM-001; BIOS-001 as applicable
MEM-003-P0625	1.0.0	MEM-003	0625	Z80 extensions outside a generic CP/M claim	OUTSIDE SCOPE	generic CP/M 2.2 compatibility claim	OR-0625	1.0.0	anti-requirement	Do not fail a generic 8080-profile implementation merely because a Z80-only transient cannot execute.	Campaign manifest; raw observation; runner/probe source and executable hashes; fixture/profile identity; result record; before/after state for mutable media.	The framework must not require equality with this behavior; testing may only verify that no baseline assertion depends on it.	Never a positive baseline gate; an attempted mandatory assertion is a framework-definition FAIL.	MEM-001; BIOS-001 as applicable
MEM-003-P0626	1.0.0	MEM-003	0626	Undocumented processor behavior	NOT GUARANTEED	generic CP/M 2.2 baseline	OR-0626	1.0.0	permitted variation	A generic suite may verify permitted variation or trapping; stronger behavior requires a named profile.	Campaign manifest; raw observation; runner/probe source and executable hashes; fixture/profile identity; result record; before/after state for mutable media.	The candidate passes when it does not claim the incidental behavior as a portable guarantee and remains within any explicitly stated accepted set.	A candidate is not failed for differing from DRI; a contradictory portability guarantee is a framework FAIL.	MEM-001; BIOS-001 as applicable
HW-003-P0627	1.0.0	HW-003	0627	Processor timing and interrupt topology	OUTSIDE SCOPE	generic CP/M 2.2 compatibility claim	OR-0627	1.0.0	anti-requirement	Test such properties only under a profile that explicitly advertises them.	Campaign manifest; raw observation; runner/probe source and executable hashes; fixture/profile identity; result record; before/after state for mutable media.	The framework must not require equality with this behavior; testing may only verify that no baseline assertion depends on it.	Never a positive baseline gate; an attempted mandatory assertion is a framework-definition FAIL.	all narrow tests for mapped ledger areas; named software/profile fixture
