ledger_entry	requirement	classification	applicability	parent_test_id	case_id	oracle_id	certification_impact
0001	.COM load origin	REQUIRED	generic CP/M 2.2 baseline	MEM-001	MEM-001-P0001	OR-0001	A FAIL defeats baseline certification; BLOCKED prevents certification.
0002	Transient entry point	REQUIRED	generic CP/M 2.2 baseline	CCP-003	CCP-003-P0002	OR-0002	A FAIL defeats baseline certification; BLOCKED prevents certification.
0003	TPA lower boundary	REQUIRED	generic CP/M 2.2 baseline	MEM-001	MEM-001-P0003	OR-0003	A FAIL defeats baseline certification; BLOCKED prevents certification.
0004	TPA upper-bound discovery	REQUIRED	generic CP/M 2.2 baseline	CCP-003	CCP-003-P0004	OR-0004	A FAIL defeats baseline certification; BLOCKED prevents certification.
0005	Warm-start gateway at 0000h	REQUIRED	generic CP/M 2.2 baseline	MEM-001	MEM-001-P0005	OR-0005	A FAIL defeats baseline certification; BLOCKED prevents certification.
0006	IOBYTE location	REQUIRED	generic CP/M 2.2 baseline	MEM-005	MEM-005-P0006	OR-0006	A FAIL defeats baseline certification; BLOCKED prevents certification.
0007	Command-entry default-drive byte	REQUIRED	generic CP/M 2.2 baseline	CCP-003	CCP-003-P0007	OR-0007	A FAIL defeats baseline certification; BLOCKED prevents certification.
0008	BDOS gateway at 0005h	REQUIRED	generic CP/M 2.2 baseline	MEM-001	MEM-001-P0008	OR-0008	A FAIL defeats baseline certification; BLOCKED prevents certification.
0009	Reserved restart/interrupt region roles	REQUIRED	generic CP/M 2.2 baseline	MEM-005	MEM-005-P0009	OR-0009	A FAIL defeats baseline certification; BLOCKED prevents certification.
0010	CBIOS scratch-area role	REQUIRED	generic CP/M 2.2 baseline	CCP-003	CCP-003-P0010	OR-0010	A FAIL defeats baseline certification; BLOCKED prevents certification.
0011	First default FCB location	REQUIRED	generic CP/M 2.2 baseline	MEM-001	MEM-001-P0011	OR-0011	A FAIL defeats baseline certification; BLOCKED prevents certification.
0012	Second default FCB at 006Ch	PROFILE REQUIRED	the Strict DRI CCP/ecosystem	MEM-005	MEM-005-P0012	OR-0012	A FAIL defeats that profile claim; NOT APPLICABLE is permitted only when the profile is not claimed.
0013	Default FCB drive-prefix parsing	REQUIRED	generic CP/M 2.2 baseline	CCP-003	CCP-003-P0013	OR-0013	A FAIL defeats baseline certification; BLOCKED prevents certification.
0014	Default FCB wildcard expansion	REQUIRED	generic CP/M 2.2 baseline	MEM-001	MEM-001-P0014	OR-0014	A FAIL defeats baseline certification; BLOCKED prevents certification.
0015	Default FCB case and padding	REQUIRED	generic CP/M 2.2 baseline	MEM-005	MEM-005-P0015	OR-0015	A FAIL defeats baseline certification; BLOCKED prevents certification.
0016	Default FCB unopened control fields	NOT GUARANTEED	generic CP/M 2.2 baseline	CCP-003	CCP-003-P0016	OR-0016	A candidate is not failed for differing from DRI; a contradictory portability guarantee is a framework FAIL.
0017	Command-tail count location	REQUIRED	generic CP/M 2.2 baseline	MEM-001	MEM-001-P0017	OR-0017	A FAIL defeats baseline certification; BLOCKED prevents certification.
0018	Command-tail character location	REQUIRED	generic CP/M 2.2 baseline	MEM-005	MEM-005-P0018	OR-0018	A FAIL defeats baseline certification; BLOCKED prevents certification.
0019	Leading blank in command tail	REQUIRED	generic CP/M 2.2 baseline	CCP-003	CCP-003-P0019	OR-0019	A FAIL defeats baseline certification; BLOCKED prevents certification.
0020	Uppercase command-tail representation	REQUIRED	generic CP/M 2.2 baseline	MEM-001	MEM-001-P0020	OR-0020	A FAIL defeats baseline certification; BLOCKED prevents certification.
0021	NUL after counted command tail	NOT GUARANTEED	generic CP/M 2.2 baseline	MEM-005	MEM-005-P0021	OR-0021	A candidate is not failed for differing from DRI; a contradictory portability guarantee is a framework FAIL.
0022	Bytes following command-tail terminator	OUTSIDE SCOPE	generic CP/M 2.2 compatibility claim	CCP-003	CCP-003-P0022	OR-0022	Never a positive baseline gate; an attempted mandatory assertion is a framework-definition FAIL.
0023	Default DMA address	REQUIRED	generic CP/M 2.2 baseline	MEM-001	MEM-001-P0023	OR-0023	A FAIL defeats baseline certification; BLOCKED prevents certification.
0024	Command-tail/default-DMA overlap	REQUIRED	generic CP/M 2.2 baseline	MEM-005	MEM-005-P0024	OR-0024	A FAIL defeats baseline certification; BLOCKED prevents certification.
0025	Program termination through JMP 0000h	REQUIRED	generic CP/M 2.2 baseline	CCP-003	CCP-003-P0025	OR-0025	A FAIL defeats baseline certification; BLOCKED prevents certification.
0026	Program termination through BDOS function 0	REQUIRED	generic CP/M 2.2 baseline	MEM-001	MEM-001-P0026	OR-0026	A FAIL defeats baseline certification; BLOCKED prevents certification.
0027	RET termination	REQUIRED	generic CP/M 2.2 baseline	MEM-005	MEM-005-P0027	OR-0027	A FAIL defeats baseline certification; BLOCKED prevents certification.
0028	Valid entry return word	REQUIRED	generic CP/M 2.2 baseline	CCP-003	CCP-003-P0028	OR-0028	A FAIL defeats baseline certification; BLOCKED prevents certification.
0029	Exact entry SP	OUTSIDE SCOPE	generic CP/M 2.2 compatibility claim	MEM-001	MEM-001-P0029	OR-0029	Never a positive baseline gate; an attempted mandatory assertion is a framework-definition FAIL.
0030	Exact entry return address	OUTSIDE SCOPE	generic CP/M 2.2 compatibility claim	MEM-005	MEM-005-P0030	OR-0030	Never a positive baseline gate; an attempted mandatory assertion is a framework-definition FAIL.
0031	General-register entry state	NOT GUARANTEED	generic CP/M 2.2 baseline	CCP-003	CCP-003-P0031	OR-0031	A candidate is not failed for differing from DRI; a contradictory portability guarantee is a framework FAIL.
0032	Z80 extended-register entry state	NOT GUARANTEED	generic CP/M 2.2 baseline	MEM-001	MEM-001-P0032	OR-0032	A candidate is not failed for differing from DRI; a contradictory portability guarantee is a framework FAIL.
0033	Entry flags and interrupt state	NOT GUARANTEED	generic CP/M 2.2 baseline	MEM-005	MEM-005-P0033	OR-0033	A candidate is not failed for differing from DRI; a contradictory portability guarantee is a framework FAIL.
0034	Exact BIOS/BDOS vector targets	OUTSIDE SCOPE	generic CP/M 2.2 compatibility claim	BDOS-CALL-001	BDOS-CALL-001-P0034	OR-0034	Never a positive baseline gate; an attempted mandatory assertion is a framework-definition FAIL.
0035	BDOS function selector in C	REQUIRED	generic CP/M 2.2 baseline	BDOS-CALL-001	BDOS-CALL-001-P0035	OR-0035	A FAIL defeats baseline certification; BLOCKED prevents certification.
0036	BDOS function-specific input in DE/E	REQUIRED	generic CP/M 2.2 baseline	BDOS-CALL-001	BDOS-CALL-001-P0036	OR-0036	A FAIL defeats baseline certification; BLOCKED prevents certification.
0037	Byte result in A	REQUIRED	generic CP/M 2.2 baseline	BDOS-CALL-001	BDOS-CALL-001-P0037	OR-0037	A FAIL defeats baseline certification; BLOCKED prevents certification.
0038	Word result in HL	REQUIRED	generic CP/M 2.2 baseline	BDOS-CALL-001	BDOS-CALL-001-P0038	OR-0038	A FAIL defeats baseline certification; BLOCKED prevents certification.
0039	Normal-return alias A=L	REQUIRED	generic CP/M 2.2 baseline	BDOS-CALL-001	BDOS-CALL-001-P0039	OR-0039	A FAIL defeats baseline certification; BLOCKED prevents certification.
0040	Normal-return alias B=H	REQUIRED	generic CP/M 2.2 baseline	BDOS-CALL-001	BDOS-CALL-001-P0040	OR-0040	A FAIL defeats baseline certification; BLOCKED prevents certification.
0041	CP/M 2.2 BDOS selector range	REQUIRED	generic CP/M 2.2 baseline	BDOS-CALL-001	BDOS-CALL-001-P0041	OR-0041	A FAIL defeats baseline certification; BLOCKED prevents certification.
0042	Out-of-range BDOS result	REQUIRED	generic CP/M 2.2 baseline	BDOS-CALL-001	BDOS-CALL-001-P0042	OR-0042	A FAIL defeats baseline certification; BLOCKED prevents certification.
0043	Caller SP restored on returning BDOS calls	REQUIRED	generic CP/M 2.2 baseline	BDOS-CALL-001	BDOS-CALL-001-P0043	OR-0043	A FAIL defeats baseline certification; BLOCKED prevents certification.
0044	DRI private BDOS stack mechanism	OUTSIDE SCOPE	generic CP/M 2.2 compatibility claim	BDOS-CALL-001	BDOS-CALL-001-P0044	OR-0044	Never a positive baseline gate; an attempted mandatory assertion is a framework-definition FAIL.
0045	AF preservation across BDOS	NOT GUARANTEED	generic CP/M 2.2 baseline	BDOS-CALL-001	BDOS-CALL-001-P0045	OR-0045	A candidate is not failed for differing from DRI; a contradictory portability guarantee is a framework FAIL.
0046	BC preservation across BDOS	NOT GUARANTEED	generic CP/M 2.2 baseline	BDOS-CALL-001	BDOS-CALL-001-P0046	OR-0046	A candidate is not failed for differing from DRI; a contradictory portability guarantee is a framework FAIL.
0047	DE preservation across BDOS	NOT GUARANTEED	generic CP/M 2.2 baseline	BDOS-CALL-001	BDOS-CALL-001-P0047	OR-0047	A candidate is not failed for differing from DRI; a contradictory portability guarantee is a framework FAIL.
0048	HL preservation across BDOS	NOT GUARANTEED	generic CP/M 2.2 baseline	BDOS-CALL-001	BDOS-CALL-001-P0048	OR-0048	A candidate is not failed for differing from DRI; a contradictory portability guarantee is a framework FAIL.
0049	Z80-only and alternate-register preservation	NOT GUARANTEED	generic CP/M 2.2 baseline	BDOS-CALL-001	BDOS-CALL-001-P0049	OR-0049	A candidate is not failed for differing from DRI; a contradictory portability guarantee is a framework FAIL.
0050	Valid-call C becomes input E	OUTSIDE SCOPE	generic CP/M 2.2 compatibility claim	BDOS-CALL-001	BDOS-CALL-001-P0050	OR-0050	Never a positive baseline gate; an attempted mandatory assertion is a framework-definition FAIL.
0051	Observed BDOS return flags	OUTSIDE SCOPE	generic CP/M 2.2 compatibility claim	BDOS-CON-001	BDOS-CON-001-P0051	OR-0051	Never a positive baseline gate; an attempted mandatory assertion is a framework-definition FAIL.
0052	Function 2 character source	REQUIRED	generic CP/M 2.2 baseline	BDOS-CON-001	BDOS-CON-001-P0052	OR-0052	A FAIL defeats baseline certification; BLOCKED prevents certification.
0053	Function 2 treats '$' as ordinary data	REQUIRED	generic CP/M 2.2 baseline	BDOS-CON-001	BDOS-CON-001-P0053	OR-0053	A FAIL defeats baseline certification; BLOCKED prevents certification.
0054	Function 9 string address	REQUIRED	generic CP/M 2.2 baseline	BDOS-CON-001	BDOS-CON-001-P0054	OR-0054	A FAIL defeats baseline certification; BLOCKED prevents certification.
0055	Function 9 '$' termination	REQUIRED	generic CP/M 2.2 baseline	BDOS-CON-001	BDOS-CON-001-P0055	OR-0055	A FAIL defeats baseline certification; BLOCKED prevents certification.
0056	Function 9 terminator is not emitted	REQUIRED	generic CP/M 2.2 baseline	BDOS-CON-001	BDOS-CON-001-P0056	OR-0056	A FAIL defeats baseline certification; BLOCKED prevents certification.
0057	Function 9 empty string	REQUIRED	generic CP/M 2.2 baseline	BDOS-CON-001	BDOS-CON-001-P0057	OR-0057	A FAIL defeats baseline certification; BLOCKED prevents certification.
0058	Function 9 scans across ordinary control characters	REQUIRED	generic CP/M 2.2 baseline	BDOS-CON-001	BDOS-CON-001-P0058	OR-0058	A FAIL defeats baseline certification; BLOCKED prevents certification.
0059	Function 2 uses formatted console output	REQUIRED	generic CP/M 2.2 baseline	BDOS-CON-001	BDOS-CON-001-P0059	OR-0059	A FAIL defeats baseline certification; BLOCKED prevents certification.
0060	Function 9 uses formatted console output	REQUIRED	generic CP/M 2.2 baseline	BDOS-CON-001	BDOS-CON-001-P0060	OR-0060	A FAIL defeats baseline certification; BLOCKED prevents certification.
0061	Shared formatted-output state	REQUIRED	generic CP/M 2.2 baseline	BDOS-CON-001	BDOS-CON-001-P0061	OR-0061	A FAIL defeats baseline certification; BLOCKED prevents certification.
0062	TAB expansion	REQUIRED	generic CP/M 2.2 baseline	BDOS-CON-001	BDOS-CON-001-P0062	OR-0062	A FAIL defeats baseline certification; BLOCKED prevents certification.
0063	Function 2 participates in scrolling control	REQUIRED	generic CP/M 2.2 baseline	BDOS-CON-001	BDOS-CON-001-P0063	OR-0063	A FAIL defeats baseline certification; BLOCKED prevents certification.
0064	Function 9 participates in scrolling control	REQUIRED	generic CP/M 2.2 baseline	BDOS-CON-001	BDOS-CON-001-P0064	OR-0064	A FAIL defeats baseline certification; BLOCKED prevents certification.
0065	Function 2 participates in active printer echo	REQUIRED	generic CP/M 2.2 baseline	BDOS-CON-001	BDOS-CON-001-P0065	OR-0065	A FAIL defeats baseline certification; BLOCKED prevents certification.
0066	Function 9 participates in active printer echo	REQUIRED	generic CP/M 2.2 baseline	BDOS-CON-001	BDOS-CON-001-P0066	OR-0066	A FAIL defeats baseline certification; BLOCKED prevents certification.
0067	Function 2 has no function-specific return value	NOT GUARANTEED	generic CP/M 2.2 baseline	BDOS-CON-001	BDOS-CON-001-P0067	OR-0067	A candidate is not failed for differing from DRI; a contradictory portability guarantee is a framework FAIL.
0068	Function 9 has no function-specific return value	NOT GUARANTEED	generic CP/M 2.2 baseline	BDOS-CON-001	BDOS-CON-001-P0068	OR-0068	A candidate is not failed for differing from DRI; a contradictory portability guarantee is a framework FAIL.
0069	Exact logical-column update rules	PROFILE REQUIRED	the DRI formatted-console profile	BDOS-CON-001	BDOS-CON-001-P0069	OR-0069	A FAIL defeats that profile claim; NOT APPLICABLE is permitted only when the profile is not claimed.
0070	LF resets DRI logical column	PROFILE REQUIRED	the DRI formatted-console profile	BDOS-CON-001	BDOS-CON-001-P0070	OR-0070	A FAIL defeats that profile claim; NOT APPLICABLE is permitted only when the profile is not claimed.
0071	CR does not reset DRI logical column	PROFILE REQUIRED	the DRI formatted-console profile	BDOS-CON-001	BDOS-CON-001-P0071	OR-0071	A FAIL defeats that profile claim; NOT APPLICABLE is permitted only when the profile is not claimed.
0072	Pending-key buffering during formatted output	NOT GUARANTEED	generic CP/M 2.2 baseline	BDOS-CON-001	BDOS-CON-001-P0072	OR-0072	A candidate is not failed for differing from DRI; a contradictory portability guarantee is a framework FAIL.
0073	Ctrl-C behavior after output pause	NOT GUARANTEED	generic CP/M 2.2 baseline	BDOS-CON-001	BDOS-CON-001-P0073	OR-0073	A candidate is not failed for differing from DRI; a contradictory portability guarantee is a framework FAIL.
0074	DRI private formatted-output implementation state	OUTSIDE SCOPE	generic CP/M 2.2 compatibility claim	BDOS-CON-002	BDOS-CON-002-P0074	OR-0074	Never a positive baseline gate; an attempted mandatory assertion is a framework-definition FAIL.
0075	Function 6 direct-output selection	REQUIRED	generic CP/M 2.2 baseline	BDOS-CON-005	BDOS-CON-005-P0075	OR-0075	A FAIL defeats baseline certification; BLOCKED prevents certification.
0076	Function 6 direct-output character source	REQUIRED	generic CP/M 2.2 baseline	BDOS-CON-002	BDOS-CON-002-P0076	OR-0076	A FAIL defeats baseline certification; BLOCKED prevents certification.
0077	Function 6 direct output does not expand TAB	REQUIRED	generic CP/M 2.2 baseline	BDOS-CON-005	BDOS-CON-005-P0077	OR-0077	A FAIL defeats baseline certification; BLOCKED prevents certification.
0078	Function 6 direct output bypasses Ctrl-S scrolling control	REQUIRED	generic CP/M 2.2 baseline	BDOS-CON-002	BDOS-CON-002-P0078	OR-0078	A FAIL defeats baseline certification; BLOCKED prevents certification.
0079	Function 6 direct output bypasses Ctrl-P printer echo	REQUIRED	generic CP/M 2.2 baseline	BDOS-CON-005	BDOS-CON-005-P0079	OR-0079	A FAIL defeats baseline certification; BLOCKED prevents certification.
0080	Function 6 direct output has no function-specific result	NOT GUARANTEED	generic CP/M 2.2 baseline	BDOS-CON-002	BDOS-CON-002-P0080	OR-0080	A candidate is not failed for differing from DRI; a contradictory portability guarantee is a framework FAIL.
0081	Function 6 nonblocking-input selection	REQUIRED	generic CP/M 2.2 baseline	BDOS-CON-005	BDOS-CON-005-P0081	OR-0081	A FAIL defeats baseline certification; BLOCKED prevents certification.
0082	Function 6 no-input result	REQUIRED	generic CP/M 2.2 baseline	BDOS-CON-002	BDOS-CON-002-P0082	OR-0082	A FAIL defeats baseline certification; BLOCKED prevents certification.
0083	Function 6 ready-input result	REQUIRED	generic CP/M 2.2 baseline	BDOS-CON-005	BDOS-CON-005-P0083	OR-0083	A FAIL defeats baseline certification; BLOCKED prevents certification.
0084	Function 6 input is unadorned	REQUIRED	generic CP/M 2.2 baseline	BDOS-CON-002	BDOS-CON-002-P0084	OR-0084	A FAIL defeats baseline certification; BLOCKED prevents certification.
0085	Function 11 not-ready result	REQUIRED	generic CP/M 2.2 baseline	BDOS-CON-005	BDOS-CON-005-P0085	OR-0085	A FAIL defeats baseline certification; BLOCKED prevents certification.
0086	Exact function 11 ready result	NOT GUARANTEED	generic CP/M 2.2 baseline	BDOS-CON-002	BDOS-CON-002-P0086	OR-0086	A candidate is not failed for differing from DRI; a contradictory portability guarantee is a framework FAIL.
0087	Function 11 pending-byte retention	NOT GUARANTEED	generic CP/M 2.2 baseline	BDOS-CON-005	BDOS-CON-005-P0087	OR-0087	A candidate is not failed for differing from DRI; a contradictory portability guarantee is a framework FAIL.
0088	DRI function 6 ignores retained pending byte	NOT GUARANTEED	generic CP/M 2.2 baseline	BDOS-CON-002	BDOS-CON-002-P0088	OR-0088	A candidate is not failed for differing from DRI; a contradictory portability guarantee is a framework FAIL.
0089	DRI function 6 E=FEh behavior	OUTSIDE SCOPE	generic CP/M 2.2 compatibility claim	BDOS-CON-005	BDOS-CON-005-P0089	OR-0089	Never a positive baseline gate; an attempted mandatory assertion is a framework-definition FAIL.
0090	DRI private pending-byte representation	OUTSIDE SCOPE	generic CP/M 2.2 compatibility claim	BDOS-CON-003	BDOS-CON-003-P0090	OR-0090	Never a positive baseline gate; an attempted mandatory assertion is a framework-definition FAIL.
0091	Function 1 selector	REQUIRED	generic CP/M 2.2 baseline	BDOS-CON-003	BDOS-CON-003-P0091	OR-0091	A FAIL defeats baseline certification; BLOCKED prevents certification.
0092	Function 1 blocking behavior	REQUIRED	generic CP/M 2.2 baseline	BDOS-CON-003	BDOS-CON-003-P0092	OR-0092	A FAIL defeats baseline certification; BLOCKED prevents certification.
0093	Function 1 result character	REQUIRED	generic CP/M 2.2 baseline	BDOS-CON-003	BDOS-CON-003-P0093	OR-0093	A FAIL defeats baseline certification; BLOCKED prevents certification.
0094	Function 1 echoes graphic characters	REQUIRED	generic CP/M 2.2 baseline	BDOS-CON-003	BDOS-CON-003-P0094	OR-0094	A FAIL defeats baseline certification; BLOCKED prevents certification.
0095	Function 1 echoes CR	REQUIRED	generic CP/M 2.2 baseline	BDOS-CON-003	BDOS-CON-003-P0095	OR-0095	A FAIL defeats baseline certification; BLOCKED prevents certification.
0096	Function 1 echoes LF	REQUIRED	generic CP/M 2.2 baseline	BDOS-CON-003	BDOS-CON-003-P0096	OR-0096	A FAIL defeats baseline certification; BLOCKED prevents certification.
0097	Function 1 echoes backspace	REQUIRED	generic CP/M 2.2 baseline	BDOS-CON-003	BDOS-CON-003-P0097	OR-0097	A FAIL defeats baseline certification; BLOCKED prevents certification.
0098	Function 1 TAB echo expansion	REQUIRED	generic CP/M 2.2 baseline	BDOS-CON-003	BDOS-CON-003-P0098	OR-0098	A FAIL defeats baseline certification; BLOCKED prevents certification.
0099	Function 1 ordinary controls are not echoed	REQUIRED	generic CP/M 2.2 baseline	BDOS-CON-003	BDOS-CON-003-P0099	OR-0099	A FAIL defeats baseline certification; BLOCKED prevents certification.
0100	Function 1 echo uses shared formatted-console state	REQUIRED	generic CP/M 2.2 baseline	BDOS-CON-003	BDOS-CON-003-P0100	OR-0100	A FAIL defeats baseline certification; BLOCKED prevents certification.
0101	Function 1 echo participates in scrolling control	REQUIRED	generic CP/M 2.2 baseline	BDOS-CON-003	BDOS-CON-003-P0101	OR-0101	A FAIL defeats baseline certification; BLOCKED prevents certification.
0102	Function 1 echo participates in active printer echo	REQUIRED	generic CP/M 2.2 baseline	BDOS-CON-003	BDOS-CON-003-P0102	OR-0102	A FAIL defeats baseline certification; BLOCKED prevents certification.
0103	Function-1 Ctrl-P printer-echo state change	PROFILE REQUIRED	the DRI formatted-console profile	BDOS-CON-003	BDOS-CON-003-P0103	OR-0103	A FAIL defeats that profile claim; NOT APPLICABLE is permitted only when the profile is not claimed.
0104	Function 1 consumes function-11-retained input	PROFILE REQUIRED	the DRI formatted-console profile	BDOS-CON-003	BDOS-CON-003-P0104	OR-0104	A FAIL defeats that profile claim; NOT APPLICABLE is permitted only when the profile is not claimed.
0105	DRI private function-1 implementation details	OUTSIDE SCOPE	generic CP/M 2.2 compatibility claim	BDOS-CON-004	BDOS-CON-004-P0105	OR-0105	Never a positive baseline gate; an attempted mandatory assertion is a framework-definition FAIL.
0106	Function 10 selector and buffer address	REQUIRED	generic CP/M 2.2 baseline	BDOS-CON-004	BDOS-CON-004-P0106	OR-0106	A FAIL defeats baseline certification; BLOCKED prevents certification.
0107	Function 10 maximum byte	REQUIRED	generic CP/M 2.2 baseline	BDOS-CON-004	BDOS-CON-004-P0107	OR-0107	A FAIL defeats baseline certification; BLOCKED prevents certification.
0108	Function 10 returned count	REQUIRED	generic CP/M 2.2 baseline	BDOS-CON-004	BDOS-CON-004-P0108	OR-0108	A FAIL defeats baseline certification; BLOCKED prevents certification.
0109	Function 10 returned data location	REQUIRED	generic CP/M 2.2 baseline	BDOS-CON-004	BDOS-CON-004-P0109	OR-0109	A FAIL defeats baseline certification; BLOCKED prevents certification.
0110	Bytes beyond function-10 returned count	NOT GUARANTEED	generic CP/M 2.2 baseline	BDOS-CON-004	BDOS-CON-004-P0110	OR-0110	A candidate is not failed for differing from DRI; a contradictory portability guarantee is a framework FAIL.
0111	Function 10 CR termination	REQUIRED	generic CP/M 2.2 baseline	BDOS-CON-004	BDOS-CON-004-P0111	OR-0111	A FAIL defeats baseline certification; BLOCKED prevents certification.
0112	Function 10 LF termination	REQUIRED	generic CP/M 2.2 baseline	BDOS-CON-004	BDOS-CON-004-P0112	OR-0112	A FAIL defeats baseline certification; BLOCKED prevents certification.
0113	Function 10 capacity termination	REQUIRED	generic CP/M 2.2 baseline	BDOS-CON-004	BDOS-CON-004-P0113	OR-0113	A FAIL defeats baseline certification; BLOCKED prevents certification.
0114	Function 10 ordinary-character storage and echo	REQUIRED	generic CP/M 2.2 baseline	BDOS-CON-004	BDOS-CON-004-P0114	OR-0114	A FAIL defeats baseline certification; BLOCKED prevents certification.
0115	Function 10 backspace editing	REQUIRED	generic CP/M 2.2 baseline	BDOS-CON-004	BDOS-CON-004-P0115	OR-0115	A FAIL defeats baseline certification; BLOCKED prevents certification.
0116	Function 10 DEL editing	REQUIRED	generic CP/M 2.2 baseline	BDOS-CON-004	BDOS-CON-004-P0116	OR-0116	A FAIL defeats baseline certification; BLOCKED prevents certification.
0117	Function 10 initial Ctrl-C warm restart	REQUIRED	generic CP/M 2.2 baseline	BDOS-CON-004	BDOS-CON-004-P0117	OR-0117	A FAIL defeats baseline certification; BLOCKED prevents certification.
0118	Function 10 Ctrl-E line continuation	REQUIRED	generic CP/M 2.2 baseline	BDOS-CON-004	BDOS-CON-004-P0118	OR-0118	A FAIL defeats baseline certification; BLOCKED prevents certification.
0119	Function 10 Ctrl-R redisplay	REQUIRED	generic CP/M 2.2 baseline	BDOS-CON-004	BDOS-CON-004-P0119	OR-0119	A FAIL defeats baseline certification; BLOCKED prevents certification.
0120	Function 10 Ctrl-U line deletion	REQUIRED	generic CP/M 2.2 baseline	BDOS-CON-004	BDOS-CON-004-P0120	OR-0120	A FAIL defeats baseline certification; BLOCKED prevents certification.
0121	Function 10 Ctrl-X line deletion	REQUIRED	generic CP/M 2.2 baseline	BDOS-CON-004	BDOS-CON-004-P0121	OR-0121	A FAIL defeats baseline certification; BLOCKED prevents certification.
0122	Function 10 starting-column-relative editing	REQUIRED	generic CP/M 2.2 baseline	BDOS-CON-004	BDOS-CON-004-P0122	OR-0122	A FAIL defeats baseline certification; BLOCKED prevents certification.
0123	Function 10 stores no line terminator	REQUIRED	generic CP/M 2.2 baseline	BDOS-CON-004	BDOS-CON-004-P0123	OR-0123	A FAIL defeats baseline certification; BLOCKED prevents certification.
0124	Function 10 has no function-specific register result	NOT GUARANTEED	generic CP/M 2.2 baseline	BDOS-CON-004	BDOS-CON-004-P0124	OR-0124	A candidate is not failed for differing from DRI; a contradictory portability guarantee is a framework FAIL.
0125	Function 10 Ctrl-P exclusion and printer-echo toggle	PROFILE REQUIRED	the DRI line-editor profile	BDOS-CON-004	BDOS-CON-004-P0125	OR-0125	A FAIL defeats that profile claim; NOT APPLICABLE is permitted only when the profile is not claimed.
0126	Function 10 post-Ctrl-P echo state	PROFILE REQUIRED	the DRI line-editor profile	BDOS-CON-004	BDOS-CON-004-P0126	OR-0126	A FAIL defeats that profile claim; NOT APPLICABLE is permitted only when the profile is not claimed.
0127	Function 10 seven-bit input masking	PROFILE REQUIRED	the DRI line-editor profile	BDOS-CON-004	BDOS-CON-004-P0127	OR-0127	A FAIL defeats that profile claim; NOT APPLICABLE is permitted only when the profile is not claimed.
0128	Function 10 exact correction-display bytes	PROFILE REQUIRED	the DRI line-editor presentation profile	BDOS-CON-004	BDOS-CON-004-P0128	OR-0128	A FAIL defeats that profile claim; NOT APPLICABLE is permitted only when the profile is not claimed.
0129	Function 10 noninitial Ctrl-C behavior	PROFILE REQUIRED	the DRI line-editor profile	BDOS-CON-004	BDOS-CON-004-P0129	OR-0129	A FAIL defeats that profile claim; NOT APPLICABLE is permitted only when the profile is not claimed.
0130	DRI private function-10 editor organization	OUTSIDE SCOPE	generic CP/M 2.2 compatibility claim	BDOS-CON-004	BDOS-CON-004-P0130	OR-0130	Never a positive baseline gate; an attempted mandatory assertion is a framework-definition FAIL.
0131	DRI function-10 zero common result	OUTSIDE SCOPE	generic CP/M 2.2 compatibility claim	BDOS-STATE-002	BDOS-STATE-002-P0131	OR-0131	Never a positive baseline gate; an attempted mandatory assertion is a framework-definition FAIL.
0132	Function 13 selector	REQUIRED	generic CP/M 2.2 baseline	BDOS-STATE-002	BDOS-STATE-002-P0132	OR-0132	A FAIL defeats baseline certification; BLOCKED prevents certification.
0133	Function 13 read/write reset	REQUIRED	generic CP/M 2.2 baseline	BDOS-STATE-002	BDOS-STATE-002-P0133	OR-0133	A FAIL defeats baseline certification; BLOCKED prevents certification.
0134	Function 13 selects drive A	REQUIRED	generic CP/M 2.2 baseline	BDOS-STATE-002	BDOS-STATE-002-P0134	OR-0134	A FAIL defeats baseline certification; BLOCKED prevents certification.
0135	Function 13 restores default DMA	REQUIRED	generic CP/M 2.2 baseline	BDOS-STATE-002	BDOS-STATE-002-P0135	OR-0135	A FAIL defeats baseline certification; BLOCKED prevents certification.
0136	Function 13 resets login vector	REQUIRED	generic CP/M 2.2 baseline	BDOS-STATE-002	BDOS-STATE-002-P0136	OR-0136	A FAIL defeats baseline certification; BLOCKED prevents certification.
0137	Function 13 function-specific result	NOT GUARANTEED	generic CP/M 2.2 baseline	BDOS-STATE-002	BDOS-STATE-002-P0137	OR-0137	A candidate is not failed for differing from DRI; a contradictory portability guarantee is a framework FAIL.
0138	Function 14 selector	REQUIRED	generic CP/M 2.2 baseline	BDOS-STATE-002	BDOS-STATE-002-P0138	OR-0138	A FAIL defeats baseline certification; BLOCKED prevents certification.
0139	Function 14 drive numbering	REQUIRED	generic CP/M 2.2 baseline	BDOS-STATE-002	BDOS-STATE-002-P0139	OR-0139	A FAIL defeats baseline certification; BLOCKED prevents certification.
0140	Function 14 changes current disk	REQUIRED	generic CP/M 2.2 baseline	BDOS-STATE-002	BDOS-STATE-002-P0140	OR-0140	A FAIL defeats baseline certification; BLOCKED prevents certification.
0141	Function 14 logs selected drive	REQUIRED	generic CP/M 2.2 baseline	BDOS-STATE-002	BDOS-STATE-002-P0141	OR-0141	A FAIL defeats baseline certification; BLOCKED prevents certification.
0142	Login vector is cumulative	REQUIRED	generic CP/M 2.2 baseline	BDOS-STATE-002	BDOS-STATE-002-P0142	OR-0142	A FAIL defeats baseline certification; BLOCKED prevents certification.
0143	Standard media-change read-only behavior	REQUIRED	generic CP/M 2.2 baseline	BDOS-STATE-002	BDOS-STATE-002-P0143	OR-0143	A FAIL defeats baseline certification; BLOCKED prevents certification.
0144	FCB drive code zero uses current disk	REQUIRED	generic CP/M 2.2 baseline	BDOS-STATE-002	BDOS-STATE-002-P0144	OR-0144	A FAIL defeats baseline certification; BLOCKED prevents certification.
0145	Explicit FCB drive selection	REQUIRED	generic CP/M 2.2 baseline	BDOS-STATE-002	BDOS-STATE-002-P0145	OR-0145	A FAIL defeats baseline certification; BLOCKED prevents certification.
0146	Explicit FCB selection does not permanently change current disk	REQUIRED	generic CP/M 2.2 baseline	BDOS-STATE-002	BDOS-STATE-002-P0146	OR-0146	A FAIL defeats baseline certification; BLOCKED prevents certification.
0147	Function 24 login vector result	REQUIRED	generic CP/M 2.2 baseline	BDOS-STATE-002	BDOS-STATE-002-P0147	OR-0147	A FAIL defeats baseline certification; BLOCKED prevents certification.
0148	Login vector bit mapping	REQUIRED	generic CP/M 2.2 baseline	BDOS-STATE-002	BDOS-STATE-002-P0148	OR-0148	A FAIL defeats baseline certification; BLOCKED prevents certification.
0149	Login bit meaning	REQUIRED	generic CP/M 2.2 baseline	BDOS-STATE-002	BDOS-STATE-002-P0149	OR-0149	A FAIL defeats baseline certification; BLOCKED prevents certification.
0150	Function 25 current disk result	REQUIRED	generic CP/M 2.2 baseline	BDOS-STATE-002	BDOS-STATE-002-P0150	OR-0150	A FAIL defeats baseline certification; BLOCKED prevents certification.
0151	Function 14 invalid-drive result	NOT GUARANTEED	generic CP/M 2.2 baseline	BDOS-STATE-002	BDOS-STATE-002-P0151	OR-0151	A candidate is not failed for differing from DRI; a contradictory portability guarantee is a framework FAIL.
0152	Function 13/14 synchronization of page-zero 0004h	OUTSIDE SCOPE	generic CP/M 2.2 compatibility claim	BDOS-STATE-002	BDOS-STATE-002-P0152	OR-0152	Never a positive baseline gate; an attempted mandatory assertion is a framework-definition FAIL.
0153	DRI private disk-state implementation	OUTSIDE SCOPE	generic CP/M 2.2 compatibility claim	BDOS-STATE-002	BDOS-STATE-002-P0153	OR-0153	Never a positive baseline gate; an attempted mandatory assertion is a framework-definition FAIL.
0154	Unavailable-drive presentation	PROFILE REQUIRED	the Interactive DRI error profile	BDOS-STATE-002	BDOS-STATE-002-P0154	OR-0154	A FAIL defeats that profile claim; NOT APPLICABLE is permitted only when the profile is not claimed.
0155	Function 13 user-number preservation	REQUIRED	generic CP/M 2.2 baseline	BDOS-FILE-001	BDOS-FILE-001-P0155	OR-0155	A FAIL defeats baseline certification; BLOCKED prevents certification.
0156	Investigation 008 finding	REQUIRED	generic CP/M 2.2 baseline	BDOS-FILE-002	BDOS-FILE-002-P0156	OR-0156	A FAIL defeats baseline certification; BLOCKED prevents certification.
0157	Investigation 008 finding	REQUIRED	generic CP/M 2.2 baseline	BDOS-FILE-001	BDOS-FILE-001-P0157	OR-0157	A FAIL defeats baseline certification; BLOCKED prevents certification.
0158	Investigation 008 finding	REQUIRED	generic CP/M 2.2 baseline	BDOS-FILE-002	BDOS-FILE-002-P0158	OR-0158	A FAIL defeats baseline certification; BLOCKED prevents certification.
0159	Investigation 008 finding	REQUIRED	generic CP/M 2.2 baseline	BDOS-FILE-001	BDOS-FILE-001-P0159	OR-0159	A FAIL defeats baseline certification; BLOCKED prevents certification.
0160	Investigation 008 finding	REQUIRED	generic CP/M 2.2 baseline	BDOS-FILE-002	BDOS-FILE-002-P0160	OR-0160	A FAIL defeats baseline certification; BLOCKED prevents certification.
0161	Investigation 008 finding	REQUIRED	generic CP/M 2.2 baseline	BDOS-FILE-001	BDOS-FILE-001-P0161	OR-0161	A FAIL defeats baseline certification; BLOCKED prevents certification.
0162	Investigation 008 finding	REQUIRED	generic CP/M 2.2 baseline	BDOS-FILE-002	BDOS-FILE-002-P0162	OR-0162	A FAIL defeats baseline certification; BLOCKED prevents certification.
0163	Investigation 008 finding	NOT GUARANTEED	generic CP/M 2.2 baseline	BDOS-FILE-001	BDOS-FILE-001-P0163	OR-0163	A candidate is not failed for differing from DRI; a contradictory portability guarantee is a framework FAIL.
0164	Investigation 008 finding	REQUIRED	generic CP/M 2.2 baseline	BDOS-FILE-002	BDOS-FILE-002-P0164	OR-0164	A FAIL defeats baseline certification; BLOCKED prevents certification.
0165	Investigation 008 finding	REQUIRED	generic CP/M 2.2 baseline	BDOS-FILE-001	BDOS-FILE-001-P0165	OR-0165	A FAIL defeats baseline certification; BLOCKED prevents certification.
0166	Investigation 008 finding	REQUIRED	generic CP/M 2.2 baseline	BDOS-FILE-002	BDOS-FILE-002-P0166	OR-0166	A FAIL defeats baseline certification; BLOCKED prevents certification.
0167	Investigation 008 finding	REQUIRED	generic CP/M 2.2 baseline	BDOS-FILE-001	BDOS-FILE-001-P0167	OR-0167	A FAIL defeats baseline certification; BLOCKED prevents certification.
0168	Investigation 008 finding	REQUIRED	generic CP/M 2.2 baseline	BDOS-FILE-002	BDOS-FILE-002-P0168	OR-0168	A FAIL defeats baseline certification; BLOCKED prevents certification.
0169	Investigation 008 finding	REQUIRED	generic CP/M 2.2 baseline	BDOS-FILE-001	BDOS-FILE-001-P0169	OR-0169	A FAIL defeats baseline certification; BLOCKED prevents certification.
0170	Investigation 008 finding	REQUIRED	generic CP/M 2.2 baseline	BDOS-FILE-002	BDOS-FILE-002-P0170	OR-0170	A FAIL defeats baseline certification; BLOCKED prevents certification.
0171	Investigation 008 finding	REQUIRED	generic CP/M 2.2 baseline	BDOS-FILE-001	BDOS-FILE-001-P0171	OR-0171	A FAIL defeats baseline certification; BLOCKED prevents certification.
0172	Investigation 008 finding	REQUIRED	generic CP/M 2.2 baseline	BDOS-FILE-002	BDOS-FILE-002-P0172	OR-0172	A FAIL defeats baseline certification; BLOCKED prevents certification.
0173	Investigation 008 finding	REQUIRED	generic CP/M 2.2 baseline	BDOS-FILE-001	BDOS-FILE-001-P0173	OR-0173	A FAIL defeats baseline certification; BLOCKED prevents certification.
0174	Investigation 008 finding	REQUIRED	generic CP/M 2.2 baseline	BDOS-FILE-002	BDOS-FILE-002-P0174	OR-0174	A FAIL defeats baseline certification; BLOCKED prevents certification.
0175	Investigation 008 finding	REQUIRED	generic CP/M 2.2 baseline	BDOS-FILE-001	BDOS-FILE-001-P0175	OR-0175	A FAIL defeats baseline certification; BLOCKED prevents certification.
0176	Investigation 008 finding	REQUIRED	generic CP/M 2.2 baseline	BDOS-FILE-002	BDOS-FILE-002-P0176	OR-0176	A FAIL defeats baseline certification; BLOCKED prevents certification.
0177	Investigation 008 finding	REQUIRED	generic CP/M 2.2 baseline	BDOS-FILE-001	BDOS-FILE-001-P0177	OR-0177	A FAIL defeats baseline certification; BLOCKED prevents certification.
0178	Investigation 008 finding	REQUIRED	generic CP/M 2.2 baseline	BDOS-FILE-002	BDOS-FILE-002-P0178	OR-0178	A FAIL defeats baseline certification; BLOCKED prevents certification.
0179	Investigation 008 finding	REQUIRED	generic CP/M 2.2 baseline	BDOS-FILE-001	BDOS-FILE-001-P0179	OR-0179	A FAIL defeats baseline certification; BLOCKED prevents certification.
0180	Investigation 008 finding	REQUIRED	generic CP/M 2.2 baseline	BDOS-FILE-002	BDOS-FILE-002-P0180	OR-0180	A FAIL defeats baseline certification; BLOCKED prevents certification.
0181	Investigation 008 finding	REQUIRED	generic CP/M 2.2 baseline	BDOS-FILE-001	BDOS-FILE-001-P0181	OR-0181	A FAIL defeats baseline certification; BLOCKED prevents certification.
0182	Investigation 008 finding	NOT GUARANTEED	generic CP/M 2.2 baseline	BDOS-FILE-002	BDOS-FILE-002-P0182	OR-0182	A candidate is not failed for differing from DRI; a contradictory portability guarantee is a framework FAIL.
0183	Investigation 008 finding	NOT GUARANTEED	generic CP/M 2.2 baseline	BDOS-FILE-001	BDOS-FILE-001-P0183	OR-0183	A candidate is not failed for differing from DRI; a contradictory portability guarantee is a framework FAIL.
0184	Investigation 008 finding	OUTSIDE SCOPE	generic CP/M 2.2 compatibility claim	BDOS-FILE-002	BDOS-FILE-002-P0184	OR-0184	Never a positive baseline gate; an attempted mandatory assertion is a framework-definition FAIL.
0185	Investigation 008 finding	OUTSIDE SCOPE	generic CP/M 2.2 compatibility claim	BDOS-FILE-001	BDOS-FILE-001-P0185	OR-0185	Never a positive baseline gate; an attempted mandatory assertion is a framework-definition FAIL.
0186	Investigation 008 finding	OUTSIDE SCOPE	generic CP/M 2.2 compatibility claim	BDOS-FILE-002	BDOS-FILE-002-P0186	OR-0186	Never a positive baseline gate; an attempted mandatory assertion is a framework-definition FAIL.
0187	Investigation 008 finding	OUTSIDE SCOPE	generic CP/M 2.2 compatibility claim	BDOS-STATE-003	BDOS-STATE-003-P0187	OR-0187	Never a positive baseline gate; an attempted mandatory assertion is a framework-definition FAIL.
0188	Search First call convention	REQUIRED	generic CP/M 2.2 baseline	BDOS-STATE-003	BDOS-STATE-003-P0188	OR-0188	A FAIL defeats baseline certification; BLOCKED prevents certification.
0189	Search First initial directory scan position	REQUIRED	generic CP/M 2.2 baseline	BDOS-STATE-003	BDOS-STATE-003-P0189	OR-0189	A FAIL defeats baseline certification; BLOCKED prevents certification.
0190	Search First successful result code	REQUIRED	generic CP/M 2.2 baseline	BDOS-STATE-003	BDOS-STATE-003-P0190	OR-0190	A FAIL defeats baseline certification; BLOCKED prevents certification.
0191	Search First unsuccessful result code	REQUIRED	generic CP/M 2.2 baseline	BDOS-STATE-003	BDOS-STATE-003-P0191	OR-0191	A FAIL defeats baseline certification; BLOCKED prevents certification.
0192	Search First DMA record transfer	REQUIRED	generic CP/M 2.2 baseline	BDOS-STATE-003	BDOS-STATE-003-P0192	OR-0192	A FAIL defeats baseline certification; BLOCKED prevents certification.
0193	Search result entry offset	REQUIRED	generic CP/M 2.2 baseline	BDOS-STATE-003	BDOS-STATE-003-P0193	OR-0193	A FAIL defeats baseline certification; BLOCKED prevents certification.
0194	Search transfer record layout	REQUIRED	generic CP/M 2.2 baseline	BDOS-STATE-003	BDOS-STATE-003-P0194	OR-0194	A FAIL defeats baseline certification; BLOCKED prevents certification.
0195	Directory entry user number	REQUIRED	generic CP/M 2.2 baseline	BDOS-STATE-003	BDOS-STATE-003-P0195	OR-0195	A FAIL defeats baseline certification; BLOCKED prevents certification.
0196	Directory entry FCB field layout	REQUIRED	generic CP/M 2.2 baseline	BDOS-FILE-003	BDOS-FILE-003-P0196	OR-0196	A FAIL defeats baseline certification; BLOCKED prevents certification.
0197	Search wildcard matching	REQUIRED	generic CP/M 2.2 baseline	BDOS-STATE-003	BDOS-STATE-003-P0197	OR-0197	A FAIL defeats baseline certification; BLOCKED prevents certification.
0198	Type attribute comparison	REQUIRED	generic CP/M 2.2 baseline	BDOS-FILE-003	BDOS-FILE-003-P0198	OR-0198	A FAIL defeats baseline certification; BLOCKED prevents certification.
0199	Default-drive FCB search	REQUIRED	generic CP/M 2.2 baseline	BDOS-STATE-003	BDOS-STATE-003-P0199	OR-0199	A FAIL defeats baseline certification; BLOCKED prevents certification.
0200	Explicit-drive search	REQUIRED	generic CP/M 2.2 baseline	BDOS-FILE-003	BDOS-FILE-003-P0200	OR-0200	A FAIL defeats baseline certification; BLOCKED prevents certification.
0201	Search First S2 handling	REQUIRED	generic CP/M 2.2 baseline	BDOS-STATE-003	BDOS-STATE-003-P0201	OR-0201	A FAIL defeats baseline certification; BLOCKED prevents certification.
0202	All-user search wildcard drive	REQUIRED	generic CP/M 2.2 baseline	BDOS-FILE-003	BDOS-FILE-003-P0202	OR-0202	A FAIL defeats baseline certification; BLOCKED prevents certification.
0203	Search Next call convention	REQUIRED	generic CP/M 2.2 baseline	BDOS-STATE-003	BDOS-STATE-003-P0203	OR-0203	A FAIL defeats baseline certification; BLOCKED prevents certification.
0204	Search Next continuation semantics	REQUIRED	generic CP/M 2.2 baseline	BDOS-FILE-003	BDOS-FILE-003-P0204	OR-0204	A FAIL defeats baseline certification; BLOCKED prevents certification.
0205	Search Next result and DMA relationship	REQUIRED	generic CP/M 2.2 baseline	BDOS-STATE-003	BDOS-STATE-003-P0205	OR-0205	A FAIL defeats baseline certification; BLOCKED prevents certification.
0206	Search Next unsuccessful result code	REQUIRED	generic CP/M 2.2 baseline	BDOS-FILE-003	BDOS-FILE-003-P0206	OR-0206	A FAIL defeats baseline certification; BLOCKED prevents certification.
0207	Search First restart behavior	REQUIRED	generic CP/M 2.2 baseline	BDOS-STATE-003	BDOS-STATE-003-P0207	OR-0207	A FAIL defeats baseline certification; BLOCKED prevents certification.
0208	Set DMA Address call convention	REQUIRED	generic CP/M 2.2 baseline	BDOS-FILE-003	BDOS-FILE-003-P0208	OR-0208	A FAIL defeats baseline certification; BLOCKED prevents certification.
0209	DMA address persistence	REQUIRED	generic CP/M 2.2 baseline	BDOS-STATE-003	BDOS-STATE-003-P0209	OR-0209	A FAIL defeats baseline certification; BLOCKED prevents certification.
0210	DMA change during search continuation	REQUIRED	generic CP/M 2.2 baseline	BDOS-FILE-003	BDOS-FILE-003-P0210	OR-0210	A FAIL defeats baseline certification; BLOCKED prevents certification.
0211	Directory enumeration order	REQUIRED	generic CP/M 2.2 baseline	BDOS-STATE-003	BDOS-STATE-003-P0211	OR-0211	A FAIL defeats baseline certification; BLOCKED prevents certification.
0212	Repeat-search ordering stability	REQUIRED	generic CP/M 2.2 baseline	BDOS-FILE-003	BDOS-FILE-003-P0212	OR-0212	A FAIL defeats baseline certification; BLOCKED prevents certification.
0213	Enumeration ordering guarantee limitation	NOT GUARANTEED	generic CP/M 2.2 baseline	BDOS-STATE-003	BDOS-STATE-003-P0213	OR-0213	A candidate is not failed for differing from DRI; a contradictory portability guarantee is a framework FAIL.
0214	Default-drive continuation limitation	NOT GUARANTEED	generic CP/M 2.2 baseline	BDOS-FILE-003	BDOS-FILE-003-P0214	OR-0214	A candidate is not failed for differing from DRI; a contradictory portability guarantee is a framework FAIL.
0215	Search continuation state limitation	NOT GUARANTEED	generic CP/M 2.2 baseline	BDOS-STATE-003	BDOS-STATE-003-P0215	OR-0215	A candidate is not failed for differing from DRI; a contradictory portability guarantee is a framework FAIL.
0216	Failed-search DMA contents	NOT GUARANTEED	generic CP/M 2.2 baseline	BDOS-FILE-003	BDOS-FILE-003-P0216	OR-0216	A candidate is not failed for differing from DRI; a contradictory portability guarantee is a framework FAIL.
0217	DRI FFh-path directory copy	OUTSIDE SCOPE	generic CP/M 2.2 compatibility claim	BDOS-STATE-003	BDOS-STATE-003-P0217	OR-0217	Never a positive baseline gate; an attempted mandatory assertion is a framework-definition FAIL.
0218	DRI private search implementation	OUTSIDE SCOPE	generic CP/M 2.2 compatibility claim	BDOS-FILE-004	BDOS-FILE-004-P0218	OR-0218	Never a positive baseline gate; an attempted mandatory assertion is a framework-definition FAIL.
0219	Function 20 call convention	REQUIRED	generic CP/M 2.2 baseline	BDOS-FILE-004	BDOS-FILE-004-P0219	OR-0219	A FAIL defeats baseline certification; BLOCKED prevents certification.
0220	Activated-FCB precondition	REQUIRED	generic CP/M 2.2 baseline	BDOS-FILE-004	BDOS-FILE-004-P0220	OR-0220	A FAIL defeats baseline certification; BLOCKED prevents certification.
0221	Sequential position source	REQUIRED	generic CP/M 2.2 baseline	BDOS-FILE-004	BDOS-FILE-004-P0221	OR-0221	A FAIL defeats baseline certification; BLOCKED prevents certification.
0222	Successful result	REQUIRED	generic CP/M 2.2 baseline	BDOS-FILE-004	BDOS-FILE-004-P0222	OR-0222	A FAIL defeats baseline certification; BLOCKED prevents certification.
0223	Successful transfer size	REQUIRED	generic CP/M 2.2 baseline	BDOS-FILE-004	BDOS-FILE-004-P0223	OR-0223	A FAIL defeats baseline certification; BLOCKED prevents certification.
0224	Current DMA destination	REQUIRED	generic CP/M 2.2 baseline	BDOS-FILE-004	BDOS-FILE-004-P0224	OR-0224	A FAIL defeats baseline certification; BLOCKED prevents certification.
0225	Partial-byte count	NOT GUARANTEED	generic CP/M 2.2 baseline	BDOS-FILE-004	BDOS-FILE-004-P0225	OR-0225	A candidate is not failed for differing from DRI; a contradictory portability guarantee is a framework FAIL.
0226	Advance after success	REQUIRED	generic CP/M 2.2 baseline	BDOS-FILE-004	BDOS-FILE-004-P0226	OR-0226	A FAIL defeats baseline certification; BLOCKED prevents certification.
0227	CR progression within an extent	REQUIRED	generic CP/M 2.2 baseline	BDOS-FILE-004	BDOS-FILE-004-P0227	OR-0227	A FAIL defeats baseline certification; BLOCKED prevents certification.
0228	Full-extent position	REQUIRED	generic CP/M 2.2 baseline	BDOS-FILE-004	BDOS-FILE-004-P0228	OR-0228	A FAIL defeats baseline certification; BLOCKED prevents certification.
0229	Automatic extent transition	REQUIRED	generic CP/M 2.2 baseline	BDOS-FILE-004	BDOS-FILE-004-P0229	OR-0229	A FAIL defeats baseline certification; BLOCKED prevents certification.
0230	New-extent first-record state	REQUIRED	generic CP/M 2.2 baseline	BDOS-FILE-004	BDOS-FILE-004-P0230	OR-0230	A FAIL defeats baseline certification; BLOCKED prevents certification.
0231	Extent working-state replacement	REQUIRED	generic CP/M 2.2 baseline	BDOS-FILE-004	BDOS-FILE-004-P0231	OR-0231	A FAIL defeats baseline certification; BLOCKED prevents certification.
0232	EOF/no-data result	REQUIRED	generic CP/M 2.2 baseline	BDOS-FILE-004	BDOS-FILE-004-P0232	OR-0232	A FAIL defeats baseline certification; BLOCKED prevents certification.
0233	Exact EOF code	NOT GUARANTEED	generic CP/M 2.2 baseline	BDOS-FILE-004	BDOS-FILE-004-P0233	OR-0233	A candidate is not failed for differing from DRI; a contradictory portability guarantee is a framework FAIL.
0234	Empty-file behavior	REQUIRED	generic CP/M 2.2 baseline	BDOS-FILE-004	BDOS-FILE-004-P0234	OR-0234	A FAIL defeats baseline certification; BLOCKED prevents certification.
0235	Partial-final-extent EOF	REQUIRED	generic CP/M 2.2 baseline	BDOS-FILE-004	BDOS-FILE-004-P0235	OR-0235	A FAIL defeats baseline certification; BLOCKED prevents certification.
0236	Exact-boundary EOF	REQUIRED	generic CP/M 2.2 baseline	BDOS-FILE-004	BDOS-FILE-004-P0236	OR-0236	A FAIL defeats baseline certification; BLOCKED prevents certification.
0237	Repeated EOF indication	REQUIRED	generic CP/M 2.2 baseline	BDOS-FILE-004	BDOS-FILE-004-P0237	OR-0237	A FAIL defeats baseline certification; BLOCKED prevents certification.
0238	DMA contents after failure	NOT GUARANTEED	generic CP/M 2.2 baseline	BDOS-FILE-004	BDOS-FILE-004-P0238	OR-0238	A candidate is not failed for differing from DRI; a contradictory portability guarantee is a framework FAIL.
0239	FCB mutation	REQUIRED	generic CP/M 2.2 baseline	BDOS-FILE-004	BDOS-FILE-004-P0239	OR-0239	A FAIL defeats baseline certification; BLOCKED prevents certification.
0240	Exact FCB image after failed read	NOT GUARANTEED	generic CP/M 2.2 baseline	BDOS-FILE-004	BDOS-FILE-004-P0240	OR-0240	A candidate is not failed for differing from DRI; a contradictory portability guarantee is a framework FAIL.
0241	DRI exact-boundary EX drift	OUTSIDE SCOPE	generic CP/M 2.2 compatibility claim	BDOS-FILE-004	BDOS-FILE-004-P0241	OR-0241	Never a positive baseline gate; an attempted mandatory assertion is a framework-definition FAIL.
0242	Explicit-drive read	REQUIRED	generic CP/M 2.2 baseline	BDOS-FILE-004	BDOS-FILE-004-P0242	OR-0242	A FAIL defeats baseline certification; BLOCKED prevents certification.
0243	Read-only readability	REQUIRED	generic CP/M 2.2 baseline	BDOS-FILE-004	BDOS-FILE-004-P0243	OR-0243	A FAIL defeats baseline certification; BLOCKED prevents certification.
0244	Unopened-FCB result	NOT GUARANTEED	generic CP/M 2.2 baseline	BDOS-FILE-004	BDOS-FILE-004-P0244	OR-0244	A candidate is not failed for differing from DRI; a contradictory portability guarantee is a framework FAIL.
0245	Invalid-FCB result	NOT GUARANTEED	generic CP/M 2.2 baseline	BDOS-FILE-004	BDOS-FILE-004-P0245	OR-0245	A candidate is not failed for differing from DRI; a contradictory portability guarantee is a framework FAIL.
0246	Physical read-error presentation	PROFILE REQUIRED	the Interactive CP/M disk-error profile	BDOS-FILE-004	BDOS-FILE-004-P0246	OR-0246	A FAIL defeats that profile claim; NOT APPLICABLE is permitted only when the profile is not claimed.
0247	DRI internal read machinery	OUTSIDE SCOPE	generic CP/M 2.2 compatibility claim	BDOS-FILE-005	BDOS-FILE-005-P0247	OR-0247	Never a positive baseline gate; an attempted mandatory assertion is a framework-definition FAIL.
0248	Function 22 convention	REQUIRED	generic CP/M 2.2 baseline	BDOS-FILE-005	BDOS-FILE-005-P0248	OR-0248	A FAIL defeats baseline certification; BLOCKED prevents certification.
0249	Make uniqueness precondition	REQUIRED	generic CP/M 2.2 baseline	BDOS-FILE-005	BDOS-FILE-005-P0249	OR-0249	A FAIL defeats baseline certification; BLOCKED prevents certification.
0250	New empty file	REQUIRED	generic CP/M 2.2 baseline	BDOS-FILE-005	BDOS-FILE-005-P0250	OR-0250	A FAIL defeats baseline certification; BLOCKED prevents certification.
0251	Make activates FCB	REQUIRED	generic CP/M 2.2 baseline	BDOS-FILE-005	BDOS-FILE-005-P0251	OR-0251	A FAIL defeats baseline certification; BLOCKED prevents certification.
0252	Make success result	REQUIRED	generic CP/M 2.2 baseline	BDOS-FILE-005	BDOS-FILE-005-P0252	OR-0252	A FAIL defeats baseline certification; BLOCKED prevents certification.
0253	Make directory-full result	REQUIRED	generic CP/M 2.2 baseline	BDOS-FILE-005	BDOS-FILE-005-P0253	OR-0253	A FAIL defeats baseline certification; BLOCKED prevents certification.
0254	Immediate empty-file visibility	REQUIRED	generic CP/M 2.2 baseline	BDOS-FILE-005	BDOS-FILE-005-P0254	OR-0254	A FAIL defeats baseline certification; BLOCKED prevents certification.
0255	Data-full empty Make	REQUIRED	generic CP/M 2.2 baseline	BDOS-FILE-005	BDOS-FILE-005-P0255	OR-0255	A FAIL defeats baseline certification; BLOCKED prevents certification.
0256	Make on existing name	NOT GUARANTEED	generic CP/M 2.2 baseline	BDOS-FILE-011	BDOS-FILE-011-P0256	OR-0256	A candidate is not failed for differing from DRI; a contradictory portability guarantee is a framework FAIL.
0257	Ambiguous Make name	NOT GUARANTEED	generic CP/M 2.2 baseline	BDOS-FILE-005	BDOS-FILE-005-P0257	OR-0257	A candidate is not failed for differing from DRI; a contradictory portability guarantee is a framework FAIL.
0258	Immediate data-block reservation	OUTSIDE SCOPE	generic CP/M 2.2 compatibility claim	BDOS-FILE-011	BDOS-FILE-011-P0258	OR-0258	Never a positive baseline gate; an attempted mandatory assertion is a framework-definition FAIL.
0259	Function 21 convention	REQUIRED	generic CP/M 2.2 baseline	BDOS-FILE-005	BDOS-FILE-005-P0259	OR-0259	A FAIL defeats baseline certification; BLOCKED prevents certification.
0260	Write activation precondition	REQUIRED	generic CP/M 2.2 baseline	BDOS-FILE-011	BDOS-FILE-011-P0260	OR-0260	A FAIL defeats baseline certification; BLOCKED prevents certification.
0261	Write source position	REQUIRED	generic CP/M 2.2 baseline	BDOS-FILE-005	BDOS-FILE-005-P0261	OR-0261	A FAIL defeats baseline certification; BLOCKED prevents certification.
0262	Successful write result	REQUIRED	generic CP/M 2.2 baseline	BDOS-FILE-011	BDOS-FILE-011-P0262	OR-0262	A FAIL defeats baseline certification; BLOCKED prevents certification.
0263	Write transfer size	REQUIRED	generic CP/M 2.2 baseline	BDOS-FILE-005	BDOS-FILE-005-P0263	OR-0263	A FAIL defeats baseline certification; BLOCKED prevents certification.
0264	Current DMA source	REQUIRED	generic CP/M 2.2 baseline	BDOS-FILE-011	BDOS-FILE-011-P0264	OR-0264	A FAIL defeats baseline certification; BLOCKED prevents certification.
0265	Partial-record length	NOT GUARANTEED	generic CP/M 2.2 baseline	BDOS-FILE-005	BDOS-FILE-005-P0265	OR-0265	A candidate is not failed for differing from DRI; a contradictory portability guarantee is a framework FAIL.
0266	CR advance after write	REQUIRED	generic CP/M 2.2 baseline	BDOS-FILE-011	BDOS-FILE-011-P0266	OR-0266	A FAIL defeats baseline certification; BLOCKED prevents certification.
0267	RC extension	REQUIRED	generic CP/M 2.2 baseline	BDOS-FILE-005	BDOS-FILE-005-P0267	OR-0267	A FAIL defeats baseline certification; BLOCKED prevents certification.
0268	Existing-record overwrite	REQUIRED	generic CP/M 2.2 baseline	BDOS-FILE-011	BDOS-FILE-011-P0268	OR-0268	A FAIL defeats baseline certification; BLOCKED prevents certification.
0269	On-demand allocation	REQUIRED	generic CP/M 2.2 baseline	BDOS-FILE-005	BDOS-FILE-005-P0269	OR-0269	A FAIL defeats baseline certification; BLOCKED prevents certification.
0270	Exact allocation choice	NOT GUARANTEED	generic CP/M 2.2 baseline	BDOS-FILE-011	BDOS-FILE-011-P0270	OR-0270	A candidate is not failed for differing from DRI; a contradictory portability guarantee is a framework FAIL.
0271	Automatic write extent transition	REQUIRED	generic CP/M 2.2 baseline	BDOS-FILE-002	BDOS-FILE-002-P0271	OR-0271	A FAIL defeats baseline certification; BLOCKED prevents certification.
0272	Successful transition state	REQUIRED	generic CP/M 2.2 baseline	BDOS-FILE-005	BDOS-FILE-005-P0272	OR-0272	A FAIL defeats baseline certification; BLOCKED prevents certification.
0273	Full last record remains successful	REQUIRED	generic CP/M 2.2 baseline	BDOS-FILE-011	BDOS-FILE-011-P0273	OR-0273	A FAIL defeats baseline certification; BLOCKED prevents certification.
0274	Next-extent failure result	REQUIRED	generic CP/M 2.2 baseline	BDOS-FILE-002	BDOS-FILE-002-P0274	OR-0274	A FAIL defeats baseline certification; BLOCKED prevents certification.
0275	Allocation-full failure	REQUIRED	generic CP/M 2.2 baseline	BDOS-FILE-005	BDOS-FILE-005-P0275	OR-0275	A FAIL defeats baseline certification; BLOCKED prevents certification.
0276	Exact write failure codes	REQUIRED	generic CP/M 2.2 baseline	BDOS-FILE-011	BDOS-FILE-011-P0276	OR-0276	A FAIL defeats baseline certification; BLOCKED prevents certification.
0277	Unactivated write behavior	NOT GUARANTEED	generic CP/M 2.2 baseline	BDOS-FILE-002	BDOS-FILE-002-P0277	OR-0277	A candidate is not failed for differing from DRI; a contradictory portability guarantee is a framework FAIL.
0278	Explicit-drive Make/Write	REQUIRED	generic CP/M 2.2 baseline	BDOS-FILE-005	BDOS-FILE-005-P0278	OR-0278	A FAIL defeats baseline certification; BLOCKED prevents certification.
0279	Close commits final written metadata	REQUIRED	generic CP/M 2.2 baseline	BDOS-FILE-011	BDOS-FILE-011-P0279	OR-0279	A FAIL defeats baseline certification; BLOCKED prevents certification.
0280	Unclosed final extent	NOT GUARANTEED	generic CP/M 2.2 baseline	BDOS-FILE-002	BDOS-FILE-002-P0280	OR-0280	A candidate is not failed for differing from DRI; a contradictory portability guarantee is a framework FAIL.
0281	Pre-Close directory metadata	NOT GUARANTEED	generic CP/M 2.2 baseline	BDOS-FILE-005	BDOS-FILE-005-P0281	OR-0281	A candidate is not failed for differing from DRI; a contradictory portability guarantee is a framework FAIL.
0282	Exact close-time update sequence	OUTSIDE SCOPE	generic CP/M 2.2 compatibility claim	BDOS-FILE-011	BDOS-FILE-011-P0282	OR-0282	Never a positive baseline gate; an attempted mandatory assertion is a framework-definition FAIL.
0283	Physical write-error presentation	PROFILE REQUIRED	the Interactive CP/M disk-error profile	BDOS-FILE-002	BDOS-FILE-002-P0283	OR-0283	A FAIL defeats that profile claim; NOT APPLICABLE is permitted only when the profile is not claimed.
0284	DRI private write machinery	OUTSIDE SCOPE	generic CP/M 2.2 compatibility claim	BDOS-FILE-006	BDOS-FILE-006-P0284	OR-0284	Never a positive baseline gate; an attempted mandatory assertion is a framework-definition FAIL.
0285	Function 19 convention	REQUIRED	generic CP/M 2.2 baseline	BDOS-FILE-007	BDOS-FILE-007-P0285	OR-0285	A FAIL defeats baseline certification; BLOCKED prevents certification.
0286	Delete identity	REQUIRED	generic CP/M 2.2 baseline	BDOS-FILE-008	BDOS-FILE-008-P0286	OR-0286	A FAIL defeats baseline certification; BLOCKED prevents certification.
0287	Delete wildcards	REQUIRED	generic CP/M 2.2 baseline	BDOS-FILE-009	BDOS-FILE-009-P0287	OR-0287	A FAIL defeats baseline certification; BLOCKED prevents certification.
0288	Delete all matches	REQUIRED	generic CP/M 2.2 baseline	BDOS-FILE-006	BDOS-FILE-006-P0288	OR-0288	A FAIL defeats baseline certification; BLOCKED prevents certification.
0289	Delete success result	REQUIRED	generic CP/M 2.2 baseline	BDOS-FILE-007	BDOS-FILE-007-P0289	OR-0289	A FAIL defeats baseline certification; BLOCKED prevents certification.
0290	Delete no-match result	REQUIRED	generic CP/M 2.2 baseline	BDOS-FILE-008	BDOS-FILE-008-P0290	OR-0290	A FAIL defeats baseline certification; BLOCKED prevents certification.
0291	Immediate search disappearance	REQUIRED	generic CP/M 2.2 baseline	BDOS-FILE-009	BDOS-FILE-009-P0291	OR-0291	A FAIL defeats baseline certification; BLOCKED prevents certification.
0292	Allocation release	REQUIRED	generic CP/M 2.2 baseline	BDOS-FILE-006	BDOS-FILE-006-P0292	OR-0292	A FAIL defeats baseline certification; BLOCKED prevents certification.
0293	Exact freed-block reuse	NOT GUARANTEED	generic CP/M 2.2 baseline	BDOS-FILE-007	BDOS-FILE-007-P0293	OR-0293	A candidate is not failed for differing from DRI; a contradictory portability guarantee is a framework FAIL.
0294	Explicit-drive Delete	REQUIRED	generic CP/M 2.2 baseline	BDOS-FILE-008	BDOS-FILE-008-P0294	OR-0294	A FAIL defeats baseline certification; BLOCKED prevents certification.
0295	Delete user isolation	REQUIRED	generic CP/M 2.2 baseline	BDOS-FILE-009	BDOS-FILE-009-P0295	OR-0295	A FAIL defeats baseline certification; BLOCKED prevents certification.
0296	Open FCB after Delete	NOT GUARANTEED	generic CP/M 2.2 baseline	BDOS-FILE-006	BDOS-FILE-006-P0296	OR-0296	A candidate is not failed for differing from DRI; a contradictory portability guarantee is a framework FAIL.
0297	DRI E5 deletion mechanism	OUTSIDE SCOPE	generic CP/M 2.2 compatibility claim	BDOS-FILE-007	BDOS-FILE-007-P0297	OR-0297	Never a positive baseline gate; an attempted mandatory assertion is a framework-definition FAIL.
0298	Function 23 convention	REQUIRED	generic CP/M 2.2 baseline	BDOS-FILE-008	BDOS-FILE-008-P0298	OR-0298	A FAIL defeats baseline certification; BLOCKED prevents certification.
0299	Rename FCB layout	REQUIRED	generic CP/M 2.2 baseline	BDOS-FILE-009	BDOS-FILE-009-P0299	OR-0299	A FAIL defeats baseline certification; BLOCKED prevents certification.
0300	Same-drive destination	REQUIRED	generic CP/M 2.2 baseline	BDOS-FILE-006	BDOS-FILE-006-P0300	OR-0300	A FAIL defeats baseline certification; BLOCKED prevents certification.
0301	Rename all extents	REQUIRED	generic CP/M 2.2 baseline	BDOS-FILE-007	BDOS-FILE-007-P0301	OR-0301	A FAIL defeats baseline certification; BLOCKED prevents certification.
0302	Rename success result	REQUIRED	generic CP/M 2.2 baseline	BDOS-FILE-008	BDOS-FILE-008-P0302	OR-0302	A FAIL defeats baseline certification; BLOCKED prevents certification.
0303	Rename missing-source result	REQUIRED	generic CP/M 2.2 baseline	BDOS-FILE-009	BDOS-FILE-009-P0303	OR-0303	A FAIL defeats baseline certification; BLOCKED prevents certification.
0304	Rename identity transition	REQUIRED	generic CP/M 2.2 baseline	BDOS-FILE-006	BDOS-FILE-006-P0304	OR-0304	A FAIL defeats baseline certification; BLOCKED prevents certification.
0305	Rename data preservation	REQUIRED	generic CP/M 2.2 baseline	BDOS-FILE-007	BDOS-FILE-007-P0305	OR-0305	A FAIL defeats baseline certification; BLOCKED prevents certification.
0306	Rename user preservation	REQUIRED	generic CP/M 2.2 baseline	BDOS-FILE-008	BDOS-FILE-008-P0306	OR-0306	A FAIL defeats baseline certification; BLOCKED prevents certification.
0307	Explicit-drive Rename	REQUIRED	generic CP/M 2.2 baseline	BDOS-FILE-009	BDOS-FILE-009-P0307	OR-0307	A FAIL defeats baseline certification; BLOCKED prevents certification.
0308	Destination collision	NOT GUARANTEED	generic CP/M 2.2 baseline	BDOS-FILE-006	BDOS-FILE-006-P0308	OR-0308	A candidate is not failed for differing from DRI; a contradictory portability guarantee is a framework FAIL.
0309	Wildcard Rename	OUTSIDE SCOPE	OUTSIDE SCOPE for BetterCP/M CP/M compatibility claims. Generic compatibility and the profiles selected by Investigation 070 do not promise this behavior.	BDOS-FILE-007	BDOS-FILE-007-P0309	OR-0309	Never a positive baseline gate; an attempted mandatory assertion is a framework-definition FAIL.
0310	Open FCB after Rename	NOT GUARANTEED	generic CP/M 2.2 baseline	BDOS-FILE-008	BDOS-FILE-008-P0310	OR-0310	A candidate is not failed for differing from DRI; a contradictory portability guarantee is a framework FAIL.
0311	Physical directory order	NOT GUARANTEED	generic CP/M 2.2 baseline	BDOS-FILE-009	BDOS-FILE-009-P0311	OR-0311	A candidate is not failed for differing from DRI; a contradictory portability guarantee is a framework FAIL.
0312	Timestamp preservation	OUTSIDE SCOPE	generic CP/M 2.2 compatibility claim	BDOS-FILE-006	BDOS-FILE-006-P0312	OR-0312	Never a positive baseline gate; an attempted mandatory assertion is a framework-definition FAIL.
0313	DRI in-place rename algorithm	OUTSIDE SCOPE	generic CP/M 2.2 compatibility claim	BDOS-FILE-007	BDOS-FILE-007-P0313	OR-0313	Never a positive baseline gate; an attempted mandatory assertion is a framework-definition FAIL.
0314	Delete/Rename physical errors	PROFILE REQUIRED	the Interactive CP/M disk-error profile	BDOS-FILE-008	BDOS-FILE-008-P0314	OR-0314	A FAIL defeats that profile claim; NOT APPLICABLE is permitted only when the profile is not claimed.
0315	Invalid drive ambiguity	NOT GUARANTEED	generic CP/M 2.2 baseline	BDOS-FILE-009	BDOS-FILE-009-P0315	OR-0315	A candidate is not failed for differing from DRI; a contradictory portability guarantee is a framework FAIL.
0316	Directory compaction	OUTSIDE SCOPE	generic CP/M 2.2 compatibility claim	BDOS-FILE-006	BDOS-FILE-006-P0316	OR-0316	Never a positive baseline gate; an attempted mandatory assertion is a framework-definition FAIL.
0317	Random field location	REQUIRED	generic CP/M 2.2 baseline	BDOS-FILE-007	BDOS-FILE-007-P0317	OR-0317	A FAIL defeats baseline certification; BLOCKED prevents certification.
0318	Random field byte order	REQUIRED	generic CP/M 2.2 baseline	BDOS-FILE-008	BDOS-FILE-008-P0318	OR-0318	A FAIL defeats baseline certification; BLOCKED prevents certification.
0319	CP/M 2.2 random range	REQUIRED	generic CP/M 2.2 baseline	BDOS-FILE-009	BDOS-FILE-009-P0319	OR-0319	A FAIL defeats baseline certification; BLOCKED prevents certification.
0320	Random/sequential state distinction	REQUIRED	generic CP/M 2.2 baseline	BDOS-FILE-006	BDOS-FILE-006-P0320	OR-0320	A FAIL defeats baseline certification; BLOCKED prevents certification.
0321	Function 36 convention	REQUIRED	generic CP/M 2.2 baseline	BDOS-FILE-007	BDOS-FILE-007-P0321	OR-0321	A FAIL defeats baseline certification; BLOCKED prevents certification.
0322	Function 36 direction	REQUIRED	generic CP/M 2.2 baseline	BDOS-FILE-008	BDOS-FILE-008-P0322	OR-0322	A FAIL defeats baseline certification; BLOCKED prevents certification.
0323	Function 36 boundary equivalence	REQUIRED	generic CP/M 2.2 baseline	BDOS-FILE-009	BDOS-FILE-009-P0323	OR-0323	A FAIL defeats baseline certification; BLOCKED prevents certification.
0324	Function 36 no I/O	REQUIRED	generic CP/M 2.2 baseline	BDOS-FILE-006	BDOS-FILE-006-P0324	OR-0324	A FAIL defeats baseline certification; BLOCKED prevents certification.
0325	Function 36 A value	NOT GUARANTEED	generic CP/M 2.2 baseline	BDOS-FILE-007	BDOS-FILE-007-P0325	OR-0325	A candidate is not failed for differing from DRI; a contradictory portability guarantee is a framework FAIL.
0326	Function 33 convention	REQUIRED	generic CP/M 2.2 baseline	BDOS-FILE-008	BDOS-FILE-008-P0326	OR-0326	A FAIL defeats baseline certification; BLOCKED prevents certification.
0327	Random read destination	REQUIRED	generic CP/M 2.2 baseline	BDOS-FILE-009	BDOS-FILE-009-P0327	OR-0327	A FAIL defeats baseline certification; BLOCKED prevents certification.
0328	Random read success	REQUIRED	generic CP/M 2.2 baseline	BDOS-FILE-006	BDOS-FILE-006-P0328	OR-0328	A FAIL defeats baseline certification; BLOCKED prevents certification.
0329	Random read position	REQUIRED	generic CP/M 2.2 baseline	BDOS-FILE-007	BDOS-FILE-007-P0329	OR-0329	A FAIL defeats baseline certification; BLOCKED prevents certification.
0330	Random read no advance	REQUIRED	generic CP/M 2.2 baseline	BDOS-FILE-008	BDOS-FILE-008-P0330	OR-0330	A FAIL defeats baseline certification; BLOCKED prevents certification.
0331	Random read unwritten data	REQUIRED	generic CP/M 2.2 baseline	BDOS-FILE-009	BDOS-FILE-009-P0331	OR-0331	A FAIL defeats baseline certification; BLOCKED prevents certification.
0332	Random read missing extent	REQUIRED	generic CP/M 2.2 baseline	BDOS-FILE-006	BDOS-FILE-006-P0332	OR-0332	A FAIL defeats baseline certification; BLOCKED prevents certification.
0333	Random overflow	REQUIRED	generic CP/M 2.2 baseline	BDOS-FILE-007	BDOS-FILE-007-P0333	OR-0333	A FAIL defeats baseline certification; BLOCKED prevents certification.
0334	DMA after failed random read	NOT GUARANTEED	generic CP/M 2.2 baseline	BDOS-FILE-008	BDOS-FILE-008-P0334	OR-0334	A candidate is not failed for differing from DRI; a contradictory portability guarantee is a framework FAIL.
0335	Function 34 convention	REQUIRED	generic CP/M 2.2 baseline	BDOS-FILE-009	BDOS-FILE-009-P0335	OR-0335	A FAIL defeats baseline certification; BLOCKED prevents certification.
0336	Random write transfer	REQUIRED	generic CP/M 2.2 baseline	BDOS-FILE-006	BDOS-FILE-006-P0336	OR-0336	A FAIL defeats baseline certification; BLOCKED prevents certification.
0337	Random write success	REQUIRED	generic CP/M 2.2 baseline	BDOS-FILE-007	BDOS-FILE-007-P0337	OR-0337	A FAIL defeats baseline certification; BLOCKED prevents certification.
0338	Random write allocation	REQUIRED	generic CP/M 2.2 baseline	BDOS-FILE-008	BDOS-FILE-008-P0338	OR-0338	A FAIL defeats baseline certification; BLOCKED prevents certification.
0339	Random write holes	REQUIRED	generic CP/M 2.2 baseline	BDOS-FILE-009	BDOS-FILE-009-P0339	OR-0339	A FAIL defeats baseline certification; BLOCKED prevents certification.
0340	Random write virtual length	REQUIRED	generic CP/M 2.2 baseline	BDOS-FILE-006	BDOS-FILE-006-P0340	OR-0340	A FAIL defeats baseline certification; BLOCKED prevents certification.
0341	Random write working fields	REQUIRED	generic CP/M 2.2 baseline	BDOS-FILE-007	BDOS-FILE-007-P0341	OR-0341	A FAIL defeats baseline certification; BLOCKED prevents certification.
0342	Random write no advance	REQUIRED	generic CP/M 2.2 baseline	BDOS-FILE-008	BDOS-FILE-008-P0342	OR-0342	A FAIL defeats baseline certification; BLOCKED prevents certification.
0343	No automatic random extent switch	REQUIRED	generic CP/M 2.2 baseline	BDOS-FILE-009	BDOS-FILE-009-P0343	OR-0343	A FAIL defeats baseline certification; BLOCKED prevents certification.
0344	Random write Close	REQUIRED	generic CP/M 2.2 baseline	BDOS-FILE-006	BDOS-FILE-006-P0344	OR-0344	A FAIL defeats baseline certification; BLOCKED prevents certification.
0345	Random write extent failure	REQUIRED	generic CP/M 2.2 baseline	BDOS-FILE-007	BDOS-FILE-007-P0345	OR-0345	A FAIL defeats baseline certification; BLOCKED prevents certification.
0346	Allocation-full exact code	REQUIRED	generic CP/M 2.2 baseline	BDOS-FILE-008	BDOS-FILE-008-P0346	OR-0346	A FAIL defeats baseline certification; BLOCKED prevents certification.
0347	Function 35 convention	REQUIRED	generic CP/M 2.2 baseline	BDOS-FILE-009	BDOS-FILE-009-P0347	OR-0347	A FAIL defeats baseline certification; BLOCKED prevents certification.
0348	Function 35 result location	REQUIRED	generic CP/M 2.2 baseline	BDOS-FILE-006	BDOS-FILE-006-P0348	OR-0348	A FAIL defeats baseline certification; BLOCKED prevents certification.
0349	Function 35 unit	REQUIRED	generic CP/M 2.2 baseline	BDOS-FILE-007	BDOS-FILE-007-P0349	OR-0349	A FAIL defeats baseline certification; BLOCKED prevents certification.
0350	Function 35 maximum	REQUIRED	generic CP/M 2.2 baseline	BDOS-FILE-008	BDOS-FILE-008-P0350	OR-0350	A FAIL defeats baseline certification; BLOCKED prevents certification.
0351	Sparse virtual size	REQUIRED	generic CP/M 2.2 baseline	BDOS-FILE-009	BDOS-FILE-009-P0351	OR-0351	A FAIL defeats baseline certification; BLOCKED prevents certification.
0352	Function 35 A value	NOT GUARANTEED	generic CP/M 2.2 baseline	BDOS-FILE-006	BDOS-FILE-006-P0352	OR-0352	A candidate is not failed for differing from DRI; a contradictory portability guarantee is a framework FAIL.
0353	DRI random seek machinery	OUTSIDE SCOPE	generic CP/M 2.2 compatibility claim	BDOS-FILE-007	BDOS-FILE-007-P0353	OR-0353	Never a positive baseline gate; an attempted mandatory assertion is a framework-definition FAIL.
0354	Physical random-I/O errors	PROFILE REQUIRED	the Interactive CP/M disk-error profile	BDOS-FILE-008	BDOS-FILE-008-P0354	OR-0354	A FAIL defeats that profile claim; NOT APPLICABLE is permitted only when the profile is not claimed.
0355	Physical allocation equals virtual size	OUTSIDE SCOPE	generic CP/M 2.2 compatibility claim	BDOS-FILE-009	BDOS-FILE-009-P0355	OR-0355	Never a positive baseline gate; an attempted mandatory assertion is a framework-definition FAIL.
0356	Read-only attribute location	REQUIRED	generic CP/M 2.2 baseline	BDOS-FILE-006	BDOS-FILE-006-P0356	OR-0356	A FAIL defeats baseline certification; BLOCKED prevents certification.
0357	System attribute location	REQUIRED	generic CP/M 2.2 baseline	BDOS-FILE-007	BDOS-FILE-007-P0357	OR-0357	A FAIL defeats baseline certification; BLOCKED prevents certification.
0358	Attribute/type coexistence	REQUIRED	generic CP/M 2.2 baseline	BDOS-FILE-008	BDOS-FILE-008-P0358	OR-0358	A FAIL defeats baseline certification; BLOCKED prevents certification.
0359	Reserved t3’	NOT GUARANTEED	generic CP/M 2.2 baseline	BDOS-FILE-009	BDOS-FILE-009-P0359	OR-0359	A candidate is not failed for differing from DRI; a contradictory portability guarantee is a framework FAIL.
0360	Function 30 convention	REQUIRED	generic CP/M 2.2 baseline	BDOS-FILE-006	BDOS-FILE-006-P0360	OR-0360	A FAIL defeats baseline certification; BLOCKED prevents certification.
0361	Function 30 set/clear	REQUIRED	generic CP/M 2.2 baseline	BDOS-FILE-007	BDOS-FILE-007-P0361	OR-0361	A FAIL defeats baseline certification; BLOCKED prevents certification.
0362	Function 30 all extents	REQUIRED	generic CP/M 2.2 baseline	BDOS-FILE-008	BDOS-FILE-008-P0362	OR-0362	A FAIL defeats baseline certification; BLOCKED prevents certification.
0363	Function 30 success result	REQUIRED	generic CP/M 2.2 baseline	BDOS-FILE-009	BDOS-FILE-009-P0363	OR-0363	A FAIL defeats baseline certification; BLOCKED prevents certification.
0364	Function 30 no-match result	REQUIRED	generic CP/M 2.2 baseline	BDOS-FILE-006	BDOS-FILE-006-P0364	OR-0364	A FAIL defeats baseline certification; BLOCKED prevents certification.
0365	Function 30 exact success slot	NOT GUARANTEED	generic CP/M 2.2 baseline	BDOS-FILE-007	BDOS-FILE-007-P0365	OR-0365	A candidate is not failed for differing from DRI; a contradictory portability guarantee is a framework FAIL.
0366	Open preserves indicators	REQUIRED	generic CP/M 2.2 baseline	BDOS-FILE-008	BDOS-FILE-008-P0366	OR-0366	A FAIL defeats baseline certification; BLOCKED prevents certification.
0367	Make accepts indicators	REQUIRED	generic CP/M 2.2 baseline	BDOS-FILE-009	BDOS-FILE-009-P0367	OR-0367	A FAIL defeats baseline certification; BLOCKED prevents certification.
0368	File read-only sequential protection	REQUIRED	generic CP/M 2.2 baseline	BDOS-FILE-006	BDOS-FILE-006-P0368	OR-0368	A FAIL defeats baseline certification; BLOCKED prevents certification.
0369	File read-only random protection	REQUIRED	generic CP/M 2.2 baseline	BDOS-FILE-007	BDOS-FILE-007-P0369	OR-0369	A FAIL defeats baseline certification; BLOCKED prevents certification.
0370	File read-only delete protection	REQUIRED	generic CP/M 2.2 baseline	BDOS-FILE-008	BDOS-FILE-008-P0370	OR-0370	A FAIL defeats baseline certification; BLOCKED prevents certification.
0371	File read-only rename protection	REQUIRED	generic CP/M 2.2 baseline	BDOS-FILE-009	BDOS-FILE-009-P0371	OR-0371	A FAIL defeats baseline certification; BLOCKED prevents certification.
0372	Protected-operation normal result	NOT GUARANTEED	generic CP/M 2.2 baseline	BDOS-FILE-006	BDOS-FILE-006-P0372	OR-0372	A candidate is not failed for differing from DRI; a contradictory portability guarantee is a framework FAIL.
0373	Function 28 convention	REQUIRED	generic CP/M 2.2 baseline	BDOS-FILE-007	BDOS-FILE-007-P0373	OR-0373	A FAIL defeats baseline certification; BLOCKED prevents certification.
0374	Function 28 transience	REQUIRED	generic CP/M 2.2 baseline	BDOS-FILE-008	BDOS-FILE-008-P0374	OR-0374	A FAIL defeats baseline certification; BLOCKED prevents certification.
0375	Function 29 convention	REQUIRED	generic CP/M 2.2 baseline	BDOS-FILE-009	BDOS-FILE-009-P0375	OR-0375	A FAIL defeats baseline certification; BLOCKED prevents certification.
0376	Read-only vector mapping	REQUIRED	generic CP/M 2.2 baseline	BDOS-FILE-006	BDOS-FILE-006-P0376	OR-0376	A FAIL defeats baseline certification; BLOCKED prevents certification.
0377	Function 28 vector effect	REQUIRED	generic CP/M 2.2 baseline	BDOS-FILE-007	BDOS-FILE-007-P0377	OR-0377	A FAIL defeats baseline certification; BLOCKED prevents certification.
0378	Reset clears software protection	REQUIRED	generic CP/M 2.2 baseline	BDOS-FILE-008	BDOS-FILE-008-P0378	OR-0378	A FAIL defeats baseline certification; BLOCKED prevents certification.
0379	Protected-disk Make	REQUIRED	generic CP/M 2.2 baseline	BDOS-FILE-009	BDOS-FILE-009-P0379	OR-0379	A FAIL defeats baseline certification; BLOCKED prevents certification.
0380	Protected-disk sequential write	REQUIRED	generic CP/M 2.2 baseline	BDOS-FILE-006	BDOS-FILE-006-P0380	OR-0380	A FAIL defeats baseline certification; BLOCKED prevents certification.
0381	Protected-disk random write	REQUIRED	generic CP/M 2.2 baseline	BDOS-FILE-007	BDOS-FILE-007-P0381	OR-0381	A FAIL defeats baseline certification; BLOCKED prevents certification.
0382	Protected-disk delete	REQUIRED	generic CP/M 2.2 baseline	BDOS-FILE-008	BDOS-FILE-008-P0382	OR-0382	A FAIL defeats baseline certification; BLOCKED prevents certification.
0383	Protected-disk rename	REQUIRED	generic CP/M 2.2 baseline	BDOS-FILE-009	BDOS-FILE-009-P0383	OR-0383	A FAIL defeats baseline certification; BLOCKED prevents certification.
0384	Protection before mutation	REQUIRED	generic CP/M 2.2 baseline	BDOS-FILE-006	BDOS-FILE-006-P0384	OR-0384	A FAIL defeats baseline certification; BLOCKED prevents certification.
0385	Fatal presentation	PROFILE REQUIRED	the Interactive DRI protection-error profile	BDOS-FILE-007	BDOS-FILE-007-P0385	OR-0385	A FAIL defeats that profile claim; NOT APPLICABLE is permitted only when the profile is not claimed.
0386	Fatal handler internals	OUTSIDE SCOPE	generic CP/M 2.2 compatibility claim	BDOS-FILE-008	BDOS-FILE-008-P0386	OR-0386	Never a positive baseline gate; an attempted mandatory assertion is a framework-definition FAIL.
0387	Exact diagnostic text	PROFILE REQUIRED	the DRI diagnostic-presentation profile	BDOS-FILE-009	BDOS-FILE-009-P0387	OR-0387	A FAIL defeats that profile claim; NOT APPLICABLE is permitted only when the profile is not claimed.
0388	Late attribute change versus dirty FCB	NOT GUARANTEED	generic CP/M 2.2 baseline	BDOS-FILE-006	BDOS-FILE-006-P0388	OR-0388	A candidate is not failed for differing from DRI; a contradictory portability guarantee is a framework FAIL.
0389	Automatic media-change protection	PROFILE REQUIRED	the Removable-media/hardware profile	ERROR-002	ERROR-002-P0389	OR-0389	A FAIL defeats that profile claim; NOT APPLICABLE is permitted only when the profile is not claimed.
0390	CBIOS physical read result	REQUIRED	generic CP/M 2.2 baseline	ERROR-003	ERROR-003-P0390	OR-0390	A FAIL defeats baseline certification; BLOCKED prevents certification.
0391	CBIOS physical write result	REQUIRED	generic CP/M 2.2 baseline	ERROR-004	ERROR-004-P0391	OR-0391	A FAIL defeats baseline certification; BLOCKED prevents certification.
0392	BIOS retry responsibility	REQUIRED	generic CP/M 2.2 baseline	ERROR-002	ERROR-002-P0392	OR-0392	A FAIL defeats baseline certification; BLOCKED prevents certification.
0393	Physical/logical error separation	REQUIRED	generic CP/M 2.2 baseline	ERROR-003	ERROR-003-P0393	OR-0393	A FAIL defeats baseline certification; BLOCKED prevents certification.
0394	Bad Sector presentation	REQUIRED	generic CP/M 2.2 baseline	ERROR-004	ERROR-004-P0394	OR-0394	A FAIL defeats baseline certification; BLOCKED prevents certification.
0395	Physical-error ignore choice	REQUIRED	generic CP/M 2.2 baseline	ERROR-002	ERROR-002-P0395	OR-0395	A FAIL defeats baseline certification; BLOCKED prevents certification.
0396	Physical-error abort choice	REQUIRED	generic CP/M 2.2 baseline	ERROR-003	ERROR-003-P0396	OR-0396	A FAIL defeats baseline certification; BLOCKED prevents certification.
0397	Abort restart details	REQUIRED	generic CP/M 2.2 baseline	ERROR-004	ERROR-004-P0397	OR-0397	A FAIL defeats baseline certification; BLOCKED prevents certification.
0398	Result after ignored physical error	NOT GUARANTEED	generic CP/M 2.2 baseline	ERROR-002	ERROR-002-P0398	OR-0398	A candidate is not failed for differing from DRI; a contradictory portability guarantee is a framework FAIL.
0399	DMA after ignored physical read	NOT GUARANTEED	generic CP/M 2.2 baseline	ERROR-003	ERROR-003-P0399	OR-0399	A candidate is not failed for differing from DRI; a contradictory portability guarantee is a framework FAIL.
0400	Persistence after ignored physical write	NOT GUARANTEED	generic CP/M 2.2 baseline	ERROR-004	ERROR-004-P0400	OR-0400	A candidate is not failed for differing from DRI; a contradictory portability guarantee is a framework FAIL.
0401	Make persistence after physical error	NOT GUARANTEED	generic CP/M 2.2 baseline	ERROR-002	ERROR-002-P0401	OR-0401	A candidate is not failed for differing from DRI; a contradictory portability guarantee is a framework FAIL.
0402	Close persistence after physical error	NOT GUARANTEED	generic CP/M 2.2 baseline	ERROR-003	ERROR-003-P0402	OR-0402	A candidate is not failed for differing from DRI; a contradictory portability guarantee is a framework FAIL.
0403	Physical-write atomicity	NOT GUARANTEED	generic CP/M 2.2 baseline	ERROR-004	ERROR-004-P0403	OR-0403	A candidate is not failed for differing from DRI; a contradictory portability guarantee is a framework FAIL.
0404	Sequential read logical result	REQUIRED	generic CP/M 2.2 baseline	ERROR-002	ERROR-002-P0404	OR-0404	A FAIL defeats baseline certification; BLOCKED prevents certification.
0405	Sequential write logical result	REQUIRED	generic CP/M 2.2 baseline	ERROR-003	ERROR-003-P0405	OR-0405	A FAIL defeats baseline certification; BLOCKED prevents certification.
0406	Random read logical codes	REQUIRED	generic CP/M 2.2 baseline	ERROR-004	ERROR-004-P0406	OR-0406	A FAIL defeats baseline certification; BLOCKED prevents certification.
0407	Random write logical codes	REQUIRED	generic CP/M 2.2 baseline	ERROR-002	ERROR-002-P0407	OR-0407	A FAIL defeats baseline certification; BLOCKED prevents certification.
0408	Make/Delete/Rename/Close logical codes	REQUIRED	generic CP/M 2.2 baseline	ERROR-003	ERROR-003-P0408	OR-0408	A FAIL defeats baseline certification; BLOCKED prevents certification.
0409	DRI permanent-error internals	OUTSIDE SCOPE	generic CP/M 2.2 compatibility claim	ERROR-004	ERROR-004-P0409	OR-0409	Never a positive baseline gate; an attempted mandatory assertion is a framework-definition FAIL.
0410	z80pack status values	OUTSIDE SCOPE	generic CP/M 2.2 compatibility claim	ERROR-002	ERROR-002-P0410	OR-0410	Never a positive baseline gate; an attempted mandatory assertion is a framework-definition FAIL.
0411	Exact Bad Sector text	PROFILE REQUIRED	the DRI diagnostic-presentation profile	ERROR-003	ERROR-003-P0411	OR-0411	A FAIL defeats that profile claim; NOT APPLICABLE is permitted only when the profile is not claimed.
0412	Accepted ignore characters	NOT GUARANTEED	generic CP/M 2.2 baseline	ERROR-004	ERROR-004-P0412	OR-0412	A candidate is not failed for differing from DRI; a contradictory portability guarantee is a framework FAIL.
0413	Structured physical-error extension	OPTIONAL	the Headless/structured-error extension. Generic BetterCP/M CP/M 2.2 compatibility does not require this feature	BDOS-STATE-001	BDOS-STATE-001-P0413	OR-0413	Does not affect baseline certification; a FAIL defeats only the optional claim.
0414	Function 12 CP/M version result	REQUIRED	generic CP/M 2.2 baseline	BDOS-STATE-001	BDOS-STATE-001-P0414	OR-0414	A FAIL defeats baseline certification; BLOCKED prevents certification.
0415	Function 32 user-number query	REQUIRED	generic CP/M 2.2 baseline	BDOS-STATE-001	BDOS-STATE-001-P0415	OR-0415	A FAIL defeats baseline certification; BLOCKED prevents certification.
0416	Function 32 user-number selection	REQUIRED	generic CP/M 2.2 baseline	BDOS-STATE-001	BDOS-STATE-001-P0416	OR-0416	A FAIL defeats baseline certification; BLOCKED prevents certification.
0417	Function 32 set-form result	NOT GUARANTEED	generic CP/M 2.2 baseline	BDOS-STATE-001	BDOS-STATE-001-P0417	OR-0417	A candidate is not failed for differing from DRI; a contradictory portability guarantee is a framework FAIL.
0418	Console functions do not use or overwrite DMA	REQUIRED	generic CP/M 2.2 baseline	BDOS-STATE-001	BDOS-STATE-001-P0418	OR-0418	A FAIL defeats baseline certification; BLOCKED prevents certification.
0419	Console and identity calls preserve DMA selection	REQUIRED	generic CP/M 2.2 baseline	BDOS-STATE-001	BDOS-STATE-001-P0419	OR-0419	A FAIL defeats baseline certification; BLOCKED prevents certification.
0420	Function 10 DE buffer is not DMA	REQUIRED	generic CP/M 2.2 baseline	BDOS-STATE-001	BDOS-STATE-001-P0420	OR-0420	A FAIL defeats baseline certification; BLOCKED prevents certification.
0421	DRI private console polling implementation	OUTSIDE SCOPE	generic CP/M 2.2 compatibility claim	BDOS-CON-005	BDOS-CON-005-P0421	OR-0421	Never a positive baseline gate; an attempted mandatory assertion is a framework-definition FAIL.
0422	Function 6 E=FEh behavior	OUTSIDE SCOPE	generic CP/M 2.2 compatibility claim	BDOS-STATE-001	BDOS-STATE-001-P0422	OR-0422	Never a positive baseline gate; an attempted mandatory assertion is a framework-definition FAIL.
0423	Function 34 is not Compute File Size	OUTSIDE SCOPE	generic CP/M 2.2 compatibility claim	BIOS-006	BIOS-006-P0423	OR-0423	Never a positive baseline gate; an attempted mandatory assertion is a framework-definition FAIL.
0424	Function 27 allocation-vector pointer	REQUIRED	generic CP/M 2.2 baseline	BIOS-006	BIOS-006-P0424	OR-0424	A FAIL defeats baseline certification; BLOCKED prevents certification.
0425	Allocation-vector length and bit mapping	REQUIRED	generic CP/M 2.2 baseline	BIOS-006	BIOS-006-P0425	OR-0425	A FAIL defeats baseline certification; BLOCKED prevents certification.
0426	Reserved directory allocation bits	REQUIRED	generic CP/M 2.2 baseline	BIOS-006	BIOS-006-P0426	OR-0426	A FAIL defeats baseline certification; BLOCKED prevents certification.
0427	Live allocation state	REQUIRED	generic CP/M 2.2 baseline	BIOS-006	BIOS-006-P0427	OR-0427	A FAIL defeats baseline certification; BLOCKED prevents certification.
0428	Allocation-pointer address and lifetime	NOT GUARANTEED	generic CP/M 2.2 baseline	BIOS-006	BIOS-006-P0428	OR-0428	A candidate is not failed for differing from DRI; a contradictory portability guarantee is a framework FAIL.
0429	Application modification of allocation vector	NOT GUARANTEED	generic CP/M 2.2 baseline	BIOS-006	BIOS-006-P0429	OR-0429	A candidate is not failed for differing from DRI; a contradictory portability guarantee is a framework FAIL.
0430	Read-only allocation information	NOT GUARANTEED	generic CP/M 2.2 baseline	BIOS-006	BIOS-006-P0430	OR-0430	A candidate is not failed for differing from DRI; a contradictory portability guarantee is a framework FAIL.
0431	Function 31 DPB pointer and layout	REQUIRED	generic CP/M 2.2 baseline	BIOS-006	BIOS-006-P0431	OR-0431	A FAIL defeats baseline certification; BLOCKED prevents certification.
0432	DPB configuration and sharing	REQUIRED	generic CP/M 2.2 baseline	BIOS-006	BIOS-006-P0432	OR-0432	A FAIL defeats baseline certification; BLOCKED prevents certification.
0433	Documented DPB modification	REQUIRED	generic CP/M 2.2 baseline	BIOS-006	BIOS-006-P0433	OR-0433	A FAIL defeats baseline certification; BLOCKED prevents certification.
0434	DPB address and lifetime	NOT GUARANTEED	generic CP/M 2.2 baseline	BIOS-006	BIOS-006-P0434	OR-0434	A candidate is not failed for differing from DRI; a contradictory portability guarantee is a framework FAIL.
0435	Function 37 compatibility status	OPTIONAL	the Undocumented Function-37 compatibility profile. Generic BetterCP/M CP/M 2.2 compatibility does not require this feature	BIOS-003	BIOS-003-P0435	OR-0435	Does not affect baseline certification; a FAIL defeats only the optional claim.
0436	Function 3 Reader convention	REQUIRED	generic CP/M 2.2 baseline	COMM-002	COMM-002-P0436	OR-0436	A FAIL defeats baseline certification; BLOCKED prevents certification.
0437	Reader completion and optional-device behavior	NOT GUARANTEED	generic CP/M 2.2 baseline	BIOS-003	BIOS-003-P0437	OR-0437	A candidate is not failed for differing from DRI; a contradictory portability guarantee is a framework FAIL.
0438	Reader separation from console	REQUIRED	generic CP/M 2.2 baseline	COMM-002	COMM-002-P0438	OR-0438	A FAIL defeats baseline certification; BLOCKED prevents certification.
0439	Function 4 Punch convention	REQUIRED	generic CP/M 2.2 baseline	BIOS-003	BIOS-003-P0439	OR-0439	A FAIL defeats baseline certification; BLOCKED prevents certification.
0440	Function 5 List convention	REQUIRED	generic CP/M 2.2 baseline	COMM-002	COMM-002-P0440	OR-0440	A FAIL defeats baseline certification; BLOCKED prevents certification.
0441	Character-output result values	NOT GUARANTEED	generic CP/M 2.2 baseline	BIOS-003	BIOS-003-P0441	OR-0441	A candidate is not failed for differing from DRI; a contradictory portability guarantee is a framework FAIL.
0442	Function 7 IOBYTE query	REQUIRED	generic CP/M 2.2 baseline	COMM-002	COMM-002-P0442	OR-0442	A FAIL defeats baseline certification; BLOCKED prevents certification.
0443	Function 8 IOBYTE set	REQUIRED	generic CP/M 2.2 baseline	BIOS-003	BIOS-003-P0443	OR-0443	A FAIL defeats baseline certification; BLOCKED prevents certification.
0444	IOBYTE field encoding	REQUIRED	generic CP/M 2.2 baseline	COMM-002	COMM-002-P0444	OR-0444	A FAIL defeats baseline certification; BLOCKED prevents certification.
0445	IOBYTE routing boundary	REQUIRED	generic CP/M 2.2 baseline	BIOS-003	BIOS-003-P0445	OR-0445	A FAIL defeats baseline certification; BLOCKED prevents certification.
0446	Active IOBYTE routing policy	PROFILE REQUIRED	the IOBYTE logical-device profile	COMM-002	COMM-002-P0446	OR-0446	A FAIL defeats that profile claim; NOT APPLICABLE is permitted only when the profile is not claimed.
0447	IOBYTE set has no initialization contract	NOT GUARANTEED	generic CP/M 2.2 baseline	BIOS-003	BIOS-003-P0447	OR-0447	A candidate is not failed for differing from DRI; a contradictory portability guarantee is a framework FAIL.
0448	Character-device DMA independence	REQUIRED	generic CP/M 2.2 baseline	BIOS-004	BIOS-004-P0448	OR-0448	A FAIL defeats baseline certification; BLOCKED prevents certification.
0449	Stateful BIOS disk setup	REQUIRED	generic CP/M 2.2 baseline	BIOS-004	BIOS-004-P0449	OR-0449	A FAIL defeats baseline certification; BLOCKED prevents certification.
0450	SELDSK result and deferral	REQUIRED	generic CP/M 2.2 baseline	BIOS-004	BIOS-004-P0450	OR-0450	A FAIL defeats baseline certification; BLOCKED prevents certification.
0451	Public DPH layout	REQUIRED	generic CP/M 2.2 baseline	BIOS-004	BIOS-004-P0451	OR-0451	A FAIL defeats baseline certification; BLOCKED prevents certification.
0452	DPH address and private workspace	NOT GUARANTEED	generic CP/M 2.2 baseline	BIOS-004	BIOS-004-P0452	OR-0452	A candidate is not failed for differing from DRI; a contradictory portability guarantee is a framework FAIL.
0453	Track mapping and OFF	REQUIRED	generic CP/M 2.2 baseline	BIOS-004	BIOS-004-P0453	OR-0453	A FAIL defeats baseline certification; BLOCKED prevents certification.
0454	Sector translation chain	REQUIRED	generic CP/M 2.2 baseline	BIOS-004	BIOS-004-P0454	OR-0454	A FAIL defeats baseline certification; BLOCKED prevents certification.
0455	Translation implementation freedom	NOT GUARANTEED	generic CP/M 2.2 baseline	BIOS-004	BIOS-004-P0455	OR-0455	A candidate is not failed for differing from DRI; a contradictory portability guarantee is a framework FAIL.
0456	BIOS DMA state	REQUIRED	generic CP/M 2.2 baseline	BIOS-004	BIOS-004-P0456	OR-0456	A FAIL defeats baseline certification; BLOCKED prevents certification.
0457	BIOS logical-sector transfer	REQUIRED	generic CP/M 2.2 baseline	BIOS-004	BIOS-004-P0457	OR-0457	A FAIL defeats baseline certification; BLOCKED prevents certification.
0458	BIOS WRITE type codes	REQUIRED	generic CP/M 2.2 baseline	BIOS-004	BIOS-004-P0458	OR-0458	A FAIL defeats baseline certification; BLOCKED prevents certification.
0459	Physical storage freedom	OUTSIDE SCOPE	generic CP/M 2.2 compatibility claim	BIOS-004	BIOS-004-P0459	OR-0459	Never a positive baseline gate; an attempted mandatory assertion is a framework-definition FAIL.
0460	BIOS disk-call reentrancy	NOT GUARANTEED	generic CP/M 2.2 baseline	BIOS-001	BIOS-001-P0460	OR-0460	A candidate is not failed for differing from DRI; a contradictory portability guarantee is a framework FAIL.
0461	BIOS jump-vector structure	REQUIRED	generic CP/M 2.2 baseline	BIOS-002	BIOS-002-P0461	OR-0461	A FAIL defeats baseline certification; BLOCKED prevents certification.
0462	BIOS vector address freedom	NOT GUARANTEED	generic CP/M 2.2 baseline	BIOS-005	BIOS-005-P0462	OR-0462	A candidate is not failed for differing from DRI; a contradictory portability guarantee is a framework FAIL.
0463	BIOS-base discovery through WBOOT gateway	REQUIRED	generic CP/M 2.2 baseline	BIOS-001	BIOS-001-P0463	OR-0463	A FAIL defeats baseline certification; BLOCKED prevents certification.
0464	BOOT control contract	REQUIRED	generic CP/M 2.2 baseline	BIOS-002	BIOS-002-P0464	OR-0464	A FAIL defeats baseline certification; BLOCKED prevents certification.
0465	WBOOT control contract	REQUIRED	generic CP/M 2.2 baseline	BIOS-005	BIOS-005-P0465	OR-0465	A FAIL defeats baseline certification; BLOCKED prevents certification.
0466	Warm-start gateway reconstruction	REQUIRED	generic CP/M 2.2 baseline	BIOS-001	BIOS-001-P0466	OR-0466	A FAIL defeats baseline certification; BLOCKED prevents certification.
0467	Boot implementation freedom	OUTSIDE SCOPE	generic CP/M 2.2 compatibility claim	BIOS-002	BIOS-002-P0467	OR-0467	Never a positive baseline gate; an attempted mandatory assertion is a framework-definition FAIL.
0468	BIOS console status contract	REQUIRED	generic CP/M 2.2 baseline	BIOS-005	BIOS-005-P0468	OR-0468	A FAIL defeats baseline certification; BLOCKED prevents certification.
0469	BIOS console input contract	REQUIRED	generic CP/M 2.2 baseline	BIOS-001	BIOS-001-P0469	OR-0469	A FAIL defeats baseline certification; BLOCKED prevents certification.
0470	BIOS character output contracts	REQUIRED	generic CP/M 2.2 baseline	BIOS-002	BIOS-002-P0470	OR-0470	A FAIL defeats baseline certification; BLOCKED prevents certification.
0471	BIOS reader contract	REQUIRED	generic CP/M 2.2 baseline	BIOS-005	BIOS-005-P0471	OR-0471	A FAIL defeats baseline certification; BLOCKED prevents certification.
0472	LISTST result policy	PROFILE REQUIRED	the BIOS/list-device profile	BIOS-001	BIOS-001-P0472	OR-0472	A FAIL defeats that profile claim; NOT APPLICABLE is permitted only when the profile is not claimed.
0473	Direct BIOS call layering	REQUIRED	generic CP/M 2.2 baseline	BIOS-002	BIOS-002-P0473	OR-0473	A FAIL defeats baseline certification; BLOCKED prevents certification.
0474	BIOS residual registers and reentrancy	NOT GUARANTEED	generic CP/M 2.2 baseline	CCP-001	CCP-001-P0474	OR-0474	A candidate is not failed for differing from DRI; a contradictory portability guarantee is a framework FAIL.
0475	CCP semantic prompt	REQUIRED	generic CP/M 2.2 baseline	CCP-002	CCP-002-P0475	OR-0475	A FAIL defeats baseline certification; BLOCKED prevents certification.
0476	CCP prompt presentation freedom	NOT GUARANTEED	generic CP/M 2.2 baseline	CCP-001	CCP-001-P0476	OR-0476	A candidate is not failed for differing from DRI; a contradictory portability guarantee is a framework FAIL.
0477	CCP buffered command acquisition	REQUIRED	generic CP/M 2.2 baseline	CCP-002	CCP-002-P0477	OR-0477	A FAIL defeats baseline certification; BLOCKED prevents certification.
0478	DRI CCP command capacity	PROFILE REQUIRED	the Strict DRI CCP profile	CCP-001	CCP-001-P0478	OR-0478	A FAIL defeats that profile claim; NOT APPLICABLE is permitted only when the profile is not claimed.
0479	CCP empty and SPACE-only commands	REQUIRED	generic CP/M 2.2 baseline	CCP-002	CCP-002-P0479	OR-0479	A FAIL defeats baseline certification; BLOCKED prevents certification.
0480	TAB is not CCP SPACE	REQUIRED	generic CP/M 2.2 baseline	CCP-001	CCP-001-P0480	OR-0480	A FAIL defeats baseline certification; BLOCKED prevents certification.
0481	CCP ASCII case normalization	REQUIRED	generic CP/M 2.2 baseline	CCP-002	CCP-002-P0481	OR-0481	A FAIL defeats baseline certification; BLOCKED prevents certification.
0482	CCP built-in command set	REQUIRED	generic CP/M 2.2 baseline	CCP-001	CCP-001-P0482	OR-0482	A FAIL defeats baseline certification; BLOCKED prevents certification.
0483	Exact built-in-name matching	REQUIRED	generic CP/M 2.2 baseline	CCP-002	CCP-002-P0483	OR-0483	A FAIL defeats baseline certification; BLOCKED prevents certification.
0484	Built-in precedence	REQUIRED	generic CP/M 2.2 baseline	CCP-001	CCP-001-P0484	OR-0484	A FAIL defeats baseline certification; BLOCKED prevents certification.
0485	Drive-only CCP selection	REQUIRED	generic CP/M 2.2 baseline	CCP-002	CCP-002-P0485	OR-0485	A FAIL defeats baseline certification; BLOCKED prevents certification.
0486	Drive-prefixed transient dispatch	REQUIRED	generic CP/M 2.2 baseline	CCP-001	CCP-001-P0486	OR-0486	A FAIL defeats baseline certification; BLOCKED prevents certification.
0487	Primary-name transient command syntax	REQUIRED	generic CP/M 2.2 baseline	CCP-002	CCP-002-P0487	OR-0487	A FAIL defeats baseline certification; BLOCKED prevents certification.
0488	CCP resident/transient preparation boundary	REQUIRED	generic CP/M 2.2 baseline	CCP-001	CCP-001-P0488	OR-0488	A FAIL defeats baseline certification; BLOCKED prevents certification.
0489	Generic command-error recovery	REQUIRED	generic CP/M 2.2 baseline	CCP-002	CCP-002-P0489	OR-0489	A FAIL defeats baseline certification; BLOCKED prevents certification.
0490	Exact DRI command-error presentation	PROFILE REQUIRED	the DRI diagnostic-presentation profile	CCP-001	CCP-001-P0490	OR-0490	A FAIL defeats that profile claim; NOT APPLICABLE is permitted only when the profile is not claimed.
0491	CCP parser implementation freedom	OUTSIDE SCOPE	generic CP/M 2.2 compatibility claim	CCP-005	CCP-005-P0491	OR-0491	Never a positive baseline gate; an attempted mandatory assertion is a framework-definition FAIL.
0492	CCP executable identity	REQUIRED	generic CP/M 2.2 baseline	CCP-005	CCP-005-P0492	OR-0492	A FAIL defeats baseline certification; BLOCKED prevents certification.
0493	Single-drive transient lookup	REQUIRED	generic CP/M 2.2 baseline	CCP-005	CCP-005-P0493	OR-0493	A FAIL defeats baseline certification; BLOCKED prevents certification.
0494	Current-user transient lookup	REQUIRED	generic CP/M 2.2 baseline	CCP-005	CCP-005-P0494	OR-0494	A FAIL defeats baseline certification; BLOCKED prevents certification.
0495	Explicit-drive lookup context	REQUIRED	generic CP/M 2.2 baseline	CCP-006	CCP-006-P0495	OR-0495	A FAIL defeats baseline certification; BLOCKED prevents certification.
0496	CCP sequential COM loading	REQUIRED	generic CP/M 2.2 baseline	CCP-005	CCP-005-P0496	OR-0496	A FAIL defeats baseline certification; BLOCKED prevents certification.
0497	CCP load completion	REQUIRED	generic CP/M 2.2 baseline	CCP-006	CCP-006-P0497	OR-0497	A FAIL defeats baseline certification; BLOCKED prevents certification.
0498	Final COM record granularity	NOT GUARANTEED	generic CP/M 2.2 baseline	CCP-005	CCP-005-P0498	OR-0498	A candidate is not failed for differing from DRI; a contradictory portability guarantee is a framework FAIL.
0499	Resident-system load protection	REQUIRED	generic CP/M 2.2 baseline	CCP-006	CCP-006-P0499	OR-0499	A FAIL defeats baseline certification; BLOCKED prevents certification.
0500	Transient maximum is configuration-dependent	NOT GUARANTEED	generic CP/M 2.2 baseline	CCP-005	CCP-005-P0500	OR-0500	A candidate is not failed for differing from DRI; a contradictory portability guarantee is a framework FAIL.
0501	CCP load-failure nonexecution	REQUIRED	generic CP/M 2.2 baseline	CCP-006	CCP-006-P0501	OR-0501	A FAIL defeats baseline certification; BLOCKED prevents certification.
0502	Pre-execution DMA restoration	REQUIRED	generic CP/M 2.2 baseline	CCP-005	CCP-005-P0502	OR-0502	A FAIL defeats baseline certification; BLOCKED prevents certification.
0503	CCP CALL/RET cleanup path	REQUIRED	generic CP/M 2.2 baseline	CCP-006	CCP-006-P0503	OR-0503	A FAIL defeats baseline certification; BLOCKED prevents certification.
0504	Termination-state convergence	REQUIRED	generic CP/M 2.2 baseline	CCP-005	CCP-005-P0504	OR-0504	A FAIL defeats baseline certification; BLOCKED prevents certification.
0505	CCP loader implementation freedom	OUTSIDE SCOPE	generic CP/M 2.2 compatibility claim	CCP-005	CCP-005-P0505	OR-0505	Never a positive baseline gate; an attempted mandatory assertion is a framework-definition FAIL.
0506	Default FCB operand assignment	PROFILE REQUIRED	the Strict DRI CCP/ecosystem	CCP-006	CCP-006-P0506	OR-0506	A FAIL defeats that profile claim; NOT APPLICABLE is permitted only when the profile is not claimed.
0507	Default FCB residual fields	NOT GUARANTEED	generic CP/M 2.2 baseline	CCP-005	CCP-005-P0507	OR-0507	A candidate is not failed for differing from DRI; a contradictory portability guarantee is a framework FAIL.
0508	Tail capacity is bounded by CCP input acquisition	PROFILE REQUIRED	the Declared CCP profile	CCP-007	CCP-007-P0508	OR-0508	A FAIL defeats that profile claim; NOT APPLICABLE is permitted only when the profile is not claimed.
0509	Transient termination mechanisms	REQUIRED	generic CP/M 2.2 baseline	MEM-005	MEM-005-P0509	OR-0509	A FAIL defeats baseline certification; BLOCKED prevents certification.
0510	RET does not generally reconstruct page zero	NOT GUARANTEED	generic CP/M 2.2 baseline	CCP-007	CCP-007-P0510	OR-0510	A candidate is not failed for differing from DRI; a contradictory portability guarantee is a framework FAIL.
0511	Termination does not implicitly close application FCBs	NOT GUARANTEED	generic CP/M 2.2 baseline	MEM-005	MEM-005-P0511	OR-0511	A candidate is not failed for differing from DRI; a contradictory portability guarantee is a framework FAIL.
0512	Post-termination drive and user policy	PROFILE REQUIRED	the CCP/lifecycle profile	ERROR-001	ERROR-001-P0512	OR-0512	A FAIL defeats that profile claim; NOT APPLICABLE is permitted only when the profile is not claimed.
0513	File-operation failures are function-specific	REQUIRED	generic CP/M 2.2 baseline	APP-004	APP-004-P0513	OR-0513	A FAIL defeats baseline certification; BLOCKED prevents certification.
0514	Failure does not generally validate DMA contents	NOT GUARANTEED	generic CP/M 2.2 baseline	ERROR-001	ERROR-001-P0514	OR-0514	A candidate is not failed for differing from DRI; a contradictory portability guarantee is a framework FAIL.
0515	FCB state after precondition or operation failure	NOT GUARANTEED	generic CP/M 2.2 baseline	APP-004	APP-004-P0515	OR-0515	A candidate is not failed for differing from DRI; a contradictory portability guarantee is a framework FAIL.
0516	Directory-full and allocation-full are distinct	REQUIRED	generic CP/M 2.2 baseline	ERROR-001	ERROR-001-P0516	OR-0516	A FAIL defeats baseline certification; BLOCKED prevents certification.
0517	Malformed FCB behavior is outside the portable contract	NOT GUARANTEED	generic CP/M 2.2 baseline	BDOS-STATE-001	BDOS-STATE-001-P0517	OR-0517	A candidate is not failed for differing from DRI; a contradictory portability guarantee is a framework FAIL.
0518	BDOS system state components	REQUIRED	generic CP/M 2.2 baseline	BDOS-STATE-001	BDOS-STATE-001-P0518	OR-0518	A FAIL defeats baseline certification; BLOCKED prevents certification.
0519	BIOS-owned selected-drive resources	REQUIRED	generic CP/M 2.2 baseline	BDOS-STATE-001	BDOS-STATE-001-P0519	OR-0519	A FAIL defeats baseline certification; BLOCKED prevents certification.
0520	Function 26 persistence boundary	REQUIRED	generic CP/M 2.2 baseline	BDOS-STATE-001	BDOS-STATE-001-P0520	OR-0520	A FAIL defeats baseline certification; BLOCKED prevents certification.
0521	System-state independence	REQUIRED	generic CP/M 2.2 baseline	BDOS-STATE-001	BDOS-STATE-001-P0521	OR-0521	A FAIL defeats baseline certification; BLOCKED prevents certification.
0522	ALV and DPB pointer lifetime	NOT GUARANTEED	generic CP/M 2.2 baseline	BDOS-STATE-001	BDOS-STATE-001-P0522	OR-0522	A candidate is not failed for differing from DRI; a contradictory portability guarantee is a framework FAIL.
0523	Function 37 state-effect profile scope	OPTIONAL	the Undocumented Function-37 compatibility profile. Generic BetterCP/M CP/M 2.2 compatibility does not require this feature	BDOS-STATE-001	BDOS-STATE-001-P0523	OR-0523	Does not affect baseline certification; a FAIL defeats only the optional claim.
0524	CP/M 2.2 Function 39 has no Get-BIOS contract	OUTSIDE SCOPE	generic CP/M 2.2 compatibility claim	BDOS-STATE-001	BDOS-STATE-001-P0524	OR-0524	Never a positive baseline gate; an attempted mandatory assertion is a framework-definition FAIL.
0525	CP/M 2.2 selectors 40 and 41	REQUIRED	generic CP/M 2.2 baseline	BDOS-CALL-001	BDOS-CALL-001-P0525	OR-0525	A FAIL defeats baseline certification; BLOCKED prevents certification.
0526	Common BDOS gateway and invocation	REQUIRED	generic CP/M 2.2 baseline	BDOS-CALL-001	BDOS-CALL-001-P0526	OR-0526	A FAIL defeats baseline certification; BLOCKED prevents certification.
0527	Common selector and parameter carriers	REQUIRED	generic CP/M 2.2 baseline	BDOS-CALL-001	BDOS-CALL-001-P0527	OR-0527	A FAIL defeats baseline certification; BLOCKED prevents certification.
0528	Common result and alias convention	REQUIRED	generic CP/M 2.2 baseline	BDOS-CALL-001	BDOS-CALL-001-P0528	OR-0528	A FAIL defeats baseline certification; BLOCKED prevents certification.
0529	Strict CP/M 2.2 unsupported selectors	REQUIRED	generic CP/M 2.2 baseline	BDOS-CALL-001	BDOS-CALL-001-P0529	OR-0529	A FAIL defeats baseline certification; BLOCKED prevents certification.
0530	General register preservation	NOT GUARANTEED	generic CP/M 2.2 baseline	BDOS-CALL-001	BDOS-CALL-001-P0530	OR-0530	A candidate is not failed for differing from DRI; a contradictory portability guarantee is a framework FAIL.
0531	Returning-call stack balance	REQUIRED	generic CP/M 2.2 baseline	BDOS-CALL-001	BDOS-CALL-001-P0531	OR-0531	A FAIL defeats baseline certification; BLOCKED prevents certification.
0532	Invalid parameters are function-specific	NOT GUARANTEED	generic CP/M 2.2 baseline	BDOS-CALL-001	BDOS-CALL-001-P0532	OR-0532	A candidate is not failed for differing from DRI; a contradictory portability guarantee is a framework FAIL.
0533	BDOS reentrancy	NOT GUARANTEED	generic CP/M 2.2 baseline	MEM-004	MEM-004-P0533	OR-0533	A candidate is not failed for differing from DRI; a contradictory portability guarantee is a framework FAIL.
0534	Complete transient handoff	REQUIRED	generic CP/M 2.2 baseline	CCP-006	CCP-006-P0534	OR-0534	A FAIL defeats baseline certification; BLOCKED prevents certification.
0535	Handoff preparation ordering	OUTSIDE SCOPE	generic CP/M 2.2 compatibility claim	MEM-004	MEM-004-P0535	OR-0535	Never a positive baseline gate; an attempted mandatory assertion is a framework-definition FAIL.
0536	Unloaded transient memory	NOT GUARANTEED	generic CP/M 2.2 baseline	CCP-006	CCP-006-P0536	OR-0536	A candidate is not failed for differing from DRI; a contradictory portability guarantee is a framework FAIL.
0537	Immediate BDOS readiness	REQUIRED	generic CP/M 2.2 baseline	MEM-004	MEM-004-P0537	OR-0537	A FAIL defeats baseline certification; BLOCKED prevents certification.
0538	Loader DMA isolation	REQUIRED	generic CP/M 2.2 baseline	CCP-006	CCP-006-P0538	OR-0538	A FAIL defeats baseline certification; BLOCKED prevents certification.
0539	Transient stack preparation	NOT GUARANTEED	generic CP/M 2.2 baseline	MEM-004	MEM-004-P0539	OR-0539	A candidate is not failed for differing from DRI; a contradictory portability guarantee is a framework FAIL.
0540	Load rejection suppresses execution	REQUIRED	generic CP/M 2.2 baseline	CCP-006	CCP-006-P0540	OR-0540	A FAIL defeats baseline certification; BLOCKED prevents certification.
0541	Post-RET reconstruction boundary	NOT GUARANTEED	generic CP/M 2.2 baseline	BDOS-FILE-003	BDOS-FILE-003-P0541	OR-0541	A candidate is not failed for differing from DRI; a contradictory portability guarantee is a framework FAIL.
0542	Enumeration returns directory entries, not unique filenames	REQUIRED	generic CP/M 2.2 baseline	BDOS-FILE-003	BDOS-FILE-003-P0542	OR-0542	A FAIL defeats baseline certification; BLOCKED prevents certification.
0543	Matching extents remain separately visible	REQUIRED	generic CP/M 2.2 baseline	BDOS-FILE-003	BDOS-FILE-003-P0543	OR-0543	A FAIL defeats baseline certification; BLOCKED prevents certification.
0544	Application-built FCB case is not folded	NOT GUARANTEED	generic CP/M 2.2 baseline	BDOS-FILE-003	BDOS-FILE-003-P0544	OR-0544	A candidate is not failed for differing from DRI; a contradictory portability guarantee is a framework FAIL.
0545	Search FCB lifetime	REQUIRED	generic CP/M 2.2 baseline	BDOS-FILE-003	BDOS-FILE-003-P0545	OR-0545	A FAIL defeats baseline certification; BLOCKED prevents certification.
0546	Harmless state-query calls need not end enumeration	REQUIRED	generic CP/M 2.2 baseline	BDOS-FILE-003	BDOS-FILE-003-P0546	OR-0546	A FAIL defeats baseline certification; BLOCKED prevents certification.
0547	Search context does not survive program lifecycle reset	NOT GUARANTEED	generic CP/M 2.2 baseline	BDOS-FILE-003	BDOS-FILE-003-P0547	OR-0547	A candidate is not failed for differing from DRI; a contradictory portability guarantee is a framework FAIL.
0548	Physical enumeration order is not a sort contract	NOT GUARANTEED	generic CP/M 2.2 baseline	BDOS-FILE-003	BDOS-FILE-003-P0548	OR-0548	A candidate is not failed for differing from DRI; a contradictory portability guarantee is a framework FAIL.
0549	Invalid-drive search need not return a result code	NOT GUARANTEED	generic CP/M 2.2 baseline	BDOS-FILE-003	BDOS-FILE-003-P0549	OR-0549	A candidate is not failed for differing from DRI; a contradictory portability guarantee is a framework FAIL.
0550	Special drive-question search exposes complete directory values	REQUIRED	generic CP/M 2.2 baseline	BDOS-FILE-011	BDOS-FILE-011-P0550	OR-0550	A FAIL defeats baseline certification; BLOCKED prevents certification.
0551	Make-to-open lifecycle equivalence	REQUIRED	generic CP/M 2.2 baseline	BDOS-FILE-011	BDOS-FILE-011-P0551	OR-0551	A FAIL defeats baseline certification; BLOCKED prevents certification.
0552	Working FCB may lead directory metadata	NOT GUARANTEED	generic CP/M 2.2 baseline	BDOS-FILE-011	BDOS-FILE-011-P0552	OR-0552	A candidate is not failed for differing from DRI; a contradictory portability guarantee is a framework FAIL.
0553	Successful Close establishes reopened consistency	REQUIRED	generic CP/M 2.2 baseline	BDOS-FILE-011	BDOS-FILE-011-P0553	OR-0553	A FAIL defeats baseline certification; BLOCKED prevents certification.
0554	Reopen reconstructs behavior, not FCB byte identity	NOT GUARANTEED	generic CP/M 2.2 baseline	BDOS-FILE-011	BDOS-FILE-011-P0554	OR-0554	A candidate is not failed for differing from DRI; a contradictory portability guarantee is a framework FAIL.
0555	Extents form one logical record stream	REQUIRED	generic CP/M 2.2 baseline	BDOS-FILE-011	BDOS-FILE-011-P0555	OR-0555	A FAIL defeats baseline certification; BLOCKED prevents certification.
0556	Completed extent survives later extension failure	REQUIRED	generic CP/M 2.2 baseline	BDOS-FILE-011	BDOS-FILE-011-P0556	OR-0556	A FAIL defeats baseline certification; BLOCKED prevents certification.
0557	Failed growth does not claim a new record	REQUIRED	generic CP/M 2.2 baseline	BDOS-FILE-011	BDOS-FILE-011-P0557	OR-0557	A FAIL defeats baseline certification; BLOCKED prevents certification.
0558	Allocation order is outside lifecycle compatibility	OUTSIDE SCOPE	generic CP/M 2.2 compatibility claim	BDOS-FILE-010	BDOS-FILE-010-P0558	OR-0558	Never a positive baseline gate; an attempted mandatory assertion is a framework-definition FAIL.
0559	User area participates in ordinary file identity	REQUIRED	generic CP/M 2.2 baseline	BDOS-FILE-010	BDOS-FILE-010-P0559	OR-0559	A FAIL defeats baseline certification; BLOCKED prevents certification.
0560	Function 32 user-state contract	REQUIRED	generic CP/M 2.2 baseline	BDOS-FILE-010	BDOS-FILE-010-P0560	OR-0560	A FAIL defeats baseline certification; BLOCKED prevents certification.
0561	FCB does not carry ordinary user identity	REQUIRED	generic CP/M 2.2 baseline	BDOS-FILE-010	BDOS-FILE-010-P0561	OR-0561	A FAIL defeats baseline certification; BLOCKED prevents certification.
0562	Ordinary lookup has no cross-user fallback	REQUIRED	generic CP/M 2.2 baseline	BDOS-FILE-010	BDOS-FILE-010-P0562	OR-0562	A FAIL defeats baseline certification; BLOCKED prevents certification.
0563	Make records current-user ownership	REQUIRED	generic CP/M 2.2 baseline	BDOS-FILE-010	BDOS-FILE-010-P0563	OR-0563	A FAIL defeats baseline certification; BLOCKED prevents certification.
0564	Delete and Rename are current-user scoped	REQUIRED	generic CP/M 2.2 baseline	BDOS-FILE-010	BDOS-FILE-010-P0564	OR-0564	A FAIL defeats baseline certification; BLOCKED prevents certification.
0565	User change invalidates retained namespace assumptions	NOT GUARANTEED	generic CP/M 2.2 baseline	BDOS-FILE-010	BDOS-FILE-010-P0565	OR-0565	A candidate is not failed for differing from DRI; a contradictory portability guarantee is a framework FAIL.
0566	Complete-directory search is not public lookup	REQUIRED	generic CP/M 2.2 baseline	BDOS-FILE-010	BDOS-FILE-010-P0566	OR-0566	A FAIL defeats baseline certification; BLOCKED prevents certification.
0567	CCP USER and BDOS user state are shared	REQUIRED	generic CP/M 2.2 baseline	BDOS-FILE-010	BDOS-FILE-010-P0567	OR-0567	A FAIL defeats baseline certification; BLOCKED prevents certification.
0568	User areas are not a security contract	OUTSIDE SCOPE	generic CP/M 2.2 compatibility claim	CCP-004	CCP-004-P0568	OR-0568	Never a positive baseline gate; an attempted mandatory assertion is a framework-definition FAIL.
0569	Resident command semantic set	REQUIRED	generic CP/M 2.2 baseline	UTIL-001	UTIL-001-P0569	OR-0569	A FAIL defeats baseline certification; BLOCKED prevents certification.
0570	DIR search and visibility	REQUIRED	generic CP/M 2.2 baseline	CCP-004	CCP-004-P0570	OR-0570	A FAIL defeats baseline certification; BLOCKED prevents certification.
0571	DIR ordering and exact layout	NOT GUARANTEED	generic CP/M 2.2 baseline	UTIL-001	UTIL-001-P0571	OR-0571	A candidate is not failed for differing from DRI; a contradictory portability guarantee is a framework FAIL.
0572	ERA wildcard confirmation boundary	REQUIRED	generic CP/M 2.2 baseline	CCP-004	CCP-004-P0572	OR-0572	A FAIL defeats baseline certification; BLOCKED prevents certification.
0573	ERA read-only attribute is not protection	NOT GUARANTEED	generic CP/M 2.2 baseline	UTIL-001	UTIL-001-P0573	OR-0573	A candidate is not failed for differing from DRI; a contradictory portability guarantee is a framework FAIL.
0574	REN resident syntax and validation	REQUIRED	generic CP/M 2.2 baseline	CCP-004	CCP-004-P0574	OR-0574	A FAIL defeats baseline certification; BLOCKED prevents certification.
0575	SAVE page mapping	REQUIRED	generic CP/M 2.2 baseline	UTIL-001	UTIL-001-P0575	OR-0575	A FAIL defeats baseline certification; BLOCKED prevents certification.
0576	SAVE destructive replacement	NOT GUARANTEED	generic CP/M 2.2 baseline	CCP-004	CCP-004-P0576	OR-0576	A candidate is not failed for differing from DRI; a contradictory portability guarantee is a framework FAIL.
0577	TYPE byte-stream contract	REQUIRED	generic CP/M 2.2 baseline	UTIL-001	UTIL-001-P0577	OR-0577	A FAIL defeats baseline certification; BLOCKED prevents certification.
0578	CCP USER accepted range	REQUIRED	generic CP/M 2.2 baseline	CCP-004	CCP-004-P0578	OR-0578	A FAIL defeats baseline certification; BLOCKED prevents certification.
0579	Ordinary resident-command recovery	REQUIRED	generic CP/M 2.2 baseline	UTIL-001	UTIL-001-P0579	OR-0579	A FAIL defeats baseline certification; BLOCKED prevents certification.
0580	Exact resident output presentation	PROFILE REQUIRED	the DRI resident-presentation profile	ERROR-002	ERROR-002-P0580	OR-0580	A FAIL defeats that profile claim; NOT APPLICABLE is permitted only when the profile is not claimed.
0581	Physical failure suspends the BDOS caller	REQUIRED	generic CP/M 2.2 baseline	ERROR-003	ERROR-003-P0581	OR-0581	A FAIL defeats baseline certification; BLOCKED prevents certification.
0582	Logical failures return without physical-error intervention	REQUIRED	generic CP/M 2.2 baseline	ERROR-004	ERROR-004-P0582	OR-0582	A FAIL defeats baseline certification; BLOCKED prevents certification.
0583	Ignored directory-search result is not validation	NOT GUARANTEED	generic CP/M 2.2 baseline	ERROR-002	ERROR-002-P0583	OR-0583	A candidate is not failed for differing from DRI; a contradictory portability guarantee is a framework FAIL.
0584	Ignored directory-update result is not persistence	NOT GUARANTEED	generic CP/M 2.2 baseline	ERROR-003	ERROR-003-P0584	OR-0584	A candidate is not failed for differing from DRI; a contradictory portability guarantee is a framework FAIL.
0585	Post-ignore affected state is not a continuation contract	NOT GUARANTEED	generic CP/M 2.2 baseline	ERROR-004	ERROR-004-P0585	OR-0585	A candidate is not failed for differing from DRI; a contradictory portability guarantee is a framework FAIL.
0586	Physical-error abort abandons the interrupted caller	REQUIRED	generic CP/M 2.2 baseline	ERROR-002	ERROR-002-P0586	OR-0586	A FAIL defeats baseline certification; BLOCKED prevents certification.
0587	Abort recovery establishes a usable command environment	REQUIRED	generic CP/M 2.2 baseline	ERROR-003	ERROR-003-P0587	OR-0587	A FAIL defeats baseline certification; BLOCKED prevents certification.
0588	Exact recovery internals are not part of the contract	OUTSIDE SCOPE	generic CP/M 2.2 compatibility claim	MEM-002	MEM-002-P0588	OR-0588	Never a positive baseline gate; an attempted mandatory assertion is a framework-definition FAIL.
0589	Loader ceiling and overlay TPA are distinct	REQUIRED	generic CP/M 2.2 baseline	MEM-002	MEM-002-P0589	OR-0589	A FAIL defeats baseline certification; BLOCKED prevents certification.
0590	CCP overlay invalidates ordinary RET assumptions	REQUIRED	generic CP/M 2.2 baseline	MEM-002	MEM-002-P0590	OR-0590	A FAIL defeats baseline certification; BLOCKED prevents certification.
0591	System ownership is an application obligation	NOT GUARANTEED	generic CP/M 2.2 baseline	MEM-002	MEM-002-P0591	OR-0591	A candidate is not failed for differing from DRI; a contradictory portability guarantee is a framework FAIL.
0592	Entry-stack storage may occupy overlayable memory	NOT GUARANTEED	generic CP/M 2.2 baseline	MEM-002	MEM-002-P0592	OR-0592	A candidate is not failed for differing from DRI; a contradictory portability guarantee is a framework FAIL.
0593	Cold BOOT public postcondition	REQUIRED	generic CP/M 2.2 baseline	MEM-004	MEM-004-P0593	OR-0593	A FAIL defeats baseline certification; BLOCKED prevents certification.
0594	Cold BOOT does not promise blanket memory clearing	NOT GUARANTEED	generic CP/M 2.2 baseline	MEM-002	MEM-002-P0594	OR-0594	A candidate is not failed for differing from DRI; a contradictory portability guarantee is a framework FAIL.
0595	WBOOT command-environment reconstruction	REQUIRED	generic CP/M 2.2 baseline	MEM-004	MEM-004-P0595	OR-0595	A FAIL defeats baseline certification; BLOCKED prevents certification.
0596	Residual state across WBOOT	NOT GUARANTEED	generic CP/M 2.2 baseline	MEM-002	MEM-002-P0596	OR-0596	A candidate is not failed for differing from DRI; a contradictory portability guarantee is a framework FAIL.
0597	Console-pending state across WBOOT	NOT GUARANTEED	generic CP/M 2.2 baseline	MEM-004	MEM-004-P0597	OR-0597	A candidate is not failed for differing from DRI; a contradictory portability guarantee is a framework FAIL.
0598	BIOS vector is a public runtime ABI	REQUIRED	generic CP/M 2.2 baseline	MEM-002	MEM-002-P0598	OR-0598	A FAIL defeats baseline certification; BLOCKED prevents certification.
0599	DPH structures are compatibility-visible	REQUIRED	generic CP/M 2.2 baseline	MEM-004	MEM-004-P0599	OR-0599	A FAIL defeats baseline certification; BLOCKED prevents certification.
0600	Direct BIOS calls expose raw device behavior	REQUIRED	generic CP/M 2.2 baseline	MEM-002	MEM-002-P0600	OR-0600	A FAIL defeats baseline certification; BLOCKED prevents certification.
0601	BIOS implementation details remain profile-specific	NOT GUARANTEED	generic CP/M 2.2 baseline	MEM-004	MEM-004-P0601	OR-0601	A candidate is not failed for differing from DRI; a contradictory portability guarantee is a framework FAIL.
0602	Function 40 selector and input	REQUIRED	generic CP/M 2.2 baseline	MEM-002	MEM-002-P0602	OR-0602	A FAIL defeats baseline certification; BLOCKED prevents certification.
0603	Function 40 allocation-block zero fill	REQUIRED	generic CP/M 2.2 baseline	MEM-004	MEM-004-P0603	OR-0603	A FAIL defeats baseline certification; BLOCKED prevents certification.
0604	Function 40 is not universal sparse-hole materialization	NOT GUARANTEED	generic CP/M 2.2 baseline	MEM-002	MEM-002-P0604	OR-0604	A candidate is not failed for differing from DRI; a contradictory portability guarantee is a framework FAIL.
0605	Function 40 result family	REQUIRED	generic CP/M 2.2 baseline	MEM-004	MEM-004-P0605	OR-0605	A FAIL defeats baseline certification; BLOCKED prevents certification.
0606	BIOS character services are raw device interfaces	REQUIRED	generic CP/M 2.2 baseline	MEM-002	MEM-002-P0606	OR-0606	A FAIL defeats baseline certification; BLOCKED prevents certification.
0607	Character devices remain distinct runtime paths	REQUIRED	generic CP/M 2.2 baseline	MEM-004	MEM-004-P0607	OR-0607	A FAIL defeats baseline certification; BLOCKED prevents certification.
0608	IOBYTE reassignment is runtime visible	REQUIRED	generic CP/M 2.2 baseline	MEM-002	MEM-002-P0608	OR-0608	A FAIL defeats baseline certification; BLOCKED prevents certification.
0609	IOBYTE access coherence	REQUIRED	generic CP/M 2.2 baseline	MEM-004	MEM-004-P0609	OR-0609	A FAIL defeats baseline certification; BLOCKED prevents certification.
0610	Field-preserving assignment changes	REQUIRED	generic CP/M 2.2 baseline	MEM-005	MEM-005-P0610	OR-0610	A FAIL defeats baseline certification; BLOCKED prevents certification.
0611	IOBYTE assignment does not validate device presence	NOT GUARANTEED	generic CP/M 2.2 baseline	MEM-002	MEM-002-P0611	OR-0611	A candidate is not failed for differing from DRI; a contradictory portability guarantee is a framework FAIL.
0612	STAT device-assignment semantics	REQUIRED	generic CP/M 2.2 baseline	MEM-004	MEM-004-P0612	OR-0612	A FAIL defeats baseline certification; BLOCKED prevents certification.
0613	Parameterized disk-structure coherence	REQUIRED	generic CP/M 2.2 baseline	MEM-005	MEM-005-P0613	OR-0613	A FAIL defeats baseline certification; BLOCKED prevents certification.
0614	DPB-dependent directory allocation-map width	REQUIRED	generic CP/M 2.2 baseline	MEM-002	MEM-002-P0614	OR-0614	A FAIL defeats baseline certification; BLOCKED prevents certification.
0615	Logical directory placement	REQUIRED	generic CP/M 2.2 baseline	MEM-004	MEM-004-P0615	OR-0615	A FAIL defeats baseline certification; BLOCKED prevents certification.
0616	Raw-format universality	NOT GUARANTEED	generic CP/M 2.2 baseline	MEM-005	MEM-005-P0616	OR-0616	A candidate is not failed for differing from DRI; a contradictory portability guarantee is a framework FAIL.
0617	Direct-structure caller responsibility	REQUIRED	generic CP/M 2.2 baseline	MEM-002	MEM-002-P0617	OR-0617	A FAIL defeats baseline certification; BLOCKED prevents certification.
0618	Damaged-directory recovery	NOT GUARANTEED	generic CP/M 2.2 baseline	ERROR-005	ERROR-005-P0618	OR-0618	A candidate is not failed for differing from DRI; a contradictory portability guarantee is a framework FAIL.
0619	Private BDOS target is not an application gateway	NOT GUARANTEED	generic CP/M 2.2 baseline	MEM-006	MEM-006-P0619	OR-0619	A candidate is not failed for differing from DRI; a contradictory portability guarantee is a framework FAIL.
0620	DRI submitted-command stream	REQUIRED	generic CP/M 2.2 baseline	CCP-008	CCP-008-P0620	OR-0620	A FAIL defeats baseline certification; BLOCKED prevents certification.
0621	XSUB buffered-input compatibility	REQUIRED	generic CP/M 2.2 baseline	CCP-008	CCP-008-P0621	OR-0621	A FAIL defeats baseline certification; BLOCKED prevents certification.
0622	Self-modifying transient execution	REQUIRED	generic CP/M 2.2 baseline	BIOS-007	BIOS-007-P0622	OR-0622	A FAIL defeats baseline certification; BLOCKED prevents certification.
0623	Intel 8080-compatible binary execution baseline	REQUIRED	generic CP/M 2.2 baseline	MEM-003	MEM-003-P0623	OR-0623	A FAIL defeats baseline certification; BLOCKED prevents certification.
0624	Declared processor-profile instruction semantics	REQUIRED	generic CP/M 2.2 baseline	MEM-003	MEM-003-P0624	OR-0624	A FAIL defeats baseline certification; BLOCKED prevents certification.
0625	Z80 extensions outside a generic CP/M claim	OUTSIDE SCOPE	generic CP/M 2.2 compatibility claim	MEM-003	MEM-003-P0625	OR-0625	Never a positive baseline gate; an attempted mandatory assertion is a framework-definition FAIL.
0626	Undocumented processor behavior	NOT GUARANTEED	generic CP/M 2.2 baseline	MEM-003	MEM-003-P0626	OR-0626	A candidate is not failed for differing from DRI; a contradictory portability guarantee is a framework FAIL.
0627	Processor timing and interrupt topology	OUTSIDE SCOPE	generic CP/M 2.2 compatibility claim	HW-003	HW-003-P0627	OR-0627	Never a positive baseline gate; an attempted mandatory assertion is a framework-definition FAIL.
