ledger_entry	case_id	case_version	oracle_id	oracle_version	parent_test_id	executable	module_case	requirement	classification	applicability	rc1_dependencies	selected_profile_ids	safety_class	required_fixture	implementation_status	proposed_reuse
0001	MEM-001-P0001	1.0.0	OR-0001	1.0.0	MEM-001	ENTRYTST.COM	ENT-001	.COM load origin	REQUIRED	generic CP/M 2.2 baseline	profile manifest; restored fixture	CPM22-BASE	SAFE_READ_ONLY	none beyond runnable CP/M environment	INVENTORIED_NOT_IMPLEMENTED	REVIEW_REQUIRED
0002	CCP-003-P0002	1.0.0	OR-0002	1.0.0	CCP-003	CCPTEST.COM	CCP-001	Transient entry point	REQUIRED	generic CP/M 2.2 baseline	MEM-001; BDOS public/file/console prerequisites used by case	CPM22-BASE	SAFE_READ_ONLY	none beyond runnable CP/M environment	INVENTORIED_NOT_IMPLEMENTED	REVIEW_REQUIRED
0003	MEM-001-P0003	1.0.0	OR-0003	1.0.0	MEM-001	ENTRYTST.COM	ENT-002	TPA lower boundary	REQUIRED	generic CP/M 2.2 baseline	profile manifest; restored fixture	CPM22-BASE	SAFE_READ_ONLY	none beyond runnable CP/M environment	INVENTORIED_NOT_IMPLEMENTED	REVIEW_REQUIRED
0004	CCP-003-P0004	1.0.0	OR-0004	1.0.0	CCP-003	CCPTEST.COM	CCP-002	TPA upper-bound discovery	REQUIRED	generic CP/M 2.2 baseline	MEM-001; BDOS public/file/console prerequisites used by case	CPM22-BASE	SAFE_READ_ONLY	none beyond runnable CP/M environment	INVENTORIED_NOT_IMPLEMENTED	REVIEW_REQUIRED
0005	MEM-001-P0005	1.0.0	OR-0005	1.0.0	MEM-001	ENTRYTST.COM	ENT-003	Warm-start gateway at 0000h	REQUIRED	generic CP/M 2.2 baseline	profile manifest; restored fixture	CPM22-BASE	SAFE_READ_ONLY	none beyond runnable CP/M environment	INVENTORIED_NOT_IMPLEMENTED	REVIEW_REQUIRED
0006	MEM-005-P0006	1.0.0	OR-0006	1.0.0	MEM-005	ENTRYTST.COM	ENT-004	IOBYTE location	REQUIRED	generic CP/M 2.2 baseline	MEM-001; BIOS-001 as applicable	CPM22-BASE	SAFE_READ_ONLY	none beyond runnable CP/M environment	INVENTORIED_NOT_IMPLEMENTED	REVIEW_REQUIRED
0007	CCP-003-P0007	1.0.0	OR-0007	1.0.0	CCP-003	CCPTEST.COM	CCP-003	Command-entry default-drive byte	REQUIRED	generic CP/M 2.2 baseline	MEM-001; BDOS public/file/console prerequisites used by case	CPM22-BASE	SAFE_READ_ONLY	none beyond runnable CP/M environment	INVENTORIED_NOT_IMPLEMENTED	REVIEW_REQUIRED
0008	MEM-001-P0008	1.0.0	OR-0008	1.0.0	MEM-001	ENTRYTST.COM	ENT-005	BDOS gateway at 0005h	REQUIRED	generic CP/M 2.2 baseline	profile manifest; restored fixture	CPM22-BASE	SAFE_READ_ONLY	none beyond runnable CP/M environment	INVENTORIED_NOT_IMPLEMENTED	REVIEW_REQUIRED
0009	MEM-005-P0009	1.0.0	OR-0009	1.0.0	MEM-005	ENTRYTST.COM	ENT-006	Reserved restart/interrupt region roles	REQUIRED	generic CP/M 2.2 baseline	MEM-001; BIOS-001 as applicable	CPM22-BASE	SAFE_READ_ONLY	none beyond runnable CP/M environment	INVENTORIED_NOT_IMPLEMENTED	REVIEW_REQUIRED
0010	CCP-003-P0010	1.0.0	OR-0010	1.0.0	CCP-003	CCPTEST.COM	CCP-004	CBIOS scratch-area role	REQUIRED	generic CP/M 2.2 baseline	MEM-001; BDOS public/file/console prerequisites used by case	CPM22-BASE	SAFE_READ_ONLY	none beyond runnable CP/M environment	INVENTORIED_NOT_IMPLEMENTED	REVIEW_REQUIRED
0011	MEM-001-P0011	1.0.0	OR-0011	1.0.0	MEM-001	ENTRYTST.COM	ENT-007	First default FCB location	REQUIRED	generic CP/M 2.2 baseline	profile manifest; restored fixture	CPM22-BASE	TEMP_FILES	designated writable scratch drive and reserved filenames	INVENTORIED_NOT_IMPLEMENTED	REVIEW_REQUIRED
0012	MEM-005-P0012	1.0.0	OR-0012	1.0.0	MEM-005	ENTRYTST.COM	ENT-008	Second default FCB at 006Ch	PROFILE REQUIRED	the Strict DRI CCP/ecosystem	MEM-001; BIOS-001 as applicable	DRI-CCP-ECO	TEMP_FILES	designated writable scratch drive and reserved filenames	INVENTORIED_NOT_IMPLEMENTED	REVIEW_REQUIRED
0013	CCP-003-P0013	1.0.0	OR-0013	1.0.0	CCP-003	CCPTEST.COM	CCP-005	Default FCB drive-prefix parsing	REQUIRED	generic CP/M 2.2 baseline	MEM-001; BDOS public/file/console prerequisites used by case	CPM22-BASE	TEMP_FILES	designated writable scratch drive and reserved filenames	INVENTORIED_NOT_IMPLEMENTED	REVIEW_REQUIRED
0014	MEM-001-P0014	1.0.0	OR-0014	1.0.0	MEM-001	ENTRYTST.COM	ENT-009	Default FCB wildcard expansion	REQUIRED	generic CP/M 2.2 baseline	profile manifest; restored fixture	CPM22-BASE	TEMP_FILES	designated writable scratch drive and reserved filenames	INVENTORIED_NOT_IMPLEMENTED	REVIEW_REQUIRED
0015	MEM-005-P0015	1.0.0	OR-0015	1.0.0	MEM-005	ENTRYTST.COM	ENT-010	Default FCB case and padding	REQUIRED	generic CP/M 2.2 baseline	MEM-001; BIOS-001 as applicable	CPM22-BASE	TEMP_FILES	designated writable scratch drive and reserved filenames	INVENTORIED_NOT_IMPLEMENTED	REVIEW_REQUIRED
0016	CCP-003-P0016	1.0.0	OR-0016	1.0.0	CCP-003	CCPTEST.COM	CCP-006	Default FCB unopened control fields	NOT GUARANTEED	generic CP/M 2.2 baseline	MEM-001; BDOS public/file/console prerequisites used by case	CPM22-BASE	TEMP_FILES	designated writable scratch drive and reserved filenames	INVENTORIED_NOT_IMPLEMENTED	REVIEW_REQUIRED
0017	MEM-001-P0017	1.0.0	OR-0017	1.0.0	MEM-001	ENTRYTST.COM	ENT-011	Command-tail count location	REQUIRED	generic CP/M 2.2 baseline	profile manifest; restored fixture	CPM22-BASE	SAFE_READ_ONLY	none beyond runnable CP/M environment	INVENTORIED_NOT_IMPLEMENTED	REVIEW_REQUIRED
0018	MEM-005-P0018	1.0.0	OR-0018	1.0.0	MEM-005	ENTRYTST.COM	ENT-012	Command-tail character location	REQUIRED	generic CP/M 2.2 baseline	MEM-001; BIOS-001 as applicable	CPM22-BASE	SAFE_READ_ONLY	none beyond runnable CP/M environment	INVENTORIED_NOT_IMPLEMENTED	REVIEW_REQUIRED
0019	CCP-003-P0019	1.0.0	OR-0019	1.0.0	CCP-003	CCPTEST.COM	CCP-007	Leading blank in command tail	REQUIRED	generic CP/M 2.2 baseline	MEM-001; BDOS public/file/console prerequisites used by case	CPM22-BASE	SAFE_READ_ONLY	none beyond runnable CP/M environment	INVENTORIED_NOT_IMPLEMENTED	REVIEW_REQUIRED
0020	MEM-001-P0020	1.0.0	OR-0020	1.0.0	MEM-001	ENTRYTST.COM	ENT-013	Uppercase command-tail representation	REQUIRED	generic CP/M 2.2 baseline	profile manifest; restored fixture	CPM22-BASE	INTERACTIVE	console transcript and operator input where required	INVENTORIED_NOT_IMPLEMENTED	REVIEW_REQUIRED
0021	MEM-005-P0021	1.0.0	OR-0021	1.0.0	MEM-005	ENTRYTST.COM	ENT-014	NUL after counted command tail	NOT GUARANTEED	generic CP/M 2.2 baseline	MEM-001; BIOS-001 as applicable	CPM22-BASE	SAFE_READ_ONLY	none beyond runnable CP/M environment	INVENTORIED_NOT_IMPLEMENTED	REVIEW_REQUIRED
0022	CCP-003-P0022	1.0.0	OR-0022	1.0.0	CCP-003	CCPTEST.COM	CCP-008	Bytes following command-tail terminator	OUTSIDE SCOPE	generic CP/M 2.2 compatibility claim	MEM-001; BDOS public/file/console prerequisites used by case	CPM22-BASE	SAFE_READ_ONLY	none beyond runnable CP/M environment	INVENTORIED_NOT_IMPLEMENTED	REVIEW_REQUIRED
0023	MEM-001-P0023	1.0.0	OR-0023	1.0.0	MEM-001	ENTRYTST.COM	ENT-015	Default DMA address	REQUIRED	generic CP/M 2.2 baseline	profile manifest; restored fixture	CPM22-BASE	TEMP_FILES	designated writable scratch drive and reserved filenames	INVENTORIED_NOT_IMPLEMENTED	REVIEW_REQUIRED
0024	MEM-005-P0024	1.0.0	OR-0024	1.0.0	MEM-005	ENTRYTST.COM	ENT-016	Command-tail/default-DMA overlap	REQUIRED	generic CP/M 2.2 baseline	MEM-001; BIOS-001 as applicable	CPM22-BASE	TEMP_FILES	designated writable scratch drive and reserved filenames	INVENTORIED_NOT_IMPLEMENTED	REVIEW_REQUIRED
0025	CCP-003-P0025	1.0.0	OR-0025	1.0.0	CCP-003	CCPTEST.COM	CCP-009	Program termination through JMP 0000h	REQUIRED	generic CP/M 2.2 baseline	MEM-001; BDOS public/file/console prerequisites used by case	CPM22-BASE	SAFE_READ_ONLY	none beyond runnable CP/M environment	INVENTORIED_NOT_IMPLEMENTED	REVIEW_REQUIRED
0026	MEM-001-P0026	1.0.0	OR-0026	1.0.0	MEM-001	ENTRYTST.COM	ENT-017	Program termination through BDOS function 0	REQUIRED	generic CP/M 2.2 baseline	profile manifest; restored fixture	CPM22-BASE	SAFE_READ_ONLY	none beyond runnable CP/M environment	INVENTORIED_NOT_IMPLEMENTED	REVIEW_REQUIRED
0027	MEM-005-P0027	1.0.0	OR-0027	1.0.0	MEM-005	ENTRYTST.COM	ENT-018	RET termination	REQUIRED	generic CP/M 2.2 baseline	MEM-001; BIOS-001 as applicable	CPM22-BASE	SAFE_READ_ONLY	none beyond runnable CP/M environment	INVENTORIED_NOT_IMPLEMENTED	REVIEW_REQUIRED
0028	CCP-003-P0028	1.0.0	OR-0028	1.0.0	CCP-003	CCPTEST.COM	CCP-010	Valid entry return word	REQUIRED	generic CP/M 2.2 baseline	MEM-001; BDOS public/file/console prerequisites used by case	CPM22-BASE	SAFE_READ_ONLY	none beyond runnable CP/M environment	INVENTORIED_NOT_IMPLEMENTED	REVIEW_REQUIRED
0029	MEM-001-P0029	1.0.0	OR-0029	1.0.0	MEM-001	ENTRYTST.COM	ENT-019	Exact entry SP	OUTSIDE SCOPE	generic CP/M 2.2 compatibility claim	profile manifest; restored fixture	CPM22-BASE	SAFE_READ_ONLY	none beyond runnable CP/M environment	INVENTORIED_NOT_IMPLEMENTED	REVIEW_REQUIRED
0030	MEM-005-P0030	1.0.0	OR-0030	1.0.0	MEM-005	ENTRYTST.COM	ENT-020	Exact entry return address	OUTSIDE SCOPE	generic CP/M 2.2 compatibility claim	MEM-001; BIOS-001 as applicable	CPM22-BASE	SAFE_READ_ONLY	none beyond runnable CP/M environment	INVENTORIED_NOT_IMPLEMENTED	REVIEW_REQUIRED
0031	CCP-003-P0031	1.0.0	OR-0031	1.0.0	CCP-003	CCPTEST.COM	CCP-011	General-register entry state	NOT GUARANTEED	generic CP/M 2.2 baseline	MEM-001; BDOS public/file/console prerequisites used by case	CPM22-BASE	SAFE_READ_ONLY	none beyond runnable CP/M environment	INVENTORIED_NOT_IMPLEMENTED	REVIEW_REQUIRED
0032	MEM-001-P0032	1.0.0	OR-0032	1.0.0	MEM-001	ENTRYTST.COM	ENT-021	Z80 extended-register entry state	NOT GUARANTEED	generic CP/M 2.2 baseline	profile manifest; restored fixture	CPM22-BASE	SAFE_READ_ONLY	none beyond runnable CP/M environment	INVENTORIED_NOT_IMPLEMENTED	REVIEW_REQUIRED
0033	MEM-005-P0033	1.0.0	OR-0033	1.0.0	MEM-005	ENTRYTST.COM	ENT-022	Entry flags and interrupt state	NOT GUARANTEED	generic CP/M 2.2 baseline	MEM-001; BIOS-001 as applicable	CPM22-BASE	SAFE_READ_ONLY	none beyond runnable CP/M environment	INVENTORIED_NOT_IMPLEMENTED	REVIEW_REQUIRED
0034	BDOS-CALL-001-P0034	1.0.0	OR-0034	1.0.0	BDOS-CALL-001	BDOSTEST.COM	BDO-001	Exact BIOS/BDOS vector targets	OUTSIDE SCOPE	generic CP/M 2.2 compatibility claim	profile manifest; restored fixture	CPM22-BASE	SAFE_READ_ONLY	none beyond runnable CP/M environment	INVENTORIED_NOT_IMPLEMENTED	REVIEW_REQUIRED
0035	BDOS-CALL-001-P0035	1.0.0	OR-0035	1.0.0	BDOS-CALL-001	BDOSTEST.COM	BDO-002	BDOS function selector in C	REQUIRED	generic CP/M 2.2 baseline	profile manifest; restored fixture	CPM22-BASE	SAFE_READ_ONLY	none beyond runnable CP/M environment	INVENTORIED_NOT_IMPLEMENTED	REVIEW_REQUIRED
0036	BDOS-CALL-001-P0036	1.0.0	OR-0036	1.0.0	BDOS-CALL-001	BDOSTEST.COM	BDO-003	BDOS function-specific input in DE/E	REQUIRED	generic CP/M 2.2 baseline	profile manifest; restored fixture	CPM22-BASE	SAFE_READ_ONLY	none beyond runnable CP/M environment	INVENTORIED_NOT_IMPLEMENTED	REVIEW_REQUIRED
0037	BDOS-CALL-001-P0037	1.0.0	OR-0037	1.0.0	BDOS-CALL-001	BDOSTEST.COM	BDO-004	Byte result in A	REQUIRED	generic CP/M 2.2 baseline	profile manifest; restored fixture	CPM22-BASE	SAFE_READ_ONLY	none beyond runnable CP/M environment	INVENTORIED_NOT_IMPLEMENTED	REVIEW_REQUIRED
0038	BDOS-CALL-001-P0038	1.0.0	OR-0038	1.0.0	BDOS-CALL-001	BDOSTEST.COM	BDO-005	Word result in HL	REQUIRED	generic CP/M 2.2 baseline	profile manifest; restored fixture	CPM22-BASE	SAFE_READ_ONLY	none beyond runnable CP/M environment	INVENTORIED_NOT_IMPLEMENTED	REVIEW_REQUIRED
0039	BDOS-CALL-001-P0039	1.0.0	OR-0039	1.0.0	BDOS-CALL-001	BDOSTEST.COM	BDO-006	Normal-return alias A=L	REQUIRED	generic CP/M 2.2 baseline	profile manifest; restored fixture	CPM22-BASE	SAFE_READ_ONLY	none beyond runnable CP/M environment	INVENTORIED_NOT_IMPLEMENTED	REVIEW_REQUIRED
0040	BDOS-CALL-001-P0040	1.0.0	OR-0040	1.0.0	BDOS-CALL-001	BDOSTEST.COM	BDO-007	Normal-return alias B=H	REQUIRED	generic CP/M 2.2 baseline	profile manifest; restored fixture	CPM22-BASE	SAFE_READ_ONLY	none beyond runnable CP/M environment	INVENTORIED_NOT_IMPLEMENTED	REVIEW_REQUIRED
0041	BDOS-CALL-001-P0041	1.0.0	OR-0041	1.0.0	BDOS-CALL-001	BDOSTEST.COM	BDO-008	CP/M 2.2 BDOS selector range	REQUIRED	generic CP/M 2.2 baseline	profile manifest; restored fixture	CPM22-BASE	SAFE_READ_ONLY	none beyond runnable CP/M environment	INVENTORIED_NOT_IMPLEMENTED	REVIEW_REQUIRED
0042	BDOS-CALL-001-P0042	1.0.0	OR-0042	1.0.0	BDOS-CALL-001	BDOSTEST.COM	BDO-009	Out-of-range BDOS result	REQUIRED	generic CP/M 2.2 baseline	profile manifest; restored fixture	CPM22-BASE	SAFE_READ_ONLY	none beyond runnable CP/M environment	INVENTORIED_NOT_IMPLEMENTED	REVIEW_REQUIRED
0043	BDOS-CALL-001-P0043	1.0.0	OR-0043	1.0.0	BDOS-CALL-001	BDOSTEST.COM	BDO-010	Caller SP restored on returning BDOS calls	REQUIRED	generic CP/M 2.2 baseline	profile manifest; restored fixture	CPM22-BASE	SAFE_READ_ONLY	none beyond runnable CP/M environment	INVENTORIED_NOT_IMPLEMENTED	REVIEW_REQUIRED
0044	BDOS-CALL-001-P0044	1.0.0	OR-0044	1.0.0	BDOS-CALL-001	BDOSTEST.COM	BDO-011	DRI private BDOS stack mechanism	OUTSIDE SCOPE	generic CP/M 2.2 compatibility claim	profile manifest; restored fixture	CPM22-BASE	SAFE_READ_ONLY	none beyond runnable CP/M environment	INVENTORIED_NOT_IMPLEMENTED	REVIEW_REQUIRED
0045	BDOS-CALL-001-P0045	1.0.0	OR-0045	1.0.0	BDOS-CALL-001	BDOSTEST.COM	BDO-012	AF preservation across BDOS	NOT GUARANTEED	generic CP/M 2.2 baseline	profile manifest; restored fixture	CPM22-BASE	SAFE_READ_ONLY	none beyond runnable CP/M environment	INVENTORIED_NOT_IMPLEMENTED	REVIEW_REQUIRED
0046	BDOS-CALL-001-P0046	1.0.0	OR-0046	1.0.0	BDOS-CALL-001	BDOSTEST.COM	BDO-013	BC preservation across BDOS	NOT GUARANTEED	generic CP/M 2.2 baseline	profile manifest; restored fixture	CPM22-BASE	SAFE_READ_ONLY	none beyond runnable CP/M environment	INVENTORIED_NOT_IMPLEMENTED	REVIEW_REQUIRED
0047	BDOS-CALL-001-P0047	1.0.0	OR-0047	1.0.0	BDOS-CALL-001	BDOSTEST.COM	BDO-014	DE preservation across BDOS	NOT GUARANTEED	generic CP/M 2.2 baseline	profile manifest; restored fixture	CPM22-BASE	SAFE_READ_ONLY	none beyond runnable CP/M environment	INVENTORIED_NOT_IMPLEMENTED	REVIEW_REQUIRED
0048	BDOS-CALL-001-P0048	1.0.0	OR-0048	1.0.0	BDOS-CALL-001	BDOSTEST.COM	BDO-015	HL preservation across BDOS	NOT GUARANTEED	generic CP/M 2.2 baseline	profile manifest; restored fixture	CPM22-BASE	SAFE_READ_ONLY	none beyond runnable CP/M environment	INVENTORIED_NOT_IMPLEMENTED	REVIEW_REQUIRED
0049	BDOS-CALL-001-P0049	1.0.0	OR-0049	1.0.0	BDOS-CALL-001	BDOSTEST.COM	BDO-016	Z80-only and alternate-register preservation	NOT GUARANTEED	generic CP/M 2.2 baseline	profile manifest; restored fixture	CPM22-BASE	SAFE_READ_ONLY	none beyond runnable CP/M environment	INVENTORIED_NOT_IMPLEMENTED	REVIEW_REQUIRED
0050	BDOS-CALL-001-P0050	1.0.0	OR-0050	1.0.0	BDOS-CALL-001	BDOSTEST.COM	BDO-017	Valid-call C becomes input E	OUTSIDE SCOPE	generic CP/M 2.2 compatibility claim	profile manifest; restored fixture	CPM22-BASE	SAFE_READ_ONLY	none beyond runnable CP/M environment	INVENTORIED_NOT_IMPLEMENTED	REVIEW_REQUIRED
0051	BDOS-CON-001-P0051	1.0.0	OR-0051	1.0.0	BDOS-CON-001	CONSTEST.COM	CON-001	Observed BDOS return flags	OUTSIDE SCOPE	generic CP/M 2.2 compatibility claim	MEM-001; BIOS-001 as applicable	CPM22-BASE	INTERACTIVE	console transcript and operator input where required	INVENTORIED_NOT_IMPLEMENTED	REVIEW_REQUIRED
0052	BDOS-CON-001-P0052	1.0.0	OR-0052	1.0.0	BDOS-CON-001	CONSTEST.COM	CON-002	Function 2 character source	REQUIRED	generic CP/M 2.2 baseline	MEM-001; BIOS-001 as applicable	CPM22-BASE	INTERACTIVE	console transcript and operator input where required	INVENTORIED_NOT_IMPLEMENTED	REVIEW_REQUIRED
0053	BDOS-CON-001-P0053	1.0.0	OR-0053	1.0.0	BDOS-CON-001	CONSTEST.COM	CON-003	Function 2 treats '$' as ordinary data	REQUIRED	generic CP/M 2.2 baseline	MEM-001; BIOS-001 as applicable	CPM22-BASE	INTERACTIVE	console transcript and operator input where required	INVENTORIED_NOT_IMPLEMENTED	REVIEW_REQUIRED
0054	BDOS-CON-001-P0054	1.0.0	OR-0054	1.0.0	BDOS-CON-001	CONSTEST.COM	CON-004	Function 9 string address	REQUIRED	generic CP/M 2.2 baseline	MEM-001; BIOS-001 as applicable	CPM22-BASE	INTERACTIVE	console transcript and operator input where required	INVENTORIED_NOT_IMPLEMENTED	REVIEW_REQUIRED
0055	BDOS-CON-001-P0055	1.0.0	OR-0055	1.0.0	BDOS-CON-001	CONSTEST.COM	CON-005	Function 9 '$' termination	REQUIRED	generic CP/M 2.2 baseline	MEM-001; BIOS-001 as applicable	CPM22-BASE	INTERACTIVE	console transcript and operator input where required	INVENTORIED_NOT_IMPLEMENTED	REVIEW_REQUIRED
0056	BDOS-CON-001-P0056	1.0.0	OR-0056	1.0.0	BDOS-CON-001	CONSTEST.COM	CON-006	Function 9 terminator is not emitted	REQUIRED	generic CP/M 2.2 baseline	MEM-001; BIOS-001 as applicable	CPM22-BASE	INTERACTIVE	console transcript and operator input where required	INVENTORIED_NOT_IMPLEMENTED	REVIEW_REQUIRED
0057	BDOS-CON-001-P0057	1.0.0	OR-0057	1.0.0	BDOS-CON-001	CONSTEST.COM	CON-007	Function 9 empty string	REQUIRED	generic CP/M 2.2 baseline	MEM-001; BIOS-001 as applicable	CPM22-BASE	INTERACTIVE	console transcript and operator input where required	INVENTORIED_NOT_IMPLEMENTED	REVIEW_REQUIRED
0058	BDOS-CON-001-P0058	1.0.0	OR-0058	1.0.0	BDOS-CON-001	CONSTEST.COM	CON-008	Function 9 scans across ordinary control characters	REQUIRED	generic CP/M 2.2 baseline	MEM-001; BIOS-001 as applicable	CPM22-BASE	INTERACTIVE	console transcript and operator input where required	INVENTORIED_NOT_IMPLEMENTED	REVIEW_REQUIRED
0059	BDOS-CON-001-P0059	1.0.0	OR-0059	1.0.0	BDOS-CON-001	CONSTEST.COM	CON-009	Function 2 uses formatted console output	REQUIRED	generic CP/M 2.2 baseline	MEM-001; BIOS-001 as applicable	CPM22-BASE	INTERACTIVE	console transcript and operator input where required	INVENTORIED_NOT_IMPLEMENTED	REVIEW_REQUIRED
0060	BDOS-CON-001-P0060	1.0.0	OR-0060	1.0.0	BDOS-CON-001	CONSTEST.COM	CON-010	Function 9 uses formatted console output	REQUIRED	generic CP/M 2.2 baseline	MEM-001; BIOS-001 as applicable	CPM22-BASE	INTERACTIVE	console transcript and operator input where required	INVENTORIED_NOT_IMPLEMENTED	REVIEW_REQUIRED
0061	BDOS-CON-001-P0061	1.0.0	OR-0061	1.0.0	BDOS-CON-001	CONSTEST.COM	CON-011	Shared formatted-output state	REQUIRED	generic CP/M 2.2 baseline	MEM-001; BIOS-001 as applicable	CPM22-BASE	INTERACTIVE	console transcript and operator input where required	INVENTORIED_NOT_IMPLEMENTED	REVIEW_REQUIRED
0062	BDOS-CON-001-P0062	1.0.0	OR-0062	1.0.0	BDOS-CON-001	CONSTEST.COM	CON-012	TAB expansion	REQUIRED	generic CP/M 2.2 baseline	MEM-001; BIOS-001 as applicable	CPM22-BASE	INTERACTIVE	console transcript and operator input where required	INVENTORIED_NOT_IMPLEMENTED	REVIEW_REQUIRED
0063	BDOS-CON-001-P0063	1.0.0	OR-0063	1.0.0	BDOS-CON-001	CONSTEST.COM	CON-013	Function 2 participates in scrolling control	REQUIRED	generic CP/M 2.2 baseline	MEM-001; BIOS-001 as applicable	CPM22-BASE	INTERACTIVE	console transcript and operator input where required	INVENTORIED_NOT_IMPLEMENTED	REVIEW_REQUIRED
0064	BDOS-CON-001-P0064	1.0.0	OR-0064	1.0.0	BDOS-CON-001	CONSTEST.COM	CON-014	Function 9 participates in scrolling control	REQUIRED	generic CP/M 2.2 baseline	MEM-001; BIOS-001 as applicable	CPM22-BASE	INTERACTIVE	console transcript and operator input where required	INVENTORIED_NOT_IMPLEMENTED	REVIEW_REQUIRED
0065	BDOS-CON-001-P0065	1.0.0	OR-0065	1.0.0	BDOS-CON-001	CONSTEST.COM	CON-015	Function 2 participates in active printer echo	REQUIRED	generic CP/M 2.2 baseline	MEM-001; BIOS-001 as applicable	CPM22-BASE	INTERACTIVE	console transcript and operator input where required	INVENTORIED_NOT_IMPLEMENTED	REVIEW_REQUIRED
0066	BDOS-CON-001-P0066	1.0.0	OR-0066	1.0.0	BDOS-CON-001	CONSTEST.COM	CON-016	Function 9 participates in active printer echo	REQUIRED	generic CP/M 2.2 baseline	MEM-001; BIOS-001 as applicable	CPM22-BASE	INTERACTIVE	console transcript and operator input where required	INVENTORIED_NOT_IMPLEMENTED	REVIEW_REQUIRED
0067	BDOS-CON-001-P0067	1.0.0	OR-0067	1.0.0	BDOS-CON-001	CONSTEST.COM	CON-017	Function 2 has no function-specific return value	NOT GUARANTEED	generic CP/M 2.2 baseline	MEM-001; BIOS-001 as applicable	CPM22-BASE	INTERACTIVE	console transcript and operator input where required	INVENTORIED_NOT_IMPLEMENTED	REVIEW_REQUIRED
0068	BDOS-CON-001-P0068	1.0.0	OR-0068	1.0.0	BDOS-CON-001	CONSTEST.COM	CON-018	Function 9 has no function-specific return value	NOT GUARANTEED	generic CP/M 2.2 baseline	MEM-001; BIOS-001 as applicable	CPM22-BASE	INTERACTIVE	console transcript and operator input where required	INVENTORIED_NOT_IMPLEMENTED	REVIEW_REQUIRED
0069	BDOS-CON-001-P0069	1.0.0	OR-0069	1.0.0	BDOS-CON-001	CONSTEST.COM	CON-019	Exact logical-column update rules	PROFILE REQUIRED	the DRI formatted-console profile	MEM-001; BIOS-001 as applicable	DRI-CONSOLE	INTERACTIVE	console transcript and operator input where required	INVENTORIED_NOT_IMPLEMENTED	REVIEW_REQUIRED
0070	BDOS-CON-001-P0070	1.0.0	OR-0070	1.0.0	BDOS-CON-001	CONSTEST.COM	CON-020	LF resets DRI logical column	PROFILE REQUIRED	the DRI formatted-console profile	MEM-001; BIOS-001 as applicable	DRI-CONSOLE	INTERACTIVE	console transcript and operator input where required	INVENTORIED_NOT_IMPLEMENTED	REVIEW_REQUIRED
0071	BDOS-CON-001-P0071	1.0.0	OR-0071	1.0.0	BDOS-CON-001	CONSTEST.COM	CON-021	CR does not reset DRI logical column	PROFILE REQUIRED	the DRI formatted-console profile	MEM-001; BIOS-001 as applicable	DRI-CONSOLE	INTERACTIVE	console transcript and operator input where required	INVENTORIED_NOT_IMPLEMENTED	REVIEW_REQUIRED
0072	BDOS-CON-001-P0072	1.0.0	OR-0072	1.0.0	BDOS-CON-001	CONSTEST.COM	CON-022	Pending-key buffering during formatted output	NOT GUARANTEED	generic CP/M 2.2 baseline	MEM-001; BIOS-001 as applicable	CPM22-BASE	INTERACTIVE	console transcript and operator input where required	INVENTORIED_NOT_IMPLEMENTED	REVIEW_REQUIRED
0073	BDOS-CON-001-P0073	1.0.0	OR-0073	1.0.0	BDOS-CON-001	CONSTEST.COM	CON-023	Ctrl-C behavior after output pause	NOT GUARANTEED	generic CP/M 2.2 baseline	MEM-001; BIOS-001 as applicable	CPM22-BASE	INTERACTIVE	console transcript and operator input where required	INVENTORIED_NOT_IMPLEMENTED	REVIEW_REQUIRED
0074	BDOS-CON-002-P0074	1.0.0	OR-0074	1.0.0	BDOS-CON-002	CONSTEST.COM	CON-024	DRI private formatted-output implementation state	OUTSIDE SCOPE	generic CP/M 2.2 compatibility claim	MEM-001; BIOS-001 as applicable	CPM22-BASE	INTERACTIVE	console transcript and operator input where required	INVENTORIED_NOT_IMPLEMENTED	REVIEW_REQUIRED
0075	BDOS-CON-005-P0075	1.0.0	OR-0075	1.0.0	BDOS-CON-005	CONSTEST.COM	CON-025	Function 6 direct-output selection	REQUIRED	generic CP/M 2.2 baseline	MEM-001; BIOS-001 as applicable	CPM22-BASE	INTERACTIVE	console transcript and operator input where required	INVENTORIED_NOT_IMPLEMENTED	REVIEW_REQUIRED
0076	BDOS-CON-002-P0076	1.0.0	OR-0076	1.0.0	BDOS-CON-002	CONSTEST.COM	CON-026	Function 6 direct-output character source	REQUIRED	generic CP/M 2.2 baseline	MEM-001; BIOS-001 as applicable	CPM22-BASE	INTERACTIVE	console transcript and operator input where required	INVENTORIED_NOT_IMPLEMENTED	REVIEW_REQUIRED
0077	BDOS-CON-005-P0077	1.0.0	OR-0077	1.0.0	BDOS-CON-005	CONSTEST.COM	CON-027	Function 6 direct output does not expand TAB	REQUIRED	generic CP/M 2.2 baseline	MEM-001; BIOS-001 as applicable	CPM22-BASE	INTERACTIVE	console transcript and operator input where required	INVENTORIED_NOT_IMPLEMENTED	REVIEW_REQUIRED
0078	BDOS-CON-002-P0078	1.0.0	OR-0078	1.0.0	BDOS-CON-002	CONSTEST.COM	CON-028	Function 6 direct output bypasses Ctrl-S scrolling control	REQUIRED	generic CP/M 2.2 baseline	MEM-001; BIOS-001 as applicable	CPM22-BASE	INTERACTIVE	console transcript and operator input where required	INVENTORIED_NOT_IMPLEMENTED	REVIEW_REQUIRED
0079	BDOS-CON-005-P0079	1.0.0	OR-0079	1.0.0	BDOS-CON-005	CONSTEST.COM	CON-029	Function 6 direct output bypasses Ctrl-P printer echo	REQUIRED	generic CP/M 2.2 baseline	MEM-001; BIOS-001 as applicable	CPM22-BASE	INTERACTIVE	console transcript and operator input where required	INVENTORIED_NOT_IMPLEMENTED	REVIEW_REQUIRED
0080	BDOS-CON-002-P0080	1.0.0	OR-0080	1.0.0	BDOS-CON-002	CONSTEST.COM	CON-030	Function 6 direct output has no function-specific result	NOT GUARANTEED	generic CP/M 2.2 baseline	MEM-001; BIOS-001 as applicable	CPM22-BASE	INTERACTIVE	console transcript and operator input where required	INVENTORIED_NOT_IMPLEMENTED	REVIEW_REQUIRED
0081	BDOS-CON-005-P0081	1.0.0	OR-0081	1.0.0	BDOS-CON-005	CONSTEST.COM	CON-031	Function 6 nonblocking-input selection	REQUIRED	generic CP/M 2.2 baseline	MEM-001; BIOS-001 as applicable	CPM22-BASE	INTERACTIVE	console transcript and operator input where required	INVENTORIED_NOT_IMPLEMENTED	REVIEW_REQUIRED
0082	BDOS-CON-002-P0082	1.0.0	OR-0082	1.0.0	BDOS-CON-002	CONSTEST.COM	CON-032	Function 6 no-input result	REQUIRED	generic CP/M 2.2 baseline	MEM-001; BIOS-001 as applicable	CPM22-BASE	INTERACTIVE	console transcript and operator input where required	INVENTORIED_NOT_IMPLEMENTED	REVIEW_REQUIRED
0083	BDOS-CON-005-P0083	1.0.0	OR-0083	1.0.0	BDOS-CON-005	CONSTEST.COM	CON-033	Function 6 ready-input result	REQUIRED	generic CP/M 2.2 baseline	MEM-001; BIOS-001 as applicable	CPM22-BASE	INTERACTIVE	console transcript and operator input where required	INVENTORIED_NOT_IMPLEMENTED	REVIEW_REQUIRED
0084	BDOS-CON-002-P0084	1.0.0	OR-0084	1.0.0	BDOS-CON-002	CONSTEST.COM	CON-034	Function 6 input is unadorned	REQUIRED	generic CP/M 2.2 baseline	MEM-001; BIOS-001 as applicable	CPM22-BASE	INTERACTIVE	console transcript and operator input where required	INVENTORIED_NOT_IMPLEMENTED	REVIEW_REQUIRED
0085	BDOS-CON-005-P0085	1.0.0	OR-0085	1.0.0	BDOS-CON-005	CONSTEST.COM	CON-035	Function 11 not-ready result	REQUIRED	generic CP/M 2.2 baseline	MEM-001; BIOS-001 as applicable	CPM22-BASE	INTERACTIVE	console transcript and operator input where required	INVENTORIED_NOT_IMPLEMENTED	REVIEW_REQUIRED
0086	BDOS-CON-002-P0086	1.0.0	OR-0086	1.0.0	BDOS-CON-002	CONSTEST.COM	CON-036	Exact function 11 ready result	NOT GUARANTEED	generic CP/M 2.2 baseline	MEM-001; BIOS-001 as applicable	CPM22-BASE	INTERACTIVE	console transcript and operator input where required	INVENTORIED_NOT_IMPLEMENTED	REVIEW_REQUIRED
0087	BDOS-CON-005-P0087	1.0.0	OR-0087	1.0.0	BDOS-CON-005	CONSTEST.COM	CON-037	Function 11 pending-byte retention	NOT GUARANTEED	generic CP/M 2.2 baseline	MEM-001; BIOS-001 as applicable	CPM22-BASE	INTERACTIVE	console transcript and operator input where required	INVENTORIED_NOT_IMPLEMENTED	REVIEW_REQUIRED
0088	BDOS-CON-002-P0088	1.0.0	OR-0088	1.0.0	BDOS-CON-002	CONSTEST.COM	CON-038	DRI function 6 ignores retained pending byte	NOT GUARANTEED	generic CP/M 2.2 baseline	MEM-001; BIOS-001 as applicable	CPM22-BASE	INTERACTIVE	console transcript and operator input where required	INVENTORIED_NOT_IMPLEMENTED	REVIEW_REQUIRED
0089	BDOS-CON-005-P0089	1.0.0	OR-0089	1.0.0	BDOS-CON-005	CONSTEST.COM	CON-039	DRI function 6 E=FEh behavior	OUTSIDE SCOPE	generic CP/M 2.2 compatibility claim	MEM-001; BIOS-001 as applicable	CPM22-BASE	INTERACTIVE	console transcript and operator input where required	INVENTORIED_NOT_IMPLEMENTED	REVIEW_REQUIRED
0090	BDOS-CON-003-P0090	1.0.0	OR-0090	1.0.0	BDOS-CON-003	CONSTEST.COM	CON-040	DRI private pending-byte representation	OUTSIDE SCOPE	generic CP/M 2.2 compatibility claim	MEM-001; BIOS-001 as applicable	CPM22-BASE	INTERACTIVE	console transcript and operator input where required	INVENTORIED_NOT_IMPLEMENTED	REVIEW_REQUIRED
0091	BDOS-CON-003-P0091	1.0.0	OR-0091	1.0.0	BDOS-CON-003	CONSTEST.COM	CON-041	Function 1 selector	REQUIRED	generic CP/M 2.2 baseline	MEM-001; BIOS-001 as applicable	CPM22-BASE	INTERACTIVE	console transcript and operator input where required	INVENTORIED_NOT_IMPLEMENTED	REVIEW_REQUIRED
0092	BDOS-CON-003-P0092	1.0.0	OR-0092	1.0.0	BDOS-CON-003	CONSTEST.COM	CON-042	Function 1 blocking behavior	REQUIRED	generic CP/M 2.2 baseline	MEM-001; BIOS-001 as applicable	CPM22-BASE	INTERACTIVE	console transcript and operator input where required	INVENTORIED_NOT_IMPLEMENTED	REVIEW_REQUIRED
0093	BDOS-CON-003-P0093	1.0.0	OR-0093	1.0.0	BDOS-CON-003	CONSTEST.COM	CON-043	Function 1 result character	REQUIRED	generic CP/M 2.2 baseline	MEM-001; BIOS-001 as applicable	CPM22-BASE	INTERACTIVE	console transcript and operator input where required	INVENTORIED_NOT_IMPLEMENTED	REVIEW_REQUIRED
0094	BDOS-CON-003-P0094	1.0.0	OR-0094	1.0.0	BDOS-CON-003	CONSTEST.COM	CON-044	Function 1 echoes graphic characters	REQUIRED	generic CP/M 2.2 baseline	MEM-001; BIOS-001 as applicable	CPM22-BASE	INTERACTIVE	console transcript and operator input where required	INVENTORIED_NOT_IMPLEMENTED	REVIEW_REQUIRED
0095	BDOS-CON-003-P0095	1.0.0	OR-0095	1.0.0	BDOS-CON-003	CONSTEST.COM	CON-045	Function 1 echoes CR	REQUIRED	generic CP/M 2.2 baseline	MEM-001; BIOS-001 as applicable	CPM22-BASE	INTERACTIVE	console transcript and operator input where required	INVENTORIED_NOT_IMPLEMENTED	REVIEW_REQUIRED
0096	BDOS-CON-003-P0096	1.0.0	OR-0096	1.0.0	BDOS-CON-003	CONSTEST.COM	CON-046	Function 1 echoes LF	REQUIRED	generic CP/M 2.2 baseline	MEM-001; BIOS-001 as applicable	CPM22-BASE	INTERACTIVE	console transcript and operator input where required	INVENTORIED_NOT_IMPLEMENTED	REVIEW_REQUIRED
0097	BDOS-CON-003-P0097	1.0.0	OR-0097	1.0.0	BDOS-CON-003	CONSTEST.COM	CON-047	Function 1 echoes backspace	REQUIRED	generic CP/M 2.2 baseline	MEM-001; BIOS-001 as applicable	CPM22-BASE	INTERACTIVE	console transcript and operator input where required	INVENTORIED_NOT_IMPLEMENTED	REVIEW_REQUIRED
0098	BDOS-CON-003-P0098	1.0.0	OR-0098	1.0.0	BDOS-CON-003	CONSTEST.COM	CON-048	Function 1 TAB echo expansion	REQUIRED	generic CP/M 2.2 baseline	MEM-001; BIOS-001 as applicable	CPM22-BASE	INTERACTIVE	console transcript and operator input where required	INVENTORIED_NOT_IMPLEMENTED	REVIEW_REQUIRED
0099	BDOS-CON-003-P0099	1.0.0	OR-0099	1.0.0	BDOS-CON-003	CONSTEST.COM	CON-049	Function 1 ordinary controls are not echoed	REQUIRED	generic CP/M 2.2 baseline	MEM-001; BIOS-001 as applicable	CPM22-BASE	INTERACTIVE	console transcript and operator input where required	INVENTORIED_NOT_IMPLEMENTED	REVIEW_REQUIRED
0100	BDOS-CON-003-P0100	1.0.0	OR-0100	1.0.0	BDOS-CON-003	CONSTEST.COM	CON-050	Function 1 echo uses shared formatted-console state	REQUIRED	generic CP/M 2.2 baseline	MEM-001; BIOS-001 as applicable	CPM22-BASE	INTERACTIVE	console transcript and operator input where required	INVENTORIED_NOT_IMPLEMENTED	REVIEW_REQUIRED
0101	BDOS-CON-003-P0101	1.0.0	OR-0101	1.0.0	BDOS-CON-003	CONSTEST.COM	CON-051	Function 1 echo participates in scrolling control	REQUIRED	generic CP/M 2.2 baseline	MEM-001; BIOS-001 as applicable	CPM22-BASE	INTERACTIVE	console transcript and operator input where required	INVENTORIED_NOT_IMPLEMENTED	REVIEW_REQUIRED
0102	BDOS-CON-003-P0102	1.0.0	OR-0102	1.0.0	BDOS-CON-003	CONSTEST.COM	CON-052	Function 1 echo participates in active printer echo	REQUIRED	generic CP/M 2.2 baseline	MEM-001; BIOS-001 as applicable	CPM22-BASE	INTERACTIVE	console transcript and operator input where required	INVENTORIED_NOT_IMPLEMENTED	REVIEW_REQUIRED
0103	BDOS-CON-003-P0103	1.0.0	OR-0103	1.0.0	BDOS-CON-003	CONSTEST.COM	CON-053	Function-1 Ctrl-P printer-echo state change	PROFILE REQUIRED	the DRI formatted-console profile	MEM-001; BIOS-001 as applicable	DRI-CONSOLE	INTERACTIVE	console transcript and operator input where required	INVENTORIED_NOT_IMPLEMENTED	REVIEW_REQUIRED
0104	BDOS-CON-003-P0104	1.0.0	OR-0104	1.0.0	BDOS-CON-003	CONSTEST.COM	CON-054	Function 1 consumes function-11-retained input	PROFILE REQUIRED	the DRI formatted-console profile	MEM-001; BIOS-001 as applicable	DRI-CONSOLE	INTERACTIVE	console transcript and operator input where required	INVENTORIED_NOT_IMPLEMENTED	REVIEW_REQUIRED
0105	BDOS-CON-004-P0105	1.0.0	OR-0105	1.0.0	BDOS-CON-004	CONSTEST.COM	CON-055	DRI private function-1 implementation details	OUTSIDE SCOPE	generic CP/M 2.2 compatibility claim	MEM-001; BIOS-001 as applicable	CPM22-BASE	INTERACTIVE	console transcript and operator input where required	INVENTORIED_NOT_IMPLEMENTED	REVIEW_REQUIRED
0106	BDOS-CON-004-P0106	1.0.0	OR-0106	1.0.0	BDOS-CON-004	CONSTEST.COM	CON-056	Function 10 selector and buffer address	REQUIRED	generic CP/M 2.2 baseline	MEM-001; BIOS-001 as applicable	CPM22-BASE	INTERACTIVE	console transcript and operator input where required	INVENTORIED_NOT_IMPLEMENTED	REVIEW_REQUIRED
0107	BDOS-CON-004-P0107	1.0.0	OR-0107	1.0.0	BDOS-CON-004	CONSTEST.COM	CON-057	Function 10 maximum byte	REQUIRED	generic CP/M 2.2 baseline	MEM-001; BIOS-001 as applicable	CPM22-BASE	INTERACTIVE	console transcript and operator input where required	INVENTORIED_NOT_IMPLEMENTED	REVIEW_REQUIRED
0108	BDOS-CON-004-P0108	1.0.0	OR-0108	1.0.0	BDOS-CON-004	CONSTEST.COM	CON-058	Function 10 returned count	REQUIRED	generic CP/M 2.2 baseline	MEM-001; BIOS-001 as applicable	CPM22-BASE	INTERACTIVE	console transcript and operator input where required	INVENTORIED_NOT_IMPLEMENTED	REVIEW_REQUIRED
0109	BDOS-CON-004-P0109	1.0.0	OR-0109	1.0.0	BDOS-CON-004	CONSTEST.COM	CON-059	Function 10 returned data location	REQUIRED	generic CP/M 2.2 baseline	MEM-001; BIOS-001 as applicable	CPM22-BASE	INTERACTIVE	console transcript and operator input where required	INVENTORIED_NOT_IMPLEMENTED	REVIEW_REQUIRED
0110	BDOS-CON-004-P0110	1.0.0	OR-0110	1.0.0	BDOS-CON-004	CONSTEST.COM	CON-060	Bytes beyond function-10 returned count	NOT GUARANTEED	generic CP/M 2.2 baseline	MEM-001; BIOS-001 as applicable	CPM22-BASE	INTERACTIVE	console transcript and operator input where required	INVENTORIED_NOT_IMPLEMENTED	REVIEW_REQUIRED
0111	BDOS-CON-004-P0111	1.0.0	OR-0111	1.0.0	BDOS-CON-004	CONSTEST.COM	CON-061	Function 10 CR termination	REQUIRED	generic CP/M 2.2 baseline	MEM-001; BIOS-001 as applicable	CPM22-BASE	INTERACTIVE	console transcript and operator input where required	INVENTORIED_NOT_IMPLEMENTED	REVIEW_REQUIRED
0112	BDOS-CON-004-P0112	1.0.0	OR-0112	1.0.0	BDOS-CON-004	CONSTEST.COM	CON-062	Function 10 LF termination	REQUIRED	generic CP/M 2.2 baseline	MEM-001; BIOS-001 as applicable	CPM22-BASE	INTERACTIVE	console transcript and operator input where required	INVENTORIED_NOT_IMPLEMENTED	REVIEW_REQUIRED
0113	BDOS-CON-004-P0113	1.0.0	OR-0113	1.0.0	BDOS-CON-004	CONSTEST.COM	CON-063	Function 10 capacity termination	REQUIRED	generic CP/M 2.2 baseline	MEM-001; BIOS-001 as applicable	CPM22-BASE	INTERACTIVE	console transcript and operator input where required	INVENTORIED_NOT_IMPLEMENTED	REVIEW_REQUIRED
0114	BDOS-CON-004-P0114	1.0.0	OR-0114	1.0.0	BDOS-CON-004	CONSTEST.COM	CON-064	Function 10 ordinary-character storage and echo	REQUIRED	generic CP/M 2.2 baseline	MEM-001; BIOS-001 as applicable	CPM22-BASE	INTERACTIVE	console transcript and operator input where required	INVENTORIED_NOT_IMPLEMENTED	REVIEW_REQUIRED
0115	BDOS-CON-004-P0115	1.0.0	OR-0115	1.0.0	BDOS-CON-004	CONSTEST.COM	CON-065	Function 10 backspace editing	REQUIRED	generic CP/M 2.2 baseline	MEM-001; BIOS-001 as applicable	CPM22-BASE	INTERACTIVE	console transcript and operator input where required	INVENTORIED_NOT_IMPLEMENTED	REVIEW_REQUIRED
0116	BDOS-CON-004-P0116	1.0.0	OR-0116	1.0.0	BDOS-CON-004	CONSTEST.COM	CON-066	Function 10 DEL editing	REQUIRED	generic CP/M 2.2 baseline	MEM-001; BIOS-001 as applicable	CPM22-BASE	INTERACTIVE	console transcript and operator input where required	INVENTORIED_NOT_IMPLEMENTED	REVIEW_REQUIRED
0117	BDOS-CON-004-P0117	1.0.0	OR-0117	1.0.0	BDOS-CON-004	CONSTEST.COM	CON-067	Function 10 initial Ctrl-C warm restart	REQUIRED	generic CP/M 2.2 baseline	MEM-001; BIOS-001 as applicable	CPM22-BASE	INTERACTIVE	console transcript and operator input where required	INVENTORIED_NOT_IMPLEMENTED	REVIEW_REQUIRED
0118	BDOS-CON-004-P0118	1.0.0	OR-0118	1.0.0	BDOS-CON-004	CONSTEST.COM	CON-068	Function 10 Ctrl-E line continuation	REQUIRED	generic CP/M 2.2 baseline	MEM-001; BIOS-001 as applicable	CPM22-BASE	INTERACTIVE	console transcript and operator input where required	INVENTORIED_NOT_IMPLEMENTED	REVIEW_REQUIRED
0119	BDOS-CON-004-P0119	1.0.0	OR-0119	1.0.0	BDOS-CON-004	CONSTEST.COM	CON-069	Function 10 Ctrl-R redisplay	REQUIRED	generic CP/M 2.2 baseline	MEM-001; BIOS-001 as applicable	CPM22-BASE	INTERACTIVE	console transcript and operator input where required	INVENTORIED_NOT_IMPLEMENTED	REVIEW_REQUIRED
0120	BDOS-CON-004-P0120	1.0.0	OR-0120	1.0.0	BDOS-CON-004	CONSTEST.COM	CON-070	Function 10 Ctrl-U line deletion	REQUIRED	generic CP/M 2.2 baseline	MEM-001; BIOS-001 as applicable	CPM22-BASE	INTERACTIVE	console transcript and operator input where required	INVENTORIED_NOT_IMPLEMENTED	REVIEW_REQUIRED
0121	BDOS-CON-004-P0121	1.0.0	OR-0121	1.0.0	BDOS-CON-004	CONSTEST.COM	CON-071	Function 10 Ctrl-X line deletion	REQUIRED	generic CP/M 2.2 baseline	MEM-001; BIOS-001 as applicable	CPM22-BASE	INTERACTIVE	console transcript and operator input where required	INVENTORIED_NOT_IMPLEMENTED	REVIEW_REQUIRED
0122	BDOS-CON-004-P0122	1.0.0	OR-0122	1.0.0	BDOS-CON-004	CONSTEST.COM	CON-072	Function 10 starting-column-relative editing	REQUIRED	generic CP/M 2.2 baseline	MEM-001; BIOS-001 as applicable	CPM22-BASE	INTERACTIVE	console transcript and operator input where required	INVENTORIED_NOT_IMPLEMENTED	REVIEW_REQUIRED
0123	BDOS-CON-004-P0123	1.0.0	OR-0123	1.0.0	BDOS-CON-004	CONSTEST.COM	CON-073	Function 10 stores no line terminator	REQUIRED	generic CP/M 2.2 baseline	MEM-001; BIOS-001 as applicable	CPM22-BASE	INTERACTIVE	console transcript and operator input where required	INVENTORIED_NOT_IMPLEMENTED	REVIEW_REQUIRED
0124	BDOS-CON-004-P0124	1.0.0	OR-0124	1.0.0	BDOS-CON-004	CONSTEST.COM	CON-074	Function 10 has no function-specific register result	NOT GUARANTEED	generic CP/M 2.2 baseline	MEM-001; BIOS-001 as applicable	CPM22-BASE	INTERACTIVE	console transcript and operator input where required	INVENTORIED_NOT_IMPLEMENTED	REVIEW_REQUIRED
0125	BDOS-CON-004-P0125	1.0.0	OR-0125	1.0.0	BDOS-CON-004	CONSTEST.COM	CON-075	Function 10 Ctrl-P exclusion and printer-echo toggle	PROFILE REQUIRED	the DRI line-editor profile	MEM-001; BIOS-001 as applicable	DRI-LINE	INTERACTIVE	console transcript and operator input where required	INVENTORIED_NOT_IMPLEMENTED	REVIEW_REQUIRED
0126	BDOS-CON-004-P0126	1.0.0	OR-0126	1.0.0	BDOS-CON-004	CONSTEST.COM	CON-076	Function 10 post-Ctrl-P echo state	PROFILE REQUIRED	the DRI line-editor profile	MEM-001; BIOS-001 as applicable	DRI-LINE	INTERACTIVE	console transcript and operator input where required	INVENTORIED_NOT_IMPLEMENTED	REVIEW_REQUIRED
0127	BDOS-CON-004-P0127	1.0.0	OR-0127	1.0.0	BDOS-CON-004	CONSTEST.COM	CON-077	Function 10 seven-bit input masking	PROFILE REQUIRED	the DRI line-editor profile	MEM-001; BIOS-001 as applicable	DRI-LINE	INTERACTIVE	console transcript and operator input where required	INVENTORIED_NOT_IMPLEMENTED	REVIEW_REQUIRED
0128	BDOS-CON-004-P0128	1.0.0	OR-0128	1.0.0	BDOS-CON-004	CONSTEST.COM	CON-078	Function 10 exact correction-display bytes	PROFILE REQUIRED	the DRI line-editor presentation profile	MEM-001; BIOS-001 as applicable	DRI-LINE-PRES	INTERACTIVE	console transcript and operator input where required	INVENTORIED_NOT_IMPLEMENTED	REVIEW_REQUIRED
0129	BDOS-CON-004-P0129	1.0.0	OR-0129	1.0.0	BDOS-CON-004	CONSTEST.COM	CON-079	Function 10 noninitial Ctrl-C behavior	PROFILE REQUIRED	the DRI line-editor profile	MEM-001; BIOS-001 as applicable	DRI-LINE	INTERACTIVE	console transcript and operator input where required	INVENTORIED_NOT_IMPLEMENTED	REVIEW_REQUIRED
0130	BDOS-CON-004-P0130	1.0.0	OR-0130	1.0.0	BDOS-CON-004	CONSTEST.COM	CON-080	DRI private function-10 editor organization	OUTSIDE SCOPE	generic CP/M 2.2 compatibility claim	MEM-001; BIOS-001 as applicable	CPM22-BASE	INTERACTIVE	console transcript and operator input where required	INVENTORIED_NOT_IMPLEMENTED	REVIEW_REQUIRED
0131	BDOS-STATE-002-P0131	1.0.0	OR-0131	1.0.0	BDOS-STATE-002	BDOSTEST.COM	BDO-018	DRI function-10 zero common result	OUTSIDE SCOPE	generic CP/M 2.2 compatibility claim	MEM-001; BIOS-001 as applicable	CPM22-BASE	SAFE_READ_ONLY	none beyond runnable CP/M environment	INVENTORIED_NOT_IMPLEMENTED	REVIEW_REQUIRED
0132	BDOS-STATE-002-P0132	1.0.0	OR-0132	1.0.0	BDOS-STATE-002	BDOSTEST.COM	BDO-019	Function 13 selector	REQUIRED	generic CP/M 2.2 baseline	MEM-001; BIOS-001 as applicable	CPM22-BASE	SAFE_READ_ONLY	none beyond runnable CP/M environment	INVENTORIED_NOT_IMPLEMENTED	REVIEW_REQUIRED
0133	BDOS-STATE-002-P0133	1.0.0	OR-0133	1.0.0	BDOS-STATE-002	BDOSTEST.COM	BDO-020	Function 13 read/write reset	REQUIRED	generic CP/M 2.2 baseline	MEM-001; BIOS-001 as applicable	CPM22-BASE	SAFE_READ_ONLY	none beyond runnable CP/M environment	INVENTORIED_NOT_IMPLEMENTED	REVIEW_REQUIRED
0134	BDOS-STATE-002-P0134	1.0.0	OR-0134	1.0.0	BDOS-STATE-002	BDOSTEST.COM	BDO-021	Function 13 selects drive A	REQUIRED	generic CP/M 2.2 baseline	MEM-001; BIOS-001 as applicable	CPM22-BASE	SAFE_READ_ONLY	none beyond runnable CP/M environment	INVENTORIED_NOT_IMPLEMENTED	REVIEW_REQUIRED
0135	BDOS-STATE-002-P0135	1.0.0	OR-0135	1.0.0	BDOS-STATE-002	BDOSTEST.COM	BDO-022	Function 13 restores default DMA	REQUIRED	generic CP/M 2.2 baseline	MEM-001; BIOS-001 as applicable	CPM22-BASE	TEMP_FILES	designated writable scratch drive and reserved filenames	INVENTORIED_NOT_IMPLEMENTED	REVIEW_REQUIRED
0136	BDOS-STATE-002-P0136	1.0.0	OR-0136	1.0.0	BDOS-STATE-002	BDOSTEST.COM	BDO-023	Function 13 resets login vector	REQUIRED	generic CP/M 2.2 baseline	MEM-001; BIOS-001 as applicable	CPM22-BASE	SAFE_READ_ONLY	none beyond runnable CP/M environment	INVENTORIED_NOT_IMPLEMENTED	REVIEW_REQUIRED
0137	BDOS-STATE-002-P0137	1.0.0	OR-0137	1.0.0	BDOS-STATE-002	BDOSTEST.COM	BDO-024	Function 13 function-specific result	NOT GUARANTEED	generic CP/M 2.2 baseline	MEM-001; BIOS-001 as applicable	CPM22-BASE	SAFE_READ_ONLY	none beyond runnable CP/M environment	INVENTORIED_NOT_IMPLEMENTED	REVIEW_REQUIRED
0138	BDOS-STATE-002-P0138	1.0.0	OR-0138	1.0.0	BDOS-STATE-002	BDOSTEST.COM	BDO-025	Function 14 selector	REQUIRED	generic CP/M 2.2 baseline	MEM-001; BIOS-001 as applicable	CPM22-BASE	SAFE_READ_ONLY	none beyond runnable CP/M environment	INVENTORIED_NOT_IMPLEMENTED	REVIEW_REQUIRED
0139	BDOS-STATE-002-P0139	1.0.0	OR-0139	1.0.0	BDOS-STATE-002	BDOSTEST.COM	BDO-026	Function 14 drive numbering	REQUIRED	generic CP/M 2.2 baseline	MEM-001; BIOS-001 as applicable	CPM22-BASE	SAFE_READ_ONLY	none beyond runnable CP/M environment	INVENTORIED_NOT_IMPLEMENTED	REVIEW_REQUIRED
0140	BDOS-STATE-002-P0140	1.0.0	OR-0140	1.0.0	BDOS-STATE-002	BDOSTEST.COM	BDO-027	Function 14 changes current disk	REQUIRED	generic CP/M 2.2 baseline	MEM-001; BIOS-001 as applicable	CPM22-BASE	SAFE_READ_ONLY	none beyond runnable CP/M environment	INVENTORIED_NOT_IMPLEMENTED	REVIEW_REQUIRED
0141	BDOS-STATE-002-P0141	1.0.0	OR-0141	1.0.0	BDOS-STATE-002	BDOSTEST.COM	BDO-028	Function 14 logs selected drive	REQUIRED	generic CP/M 2.2 baseline	MEM-001; BIOS-001 as applicable	CPM22-BASE	SAFE_READ_ONLY	none beyond runnable CP/M environment	INVENTORIED_NOT_IMPLEMENTED	REVIEW_REQUIRED
0142	BDOS-STATE-002-P0142	1.0.0	OR-0142	1.0.0	BDOS-STATE-002	BDOSTEST.COM	BDO-029	Login vector is cumulative	REQUIRED	generic CP/M 2.2 baseline	MEM-001; BIOS-001 as applicable	CPM22-BASE	SAFE_READ_ONLY	none beyond runnable CP/M environment	INVENTORIED_NOT_IMPLEMENTED	REVIEW_REQUIRED
0143	BDOS-STATE-002-P0143	1.0.0	OR-0143	1.0.0	BDOS-STATE-002	BDOSTEST.COM	BDO-030	Standard media-change read-only behavior	REQUIRED	generic CP/M 2.2 baseline	MEM-001; BIOS-001 as applicable	CPM22-BASE	SCRATCH_DESTRUCTIVE	dedicated restorable scratch disk	INVENTORIED_NOT_IMPLEMENTED	REVIEW_REQUIRED
0144	BDOS-STATE-002-P0144	1.0.0	OR-0144	1.0.0	BDOS-STATE-002	BDOSTEST.COM	BDO-031	FCB drive code zero uses current disk	REQUIRED	generic CP/M 2.2 baseline	MEM-001; BIOS-001 as applicable	CPM22-BASE	TEMP_FILES	designated writable scratch drive and reserved filenames	INVENTORIED_NOT_IMPLEMENTED	REVIEW_REQUIRED
0145	BDOS-STATE-002-P0145	1.0.0	OR-0145	1.0.0	BDOS-STATE-002	BDOSTEST.COM	BDO-032	Explicit FCB drive selection	REQUIRED	generic CP/M 2.2 baseline	MEM-001; BIOS-001 as applicable	CPM22-BASE	TEMP_FILES	designated writable scratch drive and reserved filenames	INVENTORIED_NOT_IMPLEMENTED	REVIEW_REQUIRED
0146	BDOS-STATE-002-P0146	1.0.0	OR-0146	1.0.0	BDOS-STATE-002	BDOSTEST.COM	BDO-033	Explicit FCB selection does not permanently change current disk	REQUIRED	generic CP/M 2.2 baseline	MEM-001; BIOS-001 as applicable	CPM22-BASE	TEMP_FILES	designated writable scratch drive and reserved filenames	INVENTORIED_NOT_IMPLEMENTED	REVIEW_REQUIRED
0147	BDOS-STATE-002-P0147	1.0.0	OR-0147	1.0.0	BDOS-STATE-002	BDOSTEST.COM	BDO-034	Function 24 login vector result	REQUIRED	generic CP/M 2.2 baseline	MEM-001; BIOS-001 as applicable	CPM22-BASE	SAFE_READ_ONLY	none beyond runnable CP/M environment	INVENTORIED_NOT_IMPLEMENTED	REVIEW_REQUIRED
0148	BDOS-STATE-002-P0148	1.0.0	OR-0148	1.0.0	BDOS-STATE-002	BDOSTEST.COM	BDO-035	Login vector bit mapping	REQUIRED	generic CP/M 2.2 baseline	MEM-001; BIOS-001 as applicable	CPM22-BASE	SAFE_READ_ONLY	none beyond runnable CP/M environment	INVENTORIED_NOT_IMPLEMENTED	REVIEW_REQUIRED
0149	BDOS-STATE-002-P0149	1.0.0	OR-0149	1.0.0	BDOS-STATE-002	BDOSTEST.COM	BDO-036	Login bit meaning	REQUIRED	generic CP/M 2.2 baseline	MEM-001; BIOS-001 as applicable	CPM22-BASE	SAFE_READ_ONLY	none beyond runnable CP/M environment	INVENTORIED_NOT_IMPLEMENTED	REVIEW_REQUIRED
0150	BDOS-STATE-002-P0150	1.0.0	OR-0150	1.0.0	BDOS-STATE-002	BDOSTEST.COM	BDO-037	Function 25 current disk result	REQUIRED	generic CP/M 2.2 baseline	MEM-001; BIOS-001 as applicable	CPM22-BASE	SAFE_READ_ONLY	none beyond runnable CP/M environment	INVENTORIED_NOT_IMPLEMENTED	REVIEW_REQUIRED
0151	BDOS-STATE-002-P0151	1.0.0	OR-0151	1.0.0	BDOS-STATE-002	BDOSTEST.COM	BDO-038	Function 14 invalid-drive result	NOT GUARANTEED	generic CP/M 2.2 baseline	MEM-001; BIOS-001 as applicable	CPM22-BASE	SAFE_READ_ONLY	none beyond runnable CP/M environment	INVENTORIED_NOT_IMPLEMENTED	REVIEW_REQUIRED
0152	BDOS-STATE-002-P0152	1.0.0	OR-0152	1.0.0	BDOS-STATE-002	BDOSTEST.COM	BDO-039	Function 13/14 synchronization of page-zero 0004h	OUTSIDE SCOPE	generic CP/M 2.2 compatibility claim	MEM-001; BIOS-001 as applicable	CPM22-BASE	SAFE_READ_ONLY	none beyond runnable CP/M environment	INVENTORIED_NOT_IMPLEMENTED	REVIEW_REQUIRED
0153	BDOS-STATE-002-P0153	1.0.0	OR-0153	1.0.0	BDOS-STATE-002	BDOSTEST.COM	BDO-040	DRI private disk-state implementation	OUTSIDE SCOPE	generic CP/M 2.2 compatibility claim	MEM-001; BIOS-001 as applicable	CPM22-BASE	SAFE_READ_ONLY	none beyond runnable CP/M environment	INVENTORIED_NOT_IMPLEMENTED	REVIEW_REQUIRED
0154	BDOS-STATE-002-P0154	1.0.0	OR-0154	1.0.0	BDOS-STATE-002	BDOSTEST.COM	BDO-041	Unavailable-drive presentation	PROFILE REQUIRED	the Interactive DRI error profile	MEM-001; BIOS-001 as applicable	DRI-ERROR-INT	INTERACTIVE	console transcript and operator input where required	INVENTORIED_NOT_IMPLEMENTED	REVIEW_REQUIRED
0155	BDOS-FILE-001-P0155	1.0.0	OR-0155	1.0.0	BDOS-FILE-001	DISKTEST.COM	DIS-001	Function 13 user-number preservation	REQUIRED	generic CP/M 2.2 baseline	BDOS-CALL-001; BDOS-STATE-003; BIOS-004/006 as applicable	CPM22-BASE	TEMP_FILES	designated writable scratch drive and reserved filenames	INVENTORIED_NOT_IMPLEMENTED	REVIEW_REQUIRED
0156	BDOS-FILE-002-P0156	1.0.0	OR-0156	1.0.0	BDOS-FILE-002	FILETEST.COM	FIL-001	A sequential FCB occupies bytes 0-32 (33 bytes).	REQUIRED	generic CP/M 2.2 baseline	BDOS-CALL-001; BDOS-STATE-003; BIOS-004/006 as applicable	CPM22-BASE	TEMP_FILES	designated writable scratch drive and reserved filenames	INVENTORIED_NOT_IMPLEMENTED	REVIEW_REQUIRED
0157	BDOS-FILE-001-P0157	1.0.0	OR-0157	1.0.0	BDOS-FILE-001	FILETEST.COM	FIL-002	A random-access FCB adds random-record bytes 33-35.	REQUIRED	generic CP/M 2.2 baseline	BDOS-CALL-001; BDOS-STATE-003; BIOS-004/006 as applicable	CPM22-BASE	TEMP_FILES	designated writable scratch drive and reserved filenames	INVENTORIED_NOT_IMPLEMENTED	REVIEW_REQUIRED
0158	BDOS-FILE-002-P0158	1.0.0	OR-0158	1.0.0	BDOS-FILE-002	FILETEST.COM	FIL-003	FCB byte 0 uses 0 for current default and 1-16 for explicit A-P selection.	REQUIRED	generic CP/M 2.2 baseline	BDOS-CALL-001; BDOS-STATE-003; BIOS-004/006 as applicable	CPM22-BASE	TEMP_FILES	designated writable scratch drive and reserved filenames	INVENTORIED_NOT_IMPLEMENTED	REVIEW_REQUIRED
0159	BDOS-FILE-001-P0159	1.0.0	OR-0159	1.0.0	BDOS-FILE-001	FILETEST.COM	FIL-004	FCB bytes 1-8 contain an uppercase, high-bit-clear, blank-padded filename.	REQUIRED	generic CP/M 2.2 baseline	BDOS-CALL-001; BDOS-STATE-003; BIOS-004/006 as applicable	CPM22-BASE	TEMP_FILES	designated writable scratch drive and reserved filenames	INVENTORIED_NOT_IMPLEMENTED	REVIEW_REQUIRED
0160	BDOS-FILE-002-P0160	1.0.0	OR-0160	1.0.0	BDOS-FILE-002	FILETEST.COM	FIL-005	FCB bytes 9-11 contain the uppercase file type.	REQUIRED	generic CP/M 2.2 baseline	BDOS-CALL-001; BDOS-STATE-003; BIOS-004/006 as applicable	CPM22-BASE	TEMP_FILES	designated writable scratch drive and reserved filenames	INVENTORIED_NOT_IMPLEMENTED	REVIEW_REQUIRED
0161	BDOS-FILE-001-P0161	1.0.0	OR-0161	1.0.0	BDOS-FILE-001	FILETEST.COM	FIL-006	High bits of type bytes 9-11 carry the documented read-only, system, and reserved attributes.	REQUIRED	generic CP/M 2.2 baseline	BDOS-CALL-001; BDOS-STATE-003; BIOS-004/006 as applicable	CPM22-BASE	SCRATCH_DESTRUCTIVE	dedicated restorable scratch disk	INVENTORIED_NOT_IMPLEMENTED	REVIEW_REQUIRED
0162	BDOS-FILE-002-P0162	1.0.0	OR-0162	1.0.0	BDOS-FILE-002	FILETEST.COM	FIL-007	FCB byte 12 is current extent, normally caller-initialized to zero and ranging 0-31 during I/O.	REQUIRED	generic CP/M 2.2 baseline	BDOS-CALL-001; BDOS-STATE-003; BIOS-004/006 as applicable	CPM22-BASE	TEMP_FILES	designated writable scratch drive and reserved filenames	INVENTORIED_NOT_IMPLEMENTED	REVIEW_REQUIRED
0163	BDOS-FILE-001-P0163	1.0.0	OR-0163	1.0.0	BDOS-FILE-001	FILETEST.COM	FIL-008	FCB byte 13 is reserved for system use; applications have no portable literal-content guarantee.	NOT GUARANTEED	generic CP/M 2.2 baseline	BDOS-CALL-001; BDOS-STATE-003; BIOS-004/006 as applicable	CPM22-BASE	TEMP_FILES	designated writable scratch drive and reserved filenames	INVENTORIED_NOT_IMPLEMENTED	REVIEW_REQUIRED
0164	BDOS-FILE-002-P0164	1.0.0	OR-0164	1.0.0	BDOS-FILE-002	FILETEST.COM	FIL-009	FCB byte 14 is reserved for system use and supplied as zero on OPEN, MAKE, and SEARCH calls.	REQUIRED	generic CP/M 2.2 baseline	BDOS-CALL-001; BDOS-STATE-003; BIOS-004/006 as applicable	CPM22-BASE	TEMP_FILES	designated writable scratch drive and reserved filenames	INVENTORIED_NOT_IMPLEMENTED	REVIEW_REQUIRED
0165	BDOS-FILE-001-P0165	1.0.0	OR-0165	1.0.0	BDOS-FILE-001	FILETEST.COM	FIL-010	FCB byte 15 holds extent record count in the range 0-128.	REQUIRED	generic CP/M 2.2 baseline	BDOS-CALL-001; BDOS-STATE-003; BIOS-004/006 as applicable	CPM22-BASE	TEMP_FILES	designated writable scratch drive and reserved filenames	INVENTORIED_NOT_IMPLEMENTED	REVIEW_REQUIRED
0166	BDOS-FILE-002-P0166	1.0.0	OR-0166	1.0.0	BDOS-FILE-002	FILETEST.COM	FIL-011	FCB bytes 16-31 hold CP/M-supplied allocation state reserved for system use.	REQUIRED	generic CP/M 2.2 baseline	BDOS-CALL-001; BDOS-STATE-003; BIOS-004/006 as applicable	CPM22-BASE	SCRATCH_DESTRUCTIVE	dedicated restorable scratch disk	INVENTORIED_NOT_IMPLEMENTED	REVIEW_REQUIRED
0167	BDOS-FILE-001-P0167	1.0.0	OR-0167	1.0.0	BDOS-FILE-001	FILETEST.COM	FIL-012	FCB byte 32 holds the sequential current record 0-127 and is normally initialized by the caller.	REQUIRED	generic CP/M 2.2 baseline	BDOS-CALL-001; BDOS-STATE-003; BIOS-004/006 as applicable	CPM22-BASE	TEMP_FILES	designated writable scratch drive and reserved filenames	INVENTORIED_NOT_IMPLEMENTED	REVIEW_REQUIRED
0168	BDOS-FILE-002-P0168	1.0.0	OR-0168	1.0.0	BDOS-FILE-002	FILETEST.COM	FIL-013	Function 15 is selected by C=0Fh and takes the FCB address in DE.	REQUIRED	generic CP/M 2.2 baseline	BDOS-CALL-001; BDOS-STATE-003; BIOS-004/006 as applicable	CPM22-BASE	TEMP_FILES	designated writable scratch drive and reserved filenames	INVENTORIED_NOT_IMPLEMENTED	REVIEW_REQUIRED
0169	BDOS-FILE-001-P0169	1.0.0	OR-0169	1.0.0	BDOS-FILE-001	FILETEST.COM	FIL-014	Function 15 opens an existing file for the current user on the FCB-selected drive.	REQUIRED	generic CP/M 2.2 baseline	BDOS-CALL-001; BDOS-STATE-003; BIOS-004/006 as applicable	CPM22-BASE	TEMP_FILES	designated writable scratch drive and reserved filenames	INVENTORIED_NOT_IMPLEMENTED	REVIEW_REQUIRED
0170	BDOS-FILE-002-P0170	1.0.0	OR-0170	1.0.0	BDOS-FILE-002	FILETEST.COM	FIL-015	Successful function 15 returns a directory code 0-3 in A.	REQUIRED	generic CP/M 2.2 baseline	BDOS-CALL-001; BDOS-STATE-003; BIOS-004/006 as applicable	CPM22-BASE	TEMP_FILES	designated writable scratch drive and reserved filenames	INVENTORIED_NOT_IMPLEMENTED	REVIEW_REQUIRED
0171	BDOS-FILE-001-P0171	1.0.0	OR-0171	1.0.0	BDOS-FILE-001	FILETEST.COM	FIL-016	Function 15 returns FFh in A when no matching file exists.	REQUIRED	generic CP/M 2.2 baseline	BDOS-CALL-001; BDOS-STATE-003; BIOS-004/006 as applicable	CPM22-BASE	TEMP_FILES	designated writable scratch drive and reserved filenames	INVENTORIED_NOT_IMPLEMENTED	REVIEW_REQUIRED
0172	BDOS-FILE-002-P0172	1.0.0	OR-0172	1.0.0	BDOS-FILE-002	FILETEST.COM	FIL-017	Successful open supplies directory/allocation information in the FCB for later file I/O.	REQUIRED	generic CP/M 2.2 baseline	BDOS-CALL-001; BDOS-STATE-003; BIOS-004/006 as applicable	CPM22-BASE	SCRATCH_DESTRUCTIVE	dedicated restorable scratch disk	INVENTORIED_NOT_IMPLEMENTED	REVIEW_REQUIRED
0173	BDOS-FILE-001-P0173	1.0.0	OR-0173	1.0.0	BDOS-FILE-001	FILETEST.COM	FIL-018	Existing files must be successfully opened before read/write access.	REQUIRED	generic CP/M 2.2 baseline	BDOS-CALL-001; BDOS-STATE-003; BIOS-004/006 as applicable	CPM22-BASE	TEMP_FILES	designated writable scratch drive and reserved filenames	INVENTORIED_NOT_IMPLEMENTED	REVIEW_REQUIRED
0174	BDOS-FILE-002-P0174	1.0.0	OR-0174	1.0.0	BDOS-FILE-002	FILETEST.COM	FIL-019	? wildcards in open identity fields match corresponding directory characters.	REQUIRED	generic CP/M 2.2 baseline	BDOS-CALL-001; BDOS-STATE-003; BIOS-004/006 as applicable	CPM22-BASE	TEMP_FILES	designated writable scratch drive and reserved filenames	INVENTORIED_NOT_IMPLEMENTED	REVIEW_REQUIRED
0175	BDOS-FILE-001-P0175	1.0.0	OR-0175	1.0.0	BDOS-FILE-001	FILETEST.COM	FIL-020	Wildcard open activates the first matching FCB rather than enumerating all matches.	REQUIRED	generic CP/M 2.2 baseline	BDOS-CALL-001; BDOS-STATE-003; BIOS-004/006 as applicable	CPM22-BASE	TEMP_FILES	designated writable scratch drive and reserved filenames	INVENTORIED_NOT_IMPLEMENTED	REVIEW_REQUIRED
0176	BDOS-FILE-002-P0176	1.0.0	OR-0176	1.0.0	BDOS-FILE-002	FILETEST.COM	FIL-021	For sequential access from the beginning, the caller sets CR to zero; open need not do so.	REQUIRED	generic CP/M 2.2 baseline	BDOS-CALL-001; BDOS-STATE-003; BIOS-004/006 as applicable	CPM22-BASE	TEMP_FILES	designated writable scratch drive and reserved filenames	INVENTORIED_NOT_IMPLEMENTED	REVIEW_REQUIRED
0177	BDOS-FILE-001-P0177	1.0.0	OR-0177	1.0.0	BDOS-FILE-001	FILETEST.COM	FIL-022	Function 16 is selected by C=10h and takes an activated FCB address in DE.	REQUIRED	generic CP/M 2.2 baseline	BDOS-CALL-001; BDOS-STATE-003; BIOS-004/006 as applicable	CPM22-BASE	TEMP_FILES	designated writable scratch drive and reserved filenames	INVENTORIED_NOT_IMPLEMENTED	REVIEW_REQUIRED
0178	BDOS-FILE-002-P0178	1.0.0	OR-0178	1.0.0	BDOS-FILE-002	FILETEST.COM	FIL-023	Close after writes permanently records compatible new FCB directory information.	REQUIRED	generic CP/M 2.2 baseline	BDOS-CALL-001; BDOS-STATE-003; BIOS-004/006 as applicable	CPM22-BASE	TEMP_FILES	designated writable scratch drive and reserved filenames	INVENTORIED_NOT_IMPLEMENTED	REVIEW_REQUIRED
0179	BDOS-FILE-001-P0179	1.0.0	OR-0179	1.0.0	BDOS-FILE-001	FILETEST.COM	FIL-024	A file used only for reads need not be closed.	REQUIRED	generic CP/M 2.2 baseline	BDOS-CALL-001; BDOS-STATE-003; BIOS-004/006 as applicable	CPM22-BASE	TEMP_FILES	designated writable scratch drive and reserved filenames	INVENTORIED_NOT_IMPLEMENTED	REVIEW_REQUIRED
0180	BDOS-FILE-002-P0180	1.0.0	OR-0180	1.0.0	BDOS-FILE-002	FILETEST.COM	FIL-025	Successful close returns a directory code 0-3 in A.	REQUIRED	generic CP/M 2.2 baseline	BDOS-CALL-001; BDOS-STATE-003; BIOS-004/006 as applicable	CPM22-BASE	TEMP_FILES	designated writable scratch drive and reserved filenames	INVENTORIED_NOT_IMPLEMENTED	REVIEW_REQUIRED
0181	BDOS-FILE-001-P0181	1.0.0	OR-0181	1.0.0	BDOS-FILE-001	FILETEST.COM	FIL-026	Close returns FFh when the FCB filename cannot be found.	REQUIRED	generic CP/M 2.2 baseline	BDOS-CALL-001; BDOS-STATE-003; BIOS-004/006 as applicable	CPM22-BASE	TEMP_FILES	designated writable scratch drive and reserved filenames	INVENTORIED_NOT_IMPLEMENTED	REVIEW_REQUIRED
0182	BDOS-FILE-002-P0182	1.0.0	OR-0182	1.0.0	BDOS-FILE-002	FILETEST.COM	FIL-027	FCB allocation-map representation is disk-format-dependent and has no universal application-owned encoding.	NOT GUARANTEED	generic CP/M 2.2 baseline	BDOS-CALL-001; BDOS-STATE-003; BIOS-004/006 as applicable	CPM22-BASE	INTERACTIVE	console transcript and operator input where required	INVENTORIED_NOT_IMPLEMENTED	REVIEW_REQUIRED
0183	BDOS-FILE-001-P0183	1.0.0	OR-0183	1.0.0	BDOS-FILE-001	FILETEST.COM	FIL-028	Exact FCB bytes after failed Open, except for separately documented effects, are not guaranteed. Policy resolution: The exact behavior described above is not guaranteed by generic BetterCP/M CP/M 2.2 compatibility. Portable software shall not depend on it.	NOT GUARANTEED	generic CP/M 2.2 baseline	BDOS-CALL-001; BDOS-STATE-003; BIOS-004/006 as applicable	CPM22-BASE	TEMP_FILES	designated writable scratch drive and reserved filenames	INVENTORIED_NOT_IMPLEMENTED	REVIEW_REQUIRED
0184	BDOS-FILE-002-P0184	1.0.0	OR-0184	1.0.0	BDOS-FILE-002	FILETEST.COM	FIL-029	DRI's high-S2 no-write/dirty flag representation is private.	OUTSIDE SCOPE	generic CP/M 2.2 compatibility claim	BDOS-CALL-001; BDOS-STATE-003; BIOS-004/006 as applicable	CPM22-BASE	INTERACTIVE	console transcript and operator input where required	INVENTORIED_NOT_IMPLEMENTED	REVIEW_REQUIRED
0185	BDOS-FILE-001-P0185	1.0.0	OR-0185	1.0.0	BDOS-FILE-001	FILETEST.COM	FIL-030	DRI's exact zero result for unnecessary close after read-only access is not required.	OUTSIDE SCOPE	generic CP/M 2.2 compatibility claim	BDOS-CALL-001; BDOS-STATE-003; BIOS-004/006 as applicable	CPM22-BASE	SCRATCH_DESTRUCTIVE	dedicated restorable scratch disk	INVENTORIED_NOT_IMPLEMENTED	REVIEW_REQUIRED
0186	BDOS-FILE-002-P0186	1.0.0	OR-0186	1.0.0	BDOS-FILE-002	FILETEST.COM	FIL-031	DRI's internal open-copy order, search variables, and close map-merge algorithm are private.	OUTSIDE SCOPE	generic CP/M 2.2 compatibility claim	BDOS-CALL-001; BDOS-STATE-003; BIOS-004/006 as applicable	CPM22-BASE	TEMP_FILES	designated writable scratch drive and reserved filenames	INVENTORIED_NOT_IMPLEMENTED	REVIEW_REQUIRED
0187	BDOS-STATE-003-P0187	1.0.0	OR-0187	1.0.0	BDOS-STATE-003	BDOSTEST.COM	BDO-042	Host-tool exact-byte-count data placed in reserved S1 is not a CP/M 2.2 requirement.	OUTSIDE SCOPE	generic CP/M 2.2 compatibility claim	MEM-001; BIOS-001 as applicable	CPM22-BASE	SAFE_READ_ONLY	none beyond runnable CP/M environment	INVENTORIED_NOT_IMPLEMENTED	REVIEW_REQUIRED
0188	BDOS-STATE-003-P0188	1.0.0	OR-0188	1.0.0	BDOS-STATE-003	BDOSTEST.COM	BDO-043	Search First call convention	REQUIRED	generic CP/M 2.2 baseline	MEM-001; BIOS-001 as applicable	CPM22-BASE	SAFE_READ_ONLY	none beyond runnable CP/M environment	INVENTORIED_NOT_IMPLEMENTED	REVIEW_REQUIRED
0189	BDOS-STATE-003-P0189	1.0.0	OR-0189	1.0.0	BDOS-STATE-003	BDOSTEST.COM	BDO-044	Search First initial directory scan position	REQUIRED	generic CP/M 2.2 baseline	MEM-001; BIOS-001 as applicable	CPM22-BASE	TEMP_FILES	designated writable scratch drive and reserved filenames	INVENTORIED_NOT_IMPLEMENTED	REVIEW_REQUIRED
0190	BDOS-STATE-003-P0190	1.0.0	OR-0190	1.0.0	BDOS-STATE-003	BDOSTEST.COM	BDO-045	Search First successful result code	REQUIRED	generic CP/M 2.2 baseline	MEM-001; BIOS-001 as applicable	CPM22-BASE	SAFE_READ_ONLY	none beyond runnable CP/M environment	INVENTORIED_NOT_IMPLEMENTED	REVIEW_REQUIRED
0191	BDOS-STATE-003-P0191	1.0.0	OR-0191	1.0.0	BDOS-STATE-003	BDOSTEST.COM	BDO-046	Search First unsuccessful result code	REQUIRED	generic CP/M 2.2 baseline	MEM-001; BIOS-001 as applicable	CPM22-BASE	SAFE_READ_ONLY	none beyond runnable CP/M environment	INVENTORIED_NOT_IMPLEMENTED	REVIEW_REQUIRED
0192	BDOS-STATE-003-P0192	1.0.0	OR-0192	1.0.0	BDOS-STATE-003	BDOSTEST.COM	BDO-047	Search First DMA record transfer	REQUIRED	generic CP/M 2.2 baseline	MEM-001; BIOS-001 as applicable	CPM22-BASE	TEMP_FILES	designated writable scratch drive and reserved filenames	INVENTORIED_NOT_IMPLEMENTED	REVIEW_REQUIRED
0193	BDOS-STATE-003-P0193	1.0.0	OR-0193	1.0.0	BDOS-STATE-003	BDOSTEST.COM	BDO-048	Search result entry offset	REQUIRED	generic CP/M 2.2 baseline	MEM-001; BIOS-001 as applicable	CPM22-BASE	SAFE_READ_ONLY	none beyond runnable CP/M environment	INVENTORIED_NOT_IMPLEMENTED	REVIEW_REQUIRED
0194	BDOS-STATE-003-P0194	1.0.0	OR-0194	1.0.0	BDOS-STATE-003	BDOSTEST.COM	BDO-049	Search transfer record layout	REQUIRED	generic CP/M 2.2 baseline	MEM-001; BIOS-001 as applicable	CPM22-BASE	SAFE_READ_ONLY	none beyond runnable CP/M environment	INVENTORIED_NOT_IMPLEMENTED	REVIEW_REQUIRED
0195	BDOS-STATE-003-P0195	1.0.0	OR-0195	1.0.0	BDOS-STATE-003	BDOSTEST.COM	BDO-050	Directory entry user number	REQUIRED	generic CP/M 2.2 baseline	MEM-001; BIOS-001 as applicable	CPM22-BASE	TEMP_FILES	designated writable scratch drive and reserved filenames	INVENTORIED_NOT_IMPLEMENTED	REVIEW_REQUIRED
0196	BDOS-FILE-003-P0196	1.0.0	OR-0196	1.0.0	BDOS-FILE-003	DIRTEST.COM	DIR-001	Directory entry FCB field layout	REQUIRED	generic CP/M 2.2 baseline	BDOS-CALL-001; BDOS-STATE-003; BIOS-004/006 as applicable	CPM22-BASE	TEMP_FILES	designated writable scratch drive and reserved filenames	INVENTORIED_NOT_IMPLEMENTED	REVIEW_REQUIRED
0197	BDOS-STATE-003-P0197	1.0.0	OR-0197	1.0.0	BDOS-STATE-003	BDOSTEST.COM	BDO-051	Search wildcard matching	REQUIRED	generic CP/M 2.2 baseline	MEM-001; BIOS-001 as applicable	CPM22-BASE	SAFE_READ_ONLY	none beyond runnable CP/M environment	INVENTORIED_NOT_IMPLEMENTED	REVIEW_REQUIRED
0198	BDOS-FILE-003-P0198	1.0.0	OR-0198	1.0.0	BDOS-FILE-003	DIRTEST.COM	DIR-002	Type attribute comparison	REQUIRED	generic CP/M 2.2 baseline	BDOS-CALL-001; BDOS-STATE-003; BIOS-004/006 as applicable	CPM22-BASE	TEMP_FILES	designated writable scratch drive and reserved filenames	INVENTORIED_NOT_IMPLEMENTED	REVIEW_REQUIRED
0199	BDOS-STATE-003-P0199	1.0.0	OR-0199	1.0.0	BDOS-STATE-003	BDOSTEST.COM	BDO-052	Default-drive FCB search	REQUIRED	generic CP/M 2.2 baseline	MEM-001; BIOS-001 as applicable	CPM22-BASE	TEMP_FILES	designated writable scratch drive and reserved filenames	INVENTORIED_NOT_IMPLEMENTED	REVIEW_REQUIRED
0200	BDOS-FILE-003-P0200	1.0.0	OR-0200	1.0.0	BDOS-FILE-003	DIRTEST.COM	DIR-003	Explicit-drive search	REQUIRED	generic CP/M 2.2 baseline	BDOS-CALL-001; BDOS-STATE-003; BIOS-004/006 as applicable	CPM22-BASE	TEMP_FILES	designated writable scratch drive and reserved filenames	INVENTORIED_NOT_IMPLEMENTED	REVIEW_REQUIRED
0201	BDOS-STATE-003-P0201	1.0.0	OR-0201	1.0.0	BDOS-STATE-003	BDOSTEST.COM	BDO-053	Search First S2 handling	REQUIRED	generic CP/M 2.2 baseline	MEM-001; BIOS-001 as applicable	CPM22-BASE	SAFE_READ_ONLY	none beyond runnable CP/M environment	INVENTORIED_NOT_IMPLEMENTED	REVIEW_REQUIRED
0202	BDOS-FILE-003-P0202	1.0.0	OR-0202	1.0.0	BDOS-FILE-003	DIRTEST.COM	DIR-004	All-user search wildcard drive	REQUIRED	generic CP/M 2.2 baseline	BDOS-CALL-001; BDOS-STATE-003; BIOS-004/006 as applicable	CPM22-BASE	TEMP_FILES	designated writable scratch drive and reserved filenames	INVENTORIED_NOT_IMPLEMENTED	REVIEW_REQUIRED
0203	BDOS-STATE-003-P0203	1.0.0	OR-0203	1.0.0	BDOS-STATE-003	BDOSTEST.COM	BDO-054	Search Next call convention	REQUIRED	generic CP/M 2.2 baseline	MEM-001; BIOS-001 as applicable	CPM22-BASE	SAFE_READ_ONLY	none beyond runnable CP/M environment	INVENTORIED_NOT_IMPLEMENTED	REVIEW_REQUIRED
0204	BDOS-FILE-003-P0204	1.0.0	OR-0204	1.0.0	BDOS-FILE-003	DIRTEST.COM	DIR-005	Search Next continuation semantics	REQUIRED	generic CP/M 2.2 baseline	BDOS-CALL-001; BDOS-STATE-003; BIOS-004/006 as applicable	CPM22-BASE	TEMP_FILES	designated writable scratch drive and reserved filenames	INVENTORIED_NOT_IMPLEMENTED	REVIEW_REQUIRED
0205	BDOS-STATE-003-P0205	1.0.0	OR-0205	1.0.0	BDOS-STATE-003	BDOSTEST.COM	BDO-055	Search Next result and DMA relationship	REQUIRED	generic CP/M 2.2 baseline	MEM-001; BIOS-001 as applicable	CPM22-BASE	TEMP_FILES	designated writable scratch drive and reserved filenames	INVENTORIED_NOT_IMPLEMENTED	REVIEW_REQUIRED
0206	BDOS-FILE-003-P0206	1.0.0	OR-0206	1.0.0	BDOS-FILE-003	DIRTEST.COM	DIR-006	Search Next unsuccessful result code	REQUIRED	generic CP/M 2.2 baseline	BDOS-CALL-001; BDOS-STATE-003; BIOS-004/006 as applicable	CPM22-BASE	TEMP_FILES	designated writable scratch drive and reserved filenames	INVENTORIED_NOT_IMPLEMENTED	REVIEW_REQUIRED
0207	BDOS-STATE-003-P0207	1.0.0	OR-0207	1.0.0	BDOS-STATE-003	BDOSTEST.COM	BDO-056	Search First restart behavior	REQUIRED	generic CP/M 2.2 baseline	MEM-001; BIOS-001 as applicable	CPM22-BASE	SAFE_READ_ONLY	none beyond runnable CP/M environment	INVENTORIED_NOT_IMPLEMENTED	REVIEW_REQUIRED
0208	BDOS-FILE-003-P0208	1.0.0	OR-0208	1.0.0	BDOS-FILE-003	DIRTEST.COM	DIR-007	Set DMA Address call convention	REQUIRED	generic CP/M 2.2 baseline	BDOS-CALL-001; BDOS-STATE-003; BIOS-004/006 as applicable	CPM22-BASE	TEMP_FILES	designated writable scratch drive and reserved filenames	INVENTORIED_NOT_IMPLEMENTED	REVIEW_REQUIRED
0209	BDOS-STATE-003-P0209	1.0.0	OR-0209	1.0.0	BDOS-STATE-003	BDOSTEST.COM	BDO-057	DMA address persistence	REQUIRED	generic CP/M 2.2 baseline	MEM-001; BIOS-001 as applicable	CPM22-BASE	TEMP_FILES	designated writable scratch drive and reserved filenames	INVENTORIED_NOT_IMPLEMENTED	REVIEW_REQUIRED
0210	BDOS-FILE-003-P0210	1.0.0	OR-0210	1.0.0	BDOS-FILE-003	DIRTEST.COM	DIR-008	DMA change during search continuation	REQUIRED	generic CP/M 2.2 baseline	BDOS-CALL-001; BDOS-STATE-003; BIOS-004/006 as applicable	CPM22-BASE	TEMP_FILES	designated writable scratch drive and reserved filenames	INVENTORIED_NOT_IMPLEMENTED	REVIEW_REQUIRED
0211	BDOS-STATE-003-P0211	1.0.0	OR-0211	1.0.0	BDOS-STATE-003	BDOSTEST.COM	BDO-058	Directory enumeration order	REQUIRED	generic CP/M 2.2 baseline	MEM-001; BIOS-001 as applicable	CPM22-BASE	TEMP_FILES	designated writable scratch drive and reserved filenames	INVENTORIED_NOT_IMPLEMENTED	REVIEW_REQUIRED
0212	BDOS-FILE-003-P0212	1.0.0	OR-0212	1.0.0	BDOS-FILE-003	DIRTEST.COM	DIR-009	Repeat-search ordering stability	REQUIRED	generic CP/M 2.2 baseline	BDOS-CALL-001; BDOS-STATE-003; BIOS-004/006 as applicable	CPM22-BASE	TEMP_FILES	designated writable scratch drive and reserved filenames	INVENTORIED_NOT_IMPLEMENTED	REVIEW_REQUIRED
0213	BDOS-STATE-003-P0213	1.0.0	OR-0213	1.0.0	BDOS-STATE-003	BDOSTEST.COM	BDO-059	Enumeration ordering guarantee limitation	NOT GUARANTEED	generic CP/M 2.2 baseline	MEM-001; BIOS-001 as applicable	CPM22-BASE	SAFE_READ_ONLY	none beyond runnable CP/M environment	INVENTORIED_NOT_IMPLEMENTED	REVIEW_REQUIRED
0214	BDOS-FILE-003-P0214	1.0.0	OR-0214	1.0.0	BDOS-FILE-003	DIRTEST.COM	DIR-010	Default-drive continuation limitation	NOT GUARANTEED	generic CP/M 2.2 baseline	BDOS-CALL-001; BDOS-STATE-003; BIOS-004/006 as applicable	CPM22-BASE	TEMP_FILES	designated writable scratch drive and reserved filenames	INVENTORIED_NOT_IMPLEMENTED	REVIEW_REQUIRED
0215	BDOS-STATE-003-P0215	1.0.0	OR-0215	1.0.0	BDOS-STATE-003	BDOSTEST.COM	BDO-060	Search continuation state limitation	NOT GUARANTEED	generic CP/M 2.2 baseline	MEM-001; BIOS-001 as applicable	CPM22-BASE	SAFE_READ_ONLY	none beyond runnable CP/M environment	INVENTORIED_NOT_IMPLEMENTED	REVIEW_REQUIRED
0216	BDOS-FILE-003-P0216	1.0.0	OR-0216	1.0.0	BDOS-FILE-003	DIRTEST.COM	DIR-011	Failed-search DMA contents	NOT GUARANTEED	generic CP/M 2.2 baseline	BDOS-CALL-001; BDOS-STATE-003; BIOS-004/006 as applicable	CPM22-BASE	TEMP_FILES	designated writable scratch drive and reserved filenames	INVENTORIED_NOT_IMPLEMENTED	REVIEW_REQUIRED
0217	BDOS-STATE-003-P0217	1.0.0	OR-0217	1.0.0	BDOS-STATE-003	BDOSTEST.COM	BDO-061	DRI FFh-path directory copy	OUTSIDE SCOPE	generic CP/M 2.2 compatibility claim	MEM-001; BIOS-001 as applicable	CPM22-BASE	TEMP_FILES	designated writable scratch drive and reserved filenames	INVENTORIED_NOT_IMPLEMENTED	REVIEW_REQUIRED
0218	BDOS-FILE-004-P0218	1.0.0	OR-0218	1.0.0	BDOS-FILE-004	FILETEST.COM	FIL-032	DRI private search implementation	OUTSIDE SCOPE	generic CP/M 2.2 compatibility claim	BDOS-CALL-001; BDOS-STATE-003; BIOS-004/006 as applicable	CPM22-BASE	TEMP_FILES	designated writable scratch drive and reserved filenames	INVENTORIED_NOT_IMPLEMENTED	REVIEW_REQUIRED
0219	BDOS-FILE-004-P0219	1.0.0	OR-0219	1.0.0	BDOS-FILE-004	FILETEST.COM	FIL-033	Function 20 call convention	REQUIRED	generic CP/M 2.2 baseline	BDOS-CALL-001; BDOS-STATE-003; BIOS-004/006 as applicable	CPM22-BASE	TEMP_FILES	designated writable scratch drive and reserved filenames	INVENTORIED_NOT_IMPLEMENTED	REVIEW_REQUIRED
0220	BDOS-FILE-004-P0220	1.0.0	OR-0220	1.0.0	BDOS-FILE-004	FILETEST.COM	FIL-034	Activated-FCB precondition	REQUIRED	generic CP/M 2.2 baseline	BDOS-CALL-001; BDOS-STATE-003; BIOS-004/006 as applicable	CPM22-BASE	TEMP_FILES	designated writable scratch drive and reserved filenames	INVENTORIED_NOT_IMPLEMENTED	REVIEW_REQUIRED
0221	BDOS-FILE-004-P0221	1.0.0	OR-0221	1.0.0	BDOS-FILE-004	FILETEST.COM	FIL-035	Sequential position source	REQUIRED	generic CP/M 2.2 baseline	BDOS-CALL-001; BDOS-STATE-003; BIOS-004/006 as applicable	CPM22-BASE	TEMP_FILES	designated writable scratch drive and reserved filenames	INVENTORIED_NOT_IMPLEMENTED	REVIEW_REQUIRED
0222	BDOS-FILE-004-P0222	1.0.0	OR-0222	1.0.0	BDOS-FILE-004	FILETEST.COM	FIL-036	Successful result	REQUIRED	generic CP/M 2.2 baseline	BDOS-CALL-001; BDOS-STATE-003; BIOS-004/006 as applicable	CPM22-BASE	TEMP_FILES	designated writable scratch drive and reserved filenames	INVENTORIED_NOT_IMPLEMENTED	REVIEW_REQUIRED
0223	BDOS-FILE-004-P0223	1.0.0	OR-0223	1.0.0	BDOS-FILE-004	FILETEST.COM	FIL-037	Successful transfer size	REQUIRED	generic CP/M 2.2 baseline	BDOS-CALL-001; BDOS-STATE-003; BIOS-004/006 as applicable	CPM22-BASE	TEMP_FILES	designated writable scratch drive and reserved filenames	INVENTORIED_NOT_IMPLEMENTED	REVIEW_REQUIRED
0224	BDOS-FILE-004-P0224	1.0.0	OR-0224	1.0.0	BDOS-FILE-004	FILETEST.COM	FIL-038	Current DMA destination	REQUIRED	generic CP/M 2.2 baseline	BDOS-CALL-001; BDOS-STATE-003; BIOS-004/006 as applicable	CPM22-BASE	TEMP_FILES	designated writable scratch drive and reserved filenames	INVENTORIED_NOT_IMPLEMENTED	REVIEW_REQUIRED
0225	BDOS-FILE-004-P0225	1.0.0	OR-0225	1.0.0	BDOS-FILE-004	FILETEST.COM	FIL-039	Partial-byte count	NOT GUARANTEED	generic CP/M 2.2 baseline	BDOS-CALL-001; BDOS-STATE-003; BIOS-004/006 as applicable	CPM22-BASE	TEMP_FILES	designated writable scratch drive and reserved filenames	INVENTORIED_NOT_IMPLEMENTED	REVIEW_REQUIRED
0226	BDOS-FILE-004-P0226	1.0.0	OR-0226	1.0.0	BDOS-FILE-004	FILETEST.COM	FIL-040	Advance after success	REQUIRED	generic CP/M 2.2 baseline	BDOS-CALL-001; BDOS-STATE-003; BIOS-004/006 as applicable	CPM22-BASE	TEMP_FILES	designated writable scratch drive and reserved filenames	INVENTORIED_NOT_IMPLEMENTED	REVIEW_REQUIRED
0227	BDOS-FILE-004-P0227	1.0.0	OR-0227	1.0.0	BDOS-FILE-004	FILETEST.COM	FIL-041	CR progression within an extent	REQUIRED	generic CP/M 2.2 baseline	BDOS-CALL-001; BDOS-STATE-003; BIOS-004/006 as applicable	CPM22-BASE	TEMP_FILES	designated writable scratch drive and reserved filenames	INVENTORIED_NOT_IMPLEMENTED	REVIEW_REQUIRED
0228	BDOS-FILE-004-P0228	1.0.0	OR-0228	1.0.0	BDOS-FILE-004	FILETEST.COM	FIL-042	Full-extent position	REQUIRED	generic CP/M 2.2 baseline	BDOS-CALL-001; BDOS-STATE-003; BIOS-004/006 as applicable	CPM22-BASE	TEMP_FILES	designated writable scratch drive and reserved filenames	INVENTORIED_NOT_IMPLEMENTED	REVIEW_REQUIRED
0229	BDOS-FILE-004-P0229	1.0.0	OR-0229	1.0.0	BDOS-FILE-004	FILETEST.COM	FIL-043	Automatic extent transition	REQUIRED	generic CP/M 2.2 baseline	BDOS-CALL-001; BDOS-STATE-003; BIOS-004/006 as applicable	CPM22-BASE	TEMP_FILES	designated writable scratch drive and reserved filenames	INVENTORIED_NOT_IMPLEMENTED	REVIEW_REQUIRED
0230	BDOS-FILE-004-P0230	1.0.0	OR-0230	1.0.0	BDOS-FILE-004	FILETEST.COM	FIL-044	New-extent first-record state	REQUIRED	generic CP/M 2.2 baseline	BDOS-CALL-001; BDOS-STATE-003; BIOS-004/006 as applicable	CPM22-BASE	TEMP_FILES	designated writable scratch drive and reserved filenames	INVENTORIED_NOT_IMPLEMENTED	REVIEW_REQUIRED
0231	BDOS-FILE-004-P0231	1.0.0	OR-0231	1.0.0	BDOS-FILE-004	FILETEST.COM	FIL-045	Extent working-state replacement	REQUIRED	generic CP/M 2.2 baseline	BDOS-CALL-001; BDOS-STATE-003; BIOS-004/006 as applicable	CPM22-BASE	TEMP_FILES	designated writable scratch drive and reserved filenames	INVENTORIED_NOT_IMPLEMENTED	REVIEW_REQUIRED
0232	BDOS-FILE-004-P0232	1.0.0	OR-0232	1.0.0	BDOS-FILE-004	FILETEST.COM	FIL-046	EOF/no-data result	REQUIRED	generic CP/M 2.2 baseline	BDOS-CALL-001; BDOS-STATE-003; BIOS-004/006 as applicable	CPM22-BASE	TEMP_FILES	designated writable scratch drive and reserved filenames	INVENTORIED_NOT_IMPLEMENTED	REVIEW_REQUIRED
0233	BDOS-FILE-004-P0233	1.0.0	OR-0233	1.0.0	BDOS-FILE-004	FILETEST.COM	FIL-047	Exact EOF code	NOT GUARANTEED	generic CP/M 2.2 baseline	BDOS-CALL-001; BDOS-STATE-003; BIOS-004/006 as applicable	CPM22-BASE	TEMP_FILES	designated writable scratch drive and reserved filenames	INVENTORIED_NOT_IMPLEMENTED	REVIEW_REQUIRED
0234	BDOS-FILE-004-P0234	1.0.0	OR-0234	1.0.0	BDOS-FILE-004	FILETEST.COM	FIL-048	Empty-file behavior	REQUIRED	generic CP/M 2.2 baseline	BDOS-CALL-001; BDOS-STATE-003; BIOS-004/006 as applicable	CPM22-BASE	TEMP_FILES	designated writable scratch drive and reserved filenames	INVENTORIED_NOT_IMPLEMENTED	REVIEW_REQUIRED
0235	BDOS-FILE-004-P0235	1.0.0	OR-0235	1.0.0	BDOS-FILE-004	FILETEST.COM	FIL-049	Partial-final-extent EOF	REQUIRED	generic CP/M 2.2 baseline	BDOS-CALL-001; BDOS-STATE-003; BIOS-004/006 as applicable	CPM22-BASE	TEMP_FILES	designated writable scratch drive and reserved filenames	INVENTORIED_NOT_IMPLEMENTED	REVIEW_REQUIRED
0236	BDOS-FILE-004-P0236	1.0.0	OR-0236	1.0.0	BDOS-FILE-004	FILETEST.COM	FIL-050	Exact-boundary EOF	REQUIRED	generic CP/M 2.2 baseline	BDOS-CALL-001; BDOS-STATE-003; BIOS-004/006 as applicable	CPM22-BASE	TEMP_FILES	designated writable scratch drive and reserved filenames	INVENTORIED_NOT_IMPLEMENTED	REVIEW_REQUIRED
0237	BDOS-FILE-004-P0237	1.0.0	OR-0237	1.0.0	BDOS-FILE-004	FILETEST.COM	FIL-051	Repeated EOF indication	REQUIRED	generic CP/M 2.2 baseline	BDOS-CALL-001; BDOS-STATE-003; BIOS-004/006 as applicable	CPM22-BASE	TEMP_FILES	designated writable scratch drive and reserved filenames	INVENTORIED_NOT_IMPLEMENTED	REVIEW_REQUIRED
0238	BDOS-FILE-004-P0238	1.0.0	OR-0238	1.0.0	BDOS-FILE-004	FILETEST.COM	FIL-052	DMA contents after failure	NOT GUARANTEED	generic CP/M 2.2 baseline	BDOS-CALL-001; BDOS-STATE-003; BIOS-004/006 as applicable	CPM22-BASE	TEMP_FILES	designated writable scratch drive and reserved filenames	INVENTORIED_NOT_IMPLEMENTED	REVIEW_REQUIRED
0239	BDOS-FILE-004-P0239	1.0.0	OR-0239	1.0.0	BDOS-FILE-004	FILETEST.COM	FIL-053	FCB mutation	REQUIRED	generic CP/M 2.2 baseline	BDOS-CALL-001; BDOS-STATE-003; BIOS-004/006 as applicable	CPM22-BASE	TEMP_FILES	designated writable scratch drive and reserved filenames	INVENTORIED_NOT_IMPLEMENTED	REVIEW_REQUIRED
0240	BDOS-FILE-004-P0240	1.0.0	OR-0240	1.0.0	BDOS-FILE-004	FILETEST.COM	FIL-054	Exact FCB image after failed read	NOT GUARANTEED	generic CP/M 2.2 baseline	BDOS-CALL-001; BDOS-STATE-003; BIOS-004/006 as applicable	CPM22-BASE	TEMP_FILES	designated writable scratch drive and reserved filenames	INVENTORIED_NOT_IMPLEMENTED	REVIEW_REQUIRED
0241	BDOS-FILE-004-P0241	1.0.0	OR-0241	1.0.0	BDOS-FILE-004	FILETEST.COM	FIL-055	DRI exact-boundary EX drift	OUTSIDE SCOPE	generic CP/M 2.2 compatibility claim	BDOS-CALL-001; BDOS-STATE-003; BIOS-004/006 as applicable	CPM22-BASE	TEMP_FILES	designated writable scratch drive and reserved filenames	INVENTORIED_NOT_IMPLEMENTED	REVIEW_REQUIRED
0242	BDOS-FILE-004-P0242	1.0.0	OR-0242	1.0.0	BDOS-FILE-004	FILETEST.COM	FIL-056	Explicit-drive read	REQUIRED	generic CP/M 2.2 baseline	BDOS-CALL-001; BDOS-STATE-003; BIOS-004/006 as applicable	CPM22-BASE	TEMP_FILES	designated writable scratch drive and reserved filenames	INVENTORIED_NOT_IMPLEMENTED	REVIEW_REQUIRED
0243	BDOS-FILE-004-P0243	1.0.0	OR-0243	1.0.0	BDOS-FILE-004	FILETEST.COM	FIL-057	Read-only readability	REQUIRED	generic CP/M 2.2 baseline	BDOS-CALL-001; BDOS-STATE-003; BIOS-004/006 as applicable	CPM22-BASE	SCRATCH_DESTRUCTIVE	dedicated restorable scratch disk	INVENTORIED_NOT_IMPLEMENTED	REVIEW_REQUIRED
0244	BDOS-FILE-004-P0244	1.0.0	OR-0244	1.0.0	BDOS-FILE-004	FILETEST.COM	FIL-058	Unopened-FCB result	NOT GUARANTEED	generic CP/M 2.2 baseline	BDOS-CALL-001; BDOS-STATE-003; BIOS-004/006 as applicable	CPM22-BASE	TEMP_FILES	designated writable scratch drive and reserved filenames	INVENTORIED_NOT_IMPLEMENTED	REVIEW_REQUIRED
0245	BDOS-FILE-004-P0245	1.0.0	OR-0245	1.0.0	BDOS-FILE-004	FILETEST.COM	FIL-059	Invalid-FCB result	NOT GUARANTEED	generic CP/M 2.2 baseline	BDOS-CALL-001; BDOS-STATE-003; BIOS-004/006 as applicable	CPM22-BASE	TEMP_FILES	designated writable scratch drive and reserved filenames	INVENTORIED_NOT_IMPLEMENTED	REVIEW_REQUIRED
0246	BDOS-FILE-004-P0246	1.0.0	OR-0246	1.0.0	BDOS-FILE-004	ERRTEST.COM	ERR-001	Physical read-error presentation	PROFILE REQUIRED	the Interactive CP/M disk-error profile	BDOS-CALL-001; BDOS-STATE-003; BIOS-004/006 as applicable	CPM-DISKERR-INT	INTERACTIVE	console transcript and operator input where required	INVENTORIED_NOT_IMPLEMENTED	REVIEW_REQUIRED
0247	BDOS-FILE-005-P0247	1.0.0	OR-0247	1.0.0	BDOS-FILE-005	FILETEST.COM	FIL-060	DRI internal read machinery	OUTSIDE SCOPE	generic CP/M 2.2 compatibility claim	BDOS-CALL-001; BDOS-STATE-003; BIOS-004/006 as applicable	CPM22-BASE	TEMP_FILES	designated writable scratch drive and reserved filenames	INVENTORIED_NOT_IMPLEMENTED	REVIEW_REQUIRED
0248	BDOS-FILE-005-P0248	1.0.0	OR-0248	1.0.0	BDOS-FILE-005	FILETEST.COM	FIL-061	Function 22 convention	REQUIRED	generic CP/M 2.2 baseline	BDOS-CALL-001; BDOS-STATE-003; BIOS-004/006 as applicable	CPM22-BASE	TEMP_FILES	designated writable scratch drive and reserved filenames	INVENTORIED_NOT_IMPLEMENTED	REVIEW_REQUIRED
0249	BDOS-FILE-005-P0249	1.0.0	OR-0249	1.0.0	BDOS-FILE-005	FILETEST.COM	FIL-062	Make uniqueness precondition	REQUIRED	generic CP/M 2.2 baseline	BDOS-CALL-001; BDOS-STATE-003; BIOS-004/006 as applicable	CPM22-BASE	TEMP_FILES	designated writable scratch drive and reserved filenames	INVENTORIED_NOT_IMPLEMENTED	REVIEW_REQUIRED
0250	BDOS-FILE-005-P0250	1.0.0	OR-0250	1.0.0	BDOS-FILE-005	FILETEST.COM	FIL-063	New empty file	REQUIRED	generic CP/M 2.2 baseline	BDOS-CALL-001; BDOS-STATE-003; BIOS-004/006 as applicable	CPM22-BASE	TEMP_FILES	designated writable scratch drive and reserved filenames	INVENTORIED_NOT_IMPLEMENTED	REVIEW_REQUIRED
0251	BDOS-FILE-005-P0251	1.0.0	OR-0251	1.0.0	BDOS-FILE-005	FILETEST.COM	FIL-064	Make activates FCB	REQUIRED	generic CP/M 2.2 baseline	BDOS-CALL-001; BDOS-STATE-003; BIOS-004/006 as applicable	CPM22-BASE	TEMP_FILES	designated writable scratch drive and reserved filenames	INVENTORIED_NOT_IMPLEMENTED	REVIEW_REQUIRED
0252	BDOS-FILE-005-P0252	1.0.0	OR-0252	1.0.0	BDOS-FILE-005	FILETEST.COM	FIL-065	Make success result	REQUIRED	generic CP/M 2.2 baseline	BDOS-CALL-001; BDOS-STATE-003; BIOS-004/006 as applicable	CPM22-BASE	TEMP_FILES	designated writable scratch drive and reserved filenames	INVENTORIED_NOT_IMPLEMENTED	REVIEW_REQUIRED
0253	BDOS-FILE-005-P0253	1.0.0	OR-0253	1.0.0	BDOS-FILE-005	FILETEST.COM	FIL-066	Make directory-full result	REQUIRED	generic CP/M 2.2 baseline	BDOS-CALL-001; BDOS-STATE-003; BIOS-004/006 as applicable	CPM22-BASE	TEMP_FILES	designated writable scratch drive and reserved filenames	INVENTORIED_NOT_IMPLEMENTED	REVIEW_REQUIRED
0254	BDOS-FILE-005-P0254	1.0.0	OR-0254	1.0.0	BDOS-FILE-005	FILETEST.COM	FIL-067	Immediate empty-file visibility	REQUIRED	generic CP/M 2.2 baseline	BDOS-CALL-001; BDOS-STATE-003; BIOS-004/006 as applicable	CPM22-BASE	TEMP_FILES	designated writable scratch drive and reserved filenames	INVENTORIED_NOT_IMPLEMENTED	REVIEW_REQUIRED
0255	BDOS-FILE-005-P0255	1.0.0	OR-0255	1.0.0	BDOS-FILE-005	DISKTEST.COM	DIS-002	Data-full empty Make	REQUIRED	generic CP/M 2.2 baseline	BDOS-CALL-001; BDOS-STATE-003; BIOS-004/006 as applicable	CPM22-BASE	TEMP_FILES	designated writable scratch drive and reserved filenames	INVENTORIED_NOT_IMPLEMENTED	REVIEW_REQUIRED
0256	BDOS-FILE-011-P0256	1.0.0	OR-0256	1.0.0	BDOS-FILE-011	FILETEST.COM	FIL-068	Make on existing name	NOT GUARANTEED	generic CP/M 2.2 baseline	BDOS-CALL-001; BDOS-STATE-003; BIOS-004/006 as applicable	CPM22-BASE	TEMP_FILES	designated writable scratch drive and reserved filenames	INVENTORIED_NOT_IMPLEMENTED	REVIEW_REQUIRED
0257	BDOS-FILE-005-P0257	1.0.0	OR-0257	1.0.0	BDOS-FILE-005	FILETEST.COM	FIL-069	Ambiguous Make name	NOT GUARANTEED	generic CP/M 2.2 baseline	BDOS-CALL-001; BDOS-STATE-003; BIOS-004/006 as applicable	CPM22-BASE	TEMP_FILES	designated writable scratch drive and reserved filenames	INVENTORIED_NOT_IMPLEMENTED	REVIEW_REQUIRED
0258	BDOS-FILE-011-P0258	1.0.0	OR-0258	1.0.0	BDOS-FILE-011	FILETEST.COM	FIL-070	Immediate data-block reservation	OUTSIDE SCOPE	generic CP/M 2.2 compatibility claim	BDOS-CALL-001; BDOS-STATE-003; BIOS-004/006 as applicable	CPM22-BASE	TEMP_FILES	designated writable scratch drive and reserved filenames	INVENTORIED_NOT_IMPLEMENTED	REVIEW_REQUIRED
0259	BDOS-FILE-005-P0259	1.0.0	OR-0259	1.0.0	BDOS-FILE-005	FILETEST.COM	FIL-071	Function 21 convention	REQUIRED	generic CP/M 2.2 baseline	BDOS-CALL-001; BDOS-STATE-003; BIOS-004/006 as applicable	CPM22-BASE	TEMP_FILES	designated writable scratch drive and reserved filenames	INVENTORIED_NOT_IMPLEMENTED	REVIEW_REQUIRED
0260	BDOS-FILE-011-P0260	1.0.0	OR-0260	1.0.0	BDOS-FILE-011	FILETEST.COM	FIL-072	Write activation precondition	REQUIRED	generic CP/M 2.2 baseline	BDOS-CALL-001; BDOS-STATE-003; BIOS-004/006 as applicable	CPM22-BASE	TEMP_FILES	designated writable scratch drive and reserved filenames	INVENTORIED_NOT_IMPLEMENTED	REVIEW_REQUIRED
0261	BDOS-FILE-005-P0261	1.0.0	OR-0261	1.0.0	BDOS-FILE-005	FILETEST.COM	FIL-073	Write source position	REQUIRED	generic CP/M 2.2 baseline	BDOS-CALL-001; BDOS-STATE-003; BIOS-004/006 as applicable	CPM22-BASE	TEMP_FILES	designated writable scratch drive and reserved filenames	INVENTORIED_NOT_IMPLEMENTED	REVIEW_REQUIRED
0262	BDOS-FILE-011-P0262	1.0.0	OR-0262	1.0.0	BDOS-FILE-011	FILETEST.COM	FIL-074	Successful write result	REQUIRED	generic CP/M 2.2 baseline	BDOS-CALL-001; BDOS-STATE-003; BIOS-004/006 as applicable	CPM22-BASE	TEMP_FILES	designated writable scratch drive and reserved filenames	INVENTORIED_NOT_IMPLEMENTED	REVIEW_REQUIRED
0263	BDOS-FILE-005-P0263	1.0.0	OR-0263	1.0.0	BDOS-FILE-005	FILETEST.COM	FIL-075	Write transfer size	REQUIRED	generic CP/M 2.2 baseline	BDOS-CALL-001; BDOS-STATE-003; BIOS-004/006 as applicable	CPM22-BASE	TEMP_FILES	designated writable scratch drive and reserved filenames	INVENTORIED_NOT_IMPLEMENTED	REVIEW_REQUIRED
0264	BDOS-FILE-011-P0264	1.0.0	OR-0264	1.0.0	BDOS-FILE-011	FILETEST.COM	FIL-076	Current DMA source	REQUIRED	generic CP/M 2.2 baseline	BDOS-CALL-001; BDOS-STATE-003; BIOS-004/006 as applicable	CPM22-BASE	TEMP_FILES	designated writable scratch drive and reserved filenames	INVENTORIED_NOT_IMPLEMENTED	REVIEW_REQUIRED
0265	BDOS-FILE-005-P0265	1.0.0	OR-0265	1.0.0	BDOS-FILE-005	FILETEST.COM	FIL-077	Partial-record length	NOT GUARANTEED	generic CP/M 2.2 baseline	BDOS-CALL-001; BDOS-STATE-003; BIOS-004/006 as applicable	CPM22-BASE	TEMP_FILES	designated writable scratch drive and reserved filenames	INVENTORIED_NOT_IMPLEMENTED	REVIEW_REQUIRED
0266	BDOS-FILE-011-P0266	1.0.0	OR-0266	1.0.0	BDOS-FILE-011	FILETEST.COM	FIL-078	CR advance after write	REQUIRED	generic CP/M 2.2 baseline	BDOS-CALL-001; BDOS-STATE-003; BIOS-004/006 as applicable	CPM22-BASE	TEMP_FILES	designated writable scratch drive and reserved filenames	INVENTORIED_NOT_IMPLEMENTED	REVIEW_REQUIRED
0267	BDOS-FILE-005-P0267	1.0.0	OR-0267	1.0.0	BDOS-FILE-005	FILETEST.COM	FIL-079	RC extension	REQUIRED	generic CP/M 2.2 baseline	BDOS-CALL-001; BDOS-STATE-003; BIOS-004/006 as applicable	CPM22-BASE	TEMP_FILES	designated writable scratch drive and reserved filenames	INVENTORIED_NOT_IMPLEMENTED	REVIEW_REQUIRED
0268	BDOS-FILE-011-P0268	1.0.0	OR-0268	1.0.0	BDOS-FILE-011	FILETEST.COM	FIL-080	Existing-record overwrite	REQUIRED	generic CP/M 2.2 baseline	BDOS-CALL-001; BDOS-STATE-003; BIOS-004/006 as applicable	CPM22-BASE	TEMP_FILES	designated writable scratch drive and reserved filenames	INVENTORIED_NOT_IMPLEMENTED	REVIEW_REQUIRED
0269	BDOS-FILE-005-P0269	1.0.0	OR-0269	1.0.0	BDOS-FILE-005	FILETEST.COM	FIL-081	On-demand allocation	REQUIRED	generic CP/M 2.2 baseline	BDOS-CALL-001; BDOS-STATE-003; BIOS-004/006 as applicable	CPM22-BASE	SCRATCH_DESTRUCTIVE	dedicated restorable scratch disk	INVENTORIED_NOT_IMPLEMENTED	REVIEW_REQUIRED
0270	BDOS-FILE-011-P0270	1.0.0	OR-0270	1.0.0	BDOS-FILE-011	FILETEST.COM	FIL-082	Exact allocation choice	NOT GUARANTEED	generic CP/M 2.2 baseline	BDOS-CALL-001; BDOS-STATE-003; BIOS-004/006 as applicable	CPM22-BASE	SCRATCH_DESTRUCTIVE	dedicated restorable scratch disk	INVENTORIED_NOT_IMPLEMENTED	REVIEW_REQUIRED
0271	BDOS-FILE-002-P0271	1.0.0	OR-0271	1.0.0	BDOS-FILE-002	FILETEST.COM	FIL-083	Automatic write extent transition	REQUIRED	generic CP/M 2.2 baseline	BDOS-CALL-001; BDOS-STATE-003; BIOS-004/006 as applicable	CPM22-BASE	TEMP_FILES	designated writable scratch drive and reserved filenames	INVENTORIED_NOT_IMPLEMENTED	REVIEW_REQUIRED
0272	BDOS-FILE-005-P0272	1.0.0	OR-0272	1.0.0	BDOS-FILE-005	FILETEST.COM	FIL-084	Successful transition state	REQUIRED	generic CP/M 2.2 baseline	BDOS-CALL-001; BDOS-STATE-003; BIOS-004/006 as applicable	CPM22-BASE	TEMP_FILES	designated writable scratch drive and reserved filenames	INVENTORIED_NOT_IMPLEMENTED	REVIEW_REQUIRED
0273	BDOS-FILE-011-P0273	1.0.0	OR-0273	1.0.0	BDOS-FILE-011	FILETEST.COM	FIL-085	Full last record remains successful	REQUIRED	generic CP/M 2.2 baseline	BDOS-CALL-001; BDOS-STATE-003; BIOS-004/006 as applicable	CPM22-BASE	TEMP_FILES	designated writable scratch drive and reserved filenames	INVENTORIED_NOT_IMPLEMENTED	REVIEW_REQUIRED
0274	BDOS-FILE-002-P0274	1.0.0	OR-0274	1.0.0	BDOS-FILE-002	FILETEST.COM	FIL-086	Next-extent failure result	REQUIRED	generic CP/M 2.2 baseline	BDOS-CALL-001; BDOS-STATE-003; BIOS-004/006 as applicable	CPM22-BASE	TEMP_FILES	designated writable scratch drive and reserved filenames	INVENTORIED_NOT_IMPLEMENTED	REVIEW_REQUIRED
0275	BDOS-FILE-005-P0275	1.0.0	OR-0275	1.0.0	BDOS-FILE-005	DISKTEST.COM	DIS-003	Allocation-full failure	REQUIRED	generic CP/M 2.2 baseline	BDOS-CALL-001; BDOS-STATE-003; BIOS-004/006 as applicable	CPM22-BASE	SCRATCH_DESTRUCTIVE	dedicated restorable scratch disk	INVENTORIED_NOT_IMPLEMENTED	REVIEW_REQUIRED
0276	BDOS-FILE-011-P0276	1.0.0	OR-0276	1.0.0	BDOS-FILE-011	DISKTEST.COM	DIS-004	Exact write failure codes	REQUIRED	generic CP/M 2.2 baseline	BDOS-CALL-001; BDOS-STATE-003; BIOS-004/006 as applicable	CPM22-BASE	TEMP_FILES	designated writable scratch drive and reserved filenames	INVENTORIED_NOT_IMPLEMENTED	REVIEW_REQUIRED
0277	BDOS-FILE-002-P0277	1.0.0	OR-0277	1.0.0	BDOS-FILE-002	FILETEST.COM	FIL-087	Unactivated write behavior	NOT GUARANTEED	generic CP/M 2.2 baseline	BDOS-CALL-001; BDOS-STATE-003; BIOS-004/006 as applicable	CPM22-BASE	TEMP_FILES	designated writable scratch drive and reserved filenames	INVENTORIED_NOT_IMPLEMENTED	REVIEW_REQUIRED
0278	BDOS-FILE-005-P0278	1.0.0	OR-0278	1.0.0	BDOS-FILE-005	FILETEST.COM	FIL-088	Explicit-drive Make/Write	REQUIRED	generic CP/M 2.2 baseline	BDOS-CALL-001; BDOS-STATE-003; BIOS-004/006 as applicable	CPM22-BASE	TEMP_FILES	designated writable scratch drive and reserved filenames	INVENTORIED_NOT_IMPLEMENTED	REVIEW_REQUIRED
0279	BDOS-FILE-011-P0279	1.0.0	OR-0279	1.0.0	BDOS-FILE-011	FILETEST.COM	FIL-089	Close commits final written metadata	REQUIRED	generic CP/M 2.2 baseline	BDOS-CALL-001; BDOS-STATE-003; BIOS-004/006 as applicable	CPM22-BASE	TEMP_FILES	designated writable scratch drive and reserved filenames	INVENTORIED_NOT_IMPLEMENTED	REVIEW_REQUIRED
0280	BDOS-FILE-002-P0280	1.0.0	OR-0280	1.0.0	BDOS-FILE-002	FILETEST.COM	FIL-090	Unclosed final extent	NOT GUARANTEED	generic CP/M 2.2 baseline	BDOS-CALL-001; BDOS-STATE-003; BIOS-004/006 as applicable	CPM22-BASE	TEMP_FILES	designated writable scratch drive and reserved filenames	INVENTORIED_NOT_IMPLEMENTED	REVIEW_REQUIRED
0281	BDOS-FILE-005-P0281	1.0.0	OR-0281	1.0.0	BDOS-FILE-005	FILETEST.COM	FIL-091	Pre-Close directory metadata	NOT GUARANTEED	generic CP/M 2.2 baseline	BDOS-CALL-001; BDOS-STATE-003; BIOS-004/006 as applicable	CPM22-BASE	TEMP_FILES	designated writable scratch drive and reserved filenames	INVENTORIED_NOT_IMPLEMENTED	REVIEW_REQUIRED
0282	BDOS-FILE-011-P0282	1.0.0	OR-0282	1.0.0	BDOS-FILE-011	FILETEST.COM	FIL-092	Exact close-time update sequence	OUTSIDE SCOPE	generic CP/M 2.2 compatibility claim	BDOS-CALL-001; BDOS-STATE-003; BIOS-004/006 as applicable	CPM22-BASE	TEMP_FILES	designated writable scratch drive and reserved filenames	INVENTORIED_NOT_IMPLEMENTED	REVIEW_REQUIRED
0283	BDOS-FILE-002-P0283	1.0.0	OR-0283	1.0.0	BDOS-FILE-002	ERRTEST.COM	ERR-002	Physical write-error presentation	PROFILE REQUIRED	the Interactive CP/M disk-error profile	BDOS-CALL-001; BDOS-STATE-003; BIOS-004/006 as applicable	CPM-DISKERR-INT	INTERACTIVE	console transcript and operator input where required	INVENTORIED_NOT_IMPLEMENTED	REVIEW_REQUIRED
0284	BDOS-FILE-006-P0284	1.0.0	OR-0284	1.0.0	BDOS-FILE-006	FILETEST.COM	FIL-093	DRI private write machinery	OUTSIDE SCOPE	generic CP/M 2.2 compatibility claim	BDOS-CALL-001; BDOS-STATE-003; BIOS-004/006 as applicable	CPM22-BASE	TEMP_FILES	designated writable scratch drive and reserved filenames	INVENTORIED_NOT_IMPLEMENTED	REVIEW_REQUIRED
0285	BDOS-FILE-007-P0285	1.0.0	OR-0285	1.0.0	BDOS-FILE-007	DIRTEST.COM	DIR-012	Function 19 convention	REQUIRED	generic CP/M 2.2 baseline	BDOS-CALL-001; BDOS-STATE-003; BIOS-004/006 as applicable	CPM22-BASE	TEMP_FILES	designated writable scratch drive and reserved filenames	INVENTORIED_NOT_IMPLEMENTED	REVIEW_REQUIRED
0286	BDOS-FILE-008-P0286	1.0.0	OR-0286	1.0.0	BDOS-FILE-008	DIRTEST.COM	DIR-013	Delete identity	REQUIRED	generic CP/M 2.2 baseline	BDOS-CALL-001; BDOS-STATE-003; BIOS-004/006 as applicable	CPM22-BASE	TEMP_FILES	designated writable scratch drive and reserved filenames	INVENTORIED_NOT_IMPLEMENTED	REVIEW_REQUIRED
0287	BDOS-FILE-009-P0287	1.0.0	OR-0287	1.0.0	BDOS-FILE-009	DIRTEST.COM	DIR-014	Delete wildcards	REQUIRED	generic CP/M 2.2 baseline	BDOS-CALL-001; BDOS-STATE-003; BIOS-004/006 as applicable	CPM22-BASE	TEMP_FILES	designated writable scratch drive and reserved filenames	INVENTORIED_NOT_IMPLEMENTED	REVIEW_REQUIRED
0288	BDOS-FILE-006-P0288	1.0.0	OR-0288	1.0.0	BDOS-FILE-006	DIRTEST.COM	DIR-015	Delete all matches	REQUIRED	generic CP/M 2.2 baseline	BDOS-CALL-001; BDOS-STATE-003; BIOS-004/006 as applicable	CPM22-BASE	TEMP_FILES	designated writable scratch drive and reserved filenames	INVENTORIED_NOT_IMPLEMENTED	REVIEW_REQUIRED
0289	BDOS-FILE-007-P0289	1.0.0	OR-0289	1.0.0	BDOS-FILE-007	DIRTEST.COM	DIR-016	Delete success result	REQUIRED	generic CP/M 2.2 baseline	BDOS-CALL-001; BDOS-STATE-003; BIOS-004/006 as applicable	CPM22-BASE	TEMP_FILES	designated writable scratch drive and reserved filenames	INVENTORIED_NOT_IMPLEMENTED	REVIEW_REQUIRED
0290	BDOS-FILE-008-P0290	1.0.0	OR-0290	1.0.0	BDOS-FILE-008	DIRTEST.COM	DIR-017	Delete no-match result	REQUIRED	generic CP/M 2.2 baseline	BDOS-CALL-001; BDOS-STATE-003; BIOS-004/006 as applicable	CPM22-BASE	TEMP_FILES	designated writable scratch drive and reserved filenames	INVENTORIED_NOT_IMPLEMENTED	REVIEW_REQUIRED
0291	BDOS-FILE-009-P0291	1.0.0	OR-0291	1.0.0	BDOS-FILE-009	DIRTEST.COM	DIR-018	Immediate search disappearance	REQUIRED	generic CP/M 2.2 baseline	BDOS-CALL-001; BDOS-STATE-003; BIOS-004/006 as applicable	CPM22-BASE	TEMP_FILES	designated writable scratch drive and reserved filenames	INVENTORIED_NOT_IMPLEMENTED	REVIEW_REQUIRED
0292	BDOS-FILE-006-P0292	1.0.0	OR-0292	1.0.0	BDOS-FILE-006	DISKTEST.COM	DIS-005	Allocation release	REQUIRED	generic CP/M 2.2 baseline	BDOS-CALL-001; BDOS-STATE-003; BIOS-004/006 as applicable	CPM22-BASE	SCRATCH_DESTRUCTIVE	dedicated restorable scratch disk	INVENTORIED_NOT_IMPLEMENTED	REVIEW_REQUIRED
0293	BDOS-FILE-007-P0293	1.0.0	OR-0293	1.0.0	BDOS-FILE-007	DISKTEST.COM	DIS-006	Exact freed-block reuse	NOT GUARANTEED	generic CP/M 2.2 baseline	BDOS-CALL-001; BDOS-STATE-003; BIOS-004/006 as applicable	CPM22-BASE	TEMP_FILES	designated writable scratch drive and reserved filenames	INVENTORIED_NOT_IMPLEMENTED	REVIEW_REQUIRED
0294	BDOS-FILE-008-P0294	1.0.0	OR-0294	1.0.0	BDOS-FILE-008	DIRTEST.COM	DIR-019	Explicit-drive Delete	REQUIRED	generic CP/M 2.2 baseline	BDOS-CALL-001; BDOS-STATE-003; BIOS-004/006 as applicable	CPM22-BASE	TEMP_FILES	designated writable scratch drive and reserved filenames	INVENTORIED_NOT_IMPLEMENTED	REVIEW_REQUIRED
0295	BDOS-FILE-009-P0295	1.0.0	OR-0295	1.0.0	BDOS-FILE-009	DIRTEST.COM	DIR-020	Delete user isolation	REQUIRED	generic CP/M 2.2 baseline	BDOS-CALL-001; BDOS-STATE-003; BIOS-004/006 as applicable	CPM22-BASE	TEMP_FILES	designated writable scratch drive and reserved filenames	INVENTORIED_NOT_IMPLEMENTED	REVIEW_REQUIRED
0296	BDOS-FILE-006-P0296	1.0.0	OR-0296	1.0.0	BDOS-FILE-006	DIRTEST.COM	DIR-021	Open FCB after Delete	NOT GUARANTEED	generic CP/M 2.2 baseline	BDOS-CALL-001; BDOS-STATE-003; BIOS-004/006 as applicable	CPM22-BASE	TEMP_FILES	designated writable scratch drive and reserved filenames	INVENTORIED_NOT_IMPLEMENTED	REVIEW_REQUIRED
0297	BDOS-FILE-007-P0297	1.0.0	OR-0297	1.0.0	BDOS-FILE-007	DIRTEST.COM	DIR-022	DRI E5 deletion mechanism	OUTSIDE SCOPE	generic CP/M 2.2 compatibility claim	BDOS-CALL-001; BDOS-STATE-003; BIOS-004/006 as applicable	CPM22-BASE	TEMP_FILES	designated writable scratch drive and reserved filenames	INVENTORIED_NOT_IMPLEMENTED	REVIEW_REQUIRED
0298	BDOS-FILE-008-P0298	1.0.0	OR-0298	1.0.0	BDOS-FILE-008	DIRTEST.COM	DIR-023	Function 23 convention	REQUIRED	generic CP/M 2.2 baseline	BDOS-CALL-001; BDOS-STATE-003; BIOS-004/006 as applicable	CPM22-BASE	TEMP_FILES	designated writable scratch drive and reserved filenames	INVENTORIED_NOT_IMPLEMENTED	REVIEW_REQUIRED
0299	BDOS-FILE-009-P0299	1.0.0	OR-0299	1.0.0	BDOS-FILE-009	DIRTEST.COM	DIR-024	Rename FCB layout	REQUIRED	generic CP/M 2.2 baseline	BDOS-CALL-001; BDOS-STATE-003; BIOS-004/006 as applicable	CPM22-BASE	TEMP_FILES	designated writable scratch drive and reserved filenames	INVENTORIED_NOT_IMPLEMENTED	REVIEW_REQUIRED
0300	BDOS-FILE-006-P0300	1.0.0	OR-0300	1.0.0	BDOS-FILE-006	DIRTEST.COM	DIR-025	Same-drive destination	REQUIRED	generic CP/M 2.2 baseline	BDOS-CALL-001; BDOS-STATE-003; BIOS-004/006 as applicable	CPM22-BASE	TEMP_FILES	designated writable scratch drive and reserved filenames	INVENTORIED_NOT_IMPLEMENTED	REVIEW_REQUIRED
0301	BDOS-FILE-007-P0301	1.0.0	OR-0301	1.0.0	BDOS-FILE-007	DIRTEST.COM	DIR-026	Rename all extents	REQUIRED	generic CP/M 2.2 baseline	BDOS-CALL-001; BDOS-STATE-003; BIOS-004/006 as applicable	CPM22-BASE	TEMP_FILES	designated writable scratch drive and reserved filenames	INVENTORIED_NOT_IMPLEMENTED	REVIEW_REQUIRED
0302	BDOS-FILE-008-P0302	1.0.0	OR-0302	1.0.0	BDOS-FILE-008	DIRTEST.COM	DIR-027	Rename success result	REQUIRED	generic CP/M 2.2 baseline	BDOS-CALL-001; BDOS-STATE-003; BIOS-004/006 as applicable	CPM22-BASE	TEMP_FILES	designated writable scratch drive and reserved filenames	INVENTORIED_NOT_IMPLEMENTED	REVIEW_REQUIRED
0303	BDOS-FILE-009-P0303	1.0.0	OR-0303	1.0.0	BDOS-FILE-009	DIRTEST.COM	DIR-028	Rename missing-source result	REQUIRED	generic CP/M 2.2 baseline	BDOS-CALL-001; BDOS-STATE-003; BIOS-004/006 as applicable	CPM22-BASE	TEMP_FILES	designated writable scratch drive and reserved filenames	INVENTORIED_NOT_IMPLEMENTED	REVIEW_REQUIRED
0304	BDOS-FILE-006-P0304	1.0.0	OR-0304	1.0.0	BDOS-FILE-006	DIRTEST.COM	DIR-029	Rename identity transition	REQUIRED	generic CP/M 2.2 baseline	BDOS-CALL-001; BDOS-STATE-003; BIOS-004/006 as applicable	CPM22-BASE	TEMP_FILES	designated writable scratch drive and reserved filenames	INVENTORIED_NOT_IMPLEMENTED	REVIEW_REQUIRED
0305	BDOS-FILE-007-P0305	1.0.0	OR-0305	1.0.0	BDOS-FILE-007	DIRTEST.COM	DIR-030	Rename data preservation	REQUIRED	generic CP/M 2.2 baseline	BDOS-CALL-001; BDOS-STATE-003; BIOS-004/006 as applicable	CPM22-BASE	TEMP_FILES	designated writable scratch drive and reserved filenames	INVENTORIED_NOT_IMPLEMENTED	REVIEW_REQUIRED
0306	BDOS-FILE-008-P0306	1.0.0	OR-0306	1.0.0	BDOS-FILE-008	DIRTEST.COM	DIR-031	Rename user preservation	REQUIRED	generic CP/M 2.2 baseline	BDOS-CALL-001; BDOS-STATE-003; BIOS-004/006 as applicable	CPM22-BASE	TEMP_FILES	designated writable scratch drive and reserved filenames	INVENTORIED_NOT_IMPLEMENTED	REVIEW_REQUIRED
0307	BDOS-FILE-009-P0307	1.0.0	OR-0307	1.0.0	BDOS-FILE-009	DIRTEST.COM	DIR-032	Explicit-drive Rename	REQUIRED	generic CP/M 2.2 baseline	BDOS-CALL-001; BDOS-STATE-003; BIOS-004/006 as applicable	CPM22-BASE	TEMP_FILES	designated writable scratch drive and reserved filenames	INVENTORIED_NOT_IMPLEMENTED	REVIEW_REQUIRED
0308	BDOS-FILE-006-P0308	1.0.0	OR-0308	1.0.0	BDOS-FILE-006	DIRTEST.COM	DIR-033	Destination collision	NOT GUARANTEED	generic CP/M 2.2 baseline	BDOS-CALL-001; BDOS-STATE-003; BIOS-004/006 as applicable	CPM22-BASE	TEMP_FILES	designated writable scratch drive and reserved filenames	INVENTORIED_NOT_IMPLEMENTED	REVIEW_REQUIRED
0309	BDOS-FILE-007-P0309	1.0.0	OR-0309	1.0.0	BDOS-FILE-007	DIRTEST.COM	DIR-034	Wildcard Rename	OUTSIDE SCOPE	OUTSIDE SCOPE for BetterCP/M CP/M compatibility claims. Generic compatibility and the profiles selected by Investigation 070 do not promise this behavior.	BDOS-CALL-001; BDOS-STATE-003; BIOS-004/006 as applicable	CPM22-BASE	TEMP_FILES	designated writable scratch drive and reserved filenames	INVENTORIED_NOT_IMPLEMENTED	REVIEW_REQUIRED
0310	BDOS-FILE-008-P0310	1.0.0	OR-0310	1.0.0	BDOS-FILE-008	DIRTEST.COM	DIR-035	Open FCB after Rename	NOT GUARANTEED	generic CP/M 2.2 baseline	BDOS-CALL-001; BDOS-STATE-003; BIOS-004/006 as applicable	CPM22-BASE	TEMP_FILES	designated writable scratch drive and reserved filenames	INVENTORIED_NOT_IMPLEMENTED	REVIEW_REQUIRED
0311	BDOS-FILE-009-P0311	1.0.0	OR-0311	1.0.0	BDOS-FILE-009	DIRTEST.COM	DIR-036	Physical directory order	NOT GUARANTEED	generic CP/M 2.2 baseline	BDOS-CALL-001; BDOS-STATE-003; BIOS-004/006 as applicable	CPM22-BASE	TEMP_FILES	designated writable scratch drive and reserved filenames	INVENTORIED_NOT_IMPLEMENTED	REVIEW_REQUIRED
0312	BDOS-FILE-006-P0312	1.0.0	OR-0312	1.0.0	BDOS-FILE-006	DIRTEST.COM	DIR-037	Timestamp preservation	OUTSIDE SCOPE	generic CP/M 2.2 compatibility claim	BDOS-CALL-001; BDOS-STATE-003; BIOS-004/006 as applicable	CPM22-BASE	TEMP_FILES	designated writable scratch drive and reserved filenames	INVENTORIED_NOT_IMPLEMENTED	REVIEW_REQUIRED
0313	BDOS-FILE-007-P0313	1.0.0	OR-0313	1.0.0	BDOS-FILE-007	DIRTEST.COM	DIR-038	DRI in-place rename algorithm	OUTSIDE SCOPE	generic CP/M 2.2 compatibility claim	BDOS-CALL-001; BDOS-STATE-003; BIOS-004/006 as applicable	CPM22-BASE	TEMP_FILES	designated writable scratch drive and reserved filenames	INVENTORIED_NOT_IMPLEMENTED	REVIEW_REQUIRED
0314	BDOS-FILE-008-P0314	1.0.0	OR-0314	1.0.0	BDOS-FILE-008	ERRTEST.COM	ERR-003	Delete/Rename physical errors	PROFILE REQUIRED	the Interactive CP/M disk-error profile	BDOS-CALL-001; BDOS-STATE-003; BIOS-004/006 as applicable	CPM-DISKERR-INT	FAULT_ASSISTED	fault provider or restorable emulator image	INVENTORIED_NOT_IMPLEMENTED	REVIEW_REQUIRED
0315	BDOS-FILE-009-P0315	1.0.0	OR-0315	1.0.0	BDOS-FILE-009	DIRTEST.COM	DIR-039	Invalid drive ambiguity	NOT GUARANTEED	generic CP/M 2.2 baseline	BDOS-CALL-001; BDOS-STATE-003; BIOS-004/006 as applicable	CPM22-BASE	TEMP_FILES	designated writable scratch drive and reserved filenames	INVENTORIED_NOT_IMPLEMENTED	REVIEW_REQUIRED
0316	BDOS-FILE-006-P0316	1.0.0	OR-0316	1.0.0	BDOS-FILE-006	DIRTEST.COM	DIR-040	Directory compaction	OUTSIDE SCOPE	generic CP/M 2.2 compatibility claim	BDOS-CALL-001; BDOS-STATE-003; BIOS-004/006 as applicable	CPM22-BASE	TEMP_FILES	designated writable scratch drive and reserved filenames	INVENTORIED_NOT_IMPLEMENTED	REVIEW_REQUIRED
0317	BDOS-FILE-007-P0317	1.0.0	OR-0317	1.0.0	BDOS-FILE-007	RANDTEST.COM	FIL-094	Random field location	REQUIRED	generic CP/M 2.2 baseline	BDOS-CALL-001; BDOS-STATE-003; BIOS-004/006 as applicable	CPM22-BASE	TEMP_FILES	designated writable scratch drive and reserved filenames	INVENTORIED_NOT_IMPLEMENTED	REVIEW_REQUIRED
0318	BDOS-FILE-008-P0318	1.0.0	OR-0318	1.0.0	BDOS-FILE-008	RANDTEST.COM	FIL-095	Random field byte order	REQUIRED	generic CP/M 2.2 baseline	BDOS-CALL-001; BDOS-STATE-003; BIOS-004/006 as applicable	CPM22-BASE	TEMP_FILES	designated writable scratch drive and reserved filenames	INVENTORIED_NOT_IMPLEMENTED	REVIEW_REQUIRED
0319	BDOS-FILE-009-P0319	1.0.0	OR-0319	1.0.0	BDOS-FILE-009	RANDTEST.COM	FIL-096	CP/M 2.2 random range	REQUIRED	generic CP/M 2.2 baseline	BDOS-CALL-001; BDOS-STATE-003; BIOS-004/006 as applicable	CPM22-BASE	TEMP_FILES	designated writable scratch drive and reserved filenames	INVENTORIED_NOT_IMPLEMENTED	REVIEW_REQUIRED
0320	BDOS-FILE-006-P0320	1.0.0	OR-0320	1.0.0	BDOS-FILE-006	RANDTEST.COM	FIL-097	Random/sequential state distinction	REQUIRED	generic CP/M 2.2 baseline	BDOS-CALL-001; BDOS-STATE-003; BIOS-004/006 as applicable	CPM22-BASE	TEMP_FILES	designated writable scratch drive and reserved filenames	INVENTORIED_NOT_IMPLEMENTED	REVIEW_REQUIRED
0321	BDOS-FILE-007-P0321	1.0.0	OR-0321	1.0.0	BDOS-FILE-007	RANDTEST.COM	FIL-098	Function 36 convention	REQUIRED	generic CP/M 2.2 baseline	BDOS-CALL-001; BDOS-STATE-003; BIOS-004/006 as applicable	CPM22-BASE	TEMP_FILES	designated writable scratch drive and reserved filenames	INVENTORIED_NOT_IMPLEMENTED	REVIEW_REQUIRED
0322	BDOS-FILE-008-P0322	1.0.0	OR-0322	1.0.0	BDOS-FILE-008	RANDTEST.COM	FIL-099	Function 36 direction	REQUIRED	generic CP/M 2.2 baseline	BDOS-CALL-001; BDOS-STATE-003; BIOS-004/006 as applicable	CPM22-BASE	TEMP_FILES	designated writable scratch drive and reserved filenames	INVENTORIED_NOT_IMPLEMENTED	REVIEW_REQUIRED
0323	BDOS-FILE-009-P0323	1.0.0	OR-0323	1.0.0	BDOS-FILE-009	RANDTEST.COM	FIL-100	Function 36 boundary equivalence	REQUIRED	generic CP/M 2.2 baseline	BDOS-CALL-001; BDOS-STATE-003; BIOS-004/006 as applicable	CPM22-BASE	TEMP_FILES	designated writable scratch drive and reserved filenames	INVENTORIED_NOT_IMPLEMENTED	REVIEW_REQUIRED
0324	BDOS-FILE-006-P0324	1.0.0	OR-0324	1.0.0	BDOS-FILE-006	RANDTEST.COM	FIL-101	Function 36 no I/O	REQUIRED	generic CP/M 2.2 baseline	BDOS-CALL-001; BDOS-STATE-003; BIOS-004/006 as applicable	CPM22-BASE	TEMP_FILES	designated writable scratch drive and reserved filenames	INVENTORIED_NOT_IMPLEMENTED	REVIEW_REQUIRED
0325	BDOS-FILE-007-P0325	1.0.0	OR-0325	1.0.0	BDOS-FILE-007	RANDTEST.COM	FIL-102	Function 36 A value	NOT GUARANTEED	generic CP/M 2.2 baseline	BDOS-CALL-001; BDOS-STATE-003; BIOS-004/006 as applicable	CPM22-BASE	TEMP_FILES	designated writable scratch drive and reserved filenames	INVENTORIED_NOT_IMPLEMENTED	REVIEW_REQUIRED
0326	BDOS-FILE-008-P0326	1.0.0	OR-0326	1.0.0	BDOS-FILE-008	RANDTEST.COM	FIL-103	Function 33 convention	REQUIRED	generic CP/M 2.2 baseline	BDOS-CALL-001; BDOS-STATE-003; BIOS-004/006 as applicable	CPM22-BASE	TEMP_FILES	designated writable scratch drive and reserved filenames	INVENTORIED_NOT_IMPLEMENTED	REVIEW_REQUIRED
0327	BDOS-FILE-009-P0327	1.0.0	OR-0327	1.0.0	BDOS-FILE-009	RANDTEST.COM	FIL-104	Random read destination	REQUIRED	generic CP/M 2.2 baseline	BDOS-CALL-001; BDOS-STATE-003; BIOS-004/006 as applicable	CPM22-BASE	TEMP_FILES	designated writable scratch drive and reserved filenames	INVENTORIED_NOT_IMPLEMENTED	REVIEW_REQUIRED
0328	BDOS-FILE-006-P0328	1.0.0	OR-0328	1.0.0	BDOS-FILE-006	RANDTEST.COM	FIL-105	Random read success	REQUIRED	generic CP/M 2.2 baseline	BDOS-CALL-001; BDOS-STATE-003; BIOS-004/006 as applicable	CPM22-BASE	TEMP_FILES	designated writable scratch drive and reserved filenames	INVENTORIED_NOT_IMPLEMENTED	REVIEW_REQUIRED
0329	BDOS-FILE-007-P0329	1.0.0	OR-0329	1.0.0	BDOS-FILE-007	RANDTEST.COM	FIL-106	Random read position	REQUIRED	generic CP/M 2.2 baseline	BDOS-CALL-001; BDOS-STATE-003; BIOS-004/006 as applicable	CPM22-BASE	TEMP_FILES	designated writable scratch drive and reserved filenames	INVENTORIED_NOT_IMPLEMENTED	REVIEW_REQUIRED
0330	BDOS-FILE-008-P0330	1.0.0	OR-0330	1.0.0	BDOS-FILE-008	RANDTEST.COM	FIL-107	Random read no advance	REQUIRED	generic CP/M 2.2 baseline	BDOS-CALL-001; BDOS-STATE-003; BIOS-004/006 as applicable	CPM22-BASE	TEMP_FILES	designated writable scratch drive and reserved filenames	INVENTORIED_NOT_IMPLEMENTED	REVIEW_REQUIRED
0331	BDOS-FILE-009-P0331	1.0.0	OR-0331	1.0.0	BDOS-FILE-009	RANDTEST.COM	FIL-108	Random read unwritten data	REQUIRED	generic CP/M 2.2 baseline	BDOS-CALL-001; BDOS-STATE-003; BIOS-004/006 as applicable	CPM22-BASE	TEMP_FILES	designated writable scratch drive and reserved filenames	INVENTORIED_NOT_IMPLEMENTED	REVIEW_REQUIRED
0332	BDOS-FILE-006-P0332	1.0.0	OR-0332	1.0.0	BDOS-FILE-006	RANDTEST.COM	FIL-109	Random read missing extent	REQUIRED	generic CP/M 2.2 baseline	BDOS-CALL-001; BDOS-STATE-003; BIOS-004/006 as applicable	CPM22-BASE	TEMP_FILES	designated writable scratch drive and reserved filenames	INVENTORIED_NOT_IMPLEMENTED	REVIEW_REQUIRED
0333	BDOS-FILE-007-P0333	1.0.0	OR-0333	1.0.0	BDOS-FILE-007	RANDTEST.COM	FIL-110	Random overflow	REQUIRED	generic CP/M 2.2 baseline	BDOS-CALL-001; BDOS-STATE-003; BIOS-004/006 as applicable	CPM22-BASE	TEMP_FILES	designated writable scratch drive and reserved filenames	INVENTORIED_NOT_IMPLEMENTED	REVIEW_REQUIRED
0334	BDOS-FILE-008-P0334	1.0.0	OR-0334	1.0.0	BDOS-FILE-008	RANDTEST.COM	FIL-111	DMA after failed random read	NOT GUARANTEED	generic CP/M 2.2 baseline	BDOS-CALL-001; BDOS-STATE-003; BIOS-004/006 as applicable	CPM22-BASE	TEMP_FILES	designated writable scratch drive and reserved filenames	INVENTORIED_NOT_IMPLEMENTED	REVIEW_REQUIRED
0335	BDOS-FILE-009-P0335	1.0.0	OR-0335	1.0.0	BDOS-FILE-009	RANDTEST.COM	FIL-112	Function 34 convention	REQUIRED	generic CP/M 2.2 baseline	BDOS-CALL-001; BDOS-STATE-003; BIOS-004/006 as applicable	CPM22-BASE	TEMP_FILES	designated writable scratch drive and reserved filenames	INVENTORIED_NOT_IMPLEMENTED	REVIEW_REQUIRED
0336	BDOS-FILE-006-P0336	1.0.0	OR-0336	1.0.0	BDOS-FILE-006	RANDTEST.COM	FIL-113	Random write transfer	REQUIRED	generic CP/M 2.2 baseline	BDOS-CALL-001; BDOS-STATE-003; BIOS-004/006 as applicable	CPM22-BASE	TEMP_FILES	designated writable scratch drive and reserved filenames	INVENTORIED_NOT_IMPLEMENTED	REVIEW_REQUIRED
0337	BDOS-FILE-007-P0337	1.0.0	OR-0337	1.0.0	BDOS-FILE-007	RANDTEST.COM	FIL-114	Random write success	REQUIRED	generic CP/M 2.2 baseline	BDOS-CALL-001; BDOS-STATE-003; BIOS-004/006 as applicable	CPM22-BASE	TEMP_FILES	designated writable scratch drive and reserved filenames	INVENTORIED_NOT_IMPLEMENTED	REVIEW_REQUIRED
0338	BDOS-FILE-008-P0338	1.0.0	OR-0338	1.0.0	BDOS-FILE-008	RANDTEST.COM	FIL-115	Random write allocation	REQUIRED	generic CP/M 2.2 baseline	BDOS-CALL-001; BDOS-STATE-003; BIOS-004/006 as applicable	CPM22-BASE	SCRATCH_DESTRUCTIVE	dedicated restorable scratch disk	INVENTORIED_NOT_IMPLEMENTED	REVIEW_REQUIRED
0339	BDOS-FILE-009-P0339	1.0.0	OR-0339	1.0.0	BDOS-FILE-009	RANDTEST.COM	FIL-116	Random write holes	REQUIRED	generic CP/M 2.2 baseline	BDOS-CALL-001; BDOS-STATE-003; BIOS-004/006 as applicable	CPM22-BASE	TEMP_FILES	designated writable scratch drive and reserved filenames	INVENTORIED_NOT_IMPLEMENTED	REVIEW_REQUIRED
0340	BDOS-FILE-006-P0340	1.0.0	OR-0340	1.0.0	BDOS-FILE-006	RANDTEST.COM	FIL-117	Random write virtual length	REQUIRED	generic CP/M 2.2 baseline	BDOS-CALL-001; BDOS-STATE-003; BIOS-004/006 as applicable	CPM22-BASE	TEMP_FILES	designated writable scratch drive and reserved filenames	INVENTORIED_NOT_IMPLEMENTED	REVIEW_REQUIRED
0341	BDOS-FILE-007-P0341	1.0.0	OR-0341	1.0.0	BDOS-FILE-007	RANDTEST.COM	FIL-118	Random write working fields	REQUIRED	generic CP/M 2.2 baseline	BDOS-CALL-001; BDOS-STATE-003; BIOS-004/006 as applicable	CPM22-BASE	TEMP_FILES	designated writable scratch drive and reserved filenames	INVENTORIED_NOT_IMPLEMENTED	REVIEW_REQUIRED
0342	BDOS-FILE-008-P0342	1.0.0	OR-0342	1.0.0	BDOS-FILE-008	RANDTEST.COM	FIL-119	Random write no advance	REQUIRED	generic CP/M 2.2 baseline	BDOS-CALL-001; BDOS-STATE-003; BIOS-004/006 as applicable	CPM22-BASE	TEMP_FILES	designated writable scratch drive and reserved filenames	INVENTORIED_NOT_IMPLEMENTED	REVIEW_REQUIRED
0343	BDOS-FILE-009-P0343	1.0.0	OR-0343	1.0.0	BDOS-FILE-009	RANDTEST.COM	FIL-120	No automatic random extent switch	REQUIRED	generic CP/M 2.2 baseline	BDOS-CALL-001; BDOS-STATE-003; BIOS-004/006 as applicable	CPM22-BASE	TEMP_FILES	designated writable scratch drive and reserved filenames	INVENTORIED_NOT_IMPLEMENTED	REVIEW_REQUIRED
0344	BDOS-FILE-006-P0344	1.0.0	OR-0344	1.0.0	BDOS-FILE-006	RANDTEST.COM	FIL-121	Random write Close	REQUIRED	generic CP/M 2.2 baseline	BDOS-CALL-001; BDOS-STATE-003; BIOS-004/006 as applicable	CPM22-BASE	TEMP_FILES	designated writable scratch drive and reserved filenames	INVENTORIED_NOT_IMPLEMENTED	REVIEW_REQUIRED
0345	BDOS-FILE-007-P0345	1.0.0	OR-0345	1.0.0	BDOS-FILE-007	RANDTEST.COM	FIL-122	Random write extent failure	REQUIRED	generic CP/M 2.2 baseline	BDOS-CALL-001; BDOS-STATE-003; BIOS-004/006 as applicable	CPM22-BASE	TEMP_FILES	designated writable scratch drive and reserved filenames	INVENTORIED_NOT_IMPLEMENTED	REVIEW_REQUIRED
0346	BDOS-FILE-008-P0346	1.0.0	OR-0346	1.0.0	BDOS-FILE-008	RANDTEST.COM	FIL-123	Allocation-full exact code	REQUIRED	generic CP/M 2.2 baseline	BDOS-CALL-001; BDOS-STATE-003; BIOS-004/006 as applicable	CPM22-BASE	SCRATCH_DESTRUCTIVE	dedicated restorable scratch disk	INVENTORIED_NOT_IMPLEMENTED	REVIEW_REQUIRED
0347	BDOS-FILE-009-P0347	1.0.0	OR-0347	1.0.0	BDOS-FILE-009	RANDTEST.COM	FIL-124	Function 35 convention	REQUIRED	generic CP/M 2.2 baseline	BDOS-CALL-001; BDOS-STATE-003; BIOS-004/006 as applicable	CPM22-BASE	TEMP_FILES	designated writable scratch drive and reserved filenames	INVENTORIED_NOT_IMPLEMENTED	REVIEW_REQUIRED
0348	BDOS-FILE-006-P0348	1.0.0	OR-0348	1.0.0	BDOS-FILE-006	RANDTEST.COM	FIL-125	Function 35 result location	REQUIRED	generic CP/M 2.2 baseline	BDOS-CALL-001; BDOS-STATE-003; BIOS-004/006 as applicable	CPM22-BASE	TEMP_FILES	designated writable scratch drive and reserved filenames	INVENTORIED_NOT_IMPLEMENTED	REVIEW_REQUIRED
0349	BDOS-FILE-007-P0349	1.0.0	OR-0349	1.0.0	BDOS-FILE-007	RANDTEST.COM	FIL-126	Function 35 unit	REQUIRED	generic CP/M 2.2 baseline	BDOS-CALL-001; BDOS-STATE-003; BIOS-004/006 as applicable	CPM22-BASE	TEMP_FILES	designated writable scratch drive and reserved filenames	INVENTORIED_NOT_IMPLEMENTED	REVIEW_REQUIRED
0350	BDOS-FILE-008-P0350	1.0.0	OR-0350	1.0.0	BDOS-FILE-008	RANDTEST.COM	FIL-127	Function 35 maximum	REQUIRED	generic CP/M 2.2 baseline	BDOS-CALL-001; BDOS-STATE-003; BIOS-004/006 as applicable	CPM22-BASE	TEMP_FILES	designated writable scratch drive and reserved filenames	INVENTORIED_NOT_IMPLEMENTED	REVIEW_REQUIRED
0351	BDOS-FILE-009-P0351	1.0.0	OR-0351	1.0.0	BDOS-FILE-009	RANDTEST.COM	FIL-128	Sparse virtual size	REQUIRED	generic CP/M 2.2 baseline	BDOS-CALL-001; BDOS-STATE-003; BIOS-004/006 as applicable	CPM22-BASE	TEMP_FILES	designated writable scratch drive and reserved filenames	INVENTORIED_NOT_IMPLEMENTED	REVIEW_REQUIRED
0352	BDOS-FILE-006-P0352	1.0.0	OR-0352	1.0.0	BDOS-FILE-006	RANDTEST.COM	FIL-129	Function 35 A value	NOT GUARANTEED	generic CP/M 2.2 baseline	BDOS-CALL-001; BDOS-STATE-003; BIOS-004/006 as applicable	CPM22-BASE	TEMP_FILES	designated writable scratch drive and reserved filenames	INVENTORIED_NOT_IMPLEMENTED	REVIEW_REQUIRED
0353	BDOS-FILE-007-P0353	1.0.0	OR-0353	1.0.0	BDOS-FILE-007	RANDTEST.COM	FIL-130	DRI random seek machinery	OUTSIDE SCOPE	generic CP/M 2.2 compatibility claim	BDOS-CALL-001; BDOS-STATE-003; BIOS-004/006 as applicable	CPM22-BASE	TEMP_FILES	designated writable scratch drive and reserved filenames	INVENTORIED_NOT_IMPLEMENTED	REVIEW_REQUIRED
0354	BDOS-FILE-008-P0354	1.0.0	OR-0354	1.0.0	BDOS-FILE-008	ERRTEST.COM	ERR-004	Physical random-I/O errors	PROFILE REQUIRED	the Interactive CP/M disk-error profile	BDOS-CALL-001; BDOS-STATE-003; BIOS-004/006 as applicable	CPM-DISKERR-INT	TEMP_FILES	designated writable scratch drive and reserved filenames	INVENTORIED_NOT_IMPLEMENTED	REVIEW_REQUIRED
0355	BDOS-FILE-009-P0355	1.0.0	OR-0355	1.0.0	BDOS-FILE-009	DISKTEST.COM	DIS-007	Physical allocation equals virtual size	OUTSIDE SCOPE	generic CP/M 2.2 compatibility claim	BDOS-CALL-001; BDOS-STATE-003; BIOS-004/006 as applicable	CPM22-BASE	SCRATCH_DESTRUCTIVE	dedicated restorable scratch disk	INVENTORIED_NOT_IMPLEMENTED	REVIEW_REQUIRED
0356	BDOS-FILE-006-P0356	1.0.0	OR-0356	1.0.0	BDOS-FILE-006	DIRTEST.COM	DIR-041	Read-only attribute location	REQUIRED	generic CP/M 2.2 baseline	BDOS-CALL-001; BDOS-STATE-003; BIOS-004/006 as applicable	CPM22-BASE	SCRATCH_DESTRUCTIVE	dedicated restorable scratch disk	INVENTORIED_NOT_IMPLEMENTED	REVIEW_REQUIRED
0357	BDOS-FILE-007-P0357	1.0.0	OR-0357	1.0.0	BDOS-FILE-007	DIRTEST.COM	DIR-042	System attribute location	REQUIRED	generic CP/M 2.2 baseline	BDOS-CALL-001; BDOS-STATE-003; BIOS-004/006 as applicable	CPM22-BASE	TEMP_FILES	designated writable scratch drive and reserved filenames	INVENTORIED_NOT_IMPLEMENTED	REVIEW_REQUIRED
0358	BDOS-FILE-008-P0358	1.0.0	OR-0358	1.0.0	BDOS-FILE-008	DIRTEST.COM	DIR-043	Attribute/type coexistence	REQUIRED	generic CP/M 2.2 baseline	BDOS-CALL-001; BDOS-STATE-003; BIOS-004/006 as applicable	CPM22-BASE	TEMP_FILES	designated writable scratch drive and reserved filenames	INVENTORIED_NOT_IMPLEMENTED	REVIEW_REQUIRED
0359	BDOS-FILE-009-P0359	1.0.0	OR-0359	1.0.0	BDOS-FILE-009	DIRTEST.COM	DIR-044	Reserved t3’	NOT GUARANTEED	generic CP/M 2.2 baseline	BDOS-CALL-001; BDOS-STATE-003; BIOS-004/006 as applicable	CPM22-BASE	TEMP_FILES	designated writable scratch drive and reserved filenames	INVENTORIED_NOT_IMPLEMENTED	REVIEW_REQUIRED
0360	BDOS-FILE-006-P0360	1.0.0	OR-0360	1.0.0	BDOS-FILE-006	DIRTEST.COM	DIR-045	Function 30 convention	REQUIRED	generic CP/M 2.2 baseline	BDOS-CALL-001; BDOS-STATE-003; BIOS-004/006 as applicable	CPM22-BASE	TEMP_FILES	designated writable scratch drive and reserved filenames	INVENTORIED_NOT_IMPLEMENTED	REVIEW_REQUIRED
0361	BDOS-FILE-007-P0361	1.0.0	OR-0361	1.0.0	BDOS-FILE-007	DIRTEST.COM	DIR-046	Function 30 set/clear	REQUIRED	generic CP/M 2.2 baseline	BDOS-CALL-001; BDOS-STATE-003; BIOS-004/006 as applicable	CPM22-BASE	TEMP_FILES	designated writable scratch drive and reserved filenames	INVENTORIED_NOT_IMPLEMENTED	REVIEW_REQUIRED
0362	BDOS-FILE-008-P0362	1.0.0	OR-0362	1.0.0	BDOS-FILE-008	DIRTEST.COM	DIR-047	Function 30 all extents	REQUIRED	generic CP/M 2.2 baseline	BDOS-CALL-001; BDOS-STATE-003; BIOS-004/006 as applicable	CPM22-BASE	TEMP_FILES	designated writable scratch drive and reserved filenames	INVENTORIED_NOT_IMPLEMENTED	REVIEW_REQUIRED
0363	BDOS-FILE-009-P0363	1.0.0	OR-0363	1.0.0	BDOS-FILE-009	DIRTEST.COM	DIR-048	Function 30 success result	REQUIRED	generic CP/M 2.2 baseline	BDOS-CALL-001; BDOS-STATE-003; BIOS-004/006 as applicable	CPM22-BASE	TEMP_FILES	designated writable scratch drive and reserved filenames	INVENTORIED_NOT_IMPLEMENTED	REVIEW_REQUIRED
0364	BDOS-FILE-006-P0364	1.0.0	OR-0364	1.0.0	BDOS-FILE-006	DIRTEST.COM	DIR-049	Function 30 no-match result	REQUIRED	generic CP/M 2.2 baseline	BDOS-CALL-001; BDOS-STATE-003; BIOS-004/006 as applicable	CPM22-BASE	TEMP_FILES	designated writable scratch drive and reserved filenames	INVENTORIED_NOT_IMPLEMENTED	REVIEW_REQUIRED
0365	BDOS-FILE-007-P0365	1.0.0	OR-0365	1.0.0	BDOS-FILE-007	DIRTEST.COM	DIR-050	Function 30 exact success slot	NOT GUARANTEED	generic CP/M 2.2 baseline	BDOS-CALL-001; BDOS-STATE-003; BIOS-004/006 as applicable	CPM22-BASE	TEMP_FILES	designated writable scratch drive and reserved filenames	INVENTORIED_NOT_IMPLEMENTED	REVIEW_REQUIRED
0366	BDOS-FILE-008-P0366	1.0.0	OR-0366	1.0.0	BDOS-FILE-008	DIRTEST.COM	DIR-051	Open preserves indicators	REQUIRED	generic CP/M 2.2 baseline	BDOS-CALL-001; BDOS-STATE-003; BIOS-004/006 as applicable	CPM22-BASE	TEMP_FILES	designated writable scratch drive and reserved filenames	INVENTORIED_NOT_IMPLEMENTED	REVIEW_REQUIRED
0367	BDOS-FILE-009-P0367	1.0.0	OR-0367	1.0.0	BDOS-FILE-009	DIRTEST.COM	DIR-052	Make accepts indicators	REQUIRED	generic CP/M 2.2 baseline	BDOS-CALL-001; BDOS-STATE-003; BIOS-004/006 as applicable	CPM22-BASE	TEMP_FILES	designated writable scratch drive and reserved filenames	INVENTORIED_NOT_IMPLEMENTED	REVIEW_REQUIRED
0368	BDOS-FILE-006-P0368	1.0.0	OR-0368	1.0.0	BDOS-FILE-006	RANDTEST.COM	FIL-131	File read-only sequential protection	REQUIRED	generic CP/M 2.2 baseline	BDOS-CALL-001; BDOS-STATE-003; BIOS-004/006 as applicable	CPM22-BASE	SCRATCH_DESTRUCTIVE	dedicated restorable scratch disk	INVENTORIED_NOT_IMPLEMENTED	REVIEW_REQUIRED
0369	BDOS-FILE-007-P0369	1.0.0	OR-0369	1.0.0	BDOS-FILE-007	RANDTEST.COM	FIL-132	File read-only random protection	REQUIRED	generic CP/M 2.2 baseline	BDOS-CALL-001; BDOS-STATE-003; BIOS-004/006 as applicable	CPM22-BASE	SCRATCH_DESTRUCTIVE	dedicated restorable scratch disk	INVENTORIED_NOT_IMPLEMENTED	REVIEW_REQUIRED
0370	BDOS-FILE-008-P0370	1.0.0	OR-0370	1.0.0	BDOS-FILE-008	DIRTEST.COM	DIR-053	File read-only delete protection	REQUIRED	generic CP/M 2.2 baseline	BDOS-CALL-001; BDOS-STATE-003; BIOS-004/006 as applicable	CPM22-BASE	SCRATCH_DESTRUCTIVE	dedicated restorable scratch disk	INVENTORIED_NOT_IMPLEMENTED	REVIEW_REQUIRED
0371	BDOS-FILE-009-P0371	1.0.0	OR-0371	1.0.0	BDOS-FILE-009	DIRTEST.COM	DIR-054	File read-only rename protection	REQUIRED	generic CP/M 2.2 baseline	BDOS-CALL-001; BDOS-STATE-003; BIOS-004/006 as applicable	CPM22-BASE	SCRATCH_DESTRUCTIVE	dedicated restorable scratch disk	INVENTORIED_NOT_IMPLEMENTED	REVIEW_REQUIRED
0372	BDOS-FILE-006-P0372	1.0.0	OR-0372	1.0.0	BDOS-FILE-006	RANDTEST.COM	FIL-133	Protected-operation normal result	NOT GUARANTEED	generic CP/M 2.2 baseline	BDOS-CALL-001; BDOS-STATE-003; BIOS-004/006 as applicable	CPM22-BASE	TEMP_FILES	designated writable scratch drive and reserved filenames	INVENTORIED_NOT_IMPLEMENTED	REVIEW_REQUIRED
0373	BDOS-FILE-007-P0373	1.0.0	OR-0373	1.0.0	BDOS-FILE-007	DISKTEST.COM	DIS-008	Function 28 convention	REQUIRED	generic CP/M 2.2 baseline	BDOS-CALL-001; BDOS-STATE-003; BIOS-004/006 as applicable	CPM22-BASE	TEMP_FILES	designated writable scratch drive and reserved filenames	INVENTORIED_NOT_IMPLEMENTED	REVIEW_REQUIRED
0374	BDOS-FILE-008-P0374	1.0.0	OR-0374	1.0.0	BDOS-FILE-008	DISKTEST.COM	DIS-009	Function 28 transience	REQUIRED	generic CP/M 2.2 baseline	BDOS-CALL-001; BDOS-STATE-003; BIOS-004/006 as applicable	CPM22-BASE	TEMP_FILES	designated writable scratch drive and reserved filenames	INVENTORIED_NOT_IMPLEMENTED	REVIEW_REQUIRED
0375	BDOS-FILE-009-P0375	1.0.0	OR-0375	1.0.0	BDOS-FILE-009	DISKTEST.COM	DIS-010	Function 29 convention	REQUIRED	generic CP/M 2.2 baseline	BDOS-CALL-001; BDOS-STATE-003; BIOS-004/006 as applicable	CPM22-BASE	TEMP_FILES	designated writable scratch drive and reserved filenames	INVENTORIED_NOT_IMPLEMENTED	REVIEW_REQUIRED
0376	BDOS-FILE-006-P0376	1.0.0	OR-0376	1.0.0	BDOS-FILE-006	DISKTEST.COM	DIS-011	Read-only vector mapping	REQUIRED	generic CP/M 2.2 baseline	BDOS-CALL-001; BDOS-STATE-003; BIOS-004/006 as applicable	CPM22-BASE	SCRATCH_DESTRUCTIVE	dedicated restorable scratch disk	INVENTORIED_NOT_IMPLEMENTED	REVIEW_REQUIRED
0377	BDOS-FILE-007-P0377	1.0.0	OR-0377	1.0.0	BDOS-FILE-007	DISKTEST.COM	DIS-012	Function 28 vector effect	REQUIRED	generic CP/M 2.2 baseline	BDOS-CALL-001; BDOS-STATE-003; BIOS-004/006 as applicable	CPM22-BASE	TEMP_FILES	designated writable scratch drive and reserved filenames	INVENTORIED_NOT_IMPLEMENTED	REVIEW_REQUIRED
0378	BDOS-FILE-008-P0378	1.0.0	OR-0378	1.0.0	BDOS-FILE-008	DISKTEST.COM	DIS-013	Reset clears software protection	REQUIRED	generic CP/M 2.2 baseline	BDOS-CALL-001; BDOS-STATE-003; BIOS-004/006 as applicable	CPM22-BASE	SCRATCH_DESTRUCTIVE	dedicated restorable scratch disk	INVENTORIED_NOT_IMPLEMENTED	REVIEW_REQUIRED
0379	BDOS-FILE-009-P0379	1.0.0	OR-0379	1.0.0	BDOS-FILE-009	DISKTEST.COM	DIS-014	Protected-disk Make	REQUIRED	generic CP/M 2.2 baseline	BDOS-CALL-001; BDOS-STATE-003; BIOS-004/006 as applicable	CPM22-BASE	TEMP_FILES	designated writable scratch drive and reserved filenames	INVENTORIED_NOT_IMPLEMENTED	REVIEW_REQUIRED
0380	BDOS-FILE-006-P0380	1.0.0	OR-0380	1.0.0	BDOS-FILE-006	DISKTEST.COM	DIS-015	Protected-disk sequential write	REQUIRED	generic CP/M 2.2 baseline	BDOS-CALL-001; BDOS-STATE-003; BIOS-004/006 as applicable	CPM22-BASE	TEMP_FILES	designated writable scratch drive and reserved filenames	INVENTORIED_NOT_IMPLEMENTED	REVIEW_REQUIRED
0381	BDOS-FILE-007-P0381	1.0.0	OR-0381	1.0.0	BDOS-FILE-007	DISKTEST.COM	DIS-016	Protected-disk random write	REQUIRED	generic CP/M 2.2 baseline	BDOS-CALL-001; BDOS-STATE-003; BIOS-004/006 as applicable	CPM22-BASE	TEMP_FILES	designated writable scratch drive and reserved filenames	INVENTORIED_NOT_IMPLEMENTED	REVIEW_REQUIRED
0382	BDOS-FILE-008-P0382	1.0.0	OR-0382	1.0.0	BDOS-FILE-008	DISKTEST.COM	DIS-017	Protected-disk delete	REQUIRED	generic CP/M 2.2 baseline	BDOS-CALL-001; BDOS-STATE-003; BIOS-004/006 as applicable	CPM22-BASE	TEMP_FILES	designated writable scratch drive and reserved filenames	INVENTORIED_NOT_IMPLEMENTED	REVIEW_REQUIRED
0383	BDOS-FILE-009-P0383	1.0.0	OR-0383	1.0.0	BDOS-FILE-009	DISKTEST.COM	DIS-018	Protected-disk rename	REQUIRED	generic CP/M 2.2 baseline	BDOS-CALL-001; BDOS-STATE-003; BIOS-004/006 as applicable	CPM22-BASE	TEMP_FILES	designated writable scratch drive and reserved filenames	INVENTORIED_NOT_IMPLEMENTED	REVIEW_REQUIRED
0384	BDOS-FILE-006-P0384	1.0.0	OR-0384	1.0.0	BDOS-FILE-006	DISKTEST.COM	DIS-019	Protection before mutation	REQUIRED	generic CP/M 2.2 baseline	BDOS-CALL-001; BDOS-STATE-003; BIOS-004/006 as applicable	CPM22-BASE	SCRATCH_DESTRUCTIVE	dedicated restorable scratch disk	INVENTORIED_NOT_IMPLEMENTED	REVIEW_REQUIRED
0385	BDOS-FILE-007-P0385	1.0.0	OR-0385	1.0.0	BDOS-FILE-007	ERRTEST.COM	ERR-005	Fatal presentation	PROFILE REQUIRED	the Interactive DRI protection-error profile	BDOS-CALL-001; BDOS-STATE-003; BIOS-004/006 as applicable	DRI-PROTECT-INT	INTERACTIVE	console transcript and operator input where required	INVENTORIED_NOT_IMPLEMENTED	REVIEW_REQUIRED
0386	BDOS-FILE-008-P0386	1.0.0	OR-0386	1.0.0	BDOS-FILE-008	ERRTEST.COM	ERR-006	Fatal handler internals	OUTSIDE SCOPE	generic CP/M 2.2 compatibility claim	BDOS-CALL-001; BDOS-STATE-003; BIOS-004/006 as applicable	CPM22-BASE	TEMP_FILES	designated writable scratch drive and reserved filenames	INVENTORIED_NOT_IMPLEMENTED	REVIEW_REQUIRED
0387	BDOS-FILE-009-P0387	1.0.0	OR-0387	1.0.0	BDOS-FILE-009	ERRTEST.COM	ERR-007	Exact diagnostic text	PROFILE REQUIRED	the DRI diagnostic-presentation profile	BDOS-CALL-001; BDOS-STATE-003; BIOS-004/006 as applicable	DRI-DIAG-PRES	INTERACTIVE	console transcript and operator input where required	INVENTORIED_NOT_IMPLEMENTED	REVIEW_REQUIRED
0388	BDOS-FILE-006-P0388	1.0.0	OR-0388	1.0.0	BDOS-FILE-006	RANDTEST.COM	FIL-134	Late attribute change versus dirty FCB	NOT GUARANTEED	generic CP/M 2.2 baseline	BDOS-CALL-001; BDOS-STATE-003; BIOS-004/006 as applicable	CPM22-BASE	TEMP_FILES	designated writable scratch drive and reserved filenames	INVENTORIED_NOT_IMPLEMENTED	REVIEW_REQUIRED
0389	ERROR-002-P0389	1.0.0	OR-0389	1.0.0	ERROR-002	ERRTEST.COM	ERR-008	Automatic media-change protection	PROFILE REQUIRED	the Removable-media/hardware profile	healthy corresponding interface/storage test; restored fault fixture	REMOVABLE-MEDIA	FAULT_ASSISTED	fault provider or restorable emulator image	INVENTORIED_NOT_IMPLEMENTED	REVIEW_REQUIRED
0390	ERROR-003-P0390	1.0.0	OR-0390	1.0.0	ERROR-003	ERRTEST.COM	ERR-009	CBIOS physical read result	REQUIRED	generic CP/M 2.2 baseline	healthy corresponding interface/storage test; restored fault fixture	CPM22-BASE	FAULT_ASSISTED	fault provider or restorable emulator image	INVENTORIED_NOT_IMPLEMENTED	REVIEW_REQUIRED
0391	ERROR-004-P0391	1.0.0	OR-0391	1.0.0	ERROR-004	ERRTEST.COM	ERR-010	CBIOS physical write result	REQUIRED	generic CP/M 2.2 baseline	healthy corresponding interface/storage test; restored fault fixture	CPM22-BASE	FAULT_ASSISTED	fault provider or restorable emulator image	INVENTORIED_NOT_IMPLEMENTED	REVIEW_REQUIRED
0392	ERROR-002-P0392	1.0.0	OR-0392	1.0.0	ERROR-002	ERRTEST.COM	ERR-011	BIOS retry responsibility	REQUIRED	generic CP/M 2.2 baseline	healthy corresponding interface/storage test; restored fault fixture	CPM22-BASE	FAULT_ASSISTED	fault provider or restorable emulator image	INVENTORIED_NOT_IMPLEMENTED	REVIEW_REQUIRED
0393	ERROR-003-P0393	1.0.0	OR-0393	1.0.0	ERROR-003	ERRTEST.COM	ERR-012	Physical/logical error separation	REQUIRED	generic CP/M 2.2 baseline	healthy corresponding interface/storage test; restored fault fixture	CPM22-BASE	FAULT_ASSISTED	fault provider or restorable emulator image	INVENTORIED_NOT_IMPLEMENTED	REVIEW_REQUIRED
0394	ERROR-004-P0394	1.0.0	OR-0394	1.0.0	ERROR-004	ERRTEST.COM	ERR-013	Bad Sector presentation	REQUIRED	generic CP/M 2.2 baseline	healthy corresponding interface/storage test; restored fault fixture	CPM22-BASE	FAULT_ASSISTED	fault provider or restorable emulator image	INVENTORIED_NOT_IMPLEMENTED	REVIEW_REQUIRED
0395	ERROR-002-P0395	1.0.0	OR-0395	1.0.0	ERROR-002	ERRTEST.COM	ERR-014	Physical-error ignore choice	REQUIRED	generic CP/M 2.2 baseline	healthy corresponding interface/storage test; restored fault fixture	CPM22-BASE	FAULT_ASSISTED	fault provider or restorable emulator image	INVENTORIED_NOT_IMPLEMENTED	REVIEW_REQUIRED
0396	ERROR-003-P0396	1.0.0	OR-0396	1.0.0	ERROR-003	ERRTEST.COM	ERR-015	Physical-error abort choice	REQUIRED	generic CP/M 2.2 baseline	healthy corresponding interface/storage test; restored fault fixture	CPM22-BASE	FAULT_ASSISTED	fault provider or restorable emulator image	INVENTORIED_NOT_IMPLEMENTED	REVIEW_REQUIRED
0397	ERROR-004-P0397	1.0.0	OR-0397	1.0.0	ERROR-004	ERRTEST.COM	ERR-016	Abort restart details	REQUIRED	generic CP/M 2.2 baseline	healthy corresponding interface/storage test; restored fault fixture	CPM22-BASE	FAULT_ASSISTED	fault provider or restorable emulator image	INVENTORIED_NOT_IMPLEMENTED	REVIEW_REQUIRED
0398	ERROR-002-P0398	1.0.0	OR-0398	1.0.0	ERROR-002	ERRTEST.COM	ERR-017	Result after ignored physical error	NOT GUARANTEED	generic CP/M 2.2 baseline	healthy corresponding interface/storage test; restored fault fixture	CPM22-BASE	FAULT_ASSISTED	fault provider or restorable emulator image	INVENTORIED_NOT_IMPLEMENTED	REVIEW_REQUIRED
0399	ERROR-003-P0399	1.0.0	OR-0399	1.0.0	ERROR-003	ERRTEST.COM	ERR-018	DMA after ignored physical read	NOT GUARANTEED	generic CP/M 2.2 baseline	healthy corresponding interface/storage test; restored fault fixture	CPM22-BASE	FAULT_ASSISTED	fault provider or restorable emulator image	INVENTORIED_NOT_IMPLEMENTED	REVIEW_REQUIRED
0400	ERROR-004-P0400	1.0.0	OR-0400	1.0.0	ERROR-004	ERRTEST.COM	ERR-019	Persistence after ignored physical write	NOT GUARANTEED	generic CP/M 2.2 baseline	healthy corresponding interface/storage test; restored fault fixture	CPM22-BASE	FAULT_ASSISTED	fault provider or restorable emulator image	INVENTORIED_NOT_IMPLEMENTED	REVIEW_REQUIRED
0401	ERROR-002-P0401	1.0.0	OR-0401	1.0.0	ERROR-002	ERRTEST.COM	ERR-020	Make persistence after physical error	NOT GUARANTEED	generic CP/M 2.2 baseline	healthy corresponding interface/storage test; restored fault fixture	CPM22-BASE	FAULT_ASSISTED	fault provider or restorable emulator image	INVENTORIED_NOT_IMPLEMENTED	REVIEW_REQUIRED
0402	ERROR-003-P0402	1.0.0	OR-0402	1.0.0	ERROR-003	ERRTEST.COM	ERR-021	Close persistence after physical error	NOT GUARANTEED	generic CP/M 2.2 baseline	healthy corresponding interface/storage test; restored fault fixture	CPM22-BASE	FAULT_ASSISTED	fault provider or restorable emulator image	INVENTORIED_NOT_IMPLEMENTED	REVIEW_REQUIRED
0403	ERROR-004-P0403	1.0.0	OR-0403	1.0.0	ERROR-004	ERRTEST.COM	ERR-022	Physical-write atomicity	NOT GUARANTEED	generic CP/M 2.2 baseline	healthy corresponding interface/storage test; restored fault fixture	CPM22-BASE	FAULT_ASSISTED	fault provider or restorable emulator image	INVENTORIED_NOT_IMPLEMENTED	REVIEW_REQUIRED
0404	ERROR-002-P0404	1.0.0	OR-0404	1.0.0	ERROR-002	ERRTEST.COM	ERR-023	Sequential read logical result	REQUIRED	generic CP/M 2.2 baseline	healthy corresponding interface/storage test; restored fault fixture	CPM22-BASE	FAULT_ASSISTED	fault provider or restorable emulator image	INVENTORIED_NOT_IMPLEMENTED	REVIEW_REQUIRED
0405	ERROR-003-P0405	1.0.0	OR-0405	1.0.0	ERROR-003	ERRTEST.COM	ERR-024	Sequential write logical result	REQUIRED	generic CP/M 2.2 baseline	healthy corresponding interface/storage test; restored fault fixture	CPM22-BASE	FAULT_ASSISTED	fault provider or restorable emulator image	INVENTORIED_NOT_IMPLEMENTED	REVIEW_REQUIRED
0406	ERROR-004-P0406	1.0.0	OR-0406	1.0.0	ERROR-004	ERRTEST.COM	ERR-025	Random read logical codes	REQUIRED	generic CP/M 2.2 baseline	healthy corresponding interface/storage test; restored fault fixture	CPM22-BASE	FAULT_ASSISTED	fault provider or restorable emulator image	INVENTORIED_NOT_IMPLEMENTED	REVIEW_REQUIRED
0407	ERROR-002-P0407	1.0.0	OR-0407	1.0.0	ERROR-002	ERRTEST.COM	ERR-026	Random write logical codes	REQUIRED	generic CP/M 2.2 baseline	healthy corresponding interface/storage test; restored fault fixture	CPM22-BASE	FAULT_ASSISTED	fault provider or restorable emulator image	INVENTORIED_NOT_IMPLEMENTED	REVIEW_REQUIRED
0408	ERROR-003-P0408	1.0.0	OR-0408	1.0.0	ERROR-003	ERRTEST.COM	ERR-027	Make/Delete/Rename/Close logical codes	REQUIRED	generic CP/M 2.2 baseline	healthy corresponding interface/storage test; restored fault fixture	CPM22-BASE	FAULT_ASSISTED	fault provider or restorable emulator image	INVENTORIED_NOT_IMPLEMENTED	REVIEW_REQUIRED
0409	ERROR-004-P0409	1.0.0	OR-0409	1.0.0	ERROR-004	ERRTEST.COM	ERR-028	DRI permanent-error internals	OUTSIDE SCOPE	generic CP/M 2.2 compatibility claim	healthy corresponding interface/storage test; restored fault fixture	CPM22-BASE	FAULT_ASSISTED	fault provider or restorable emulator image	INVENTORIED_NOT_IMPLEMENTED	REVIEW_REQUIRED
0410	ERROR-002-P0410	1.0.0	OR-0410	1.0.0	ERROR-002	ERRTEST.COM	ERR-029	z80pack status values	OUTSIDE SCOPE	generic CP/M 2.2 compatibility claim	healthy corresponding interface/storage test; restored fault fixture	CPM22-BASE	FAULT_ASSISTED	fault provider or restorable emulator image	INVENTORIED_NOT_IMPLEMENTED	REVIEW_REQUIRED
0411	ERROR-003-P0411	1.0.0	OR-0411	1.0.0	ERROR-003	ERRTEST.COM	ERR-030	Exact Bad Sector text	PROFILE REQUIRED	the DRI diagnostic-presentation profile	healthy corresponding interface/storage test; restored fault fixture	DRI-DIAG-PRES	FAULT_ASSISTED	fault provider or restorable emulator image	INVENTORIED_NOT_IMPLEMENTED	REVIEW_REQUIRED
0412	ERROR-004-P0412	1.0.0	OR-0412	1.0.0	ERROR-004	ERRTEST.COM	ERR-031	Accepted ignore characters	NOT GUARANTEED	generic CP/M 2.2 baseline	healthy corresponding interface/storage test; restored fault fixture	CPM22-BASE	FAULT_ASSISTED	fault provider or restorable emulator image	INVENTORIED_NOT_IMPLEMENTED	REVIEW_REQUIRED
0413	BDOS-STATE-001-P0413	1.0.0	OR-0413	1.0.0	BDOS-STATE-001	BDOSTEST.COM	BDO-062	Structured physical-error extension	OPTIONAL	the Headless/structured-error extension. Generic BetterCP/M CP/M 2.2 compatibility does not require this feature	MEM-001; BIOS-001 as applicable	EXT-STRUCTERR	SAFE_READ_ONLY	none beyond runnable CP/M environment	INVENTORIED_NOT_IMPLEMENTED	REVIEW_REQUIRED
0414	BDOS-STATE-001-P0414	1.0.0	OR-0414	1.0.0	BDOS-STATE-001	BDOSTEST.COM	BDO-063	Function 12 CP/M version result	REQUIRED	generic CP/M 2.2 baseline	MEM-001; BIOS-001 as applicable	CPM22-BASE	SAFE_READ_ONLY	none beyond runnable CP/M environment	INVENTORIED_NOT_IMPLEMENTED	REVIEW_REQUIRED
0415	BDOS-STATE-001-P0415	1.0.0	OR-0415	1.0.0	BDOS-STATE-001	BDOSTEST.COM	BDO-064	Function 32 user-number query	REQUIRED	generic CP/M 2.2 baseline	MEM-001; BIOS-001 as applicable	CPM22-BASE	SAFE_READ_ONLY	none beyond runnable CP/M environment	INVENTORIED_NOT_IMPLEMENTED	REVIEW_REQUIRED
0416	BDOS-STATE-001-P0416	1.0.0	OR-0416	1.0.0	BDOS-STATE-001	BDOSTEST.COM	BDO-065	Function 32 user-number selection	REQUIRED	generic CP/M 2.2 baseline	MEM-001; BIOS-001 as applicable	CPM22-BASE	SAFE_READ_ONLY	none beyond runnable CP/M environment	INVENTORIED_NOT_IMPLEMENTED	REVIEW_REQUIRED
0417	BDOS-STATE-001-P0417	1.0.0	OR-0417	1.0.0	BDOS-STATE-001	BDOSTEST.COM	BDO-066	Function 32 set-form result	NOT GUARANTEED	generic CP/M 2.2 baseline	MEM-001; BIOS-001 as applicable	CPM22-BASE	SAFE_READ_ONLY	none beyond runnable CP/M environment	INVENTORIED_NOT_IMPLEMENTED	REVIEW_REQUIRED
0418	BDOS-STATE-001-P0418	1.0.0	OR-0418	1.0.0	BDOS-STATE-001	BDOSTEST.COM	BDO-067	Console functions do not use or overwrite DMA	REQUIRED	generic CP/M 2.2 baseline	MEM-001; BIOS-001 as applicable	CPM22-BASE	INTERACTIVE	console transcript and operator input where required	INVENTORIED_NOT_IMPLEMENTED	REVIEW_REQUIRED
0419	BDOS-STATE-001-P0419	1.0.0	OR-0419	1.0.0	BDOS-STATE-001	BDOSTEST.COM	BDO-068	Console and identity calls preserve DMA selection	REQUIRED	generic CP/M 2.2 baseline	MEM-001; BIOS-001 as applicable	CPM22-BASE	INTERACTIVE	console transcript and operator input where required	INVENTORIED_NOT_IMPLEMENTED	REVIEW_REQUIRED
0420	BDOS-STATE-001-P0420	1.0.0	OR-0420	1.0.0	BDOS-STATE-001	BDOSTEST.COM	BDO-069	Function 10 DE buffer is not DMA	REQUIRED	generic CP/M 2.2 baseline	MEM-001; BIOS-001 as applicable	CPM22-BASE	TEMP_FILES	designated writable scratch drive and reserved filenames	INVENTORIED_NOT_IMPLEMENTED	REVIEW_REQUIRED
0421	BDOS-CON-005-P0421	1.0.0	OR-0421	1.0.0	BDOS-CON-005	CONSTEST.COM	CON-081	DRI private console polling implementation	OUTSIDE SCOPE	generic CP/M 2.2 compatibility claim	MEM-001; BIOS-001 as applicable	CPM22-BASE	INTERACTIVE	console transcript and operator input where required	INVENTORIED_NOT_IMPLEMENTED	REVIEW_REQUIRED
0422	BDOS-STATE-001-P0422	1.0.0	OR-0422	1.0.0	BDOS-STATE-001	BDOSTEST.COM	BDO-070	Function 6 E=FEh behavior	OUTSIDE SCOPE	generic CP/M 2.2 compatibility claim	MEM-001; BIOS-001 as applicable	CPM22-BASE	SAFE_READ_ONLY	none beyond runnable CP/M environment	INVENTORIED_NOT_IMPLEMENTED	REVIEW_REQUIRED
0423	BIOS-006-P0423	1.0.0	OR-0423	1.0.0	BIOS-006	BIOSTEST.COM	BIO-001	Function 34 is not Compute File Size	OUTSIDE SCOPE	generic CP/M 2.2 compatibility claim	MEM-001; BIOS-001 as applicable	CPM22-BASE	TEMP_FILES	designated writable scratch drive and reserved filenames	INVENTORIED_NOT_IMPLEMENTED	REVIEW_REQUIRED
0424	BIOS-006-P0424	1.0.0	OR-0424	1.0.0	BIOS-006	BIOSTEST.COM	BIO-002	Function 27 allocation-vector pointer	REQUIRED	generic CP/M 2.2 baseline	MEM-001; BIOS-001 as applicable	CPM22-BASE	SCRATCH_DESTRUCTIVE	dedicated restorable scratch disk	INVENTORIED_NOT_IMPLEMENTED	REVIEW_REQUIRED
0425	BIOS-006-P0425	1.0.0	OR-0425	1.0.0	BIOS-006	BIOSTEST.COM	BIO-003	Allocation-vector length and bit mapping	REQUIRED	generic CP/M 2.2 baseline	MEM-001; BIOS-001 as applicable	CPM22-BASE	SCRATCH_DESTRUCTIVE	dedicated restorable scratch disk	INVENTORIED_NOT_IMPLEMENTED	REVIEW_REQUIRED
0426	BIOS-006-P0426	1.0.0	OR-0426	1.0.0	BIOS-006	BIOSTEST.COM	BIO-004	Reserved directory allocation bits	REQUIRED	generic CP/M 2.2 baseline	MEM-001; BIOS-001 as applicable	CPM22-BASE	SCRATCH_DESTRUCTIVE	dedicated restorable scratch disk	INVENTORIED_NOT_IMPLEMENTED	REVIEW_REQUIRED
0427	BIOS-006-P0427	1.0.0	OR-0427	1.0.0	BIOS-006	BIOSTEST.COM	BIO-005	Live allocation state	REQUIRED	generic CP/M 2.2 baseline	MEM-001; BIOS-001 as applicable	CPM22-BASE	SCRATCH_DESTRUCTIVE	dedicated restorable scratch disk	INVENTORIED_NOT_IMPLEMENTED	REVIEW_REQUIRED
0428	BIOS-006-P0428	1.0.0	OR-0428	1.0.0	BIOS-006	BIOSTEST.COM	BIO-006	Allocation-pointer address and lifetime	NOT GUARANTEED	generic CP/M 2.2 baseline	MEM-001; BIOS-001 as applicable	CPM22-BASE	SCRATCH_DESTRUCTIVE	dedicated restorable scratch disk	INVENTORIED_NOT_IMPLEMENTED	REVIEW_REQUIRED
0429	BIOS-006-P0429	1.0.0	OR-0429	1.0.0	BIOS-006	BIOSTEST.COM	BIO-007	Application modification of allocation vector	NOT GUARANTEED	generic CP/M 2.2 baseline	MEM-001; BIOS-001 as applicable	CPM22-BASE	SCRATCH_DESTRUCTIVE	dedicated restorable scratch disk	INVENTORIED_NOT_IMPLEMENTED	REVIEW_REQUIRED
0430	BIOS-006-P0430	1.0.0	OR-0430	1.0.0	BIOS-006	BIOSTEST.COM	BIO-008	Read-only allocation information	NOT GUARANTEED	generic CP/M 2.2 baseline	MEM-001; BIOS-001 as applicable	CPM22-BASE	SCRATCH_DESTRUCTIVE	dedicated restorable scratch disk	INVENTORIED_NOT_IMPLEMENTED	REVIEW_REQUIRED
0431	BIOS-006-P0431	1.0.0	OR-0431	1.0.0	BIOS-006	BIOSTEST.COM	BIO-009	Function 31 DPB pointer and layout	REQUIRED	generic CP/M 2.2 baseline	MEM-001; BIOS-001 as applicable	CPM22-BASE	SAFE_READ_ONLY	none beyond runnable CP/M environment	INVENTORIED_NOT_IMPLEMENTED	REVIEW_REQUIRED
0432	BIOS-006-P0432	1.0.0	OR-0432	1.0.0	BIOS-006	BIOSTEST.COM	BIO-010	DPB configuration and sharing	REQUIRED	generic CP/M 2.2 baseline	MEM-001; BIOS-001 as applicable	CPM22-BASE	SAFE_READ_ONLY	none beyond runnable CP/M environment	INVENTORIED_NOT_IMPLEMENTED	REVIEW_REQUIRED
0433	BIOS-006-P0433	1.0.0	OR-0433	1.0.0	BIOS-006	BIOSTEST.COM	BIO-011	Documented DPB modification	REQUIRED	generic CP/M 2.2 baseline	MEM-001; BIOS-001 as applicable	CPM22-BASE	SAFE_READ_ONLY	none beyond runnable CP/M environment	INVENTORIED_NOT_IMPLEMENTED	REVIEW_REQUIRED
0434	BIOS-006-P0434	1.0.0	OR-0434	1.0.0	BIOS-006	BIOSTEST.COM	BIO-012	DPB address and lifetime	NOT GUARANTEED	generic CP/M 2.2 baseline	MEM-001; BIOS-001 as applicable	CPM22-BASE	SAFE_READ_ONLY	none beyond runnable CP/M environment	INVENTORIED_NOT_IMPLEMENTED	REVIEW_REQUIRED
0435	BIOS-003-P0435	1.0.0	OR-0435	1.0.0	BIOS-003	BIOSTEST.COM	BIO-013	Function 37 compatibility status	OPTIONAL	the Undocumented Function-37 compatibility profile. Generic BetterCP/M CP/M 2.2 compatibility does not require this feature	MEM-001; BIOS-001 as applicable	OPT-FN37	TEMP_FILES	designated writable scratch drive and reserved filenames	INVENTORIED_NOT_IMPLEMENTED	REVIEW_REQUIRED
0436	COMM-002-P0436	1.0.0	OR-0436	1.0.0	COMM-002	CONSTEST.COM	CON-082	Function 3 Reader convention	REQUIRED	generic CP/M 2.2 baseline	all narrow tests for mapped ledger areas; named software/profile fixture	CPM22-BASE	HARDWARE_PROFILE	selected device/profile provider	INVENTORIED_NOT_IMPLEMENTED	REVIEW_REQUIRED
0437	BIOS-003-P0437	1.0.0	OR-0437	1.0.0	BIOS-003	BIOSTEST.COM	BIO-014	Reader completion and optional-device behavior	NOT GUARANTEED	generic CP/M 2.2 baseline	MEM-001; BIOS-001 as applicable	CPM22-BASE	HARDWARE_PROFILE	selected device/profile provider	INVENTORIED_NOT_IMPLEMENTED	REVIEW_REQUIRED
0438	COMM-002-P0438	1.0.0	OR-0438	1.0.0	COMM-002	CONSTEST.COM	CON-083	Reader separation from console	REQUIRED	generic CP/M 2.2 baseline	all narrow tests for mapped ledger areas; named software/profile fixture	CPM22-BASE	HARDWARE_PROFILE	selected device/profile provider	INVENTORIED_NOT_IMPLEMENTED	REVIEW_REQUIRED
0439	BIOS-003-P0439	1.0.0	OR-0439	1.0.0	BIOS-003	BIOSTEST.COM	BIO-015	Function 4 Punch convention	REQUIRED	generic CP/M 2.2 baseline	MEM-001; BIOS-001 as applicable	CPM22-BASE	SAFE_READ_ONLY	none beyond runnable CP/M environment	INVENTORIED_NOT_IMPLEMENTED	REVIEW_REQUIRED
0440	COMM-002-P0440	1.0.0	OR-0440	1.0.0	COMM-002	CONSTEST.COM	CON-084	Function 5 List convention	REQUIRED	generic CP/M 2.2 baseline	all narrow tests for mapped ledger areas; named software/profile fixture	CPM22-BASE	HARDWARE_PROFILE	selected device/profile provider	INVENTORIED_NOT_IMPLEMENTED	REVIEW_REQUIRED
0441	BIOS-003-P0441	1.0.0	OR-0441	1.0.0	BIOS-003	BIOSTEST.COM	BIO-016	Character-output result values	NOT GUARANTEED	generic CP/M 2.2 baseline	MEM-001; BIOS-001 as applicable	CPM22-BASE	SAFE_READ_ONLY	none beyond runnable CP/M environment	INVENTORIED_NOT_IMPLEMENTED	REVIEW_REQUIRED
0442	COMM-002-P0442	1.0.0	OR-0442	1.0.0	COMM-002	CONSTEST.COM	CON-085	Function 7 IOBYTE query	REQUIRED	generic CP/M 2.2 baseline	all narrow tests for mapped ledger areas; named software/profile fixture	CPM22-BASE	HARDWARE_PROFILE	selected device/profile provider	INVENTORIED_NOT_IMPLEMENTED	REVIEW_REQUIRED
0443	BIOS-003-P0443	1.0.0	OR-0443	1.0.0	BIOS-003	BIOSTEST.COM	BIO-017	Function 8 IOBYTE set	REQUIRED	generic CP/M 2.2 baseline	MEM-001; BIOS-001 as applicable	CPM22-BASE	SAFE_READ_ONLY	none beyond runnable CP/M environment	INVENTORIED_NOT_IMPLEMENTED	REVIEW_REQUIRED
0444	COMM-002-P0444	1.0.0	OR-0444	1.0.0	COMM-002	CONSTEST.COM	CON-086	IOBYTE field encoding	REQUIRED	generic CP/M 2.2 baseline	all narrow tests for mapped ledger areas; named software/profile fixture	CPM22-BASE	HARDWARE_PROFILE	selected device/profile provider	INVENTORIED_NOT_IMPLEMENTED	REVIEW_REQUIRED
0445	BIOS-003-P0445	1.0.0	OR-0445	1.0.0	BIOS-003	BIOSTEST.COM	BIO-018	IOBYTE routing boundary	REQUIRED	generic CP/M 2.2 baseline	MEM-001; BIOS-001 as applicable	CPM22-BASE	SAFE_READ_ONLY	none beyond runnable CP/M environment	INVENTORIED_NOT_IMPLEMENTED	REVIEW_REQUIRED
0446	COMM-002-P0446	1.0.0	OR-0446	1.0.0	COMM-002	CONSTEST.COM	CON-087	Active IOBYTE routing policy	PROFILE REQUIRED	the IOBYTE logical-device profile	all narrow tests for mapped ledger areas; named software/profile fixture	IOBYTE-DEVICE	HARDWARE_PROFILE	selected device/profile provider	INVENTORIED_NOT_IMPLEMENTED	REVIEW_REQUIRED
0447	BIOS-003-P0447	1.0.0	OR-0447	1.0.0	BIOS-003	BIOSTEST.COM	BIO-019	IOBYTE set has no initialization contract	NOT GUARANTEED	generic CP/M 2.2 baseline	MEM-001; BIOS-001 as applicable	CPM22-BASE	SAFE_READ_ONLY	none beyond runnable CP/M environment	INVENTORIED_NOT_IMPLEMENTED	REVIEW_REQUIRED
0448	BIOS-004-P0448	1.0.0	OR-0448	1.0.0	BIOS-004	BIOSTEST.COM	BIO-020	Character-device DMA independence	REQUIRED	generic CP/M 2.2 baseline	MEM-001; BIOS-001 as applicable	CPM22-BASE	HARDWARE_PROFILE	selected device/profile provider	INVENTORIED_NOT_IMPLEMENTED	REVIEW_REQUIRED
0449	BIOS-004-P0449	1.0.0	OR-0449	1.0.0	BIOS-004	BIOSTEST.COM	BIO-021	Stateful BIOS disk setup	REQUIRED	generic CP/M 2.2 baseline	MEM-001; BIOS-001 as applicable	CPM22-BASE	SAFE_READ_ONLY	none beyond runnable CP/M environment	INVENTORIED_NOT_IMPLEMENTED	REVIEW_REQUIRED
0450	BIOS-004-P0450	1.0.0	OR-0450	1.0.0	BIOS-004	BIOSTEST.COM	BIO-022	SELDSK result and deferral	REQUIRED	generic CP/M 2.2 baseline	MEM-001; BIOS-001 as applicable	CPM22-BASE	SAFE_READ_ONLY	none beyond runnable CP/M environment	INVENTORIED_NOT_IMPLEMENTED	REVIEW_REQUIRED
0451	BIOS-004-P0451	1.0.0	OR-0451	1.0.0	BIOS-004	BIOSTEST.COM	BIO-023	Public DPH layout	REQUIRED	generic CP/M 2.2 baseline	MEM-001; BIOS-001 as applicable	CPM22-BASE	SAFE_READ_ONLY	none beyond runnable CP/M environment	INVENTORIED_NOT_IMPLEMENTED	REVIEW_REQUIRED
0452	BIOS-004-P0452	1.0.0	OR-0452	1.0.0	BIOS-004	BIOSTEST.COM	BIO-024	DPH address and private workspace	NOT GUARANTEED	generic CP/M 2.2 baseline	MEM-001; BIOS-001 as applicable	CPM22-BASE	SAFE_READ_ONLY	none beyond runnable CP/M environment	INVENTORIED_NOT_IMPLEMENTED	REVIEW_REQUIRED
0453	BIOS-004-P0453	1.0.0	OR-0453	1.0.0	BIOS-004	BIOSTEST.COM	BIO-025	Track mapping and OFF	REQUIRED	generic CP/M 2.2 baseline	MEM-001; BIOS-001 as applicable	CPM22-BASE	SAFE_READ_ONLY	none beyond runnable CP/M environment	INVENTORIED_NOT_IMPLEMENTED	REVIEW_REQUIRED
0454	BIOS-004-P0454	1.0.0	OR-0454	1.0.0	BIOS-004	BIOSTEST.COM	BIO-026	Sector translation chain	REQUIRED	generic CP/M 2.2 baseline	MEM-001; BIOS-001 as applicable	CPM22-BASE	SAFE_READ_ONLY	none beyond runnable CP/M environment	INVENTORIED_NOT_IMPLEMENTED	REVIEW_REQUIRED
0455	BIOS-004-P0455	1.0.0	OR-0455	1.0.0	BIOS-004	BIOSTEST.COM	BIO-027	Translation implementation freedom	NOT GUARANTEED	generic CP/M 2.2 baseline	MEM-001; BIOS-001 as applicable	CPM22-BASE	SAFE_READ_ONLY	none beyond runnable CP/M environment	INVENTORIED_NOT_IMPLEMENTED	REVIEW_REQUIRED
0456	BIOS-004-P0456	1.0.0	OR-0456	1.0.0	BIOS-004	BIOSTEST.COM	BIO-028	BIOS DMA state	REQUIRED	generic CP/M 2.2 baseline	MEM-001; BIOS-001 as applicable	CPM22-BASE	TEMP_FILES	designated writable scratch drive and reserved filenames	INVENTORIED_NOT_IMPLEMENTED	REVIEW_REQUIRED
0457	BIOS-004-P0457	1.0.0	OR-0457	1.0.0	BIOS-004	BIOSTEST.COM	BIO-029	BIOS logical-sector transfer	REQUIRED	generic CP/M 2.2 baseline	MEM-001; BIOS-001 as applicable	CPM22-BASE	SAFE_READ_ONLY	none beyond runnable CP/M environment	INVENTORIED_NOT_IMPLEMENTED	REVIEW_REQUIRED
0458	BIOS-004-P0458	1.0.0	OR-0458	1.0.0	BIOS-004	BIOSTEST.COM	BIO-030	BIOS WRITE type codes	REQUIRED	generic CP/M 2.2 baseline	MEM-001; BIOS-001 as applicable	CPM22-BASE	SAFE_READ_ONLY	none beyond runnable CP/M environment	INVENTORIED_NOT_IMPLEMENTED	REVIEW_REQUIRED
0459	BIOS-004-P0459	1.0.0	OR-0459	1.0.0	BIOS-004	BIOSTEST.COM	BIO-031	Physical storage freedom	OUTSIDE SCOPE	generic CP/M 2.2 compatibility claim	MEM-001; BIOS-001 as applicable	CPM22-BASE	SAFE_READ_ONLY	none beyond runnable CP/M environment	INVENTORIED_NOT_IMPLEMENTED	REVIEW_REQUIRED
0460	BIOS-001-P0460	1.0.0	OR-0460	1.0.0	BIOS-001	BIOSTEST.COM	BIO-032	BIOS disk-call reentrancy	NOT GUARANTEED	generic CP/M 2.2 baseline	profile manifest; restored fixture	CPM22-BASE	SAFE_READ_ONLY	none beyond runnable CP/M environment	INVENTORIED_NOT_IMPLEMENTED	REVIEW_REQUIRED
0461	BIOS-002-P0461	1.0.0	OR-0461	1.0.0	BIOS-002	BIOSTEST.COM	BIO-033	BIOS jump-vector structure	REQUIRED	generic CP/M 2.2 baseline	MEM-001; BIOS-001 as applicable	CPM22-BASE	SAFE_READ_ONLY	none beyond runnable CP/M environment	INVENTORIED_NOT_IMPLEMENTED	REVIEW_REQUIRED
0462	BIOS-005-P0462	1.0.0	OR-0462	1.0.0	BIOS-005	BIOSTEST.COM	BIO-034	BIOS vector address freedom	NOT GUARANTEED	generic CP/M 2.2 baseline	MEM-001; BIOS-001 as applicable	CPM22-BASE	SAFE_READ_ONLY	none beyond runnable CP/M environment	INVENTORIED_NOT_IMPLEMENTED	REVIEW_REQUIRED
0463	BIOS-001-P0463	1.0.0	OR-0463	1.0.0	BIOS-001	BIOSTEST.COM	BIO-035	BIOS-base discovery through WBOOT gateway	REQUIRED	generic CP/M 2.2 baseline	profile manifest; restored fixture	CPM22-BASE	SAFE_READ_ONLY	none beyond runnable CP/M environment	INVENTORIED_NOT_IMPLEMENTED	REVIEW_REQUIRED
0464	BIOS-002-P0464	1.0.0	OR-0464	1.0.0	BIOS-002	BIOSTEST.COM	BIO-036	BOOT control contract	REQUIRED	generic CP/M 2.2 baseline	MEM-001; BIOS-001 as applicable	CPM22-BASE	SAFE_READ_ONLY	none beyond runnable CP/M environment	INVENTORIED_NOT_IMPLEMENTED	REVIEW_REQUIRED
0465	BIOS-005-P0465	1.0.0	OR-0465	1.0.0	BIOS-005	BIOSTEST.COM	BIO-037	WBOOT control contract	REQUIRED	generic CP/M 2.2 baseline	MEM-001; BIOS-001 as applicable	CPM22-BASE	SAFE_READ_ONLY	none beyond runnable CP/M environment	INVENTORIED_NOT_IMPLEMENTED	REVIEW_REQUIRED
0466	BIOS-001-P0466	1.0.0	OR-0466	1.0.0	BIOS-001	BIOSTEST.COM	BIO-038	Warm-start gateway reconstruction	REQUIRED	generic CP/M 2.2 baseline	profile manifest; restored fixture	CPM22-BASE	SAFE_READ_ONLY	none beyond runnable CP/M environment	INVENTORIED_NOT_IMPLEMENTED	REVIEW_REQUIRED
0467	BIOS-002-P0467	1.0.0	OR-0467	1.0.0	BIOS-002	BIOSTEST.COM	BIO-039	Boot implementation freedom	OUTSIDE SCOPE	generic CP/M 2.2 compatibility claim	MEM-001; BIOS-001 as applicable	CPM22-BASE	SAFE_READ_ONLY	none beyond runnable CP/M environment	INVENTORIED_NOT_IMPLEMENTED	REVIEW_REQUIRED
0468	BIOS-005-P0468	1.0.0	OR-0468	1.0.0	BIOS-005	BIOSTEST.COM	BIO-040	BIOS console status contract	REQUIRED	generic CP/M 2.2 baseline	MEM-001; BIOS-001 as applicable	CPM22-BASE	INTERACTIVE	console transcript and operator input where required	INVENTORIED_NOT_IMPLEMENTED	REVIEW_REQUIRED
0469	BIOS-001-P0469	1.0.0	OR-0469	1.0.0	BIOS-001	BIOSTEST.COM	BIO-041	BIOS console input contract	REQUIRED	generic CP/M 2.2 baseline	profile manifest; restored fixture	CPM22-BASE	INTERACTIVE	console transcript and operator input where required	INVENTORIED_NOT_IMPLEMENTED	REVIEW_REQUIRED
0470	BIOS-002-P0470	1.0.0	OR-0470	1.0.0	BIOS-002	BIOSTEST.COM	BIO-042	BIOS character output contracts	REQUIRED	generic CP/M 2.2 baseline	MEM-001; BIOS-001 as applicable	CPM22-BASE	SAFE_READ_ONLY	none beyond runnable CP/M environment	INVENTORIED_NOT_IMPLEMENTED	REVIEW_REQUIRED
0471	BIOS-005-P0471	1.0.0	OR-0471	1.0.0	BIOS-005	BIOSTEST.COM	BIO-043	BIOS reader contract	REQUIRED	generic CP/M 2.2 baseline	MEM-001; BIOS-001 as applicable	CPM22-BASE	SAFE_READ_ONLY	none beyond runnable CP/M environment	INVENTORIED_NOT_IMPLEMENTED	REVIEW_REQUIRED
0472	BIOS-001-P0472	1.0.0	OR-0472	1.0.0	BIOS-001	BIOSTEST.COM	BIO-044	LISTST result policy	PROFILE REQUIRED	the BIOS/list-device profile	profile manifest; restored fixture	BIOS-LIST	HARDWARE_PROFILE	selected device/profile provider	INVENTORIED_NOT_IMPLEMENTED	REVIEW_REQUIRED
0473	BIOS-002-P0473	1.0.0	OR-0473	1.0.0	BIOS-002	BIOSTEST.COM	BIO-045	Direct BIOS call layering	REQUIRED	generic CP/M 2.2 baseline	MEM-001; BIOS-001 as applicable	CPM22-BASE	SAFE_READ_ONLY	none beyond runnable CP/M environment	INVENTORIED_NOT_IMPLEMENTED	REVIEW_REQUIRED
0474	CCP-001-P0474	1.0.0	OR-0474	1.0.0	CCP-001	CCPTEST.COM	CCP-012	BIOS residual registers and reentrancy	NOT GUARANTEED	generic CP/M 2.2 baseline	MEM-001; BDOS public/file/console prerequisites used by case	CPM22-BASE	SAFE_READ_ONLY	none beyond runnable CP/M environment	INVENTORIED_NOT_IMPLEMENTED	REVIEW_REQUIRED
0475	CCP-002-P0475	1.0.0	OR-0475	1.0.0	CCP-002	CCPTEST.COM	CCP-013	CCP semantic prompt	REQUIRED	generic CP/M 2.2 baseline	MEM-001; BDOS public/file/console prerequisites used by case	CPM22-BASE	SAFE_READ_ONLY	none beyond runnable CP/M environment	INVENTORIED_NOT_IMPLEMENTED	REVIEW_REQUIRED
0476	CCP-001-P0476	1.0.0	OR-0476	1.0.0	CCP-001	CCPTEST.COM	CCP-014	CCP prompt presentation freedom	NOT GUARANTEED	generic CP/M 2.2 baseline	MEM-001; BDOS public/file/console prerequisites used by case	CPM22-BASE	INTERACTIVE	console transcript and operator input where required	INVENTORIED_NOT_IMPLEMENTED	REVIEW_REQUIRED
0477	CCP-002-P0477	1.0.0	OR-0477	1.0.0	CCP-002	CCPTEST.COM	CCP-015	CCP buffered command acquisition	REQUIRED	generic CP/M 2.2 baseline	MEM-001; BDOS public/file/console prerequisites used by case	CPM22-BASE	SAFE_READ_ONLY	none beyond runnable CP/M environment	INVENTORIED_NOT_IMPLEMENTED	REVIEW_REQUIRED
0478	CCP-001-P0478	1.0.0	OR-0478	1.0.0	CCP-001	CCPTEST.COM	CCP-016	DRI CCP command capacity	PROFILE REQUIRED	the Strict DRI CCP profile	MEM-001; BDOS public/file/console prerequisites used by case	DRI-CCP	TEMP_FILES	designated writable scratch drive and reserved filenames	INVENTORIED_NOT_IMPLEMENTED	REVIEW_REQUIRED
0479	CCP-002-P0479	1.0.0	OR-0479	1.0.0	CCP-002	CCPTEST.COM	CCP-017	CCP empty and SPACE-only commands	REQUIRED	generic CP/M 2.2 baseline	MEM-001; BDOS public/file/console prerequisites used by case	CPM22-BASE	SAFE_READ_ONLY	none beyond runnable CP/M environment	INVENTORIED_NOT_IMPLEMENTED	REVIEW_REQUIRED
0480	CCP-001-P0480	1.0.0	OR-0480	1.0.0	CCP-001	CCPTEST.COM	CCP-018	TAB is not CCP SPACE	REQUIRED	generic CP/M 2.2 baseline	MEM-001; BDOS public/file/console prerequisites used by case	CPM22-BASE	SAFE_READ_ONLY	none beyond runnable CP/M environment	INVENTORIED_NOT_IMPLEMENTED	REVIEW_REQUIRED
0481	CCP-002-P0481	1.0.0	OR-0481	1.0.0	CCP-002	CCPTEST.COM	CCP-019	CCP ASCII case normalization	REQUIRED	generic CP/M 2.2 baseline	MEM-001; BDOS public/file/console prerequisites used by case	CPM22-BASE	SAFE_READ_ONLY	none beyond runnable CP/M environment	INVENTORIED_NOT_IMPLEMENTED	REVIEW_REQUIRED
0482	CCP-001-P0482	1.0.0	OR-0482	1.0.0	CCP-001	CCPTEST.COM	CCP-020	CCP built-in command set	REQUIRED	generic CP/M 2.2 baseline	MEM-001; BDOS public/file/console prerequisites used by case	CPM22-BASE	SAFE_READ_ONLY	none beyond runnable CP/M environment	INVENTORIED_NOT_IMPLEMENTED	REVIEW_REQUIRED
0483	CCP-002-P0483	1.0.0	OR-0483	1.0.0	CCP-002	CCPTEST.COM	CCP-021	Exact built-in-name matching	REQUIRED	generic CP/M 2.2 baseline	MEM-001; BDOS public/file/console prerequisites used by case	CPM22-BASE	SAFE_READ_ONLY	none beyond runnable CP/M environment	INVENTORIED_NOT_IMPLEMENTED	REVIEW_REQUIRED
0484	CCP-001-P0484	1.0.0	OR-0484	1.0.0	CCP-001	CCPTEST.COM	CCP-022	Built-in precedence	REQUIRED	generic CP/M 2.2 baseline	MEM-001; BDOS public/file/console prerequisites used by case	CPM22-BASE	SAFE_READ_ONLY	none beyond runnable CP/M environment	INVENTORIED_NOT_IMPLEMENTED	REVIEW_REQUIRED
0485	CCP-002-P0485	1.0.0	OR-0485	1.0.0	CCP-002	CCPTEST.COM	CCP-023	Drive-only CCP selection	REQUIRED	generic CP/M 2.2 baseline	MEM-001; BDOS public/file/console prerequisites used by case	CPM22-BASE	SAFE_READ_ONLY	none beyond runnable CP/M environment	INVENTORIED_NOT_IMPLEMENTED	REVIEW_REQUIRED
0486	CCP-001-P0486	1.0.0	OR-0486	1.0.0	CCP-001	CCPTEST.COM	CCP-024	Drive-prefixed transient dispatch	REQUIRED	generic CP/M 2.2 baseline	MEM-001; BDOS public/file/console prerequisites used by case	CPM22-BASE	SAFE_READ_ONLY	none beyond runnable CP/M environment	INVENTORIED_NOT_IMPLEMENTED	REVIEW_REQUIRED
0487	CCP-002-P0487	1.0.0	OR-0487	1.0.0	CCP-002	CCPTEST.COM	CCP-025	Primary-name transient command syntax	REQUIRED	generic CP/M 2.2 baseline	MEM-001; BDOS public/file/console prerequisites used by case	CPM22-BASE	SAFE_READ_ONLY	none beyond runnable CP/M environment	INVENTORIED_NOT_IMPLEMENTED	REVIEW_REQUIRED
0488	CCP-001-P0488	1.0.0	OR-0488	1.0.0	CCP-001	CCPTEST.COM	CCP-026	CCP resident/transient preparation boundary	REQUIRED	generic CP/M 2.2 baseline	MEM-001; BDOS public/file/console prerequisites used by case	CPM22-BASE	SAFE_READ_ONLY	none beyond runnable CP/M environment	INVENTORIED_NOT_IMPLEMENTED	REVIEW_REQUIRED
0489	CCP-002-P0489	1.0.0	OR-0489	1.0.0	CCP-002	CCPTEST.COM	CCP-027	Generic command-error recovery	REQUIRED	generic CP/M 2.2 baseline	MEM-001; BDOS public/file/console prerequisites used by case	CPM22-BASE	FAULT_ASSISTED	fault provider or restorable emulator image	INVENTORIED_NOT_IMPLEMENTED	REVIEW_REQUIRED
0490	CCP-001-P0490	1.0.0	OR-0490	1.0.0	CCP-001	CCPTEST.COM	CCP-028	Exact DRI command-error presentation	PROFILE REQUIRED	the DRI diagnostic-presentation profile	MEM-001; BDOS public/file/console prerequisites used by case	DRI-DIAG-PRES	INTERACTIVE	console transcript and operator input where required	INVENTORIED_NOT_IMPLEMENTED	REVIEW_REQUIRED
0491	CCP-005-P0491	1.0.0	OR-0491	1.0.0	CCP-005	CCPTEST.COM	CCP-029	CCP parser implementation freedom	OUTSIDE SCOPE	generic CP/M 2.2 compatibility claim	MEM-001; BDOS public/file/console prerequisites used by case	CPM22-BASE	SAFE_READ_ONLY	none beyond runnable CP/M environment	INVENTORIED_NOT_IMPLEMENTED	REVIEW_REQUIRED
0492	CCP-005-P0492	1.0.0	OR-0492	1.0.0	CCP-005	CCPTEST.COM	CCP-030	CCP executable identity	REQUIRED	generic CP/M 2.2 baseline	MEM-001; BDOS public/file/console prerequisites used by case	CPM22-BASE	SAFE_READ_ONLY	none beyond runnable CP/M environment	INVENTORIED_NOT_IMPLEMENTED	REVIEW_REQUIRED
0493	CCP-005-P0493	1.0.0	OR-0493	1.0.0	CCP-005	CCPTEST.COM	CCP-031	Single-drive transient lookup	REQUIRED	generic CP/M 2.2 baseline	MEM-001; BDOS public/file/console prerequisites used by case	CPM22-BASE	SAFE_READ_ONLY	none beyond runnable CP/M environment	INVENTORIED_NOT_IMPLEMENTED	REVIEW_REQUIRED
0494	CCP-005-P0494	1.0.0	OR-0494	1.0.0	CCP-005	CCPTEST.COM	CCP-032	Current-user transient lookup	REQUIRED	generic CP/M 2.2 baseline	MEM-001; BDOS public/file/console prerequisites used by case	CPM22-BASE	SAFE_READ_ONLY	none beyond runnable CP/M environment	INVENTORIED_NOT_IMPLEMENTED	REVIEW_REQUIRED
0495	CCP-006-P0495	1.0.0	OR-0495	1.0.0	CCP-006	CCPTEST.COM	CCP-033	Explicit-drive lookup context	REQUIRED	generic CP/M 2.2 baseline	MEM-001; BDOS public/file/console prerequisites used by case	CPM22-BASE	SAFE_READ_ONLY	none beyond runnable CP/M environment	INVENTORIED_NOT_IMPLEMENTED	REVIEW_REQUIRED
0496	CCP-005-P0496	1.0.0	OR-0496	1.0.0	CCP-005	CCPTEST.COM	CCP-034	CCP sequential COM loading	REQUIRED	generic CP/M 2.2 baseline	MEM-001; BDOS public/file/console prerequisites used by case	CPM22-BASE	SAFE_READ_ONLY	none beyond runnable CP/M environment	INVENTORIED_NOT_IMPLEMENTED	REVIEW_REQUIRED
0497	CCP-006-P0497	1.0.0	OR-0497	1.0.0	CCP-006	CCPTEST.COM	CCP-035	CCP load completion	REQUIRED	generic CP/M 2.2 baseline	MEM-001; BDOS public/file/console prerequisites used by case	CPM22-BASE	SAFE_READ_ONLY	none beyond runnable CP/M environment	INVENTORIED_NOT_IMPLEMENTED	REVIEW_REQUIRED
0498	CCP-005-P0498	1.0.0	OR-0498	1.0.0	CCP-005	CCPTEST.COM	CCP-036	Final COM record granularity	NOT GUARANTEED	generic CP/M 2.2 baseline	MEM-001; BDOS public/file/console prerequisites used by case	CPM22-BASE	SAFE_READ_ONLY	none beyond runnable CP/M environment	INVENTORIED_NOT_IMPLEMENTED	REVIEW_REQUIRED
0499	CCP-006-P0499	1.0.0	OR-0499	1.0.0	CCP-006	CCPTEST.COM	CCP-037	Resident-system load protection	REQUIRED	generic CP/M 2.2 baseline	MEM-001; BDOS public/file/console prerequisites used by case	CPM22-BASE	SCRATCH_DESTRUCTIVE	dedicated restorable scratch disk	INVENTORIED_NOT_IMPLEMENTED	REVIEW_REQUIRED
0500	CCP-005-P0500	1.0.0	OR-0500	1.0.0	CCP-005	CCPTEST.COM	CCP-038	Transient maximum is configuration-dependent	NOT GUARANTEED	generic CP/M 2.2 baseline	MEM-001; BDOS public/file/console prerequisites used by case	CPM22-BASE	SAFE_READ_ONLY	none beyond runnable CP/M environment	INVENTORIED_NOT_IMPLEMENTED	REVIEW_REQUIRED
0501	CCP-006-P0501	1.0.0	OR-0501	1.0.0	CCP-006	CCPTEST.COM	CCP-039	CCP load-failure nonexecution	REQUIRED	generic CP/M 2.2 baseline	MEM-001; BDOS public/file/console prerequisites used by case	CPM22-BASE	SAFE_READ_ONLY	none beyond runnable CP/M environment	INVENTORIED_NOT_IMPLEMENTED	REVIEW_REQUIRED
0502	CCP-005-P0502	1.0.0	OR-0502	1.0.0	CCP-005	CCPTEST.COM	CCP-040	Pre-execution DMA restoration	REQUIRED	generic CP/M 2.2 baseline	MEM-001; BDOS public/file/console prerequisites used by case	CPM22-BASE	TEMP_FILES	designated writable scratch drive and reserved filenames	INVENTORIED_NOT_IMPLEMENTED	REVIEW_REQUIRED
0503	CCP-006-P0503	1.0.0	OR-0503	1.0.0	CCP-006	CCPTEST.COM	CCP-041	CCP CALL/RET cleanup path	REQUIRED	generic CP/M 2.2 baseline	MEM-001; BDOS public/file/console prerequisites used by case	CPM22-BASE	SAFE_READ_ONLY	none beyond runnable CP/M environment	INVENTORIED_NOT_IMPLEMENTED	REVIEW_REQUIRED
0504	CCP-005-P0504	1.0.0	OR-0504	1.0.0	CCP-005	CCPTEST.COM	CCP-042	Termination-state convergence	REQUIRED	generic CP/M 2.2 baseline	MEM-001; BDOS public/file/console prerequisites used by case	CPM22-BASE	SAFE_READ_ONLY	none beyond runnable CP/M environment	INVENTORIED_NOT_IMPLEMENTED	REVIEW_REQUIRED
0505	CCP-005-P0505	1.0.0	OR-0505	1.0.0	CCP-005	CCPTEST.COM	CCP-043	CCP loader implementation freedom	OUTSIDE SCOPE	generic CP/M 2.2 compatibility claim	MEM-001; BDOS public/file/console prerequisites used by case	CPM22-BASE	SAFE_READ_ONLY	none beyond runnable CP/M environment	INVENTORIED_NOT_IMPLEMENTED	REVIEW_REQUIRED
0506	CCP-006-P0506	1.0.0	OR-0506	1.0.0	CCP-006	CCPTEST.COM	CCP-044	Default FCB operand assignment	PROFILE REQUIRED	the Strict DRI CCP/ecosystem	MEM-001; BDOS public/file/console prerequisites used by case	DRI-CCP-ECO	TEMP_FILES	designated writable scratch drive and reserved filenames	INVENTORIED_NOT_IMPLEMENTED	REVIEW_REQUIRED
0507	CCP-005-P0507	1.0.0	OR-0507	1.0.0	CCP-005	CCPTEST.COM	CCP-045	Default FCB residual fields	NOT GUARANTEED	generic CP/M 2.2 baseline	MEM-001; BDOS public/file/console prerequisites used by case	CPM22-BASE	TEMP_FILES	designated writable scratch drive and reserved filenames	INVENTORIED_NOT_IMPLEMENTED	REVIEW_REQUIRED
0508	CCP-007-P0508	1.0.0	OR-0508	1.0.0	CCP-007	CCPTEST.COM	CCP-046	Tail capacity is bounded by CCP input acquisition	PROFILE REQUIRED	the Declared CCP profile	MEM-001; BDOS public/file/console prerequisites used by case	DECLARED-CCP	TEMP_FILES	designated writable scratch drive and reserved filenames	INVENTORIED_NOT_IMPLEMENTED	REVIEW_REQUIRED
0509	MEM-005-P0509	1.0.0	OR-0509	1.0.0	MEM-005	ENTRYTST.COM	ENT-023	Transient termination mechanisms	REQUIRED	generic CP/M 2.2 baseline	MEM-001; BIOS-001 as applicable	CPM22-BASE	SAFE_READ_ONLY	none beyond runnable CP/M environment	INVENTORIED_NOT_IMPLEMENTED	REVIEW_REQUIRED
0510	CCP-007-P0510	1.0.0	OR-0510	1.0.0	CCP-007	CCPTEST.COM	CCP-047	RET does not generally reconstruct page zero	NOT GUARANTEED	generic CP/M 2.2 baseline	MEM-001; BDOS public/file/console prerequisites used by case	CPM22-BASE	SAFE_READ_ONLY	none beyond runnable CP/M environment	INVENTORIED_NOT_IMPLEMENTED	REVIEW_REQUIRED
0511	MEM-005-P0511	1.0.0	OR-0511	1.0.0	MEM-005	ENTRYTST.COM	ENT-024	Termination does not implicitly close application FCBs	NOT GUARANTEED	generic CP/M 2.2 baseline	MEM-001; BIOS-001 as applicable	CPM22-BASE	TEMP_FILES	designated writable scratch drive and reserved filenames	INVENTORIED_NOT_IMPLEMENTED	REVIEW_REQUIRED
0512	ERROR-001-P0512	1.0.0	OR-0512	1.0.0	ERROR-001	ERRTEST.COM	ERR-032	Post-termination drive and user policy	PROFILE REQUIRED	the CCP/lifecycle profile	healthy corresponding interface/storage test; restored fault fixture	CCP-LIFECYCLE	FAULT_ASSISTED	fault provider or restorable emulator image	INVENTORIED_NOT_IMPLEMENTED	REVIEW_REQUIRED
0513	APP-004-P0513	1.0.0	OR-0513	1.0.0	APP-004	ECOTEST.COM	ECO-001	File-operation failures are function-specific	REQUIRED	generic CP/M 2.2 baseline	all narrow tests for mapped ledger areas; named software/profile fixture	CPM22-BASE	TEMP_FILES	designated writable scratch drive and reserved filenames	INVENTORIED_NOT_IMPLEMENTED	REVIEW_REQUIRED
0514	ERROR-001-P0514	1.0.0	OR-0514	1.0.0	ERROR-001	ERRTEST.COM	ERR-033	Failure does not generally validate DMA contents	NOT GUARANTEED	generic CP/M 2.2 baseline	healthy corresponding interface/storage test; restored fault fixture	CPM22-BASE	FAULT_ASSISTED	fault provider or restorable emulator image	INVENTORIED_NOT_IMPLEMENTED	REVIEW_REQUIRED
0515	APP-004-P0515	1.0.0	OR-0515	1.0.0	APP-004	ECOTEST.COM	ECO-002	FCB state after precondition or operation failure	NOT GUARANTEED	generic CP/M 2.2 baseline	all narrow tests for mapped ledger areas; named software/profile fixture	CPM22-BASE	TEMP_FILES	designated writable scratch drive and reserved filenames	INVENTORIED_NOT_IMPLEMENTED	REVIEW_REQUIRED
0516	ERROR-001-P0516	1.0.0	OR-0516	1.0.0	ERROR-001	ERRTEST.COM	ERR-034	Directory-full and allocation-full are distinct	REQUIRED	generic CP/M 2.2 baseline	healthy corresponding interface/storage test; restored fault fixture	CPM22-BASE	FAULT_ASSISTED	fault provider or restorable emulator image	INVENTORIED_NOT_IMPLEMENTED	REVIEW_REQUIRED
0517	BDOS-STATE-001-P0517	1.0.0	OR-0517	1.0.0	BDOS-STATE-001	BDOSTEST.COM	BDO-071	Malformed FCB behavior is outside the portable contract	NOT GUARANTEED	generic CP/M 2.2 baseline	MEM-001; BIOS-001 as applicable	CPM22-BASE	TEMP_FILES	designated writable scratch drive and reserved filenames	INVENTORIED_NOT_IMPLEMENTED	REVIEW_REQUIRED
0518	BDOS-STATE-001-P0518	1.0.0	OR-0518	1.0.0	BDOS-STATE-001	BDOSTEST.COM	BDO-072	BDOS system state components	REQUIRED	generic CP/M 2.2 baseline	MEM-001; BIOS-001 as applicable	CPM22-BASE	SAFE_READ_ONLY	none beyond runnable CP/M environment	INVENTORIED_NOT_IMPLEMENTED	REVIEW_REQUIRED
0519	BDOS-STATE-001-P0519	1.0.0	OR-0519	1.0.0	BDOS-STATE-001	BDOSTEST.COM	BDO-073	BIOS-owned selected-drive resources	REQUIRED	generic CP/M 2.2 baseline	MEM-001; BIOS-001 as applicable	CPM22-BASE	SAFE_READ_ONLY	none beyond runnable CP/M environment	INVENTORIED_NOT_IMPLEMENTED	REVIEW_REQUIRED
0520	BDOS-STATE-001-P0520	1.0.0	OR-0520	1.0.0	BDOS-STATE-001	BDOSTEST.COM	BDO-074	Function 26 persistence boundary	REQUIRED	generic CP/M 2.2 baseline	MEM-001; BIOS-001 as applicable	CPM22-BASE	SAFE_READ_ONLY	none beyond runnable CP/M environment	INVENTORIED_NOT_IMPLEMENTED	REVIEW_REQUIRED
0521	BDOS-STATE-001-P0521	1.0.0	OR-0521	1.0.0	BDOS-STATE-001	BDOSTEST.COM	BDO-075	System-state independence	REQUIRED	generic CP/M 2.2 baseline	MEM-001; BIOS-001 as applicable	CPM22-BASE	SAFE_READ_ONLY	none beyond runnable CP/M environment	INVENTORIED_NOT_IMPLEMENTED	REVIEW_REQUIRED
0522	BDOS-STATE-001-P0522	1.0.0	OR-0522	1.0.0	BDOS-STATE-001	BDOSTEST.COM	BDO-076	ALV and DPB pointer lifetime	NOT GUARANTEED	generic CP/M 2.2 baseline	MEM-001; BIOS-001 as applicable	CPM22-BASE	SAFE_READ_ONLY	none beyond runnable CP/M environment	INVENTORIED_NOT_IMPLEMENTED	REVIEW_REQUIRED
0523	BDOS-STATE-001-P0523	1.0.0	OR-0523	1.0.0	BDOS-STATE-001	BDOSTEST.COM	BDO-077	Function 37 state-effect profile scope	OPTIONAL	the Undocumented Function-37 compatibility profile. Generic BetterCP/M CP/M 2.2 compatibility does not require this feature	MEM-001; BIOS-001 as applicable	OPT-FN37	TEMP_FILES	designated writable scratch drive and reserved filenames	INVENTORIED_NOT_IMPLEMENTED	REVIEW_REQUIRED
0524	BDOS-STATE-001-P0524	1.0.0	OR-0524	1.0.0	BDOS-STATE-001	BDOSTEST.COM	BDO-078	CP/M 2.2 Function 39 has no Get-BIOS contract	OUTSIDE SCOPE	generic CP/M 2.2 compatibility claim	MEM-001; BIOS-001 as applicable	CPM22-BASE	SAFE_READ_ONLY	none beyond runnable CP/M environment	INVENTORIED_NOT_IMPLEMENTED	REVIEW_REQUIRED
0525	BDOS-CALL-001-P0525	1.0.0	OR-0525	1.0.0	BDOS-CALL-001	BDOSTEST.COM	BDO-079	CP/M 2.2 selectors 40 and 41	REQUIRED	generic CP/M 2.2 baseline	profile manifest; restored fixture	CPM22-BASE	SAFE_READ_ONLY	none beyond runnable CP/M environment	INVENTORIED_NOT_IMPLEMENTED	REVIEW_REQUIRED
0526	BDOS-CALL-001-P0526	1.0.0	OR-0526	1.0.0	BDOS-CALL-001	BDOSTEST.COM	BDO-080	Common BDOS gateway and invocation	REQUIRED	generic CP/M 2.2 baseline	profile manifest; restored fixture	CPM22-BASE	SAFE_READ_ONLY	none beyond runnable CP/M environment	INVENTORIED_NOT_IMPLEMENTED	REVIEW_REQUIRED
0527	BDOS-CALL-001-P0527	1.0.0	OR-0527	1.0.0	BDOS-CALL-001	BDOSTEST.COM	BDO-081	Common selector and parameter carriers	REQUIRED	generic CP/M 2.2 baseline	profile manifest; restored fixture	CPM22-BASE	SAFE_READ_ONLY	none beyond runnable CP/M environment	INVENTORIED_NOT_IMPLEMENTED	REVIEW_REQUIRED
0528	BDOS-CALL-001-P0528	1.0.0	OR-0528	1.0.0	BDOS-CALL-001	BDOSTEST.COM	BDO-082	Common result and alias convention	REQUIRED	generic CP/M 2.2 baseline	profile manifest; restored fixture	CPM22-BASE	SAFE_READ_ONLY	none beyond runnable CP/M environment	INVENTORIED_NOT_IMPLEMENTED	REVIEW_REQUIRED
0529	BDOS-CALL-001-P0529	1.0.0	OR-0529	1.0.0	BDOS-CALL-001	BDOSTEST.COM	BDO-083	Strict CP/M 2.2 unsupported selectors	REQUIRED	generic CP/M 2.2 baseline	profile manifest; restored fixture	CPM22-BASE	SAFE_READ_ONLY	none beyond runnable CP/M environment	INVENTORIED_NOT_IMPLEMENTED	REVIEW_REQUIRED
0530	BDOS-CALL-001-P0530	1.0.0	OR-0530	1.0.0	BDOS-CALL-001	BDOSTEST.COM	BDO-084	General register preservation	NOT GUARANTEED	generic CP/M 2.2 baseline	profile manifest; restored fixture	CPM22-BASE	SAFE_READ_ONLY	none beyond runnable CP/M environment	INVENTORIED_NOT_IMPLEMENTED	REVIEW_REQUIRED
0531	BDOS-CALL-001-P0531	1.0.0	OR-0531	1.0.0	BDOS-CALL-001	BDOSTEST.COM	BDO-085	Returning-call stack balance	REQUIRED	generic CP/M 2.2 baseline	profile manifest; restored fixture	CPM22-BASE	SAFE_READ_ONLY	none beyond runnable CP/M environment	INVENTORIED_NOT_IMPLEMENTED	REVIEW_REQUIRED
0532	BDOS-CALL-001-P0532	1.0.0	OR-0532	1.0.0	BDOS-CALL-001	BDOSTEST.COM	BDO-086	Invalid parameters are function-specific	NOT GUARANTEED	generic CP/M 2.2 baseline	profile manifest; restored fixture	CPM22-BASE	SAFE_READ_ONLY	none beyond runnable CP/M environment	INVENTORIED_NOT_IMPLEMENTED	REVIEW_REQUIRED
0533	MEM-004-P0533	1.0.0	OR-0533	1.0.0	MEM-004	ENTRYTST.COM	ENT-025	BDOS reentrancy	NOT GUARANTEED	generic CP/M 2.2 baseline	MEM-001; BIOS-001 as applicable	CPM22-BASE	SAFE_READ_ONLY	none beyond runnable CP/M environment	INVENTORIED_NOT_IMPLEMENTED	REVIEW_REQUIRED
0534	CCP-006-P0534	1.0.0	OR-0534	1.0.0	CCP-006	CCPTEST.COM	CCP-048	Complete transient handoff	REQUIRED	generic CP/M 2.2 baseline	MEM-001; BDOS public/file/console prerequisites used by case	CPM22-BASE	SAFE_READ_ONLY	none beyond runnable CP/M environment	INVENTORIED_NOT_IMPLEMENTED	REVIEW_REQUIRED
0535	MEM-004-P0535	1.0.0	OR-0535	1.0.0	MEM-004	ENTRYTST.COM	ENT-026	Handoff preparation ordering	OUTSIDE SCOPE	generic CP/M 2.2 compatibility claim	MEM-001; BIOS-001 as applicable	CPM22-BASE	SAFE_READ_ONLY	none beyond runnable CP/M environment	INVENTORIED_NOT_IMPLEMENTED	REVIEW_REQUIRED
0536	CCP-006-P0536	1.0.0	OR-0536	1.0.0	CCP-006	CCPTEST.COM	CCP-049	Unloaded transient memory	NOT GUARANTEED	generic CP/M 2.2 baseline	MEM-001; BDOS public/file/console prerequisites used by case	CPM22-BASE	SAFE_READ_ONLY	none beyond runnable CP/M environment	INVENTORIED_NOT_IMPLEMENTED	REVIEW_REQUIRED
0537	MEM-004-P0537	1.0.0	OR-0537	1.0.0	MEM-004	ENTRYTST.COM	ENT-027	Immediate BDOS readiness	REQUIRED	generic CP/M 2.2 baseline	MEM-001; BIOS-001 as applicable	CPM22-BASE	SAFE_READ_ONLY	none beyond runnable CP/M environment	INVENTORIED_NOT_IMPLEMENTED	REVIEW_REQUIRED
0538	CCP-006-P0538	1.0.0	OR-0538	1.0.0	CCP-006	CCPTEST.COM	CCP-050	Loader DMA isolation	REQUIRED	generic CP/M 2.2 baseline	MEM-001; BDOS public/file/console prerequisites used by case	CPM22-BASE	TEMP_FILES	designated writable scratch drive and reserved filenames	INVENTORIED_NOT_IMPLEMENTED	REVIEW_REQUIRED
0539	MEM-004-P0539	1.0.0	OR-0539	1.0.0	MEM-004	ENTRYTST.COM	ENT-028	Transient stack preparation	NOT GUARANTEED	generic CP/M 2.2 baseline	MEM-001; BIOS-001 as applicable	CPM22-BASE	SAFE_READ_ONLY	none beyond runnable CP/M environment	INVENTORIED_NOT_IMPLEMENTED	REVIEW_REQUIRED
0540	CCP-006-P0540	1.0.0	OR-0540	1.0.0	CCP-006	CCPTEST.COM	CCP-051	Load rejection suppresses execution	REQUIRED	generic CP/M 2.2 baseline	MEM-001; BDOS public/file/console prerequisites used by case	CPM22-BASE	SAFE_READ_ONLY	none beyond runnable CP/M environment	INVENTORIED_NOT_IMPLEMENTED	REVIEW_REQUIRED
0541	BDOS-FILE-003-P0541	1.0.0	OR-0541	1.0.0	BDOS-FILE-003	DIRTEST.COM	DIR-055	Post-RET reconstruction boundary	NOT GUARANTEED	generic CP/M 2.2 baseline	BDOS-CALL-001; BDOS-STATE-003; BIOS-004/006 as applicable	CPM22-BASE	TEMP_FILES	designated writable scratch drive and reserved filenames	INVENTORIED_NOT_IMPLEMENTED	REVIEW_REQUIRED
0542	BDOS-FILE-003-P0542	1.0.0	OR-0542	1.0.0	BDOS-FILE-003	DIRTEST.COM	DIR-056	Enumeration returns directory entries, not unique filenames	REQUIRED	generic CP/M 2.2 baseline	BDOS-CALL-001; BDOS-STATE-003; BIOS-004/006 as applicable	CPM22-BASE	TEMP_FILES	designated writable scratch drive and reserved filenames	INVENTORIED_NOT_IMPLEMENTED	REVIEW_REQUIRED
0543	BDOS-FILE-003-P0543	1.0.0	OR-0543	1.0.0	BDOS-FILE-003	DIRTEST.COM	DIR-057	Matching extents remain separately visible	REQUIRED	generic CP/M 2.2 baseline	BDOS-CALL-001; BDOS-STATE-003; BIOS-004/006 as applicable	CPM22-BASE	TEMP_FILES	designated writable scratch drive and reserved filenames	INVENTORIED_NOT_IMPLEMENTED	REVIEW_REQUIRED
0544	BDOS-FILE-003-P0544	1.0.0	OR-0544	1.0.0	BDOS-FILE-003	DIRTEST.COM	DIR-058	Application-built FCB case is not folded	NOT GUARANTEED	generic CP/M 2.2 baseline	BDOS-CALL-001; BDOS-STATE-003; BIOS-004/006 as applicable	CPM22-BASE	TEMP_FILES	designated writable scratch drive and reserved filenames	INVENTORIED_NOT_IMPLEMENTED	REVIEW_REQUIRED
0545	BDOS-FILE-003-P0545	1.0.0	OR-0545	1.0.0	BDOS-FILE-003	DIRTEST.COM	DIR-059	Search FCB lifetime	REQUIRED	generic CP/M 2.2 baseline	BDOS-CALL-001; BDOS-STATE-003; BIOS-004/006 as applicable	CPM22-BASE	TEMP_FILES	designated writable scratch drive and reserved filenames	INVENTORIED_NOT_IMPLEMENTED	REVIEW_REQUIRED
0546	BDOS-FILE-003-P0546	1.0.0	OR-0546	1.0.0	BDOS-FILE-003	DIRTEST.COM	DIR-060	Harmless state-query calls need not end enumeration	REQUIRED	generic CP/M 2.2 baseline	BDOS-CALL-001; BDOS-STATE-003; BIOS-004/006 as applicable	CPM22-BASE	TEMP_FILES	designated writable scratch drive and reserved filenames	INVENTORIED_NOT_IMPLEMENTED	REVIEW_REQUIRED
0547	BDOS-FILE-003-P0547	1.0.0	OR-0547	1.0.0	BDOS-FILE-003	DIRTEST.COM	DIR-061	Search context does not survive program lifecycle reset	NOT GUARANTEED	generic CP/M 2.2 baseline	BDOS-CALL-001; BDOS-STATE-003; BIOS-004/006 as applicable	CPM22-BASE	TEMP_FILES	designated writable scratch drive and reserved filenames	INVENTORIED_NOT_IMPLEMENTED	REVIEW_REQUIRED
0548	BDOS-FILE-003-P0548	1.0.0	OR-0548	1.0.0	BDOS-FILE-003	DIRTEST.COM	DIR-062	Physical enumeration order is not a sort contract	NOT GUARANTEED	generic CP/M 2.2 baseline	BDOS-CALL-001; BDOS-STATE-003; BIOS-004/006 as applicable	CPM22-BASE	TEMP_FILES	designated writable scratch drive and reserved filenames	INVENTORIED_NOT_IMPLEMENTED	REVIEW_REQUIRED
0549	BDOS-FILE-003-P0549	1.0.0	OR-0549	1.0.0	BDOS-FILE-003	DIRTEST.COM	DIR-063	Invalid-drive search need not return a result code	NOT GUARANTEED	generic CP/M 2.2 baseline	BDOS-CALL-001; BDOS-STATE-003; BIOS-004/006 as applicable	CPM22-BASE	TEMP_FILES	designated writable scratch drive and reserved filenames	INVENTORIED_NOT_IMPLEMENTED	REVIEW_REQUIRED
0550	BDOS-FILE-011-P0550	1.0.0	OR-0550	1.0.0	BDOS-FILE-011	RANDTEST.COM	FIL-135	Special drive-question search exposes complete directory values	REQUIRED	generic CP/M 2.2 baseline	BDOS-CALL-001; BDOS-STATE-003; BIOS-004/006 as applicable	CPM22-BASE	TEMP_FILES	designated writable scratch drive and reserved filenames	INVENTORIED_NOT_IMPLEMENTED	REVIEW_REQUIRED
0551	BDOS-FILE-011-P0551	1.0.0	OR-0551	1.0.0	BDOS-FILE-011	RANDTEST.COM	FIL-136	Make-to-open lifecycle equivalence	REQUIRED	generic CP/M 2.2 baseline	BDOS-CALL-001; BDOS-STATE-003; BIOS-004/006 as applicable	CPM22-BASE	TEMP_FILES	designated writable scratch drive and reserved filenames	INVENTORIED_NOT_IMPLEMENTED	REVIEW_REQUIRED
0552	BDOS-FILE-011-P0552	1.0.0	OR-0552	1.0.0	BDOS-FILE-011	RANDTEST.COM	FIL-137	Working FCB may lead directory metadata	NOT GUARANTEED	generic CP/M 2.2 baseline	BDOS-CALL-001; BDOS-STATE-003; BIOS-004/006 as applicable	CPM22-BASE	TEMP_FILES	designated writable scratch drive and reserved filenames	INVENTORIED_NOT_IMPLEMENTED	REVIEW_REQUIRED
0553	BDOS-FILE-011-P0553	1.0.0	OR-0553	1.0.0	BDOS-FILE-011	RANDTEST.COM	FIL-138	Successful Close establishes reopened consistency	REQUIRED	generic CP/M 2.2 baseline	BDOS-CALL-001; BDOS-STATE-003; BIOS-004/006 as applicable	CPM22-BASE	TEMP_FILES	designated writable scratch drive and reserved filenames	INVENTORIED_NOT_IMPLEMENTED	REVIEW_REQUIRED
0554	BDOS-FILE-011-P0554	1.0.0	OR-0554	1.0.0	BDOS-FILE-011	RANDTEST.COM	FIL-139	Reopen reconstructs behavior, not FCB byte identity	NOT GUARANTEED	generic CP/M 2.2 baseline	BDOS-CALL-001; BDOS-STATE-003; BIOS-004/006 as applicable	CPM22-BASE	TEMP_FILES	designated writable scratch drive and reserved filenames	INVENTORIED_NOT_IMPLEMENTED	REVIEW_REQUIRED
0555	BDOS-FILE-011-P0555	1.0.0	OR-0555	1.0.0	BDOS-FILE-011	RANDTEST.COM	FIL-140	Extents form one logical record stream	REQUIRED	generic CP/M 2.2 baseline	BDOS-CALL-001; BDOS-STATE-003; BIOS-004/006 as applicable	CPM22-BASE	TEMP_FILES	designated writable scratch drive and reserved filenames	INVENTORIED_NOT_IMPLEMENTED	REVIEW_REQUIRED
0556	BDOS-FILE-011-P0556	1.0.0	OR-0556	1.0.0	BDOS-FILE-011	RANDTEST.COM	FIL-141	Completed extent survives later extension failure	REQUIRED	generic CP/M 2.2 baseline	BDOS-CALL-001; BDOS-STATE-003; BIOS-004/006 as applicable	CPM22-BASE	TEMP_FILES	designated writable scratch drive and reserved filenames	INVENTORIED_NOT_IMPLEMENTED	REVIEW_REQUIRED
0557	BDOS-FILE-011-P0557	1.0.0	OR-0557	1.0.0	BDOS-FILE-011	RANDTEST.COM	FIL-142	Failed growth does not claim a new record	REQUIRED	generic CP/M 2.2 baseline	BDOS-CALL-001; BDOS-STATE-003; BIOS-004/006 as applicable	CPM22-BASE	TEMP_FILES	designated writable scratch drive and reserved filenames	INVENTORIED_NOT_IMPLEMENTED	REVIEW_REQUIRED
0558	BDOS-FILE-010-P0558	1.0.0	OR-0558	1.0.0	BDOS-FILE-010	DISKTEST.COM	DIS-020	Allocation order is outside lifecycle compatibility	OUTSIDE SCOPE	generic CP/M 2.2 compatibility claim	BDOS-CALL-001; BDOS-STATE-003; BIOS-004/006 as applicable	CPM22-BASE	SCRATCH_DESTRUCTIVE	dedicated restorable scratch disk	INVENTORIED_NOT_IMPLEMENTED	REVIEW_REQUIRED
0559	BDOS-FILE-010-P0559	1.0.0	OR-0559	1.0.0	BDOS-FILE-010	DIRTEST.COM	DIR-064	User area participates in ordinary file identity	REQUIRED	generic CP/M 2.2 baseline	BDOS-CALL-001; BDOS-STATE-003; BIOS-004/006 as applicable	CPM22-BASE	TEMP_FILES	designated writable scratch drive and reserved filenames	INVENTORIED_NOT_IMPLEMENTED	REVIEW_REQUIRED
0560	BDOS-FILE-010-P0560	1.0.0	OR-0560	1.0.0	BDOS-FILE-010	DIRTEST.COM	DIR-065	Function 32 user-state contract	REQUIRED	generic CP/M 2.2 baseline	BDOS-CALL-001; BDOS-STATE-003; BIOS-004/006 as applicable	CPM22-BASE	TEMP_FILES	designated writable scratch drive and reserved filenames	INVENTORIED_NOT_IMPLEMENTED	REVIEW_REQUIRED
0561	BDOS-FILE-010-P0561	1.0.0	OR-0561	1.0.0	BDOS-FILE-010	DIRTEST.COM	DIR-066	FCB does not carry ordinary user identity	REQUIRED	generic CP/M 2.2 baseline	BDOS-CALL-001; BDOS-STATE-003; BIOS-004/006 as applicable	CPM22-BASE	TEMP_FILES	designated writable scratch drive and reserved filenames	INVENTORIED_NOT_IMPLEMENTED	REVIEW_REQUIRED
0562	BDOS-FILE-010-P0562	1.0.0	OR-0562	1.0.0	BDOS-FILE-010	DIRTEST.COM	DIR-067	Ordinary lookup has no cross-user fallback	REQUIRED	generic CP/M 2.2 baseline	BDOS-CALL-001; BDOS-STATE-003; BIOS-004/006 as applicable	CPM22-BASE	TEMP_FILES	designated writable scratch drive and reserved filenames	INVENTORIED_NOT_IMPLEMENTED	REVIEW_REQUIRED
0563	BDOS-FILE-010-P0563	1.0.0	OR-0563	1.0.0	BDOS-FILE-010	DIRTEST.COM	DIR-068	Make records current-user ownership	REQUIRED	generic CP/M 2.2 baseline	BDOS-CALL-001; BDOS-STATE-003; BIOS-004/006 as applicable	CPM22-BASE	TEMP_FILES	designated writable scratch drive and reserved filenames	INVENTORIED_NOT_IMPLEMENTED	REVIEW_REQUIRED
0564	BDOS-FILE-010-P0564	1.0.0	OR-0564	1.0.0	BDOS-FILE-010	DIRTEST.COM	DIR-069	Delete and Rename are current-user scoped	REQUIRED	generic CP/M 2.2 baseline	BDOS-CALL-001; BDOS-STATE-003; BIOS-004/006 as applicable	CPM22-BASE	TEMP_FILES	designated writable scratch drive and reserved filenames	INVENTORIED_NOT_IMPLEMENTED	REVIEW_REQUIRED
0565	BDOS-FILE-010-P0565	1.0.0	OR-0565	1.0.0	BDOS-FILE-010	DIRTEST.COM	DIR-070	User change invalidates retained namespace assumptions	NOT GUARANTEED	generic CP/M 2.2 baseline	BDOS-CALL-001; BDOS-STATE-003; BIOS-004/006 as applicable	CPM22-BASE	TEMP_FILES	designated writable scratch drive and reserved filenames	INVENTORIED_NOT_IMPLEMENTED	REVIEW_REQUIRED
0566	BDOS-FILE-010-P0566	1.0.0	OR-0566	1.0.0	BDOS-FILE-010	DIRTEST.COM	DIR-071	Complete-directory search is not public lookup	REQUIRED	generic CP/M 2.2 baseline	BDOS-CALL-001; BDOS-STATE-003; BIOS-004/006 as applicable	CPM22-BASE	TEMP_FILES	designated writable scratch drive and reserved filenames	INVENTORIED_NOT_IMPLEMENTED	REVIEW_REQUIRED
0567	BDOS-FILE-010-P0567	1.0.0	OR-0567	1.0.0	BDOS-FILE-010	DIRTEST.COM	DIR-072	CCP USER and BDOS user state are shared	REQUIRED	generic CP/M 2.2 baseline	BDOS-CALL-001; BDOS-STATE-003; BIOS-004/006 as applicable	CPM22-BASE	TEMP_FILES	designated writable scratch drive and reserved filenames	INVENTORIED_NOT_IMPLEMENTED	REVIEW_REQUIRED
0568	CCP-004-P0568	1.0.0	OR-0568	1.0.0	CCP-004	CCPTEST.COM	CCP-052	User areas are not a security contract	OUTSIDE SCOPE	generic CP/M 2.2 compatibility claim	MEM-001; BDOS public/file/console prerequisites used by case	CPM22-BASE	SAFE_READ_ONLY	none beyond runnable CP/M environment	INVENTORIED_NOT_IMPLEMENTED	REVIEW_REQUIRED
0569	UTIL-001-P0569	1.0.0	OR-0569	1.0.0	UTIL-001	ECOTEST.COM	ECO-003	Resident command semantic set	REQUIRED	generic CP/M 2.2 baseline	all narrow tests for mapped ledger areas; named software/profile fixture	CPM22-BASE	MANUAL_REVIEW	pinned software corpus and reviewer evidence	INVENTORIED_NOT_IMPLEMENTED	REVIEW_REQUIRED
0570	CCP-004-P0570	1.0.0	OR-0570	1.0.0	CCP-004	CCPTEST.COM	CCP-053	DIR search and visibility	REQUIRED	generic CP/M 2.2 baseline	MEM-001; BDOS public/file/console prerequisites used by case	CPM22-BASE	SAFE_READ_ONLY	none beyond runnable CP/M environment	INVENTORIED_NOT_IMPLEMENTED	REVIEW_REQUIRED
0571	UTIL-001-P0571	1.0.0	OR-0571	1.0.0	UTIL-001	ECOTEST.COM	ECO-004	DIR ordering and exact layout	NOT GUARANTEED	generic CP/M 2.2 baseline	all narrow tests for mapped ledger areas; named software/profile fixture	CPM22-BASE	MANUAL_REVIEW	pinned software corpus and reviewer evidence	INVENTORIED_NOT_IMPLEMENTED	REVIEW_REQUIRED
0572	CCP-004-P0572	1.0.0	OR-0572	1.0.0	CCP-004	CCPTEST.COM	CCP-054	ERA wildcard confirmation boundary	REQUIRED	generic CP/M 2.2 baseline	MEM-001; BDOS public/file/console prerequisites used by case	CPM22-BASE	SAFE_READ_ONLY	none beyond runnable CP/M environment	INVENTORIED_NOT_IMPLEMENTED	REVIEW_REQUIRED
0573	UTIL-001-P0573	1.0.0	OR-0573	1.0.0	UTIL-001	ECOTEST.COM	ECO-005	ERA read-only attribute is not protection	NOT GUARANTEED	generic CP/M 2.2 baseline	all narrow tests for mapped ledger areas; named software/profile fixture	CPM22-BASE	SCRATCH_DESTRUCTIVE	dedicated restorable scratch disk	INVENTORIED_NOT_IMPLEMENTED	REVIEW_REQUIRED
0574	CCP-004-P0574	1.0.0	OR-0574	1.0.0	CCP-004	CCPTEST.COM	CCP-055	REN resident syntax and validation	REQUIRED	generic CP/M 2.2 baseline	MEM-001; BDOS public/file/console prerequisites used by case	CPM22-BASE	SAFE_READ_ONLY	none beyond runnable CP/M environment	INVENTORIED_NOT_IMPLEMENTED	REVIEW_REQUIRED
0575	UTIL-001-P0575	1.0.0	OR-0575	1.0.0	UTIL-001	ECOTEST.COM	ECO-006	SAVE page mapping	REQUIRED	generic CP/M 2.2 baseline	all narrow tests for mapped ledger areas; named software/profile fixture	CPM22-BASE	MANUAL_REVIEW	pinned software corpus and reviewer evidence	INVENTORIED_NOT_IMPLEMENTED	REVIEW_REQUIRED
0576	CCP-004-P0576	1.0.0	OR-0576	1.0.0	CCP-004	CCPTEST.COM	CCP-056	SAVE destructive replacement	NOT GUARANTEED	generic CP/M 2.2 baseline	MEM-001; BDOS public/file/console prerequisites used by case	CPM22-BASE	SAFE_READ_ONLY	none beyond runnable CP/M environment	INVENTORIED_NOT_IMPLEMENTED	REVIEW_REQUIRED
0577	UTIL-001-P0577	1.0.0	OR-0577	1.0.0	UTIL-001	ECOTEST.COM	ECO-007	TYPE byte-stream contract	REQUIRED	generic CP/M 2.2 baseline	all narrow tests for mapped ledger areas; named software/profile fixture	CPM22-BASE	MANUAL_REVIEW	pinned software corpus and reviewer evidence	INVENTORIED_NOT_IMPLEMENTED	REVIEW_REQUIRED
0578	CCP-004-P0578	1.0.0	OR-0578	1.0.0	CCP-004	CCPTEST.COM	CCP-057	CCP USER accepted range	REQUIRED	generic CP/M 2.2 baseline	MEM-001; BDOS public/file/console prerequisites used by case	CPM22-BASE	SAFE_READ_ONLY	none beyond runnable CP/M environment	INVENTORIED_NOT_IMPLEMENTED	REVIEW_REQUIRED
0579	UTIL-001-P0579	1.0.0	OR-0579	1.0.0	UTIL-001	ECOTEST.COM	ECO-008	Ordinary resident-command recovery	REQUIRED	generic CP/M 2.2 baseline	all narrow tests for mapped ledger areas; named software/profile fixture	CPM22-BASE	FAULT_ASSISTED	fault provider or restorable emulator image	INVENTORIED_NOT_IMPLEMENTED	REVIEW_REQUIRED
0580	ERROR-002-P0580	1.0.0	OR-0580	1.0.0	ERROR-002	ERRTEST.COM	ERR-035	Exact resident output presentation	PROFILE REQUIRED	the DRI resident-presentation profile	healthy corresponding interface/storage test; restored fault fixture	DRI-RES-PRES	FAULT_ASSISTED	fault provider or restorable emulator image	INVENTORIED_NOT_IMPLEMENTED	REVIEW_REQUIRED
0581	ERROR-003-P0581	1.0.0	OR-0581	1.0.0	ERROR-003	ERRTEST.COM	ERR-036	Physical failure suspends the BDOS caller	REQUIRED	generic CP/M 2.2 baseline	healthy corresponding interface/storage test; restored fault fixture	CPM22-BASE	FAULT_ASSISTED	fault provider or restorable emulator image	INVENTORIED_NOT_IMPLEMENTED	REVIEW_REQUIRED
0582	ERROR-004-P0582	1.0.0	OR-0582	1.0.0	ERROR-004	ERRTEST.COM	ERR-037	Logical failures return without physical-error intervention	REQUIRED	generic CP/M 2.2 baseline	healthy corresponding interface/storage test; restored fault fixture	CPM22-BASE	FAULT_ASSISTED	fault provider or restorable emulator image	INVENTORIED_NOT_IMPLEMENTED	REVIEW_REQUIRED
0583	ERROR-002-P0583	1.0.0	OR-0583	1.0.0	ERROR-002	ERRTEST.COM	ERR-038	Ignored directory-search result is not validation	NOT GUARANTEED	generic CP/M 2.2 baseline	healthy corresponding interface/storage test; restored fault fixture	CPM22-BASE	FAULT_ASSISTED	fault provider or restorable emulator image	INVENTORIED_NOT_IMPLEMENTED	REVIEW_REQUIRED
0584	ERROR-003-P0584	1.0.0	OR-0584	1.0.0	ERROR-003	ERRTEST.COM	ERR-039	Ignored directory-update result is not persistence	NOT GUARANTEED	generic CP/M 2.2 baseline	healthy corresponding interface/storage test; restored fault fixture	CPM22-BASE	FAULT_ASSISTED	fault provider or restorable emulator image	INVENTORIED_NOT_IMPLEMENTED	REVIEW_REQUIRED
0585	ERROR-004-P0585	1.0.0	OR-0585	1.0.0	ERROR-004	ERRTEST.COM	ERR-040	Post-ignore affected state is not a continuation contract	NOT GUARANTEED	generic CP/M 2.2 baseline	healthy corresponding interface/storage test; restored fault fixture	CPM22-BASE	FAULT_ASSISTED	fault provider or restorable emulator image	INVENTORIED_NOT_IMPLEMENTED	REVIEW_REQUIRED
0586	ERROR-002-P0586	1.0.0	OR-0586	1.0.0	ERROR-002	ERRTEST.COM	ERR-041	Physical-error abort abandons the interrupted caller	REQUIRED	generic CP/M 2.2 baseline	healthy corresponding interface/storage test; restored fault fixture	CPM22-BASE	FAULT_ASSISTED	fault provider or restorable emulator image	INVENTORIED_NOT_IMPLEMENTED	REVIEW_REQUIRED
0587	ERROR-003-P0587	1.0.0	OR-0587	1.0.0	ERROR-003	ERRTEST.COM	ERR-042	Abort recovery establishes a usable command environment	REQUIRED	generic CP/M 2.2 baseline	healthy corresponding interface/storage test; restored fault fixture	CPM22-BASE	FAULT_ASSISTED	fault provider or restorable emulator image	INVENTORIED_NOT_IMPLEMENTED	REVIEW_REQUIRED
0588	MEM-002-P0588	1.0.0	OR-0588	1.0.0	MEM-002	ENTRYTST.COM	ENT-029	Exact recovery internals are not part of the contract	OUTSIDE SCOPE	generic CP/M 2.2 compatibility claim	MEM-001; BIOS-001 as applicable	CPM22-BASE	FAULT_ASSISTED	fault provider or restorable emulator image	INVENTORIED_NOT_IMPLEMENTED	REVIEW_REQUIRED
0589	MEM-002-P0589	1.0.0	OR-0589	1.0.0	MEM-002	ENTRYTST.COM	ENT-030	Loader ceiling and overlay TPA are distinct	REQUIRED	generic CP/M 2.2 baseline	MEM-001; BIOS-001 as applicable	CPM22-BASE	SAFE_READ_ONLY	none beyond runnable CP/M environment	INVENTORIED_NOT_IMPLEMENTED	REVIEW_REQUIRED
0590	MEM-002-P0590	1.0.0	OR-0590	1.0.0	MEM-002	ENTRYTST.COM	ENT-031	CCP overlay invalidates ordinary RET assumptions	REQUIRED	generic CP/M 2.2 baseline	MEM-001; BIOS-001 as applicable	CPM22-BASE	SAFE_READ_ONLY	none beyond runnable CP/M environment	INVENTORIED_NOT_IMPLEMENTED	REVIEW_REQUIRED
0591	MEM-002-P0591	1.0.0	OR-0591	1.0.0	MEM-002	ENTRYTST.COM	ENT-032	System ownership is an application obligation	NOT GUARANTEED	generic CP/M 2.2 baseline	MEM-001; BIOS-001 as applicable	CPM22-BASE	SAFE_READ_ONLY	none beyond runnable CP/M environment	INVENTORIED_NOT_IMPLEMENTED	REVIEW_REQUIRED
0592	MEM-002-P0592	1.0.0	OR-0592	1.0.0	MEM-002	ENTRYTST.COM	ENT-033	Entry-stack storage may occupy overlayable memory	NOT GUARANTEED	generic CP/M 2.2 baseline	MEM-001; BIOS-001 as applicable	CPM22-BASE	SAFE_READ_ONLY	none beyond runnable CP/M environment	INVENTORIED_NOT_IMPLEMENTED	REVIEW_REQUIRED
0593	MEM-004-P0593	1.0.0	OR-0593	1.0.0	MEM-004	ENTRYTST.COM	ENT-034	Cold BOOT public postcondition	REQUIRED	generic CP/M 2.2 baseline	MEM-001; BIOS-001 as applicable	CPM22-BASE	SAFE_READ_ONLY	none beyond runnable CP/M environment	INVENTORIED_NOT_IMPLEMENTED	REVIEW_REQUIRED
0594	MEM-002-P0594	1.0.0	OR-0594	1.0.0	MEM-002	ENTRYTST.COM	ENT-035	Cold BOOT does not promise blanket memory clearing	NOT GUARANTEED	generic CP/M 2.2 baseline	MEM-001; BIOS-001 as applicable	CPM22-BASE	SAFE_READ_ONLY	none beyond runnable CP/M environment	INVENTORIED_NOT_IMPLEMENTED	REVIEW_REQUIRED
0595	MEM-004-P0595	1.0.0	OR-0595	1.0.0	MEM-004	ENTRYTST.COM	ENT-036	WBOOT command-environment reconstruction	REQUIRED	generic CP/M 2.2 baseline	MEM-001; BIOS-001 as applicable	CPM22-BASE	SAFE_READ_ONLY	none beyond runnable CP/M environment	INVENTORIED_NOT_IMPLEMENTED	REVIEW_REQUIRED
0596	MEM-002-P0596	1.0.0	OR-0596	1.0.0	MEM-002	ENTRYTST.COM	ENT-037	Residual state across WBOOT	NOT GUARANTEED	generic CP/M 2.2 baseline	MEM-001; BIOS-001 as applicable	CPM22-BASE	SAFE_READ_ONLY	none beyond runnable CP/M environment	INVENTORIED_NOT_IMPLEMENTED	REVIEW_REQUIRED
0597	MEM-004-P0597	1.0.0	OR-0597	1.0.0	MEM-004	ENTRYTST.COM	ENT-038	Console-pending state across WBOOT	NOT GUARANTEED	generic CP/M 2.2 baseline	MEM-001; BIOS-001 as applicable	CPM22-BASE	INTERACTIVE	console transcript and operator input where required	INVENTORIED_NOT_IMPLEMENTED	REVIEW_REQUIRED
0598	MEM-002-P0598	1.0.0	OR-0598	1.0.0	MEM-002	ENTRYTST.COM	ENT-039	BIOS vector is a public runtime ABI	REQUIRED	generic CP/M 2.2 baseline	MEM-001; BIOS-001 as applicable	CPM22-BASE	SAFE_READ_ONLY	none beyond runnable CP/M environment	INVENTORIED_NOT_IMPLEMENTED	REVIEW_REQUIRED
0599	MEM-004-P0599	1.0.0	OR-0599	1.0.0	MEM-004	ENTRYTST.COM	ENT-040	DPH structures are compatibility-visible	REQUIRED	generic CP/M 2.2 baseline	MEM-001; BIOS-001 as applicable	CPM22-BASE	SAFE_READ_ONLY	none beyond runnable CP/M environment	INVENTORIED_NOT_IMPLEMENTED	REVIEW_REQUIRED
0600	MEM-002-P0600	1.0.0	OR-0600	1.0.0	MEM-002	ENTRYTST.COM	ENT-041	Direct BIOS calls expose raw device behavior	REQUIRED	generic CP/M 2.2 baseline	MEM-001; BIOS-001 as applicable	CPM22-BASE	HARDWARE_PROFILE	selected device/profile provider	INVENTORIED_NOT_IMPLEMENTED	REVIEW_REQUIRED
0601	MEM-004-P0601	1.0.0	OR-0601	1.0.0	MEM-004	ENTRYTST.COM	ENT-042	BIOS implementation details remain profile-specific	NOT GUARANTEED	generic CP/M 2.2 baseline	MEM-001; BIOS-001 as applicable	CPM22-BASE	TEMP_FILES	designated writable scratch drive and reserved filenames	INVENTORIED_NOT_IMPLEMENTED	REVIEW_REQUIRED
0602	MEM-002-P0602	1.0.0	OR-0602	1.0.0	MEM-002	ENTRYTST.COM	ENT-043	Function 40 selector and input	REQUIRED	generic CP/M 2.2 baseline	MEM-001; BIOS-001 as applicable	CPM22-BASE	SAFE_READ_ONLY	none beyond runnable CP/M environment	INVENTORIED_NOT_IMPLEMENTED	REVIEW_REQUIRED
0603	MEM-004-P0603	1.0.0	OR-0603	1.0.0	MEM-004	ENTRYTST.COM	ENT-044	Function 40 allocation-block zero fill	REQUIRED	generic CP/M 2.2 baseline	MEM-001; BIOS-001 as applicable	CPM22-BASE	SCRATCH_DESTRUCTIVE	dedicated restorable scratch disk	INVENTORIED_NOT_IMPLEMENTED	REVIEW_REQUIRED
0604	MEM-002-P0604	1.0.0	OR-0604	1.0.0	MEM-002	ENTRYTST.COM	ENT-045	Function 40 is not universal sparse-hole materialization	NOT GUARANTEED	generic CP/M 2.2 baseline	MEM-001; BIOS-001 as applicable	CPM22-BASE	SAFE_READ_ONLY	none beyond runnable CP/M environment	INVENTORIED_NOT_IMPLEMENTED	REVIEW_REQUIRED
0605	MEM-004-P0605	1.0.0	OR-0605	1.0.0	MEM-004	ENTRYTST.COM	ENT-046	Function 40 result family	REQUIRED	generic CP/M 2.2 baseline	MEM-001; BIOS-001 as applicable	CPM22-BASE	SAFE_READ_ONLY	none beyond runnable CP/M environment	INVENTORIED_NOT_IMPLEMENTED	REVIEW_REQUIRED
0606	MEM-002-P0606	1.0.0	OR-0606	1.0.0	MEM-002	ENTRYTST.COM	ENT-047	BIOS character services are raw device interfaces	REQUIRED	generic CP/M 2.2 baseline	MEM-001; BIOS-001 as applicable	CPM22-BASE	HARDWARE_PROFILE	selected device/profile provider	INVENTORIED_NOT_IMPLEMENTED	REVIEW_REQUIRED
0607	MEM-004-P0607	1.0.0	OR-0607	1.0.0	MEM-004	ENTRYTST.COM	ENT-048	Character devices remain distinct runtime paths	REQUIRED	generic CP/M 2.2 baseline	MEM-001; BIOS-001 as applicable	CPM22-BASE	HARDWARE_PROFILE	selected device/profile provider	INVENTORIED_NOT_IMPLEMENTED	REVIEW_REQUIRED
0608	MEM-002-P0608	1.0.0	OR-0608	1.0.0	MEM-002	ENTRYTST.COM	ENT-049	IOBYTE reassignment is runtime visible	REQUIRED	generic CP/M 2.2 baseline	MEM-001; BIOS-001 as applicable	CPM22-BASE	SAFE_READ_ONLY	none beyond runnable CP/M environment	INVENTORIED_NOT_IMPLEMENTED	REVIEW_REQUIRED
0609	MEM-004-P0609	1.0.0	OR-0609	1.0.0	MEM-004	ENTRYTST.COM	ENT-050	IOBYTE access coherence	REQUIRED	generic CP/M 2.2 baseline	MEM-001; BIOS-001 as applicable	CPM22-BASE	SAFE_READ_ONLY	none beyond runnable CP/M environment	INVENTORIED_NOT_IMPLEMENTED	REVIEW_REQUIRED
0610	MEM-005-P0610	1.0.0	OR-0610	1.0.0	MEM-005	ENTRYTST.COM	ENT-051	Field-preserving assignment changes	REQUIRED	generic CP/M 2.2 baseline	MEM-001; BIOS-001 as applicable	CPM22-BASE	SAFE_READ_ONLY	none beyond runnable CP/M environment	INVENTORIED_NOT_IMPLEMENTED	REVIEW_REQUIRED
0611	MEM-002-P0611	1.0.0	OR-0611	1.0.0	MEM-002	ENTRYTST.COM	ENT-052	IOBYTE assignment does not validate device presence	NOT GUARANTEED	generic CP/M 2.2 baseline	MEM-001; BIOS-001 as applicable	CPM22-BASE	HARDWARE_PROFILE	selected device/profile provider	INVENTORIED_NOT_IMPLEMENTED	REVIEW_REQUIRED
0612	MEM-004-P0612	1.0.0	OR-0612	1.0.0	MEM-004	ENTRYTST.COM	ENT-053	STAT device-assignment semantics	REQUIRED	generic CP/M 2.2 baseline	MEM-001; BIOS-001 as applicable	CPM22-BASE	HARDWARE_PROFILE	selected device/profile provider	INVENTORIED_NOT_IMPLEMENTED	REVIEW_REQUIRED
0613	MEM-005-P0613	1.0.0	OR-0613	1.0.0	MEM-005	ENTRYTST.COM	ENT-054	Parameterized disk-structure coherence	REQUIRED	generic CP/M 2.2 baseline	MEM-001; BIOS-001 as applicable	CPM22-BASE	SAFE_READ_ONLY	none beyond runnable CP/M environment	INVENTORIED_NOT_IMPLEMENTED	REVIEW_REQUIRED
0614	MEM-002-P0614	1.0.0	OR-0614	1.0.0	MEM-002	ENTRYTST.COM	ENT-055	DPB-dependent directory allocation-map width	REQUIRED	generic CP/M 2.2 baseline	MEM-001; BIOS-001 as applicable	CPM22-BASE	SCRATCH_DESTRUCTIVE	dedicated restorable scratch disk	INVENTORIED_NOT_IMPLEMENTED	REVIEW_REQUIRED
0615	MEM-004-P0615	1.0.0	OR-0615	1.0.0	MEM-004	ENTRYTST.COM	ENT-056	Logical directory placement	REQUIRED	generic CP/M 2.2 baseline	MEM-001; BIOS-001 as applicable	CPM22-BASE	TEMP_FILES	designated writable scratch drive and reserved filenames	INVENTORIED_NOT_IMPLEMENTED	REVIEW_REQUIRED
0616	MEM-005-P0616	1.0.0	OR-0616	1.0.0	MEM-005	ENTRYTST.COM	ENT-057	Raw-format universality	NOT GUARANTEED	generic CP/M 2.2 baseline	MEM-001; BIOS-001 as applicable	CPM22-BASE	SAFE_READ_ONLY	none beyond runnable CP/M environment	INVENTORIED_NOT_IMPLEMENTED	REVIEW_REQUIRED
0617	MEM-002-P0617	1.0.0	OR-0617	1.0.0	MEM-002	ENTRYTST.COM	ENT-058	Direct-structure caller responsibility	REQUIRED	generic CP/M 2.2 baseline	MEM-001; BIOS-001 as applicable	CPM22-BASE	SAFE_READ_ONLY	none beyond runnable CP/M environment	INVENTORIED_NOT_IMPLEMENTED	REVIEW_REQUIRED
0618	ERROR-005-P0618	1.0.0	OR-0618	1.0.0	ERROR-005	ERRTEST.COM	ERR-043	Damaged-directory recovery	NOT GUARANTEED	generic CP/M 2.2 baseline	healthy corresponding interface/storage test; restored fault fixture	CPM22-BASE	FAULT_ASSISTED	fault provider or restorable emulator image	INVENTORIED_NOT_IMPLEMENTED	REVIEW_REQUIRED
0619	MEM-006-P0619	1.0.0	OR-0619	1.0.0	MEM-006	ENTRYTST.COM	ENT-059	Private BDOS target is not an application gateway	NOT GUARANTEED	generic CP/M 2.2 baseline	MEM-001; BIOS-001 as applicable	CPM22-BASE	SAFE_READ_ONLY	none beyond runnable CP/M environment	INVENTORIED_NOT_IMPLEMENTED	REVIEW_REQUIRED
0620	CCP-008-P0620	1.0.0	OR-0620	1.0.0	CCP-008	CCPTEST.COM	CCP-058	DRI submitted-command stream	REQUIRED	generic CP/M 2.2 baseline	MEM-001; BDOS public/file/console prerequisites used by case	CPM22-BASE	SAFE_READ_ONLY	none beyond runnable CP/M environment	INVENTORIED_NOT_IMPLEMENTED	REVIEW_REQUIRED
0621	CCP-008-P0621	1.0.0	OR-0621	1.0.0	CCP-008	CCPTEST.COM	CCP-059	XSUB buffered-input compatibility	REQUIRED	generic CP/M 2.2 baseline	MEM-001; BDOS public/file/console prerequisites used by case	CPM22-BASE	SAFE_READ_ONLY	none beyond runnable CP/M environment	INVENTORIED_NOT_IMPLEMENTED	REVIEW_REQUIRED
0622	BIOS-007-P0622	1.0.0	OR-0622	1.0.0	BIOS-007	BIOSTEST.COM	BIO-046	Self-modifying transient execution	REQUIRED	generic CP/M 2.2 baseline	MEM-001; BIOS-001 as applicable	CPM22-BASE	SAFE_READ_ONLY	none beyond runnable CP/M environment	INVENTORIED_NOT_IMPLEMENTED	REVIEW_REQUIRED
0623	MEM-003-P0623	1.0.0	OR-0623	1.0.0	MEM-003	CPUTEST.COM	CPU-001	Intel 8080-compatible binary execution baseline	REQUIRED	generic CP/M 2.2 baseline	MEM-001; BIOS-001 as applicable	CPM22-BASE	SAFE_READ_ONLY	none beyond runnable CP/M environment	INVENTORIED_NOT_IMPLEMENTED	REVIEW_REQUIRED
0624	MEM-003-P0624	1.0.0	OR-0624	1.0.0	MEM-003	CPUTEST.COM	CPU-002	Declared processor-profile instruction semantics	REQUIRED	generic CP/M 2.2 baseline	MEM-001; BIOS-001 as applicable	CPM22-BASE	TEMP_FILES	designated writable scratch drive and reserved filenames	INVENTORIED_NOT_IMPLEMENTED	REVIEW_REQUIRED
0625	MEM-003-P0625	1.0.0	OR-0625	1.0.0	MEM-003	CPUTEST.COM	CPU-003	Z80 extensions outside a generic CP/M claim	OUTSIDE SCOPE	generic CP/M 2.2 compatibility claim	MEM-001; BIOS-001 as applicable	CPM22-BASE	SAFE_READ_ONLY	none beyond runnable CP/M environment	INVENTORIED_NOT_IMPLEMENTED	REVIEW_REQUIRED
0626	MEM-003-P0626	1.0.0	OR-0626	1.0.0	MEM-003	CPUTEST.COM	CPU-004	Undocumented processor behavior	NOT GUARANTEED	generic CP/M 2.2 baseline	MEM-001; BIOS-001 as applicable	CPM22-BASE	SAFE_READ_ONLY	none beyond runnable CP/M environment	INVENTORIED_NOT_IMPLEMENTED	REVIEW_REQUIRED
0627	HW-003-P0627	1.0.0	OR-0627	1.0.0	HW-003	CPUTEST.COM	CPU-005	Processor timing and interrupt topology	OUTSIDE SCOPE	generic CP/M 2.2 compatibility claim	all narrow tests for mapped ledger areas; named software/profile fixture	CPM22-BASE	HARDWARE_PROFILE	selected device/profile provider	INVENTORIED_NOT_IMPLEMENTED	REVIEW_REQUIRED
