investigation	artifact	kind	bytes	sha256	reuse_status	notes
SUPPLEMENTAL	investigations/CP-M 2.2 Compatibility Investigations.zip!001 - CP-M 2.2 Transient Program Entry Environment/probes/ENTRY001.ASM	ASM	1876	6825295cdb60416cd7d364e49653cedab50fd645453f9ab18e793fecb7f4d288	SOURCE_REVIEW_REQUIRED	Archive member; not approved for suite reuse until behavior, fixtures, safety, and reproducibility are reviewed.
SUPPLEMENTAL	investigations/CP-M 2.2 Compatibility Investigations.zip!001 - CP-M 2.2 Transient Program Entry Environment/probes/ENTRY001.COM	COM	467	b8d5f667d2114aa600c898820fdc6477efdb9fbcd635bc129bcd94c5e3a9c36e	BINARY_ONLY_OR_BUILD_PRODUCT	Archive member; not approved for suite reuse until behavior, fixtures, safety, and reproducibility are reviewed.
SUPPLEMENTAL	investigations/CP-M 2.2 Compatibility Investigations.zip!002 - CP:M 2.2 BDOS Call and Return Convention/probes/ABI002.ASM	ASM	2700	4a9c3e3b0212653dd9056295e2b82b3e95fdf14715e1ef6a035a4f1280d0763f	SOURCE_REVIEW_REQUIRED	Archive member; not approved for suite reuse until behavior, fixtures, safety, and reproducibility are reviewed.
SUPPLEMENTAL	investigations/CP-M 2.2 Compatibility Investigations.zip!002 - CP:M 2.2 BDOS Call and Return Convention/probes/ABI002.COM	COM	1085	050d15589c3208e5987961a6d734c6b6379f22c48c8c93f924c33420a0e10646	BINARY_ONLY_OR_BUILD_PRODUCT	Archive member; not approved for suite reuse until behavior, fixtures, safety, and reproducibility are reviewed.
SUPPLEMENTAL	investigations/CP-M 2.2 Compatibility Investigations.zip!003 - CP:M 2.2 BDOS Console Output and String Output Semantics/probes/OUT003.ASM	ASM	1569	ded521e10e0cb6b6f643245c0f7357abc332646b78633756880599ef83d14c82	SOURCE_REVIEW_REQUIRED	Archive member; not approved for suite reuse until behavior, fixtures, safety, and reproducibility are reviewed.
SUPPLEMENTAL	investigations/CP-M 2.2 Compatibility Investigations.zip!003 - CP:M 2.2 BDOS Console Output and String Output Semantics/probes/OUT003.COM	COM	193	a776d5577c1341efdb98762053584d3f32ebca2754b25212e3223cc2952bb03b	BINARY_ONLY_OR_BUILD_PRODUCT	Archive member; not approved for suite reuse until behavior, fixtures, safety, and reproducibility are reviewed.
SUPPLEMENTAL	investigations/CP-M 2.2 Compatibility Investigations.zip!004 - CP:M 2.2 BDOS Direct Console IO and Console Status Semantics/probes/DIO004.ASM	ASM	3355	aa5b0d9f06d1b6fd40aee52f58c08e16ee821342581bde7d2a573aa971e89946	SOURCE_REVIEW_REQUIRED	Archive member; not approved for suite reuse until behavior, fixtures, safety, and reproducibility are reviewed.
SUPPLEMENTAL	investigations/CP-M 2.2 Compatibility Investigations.zip!004 - CP:M 2.2 BDOS Direct Console IO and Console Status Semantics/probes/DIO004.COM	COM	535	375e2e7196808c7f9b9ee29fb8086ce6bf94d565a531aa6fb7bb9b3e3ecb7c4f	BINARY_ONLY_OR_BUILD_PRODUCT	Archive member; not approved for suite reuse until behavior, fixtures, safety, and reproducibility are reviewed.
SUPPLEMENTAL	investigations/CP-M 2.2 Compatibility Investigations.zip!005 - CP:M 2.2 BDOS Console Input and Echo Semantics/probes/IN005.ASM	ASM	3993	7f0fee88954a4fc3e595a34590e7e048bebe5fd7db735ef096294c2b42ff29bc	SOURCE_REVIEW_REQUIRED	Archive member; not approved for suite reuse until behavior, fixtures, safety, and reproducibility are reviewed.
SUPPLEMENTAL	investigations/CP-M 2.2 Compatibility Investigations.zip!005 - CP:M 2.2 BDOS Console Input and Echo Semantics/probes/IN005.COM	COM	693	08044cb19feaa9cabd7904130968b680109c899ff3592712b227cae85966a0e5	BINARY_ONLY_OR_BUILD_PRODUCT	Archive member; not approved for suite reuse until behavior, fixtures, safety, and reproducibility are reviewed.
SUPPLEMENTAL	investigations/CP-M 2.2 Compatibility Investigations.zip!006 - CP:M 2.2 BDOS Buffered Console Input and Line Editing Semantics/probes/BUF006.ASM	ASM	3940	936ea8e4f9527da796ec962df1dc3b0282822261106e0de22ffc9e1e900a290d	SOURCE_REVIEW_REQUIRED	Archive member; not approved for suite reuse until behavior, fixtures, safety, and reproducibility are reviewed.
SUPPLEMENTAL	investigations/CP-M 2.2 Compatibility Investigations.zip!006 - CP:M 2.2 BDOS Buffered Console Input and Line Editing Semantics/probes/BUF006.COM	COM	1380	566cc4dfda0483c60c4c747ad7084de2da4ef8dfd0666d5db0441b41ab846cf8	BINARY_ONLY_OR_BUILD_PRODUCT	Archive member; not approved for suite reuse until behavior, fixtures, safety, and reproducibility are reviewed.
SUPPLEMENTAL	investigations/CP-M 2.2 Compatibility Investigations.zip!007 - CP:M 2.2 BDOS Disk Reset Selection and Drive-State Query Semantics/probes/DSK007.ASM	ASM	2081	1091381d6ed9c2c4a18778648015b7df42b9fc0f58a25fdcf5ee7d540a14be93	SOURCE_REVIEW_REQUIRED	Archive member; not approved for suite reuse until behavior, fixtures, safety, and reproducibility are reviewed.
SUPPLEMENTAL	investigations/CP-M 2.2 Compatibility Investigations.zip!007 - CP:M 2.2 BDOS Disk Reset Selection and Drive-State Query Semantics/probes/DSK007.COM	COM	680	9a7fbfe8c00f285cacf0568bc9d33f50d0f1287c8849eae9c0b332a199c0e5e9	BINARY_ONLY_OR_BUILD_PRODUCT	Archive member; not approved for suite reuse until behavior, fixtures, safety, and reproducibility are reviewed.
SUPPLEMENTAL	investigations/CP-M 2.2 Compatibility Investigations.zip!008 - CP-M 2.2 FCB File Identification and Open-Close Semantics/probes/FCB008.ASM	ASM	2891	422d9ee35409a94fe4d15234af2fa693608cf0343d15d3dc35958442486ac7ff	SOURCE_REVIEW_REQUIRED	Archive member; not approved for suite reuse until behavior, fixtures, safety, and reproducibility are reviewed.
SUPPLEMENTAL	investigations/CP-M 2.2 Compatibility Investigations.zip!008 - CP-M 2.2 FCB File Identification and Open-Close Semantics/probes/FCB008.COM	COM	729	b42b6416579a25b849af29d2001bb239cd4a49853b8dd85e5bae0170e709d95e	BINARY_ONLY_OR_BUILD_PRODUCT	Archive member; not approved for suite reuse until behavior, fixtures, safety, and reproducibility are reviewed.
SUPPLEMENTAL	investigations/CP-M 2.2 Compatibility Investigations.zip!009 - CP-M 2.2 BDOS Directory Search and DMA Transfer Semantics/probes/DSRCH009.ASM	ASM	4448	bf32f6697c2f799b3e4c01c838e862a5927b7d40fffec40155721c8519fd16af	SOURCE_REVIEW_REQUIRED	Archive member; not approved for suite reuse until behavior, fixtures, safety, and reproducibility are reviewed.
SUPPLEMENTAL	investigations/CP-M 2.2 Compatibility Investigations.zip!009 - CP-M 2.2 BDOS Directory Search and DMA Transfer Semantics/probes/DSRCH009.COM	COM	1256	ea1c35a31340d516161daa8eed74b9391a6f5e2c7fe651644feb4d47c874b074	BINARY_ONLY_OR_BUILD_PRODUCT	Archive member; not approved for suite reuse until behavior, fixtures, safety, and reproducibility are reviewed.
SUPPLEMENTAL	investigations/CP-M 2.2 Compatibility Investigations.zip!010 - CP-M 2.2 BDOS Sequential Read Semantics/probes/READ010.ASM	ASM	4699	bdd1d56c7863e5c737cdace1cf6ad9ff9af806943d7beaf93148123a7a0c4104	SOURCE_REVIEW_REQUIRED	Archive member; not approved for suite reuse until behavior, fixtures, safety, and reproducibility are reviewed.
SUPPLEMENTAL	investigations/CP-M 2.2 Compatibility Investigations.zip!010 - CP-M 2.2 BDOS Sequential Read Semantics/probes/READ010.COM	COM	1343	995b1a1a5f8e2d7e461f6e2eb1b34cb2d38f2c8ed6a5fc2dde04253dc6c03a5a	BINARY_ONLY_OR_BUILD_PRODUCT	Archive member; not approved for suite reuse until behavior, fixtures, safety, and reproducibility are reviewed.
SUPPLEMENTAL	investigations/CP-M 2.2 Compatibility Investigations.zip!011 - CP-M 2.2 BDOS Sequential Write and File Creation Semantics/probes/WRITE011.ASM	ASM	6545	fa61f75839f06320af9563943818874947ddd53ffda741405c5648b97e861ab8	SOURCE_REVIEW_REQUIRED	Archive member; not approved for suite reuse until behavior, fixtures, safety, and reproducibility are reviewed.
SUPPLEMENTAL	investigations/CP-M 2.2 Compatibility Investigations.zip!011 - CP-M 2.2 BDOS Sequential Write and File Creation Semantics/probes/WRITE011.COM	COM	1895	e6b82840d94f65b856da73fcd5c16a810b4d8e169d63f4ae32194974def60060	BINARY_ONLY_OR_BUILD_PRODUCT	Archive member; not approved for suite reuse until behavior, fixtures, safety, and reproducibility are reviewed.
SUPPLEMENTAL	investigations/CP-M 2.2 Compatibility Investigations.zip!012 - CP-M 2.2 BDOS File Deletion and Rename Semantics/probes/DELREN012.ASM	ASM	6038	3ced04f5871f21634357e44c6a2520f76eb1d46a228941cfb5b8571da6575165	SOURCE_REVIEW_REQUIRED	Archive member; not approved for suite reuse until behavior, fixtures, safety, and reproducibility are reviewed.
SUPPLEMENTAL	investigations/CP-M 2.2 Compatibility Investigations.zip!012 - CP-M 2.2 BDOS File Deletion and Rename Semantics/probes/DELREN012.COM	COM	1858	afee3d9d22dbbd57bed80a5eac6cbfc4294bdaec8b54700640190b98ddfecfd3	BINARY_ONLY_OR_BUILD_PRODUCT	Archive member; not approved for suite reuse until behavior, fixtures, safety, and reproducibility are reviewed.
SUPPLEMENTAL	investigations/CP-M 2.2 Compatibility Investigations.zip!013 - CP-M 2.2 BDOS Random Access and File Size Semantics/probes/RAND013.ASM	ASM	5778	7cd10f46288703b59986cf5d696ff29ab593107c8e2f9315e3ba44922de83d03	SOURCE_REVIEW_REQUIRED	Archive member; not approved for suite reuse until behavior, fixtures, safety, and reproducibility are reviewed.
SUPPLEMENTAL	investigations/CP-M 2.2 Compatibility Investigations.zip!013 - CP-M 2.2 BDOS Random Access and File Size Semantics/probes/RAND013.COM	COM	1660	ffb2307721e310af88df7a1a33727d6d0088350c8e65be7e288ed3c209d5d431	BINARY_ONLY_OR_BUILD_PRODUCT	Archive member; not approved for suite reuse until behavior, fixtures, safety, and reproducibility are reviewed.
SUPPLEMENTAL	investigations/CP-M 2.2 Compatibility Investigations.zip!014 - CP-M 2.2 BDOS Read-Only State and Protection Semantics/probes/PROT014.ASM	ASM	5658	fe1f310e92796a1dbf44bd58113a3ea5265e1da1896ac7eca30959484b0b675a	SOURCE_REVIEW_REQUIRED	Archive member; not approved for suite reuse until behavior, fixtures, safety, and reproducibility are reviewed.
SUPPLEMENTAL	investigations/CP-M 2.2 Compatibility Investigations.zip!014 - CP-M 2.2 BDOS Read-Only State and Protection Semantics/probes/PROT014.COM	COM	1587	1307f96971db70f8123b52f297eb465d2a764391dfbc1cf13bd3f90926aeb9e8	BINARY_ONLY_OR_BUILD_PRODUCT	Archive member; not approved for suite reuse until behavior, fixtures, safety, and reproducibility are reviewed.
SUPPLEMENTAL	investigations/CP-M 2.2 Compatibility Investigations.zip!015 - CP-M 2.2 BDOS Physical Disk Error and Error Presentation Semantics/probes/PHYS015.ASM	ASM	4622	5d21b7fe1144a29789893d39fd1f56a55b04caaf174dff7ad23d723972bb3e5c	SOURCE_REVIEW_REQUIRED	Archive member; not approved for suite reuse until behavior, fixtures, safety, and reproducibility are reviewed.
SUPPLEMENTAL	investigations/CP-M 2.2 Compatibility Investigations.zip!015 - CP-M 2.2 BDOS Physical Disk Error and Error Presentation Semantics/probes/PHYS015.COM	COM	1113	fd4f4d92f42dbed18f9e8ecaa6680f6661ee9ba03f4f1f45bad596073daa099a	BINARY_ONLY_OR_BUILD_PRODUCT	Archive member; not approved for suite reuse until behavior, fixtures, safety, and reproducibility are reviewed.
SUPPLEMENTAL	investigations/CP-M 2.2 Compatibility Investigations.zip!016 - CP-M 2.2 BDOS Console IO and System Interface Semantics/probes/BLOCK016.ASM	ASM	1081	b394f719c647c32974ad1548f5abd9f64133ed4c648db21bb0ac84a4ad3b6e47	SOURCE_REVIEW_REQUIRED	Archive member; not approved for suite reuse until behavior, fixtures, safety, and reproducibility are reviewed.
SUPPLEMENTAL	investigations/CP-M 2.2 Compatibility Investigations.zip!016 - CP-M 2.2 BDOS Console IO and System Interface Semantics/probes/BLOCK016.COM	COM	457	61354e5aea5297449ea7cbb4dc6fb3115f7b3ba5f4e75d3de0382540f50815b3	BINARY_ONLY_OR_BUILD_PRODUCT	Archive member; not approved for suite reuse until behavior, fixtures, safety, and reproducibility are reviewed.
SUPPLEMENTAL	investigations/CP-M 2.2 Compatibility Investigations.zip!016 - CP-M 2.2 BDOS Console IO and System Interface Semantics/probes/BUF006.ASM	ASM	3940	936ea8e4f9527da796ec962df1dc3b0282822261106e0de22ffc9e1e900a290d	SOURCE_REVIEW_REQUIRED	Archive member; not approved for suite reuse until behavior, fixtures, safety, and reproducibility are reviewed.
SUPPLEMENTAL	investigations/CP-M 2.2 Compatibility Investigations.zip!016 - CP-M 2.2 BDOS Console IO and System Interface Semantics/probes/BUF006.COM	COM	1380	566cc4dfda0483c60c4c747ad7084de2da4ef8dfd0666d5db0441b41ab846cf8	BINARY_ONLY_OR_BUILD_PRODUCT	Archive member; not approved for suite reuse until behavior, fixtures, safety, and reproducibility are reviewed.
SUPPLEMENTAL	investigations/CP-M 2.2 Compatibility Investigations.zip!016 - CP-M 2.2 BDOS Console IO and System Interface Semantics/probes/DIO004.ASM	ASM	3355	aa5b0d9f06d1b6fd40aee52f58c08e16ee821342581bde7d2a573aa971e89946	SOURCE_REVIEW_REQUIRED	Archive member; not approved for suite reuse until behavior, fixtures, safety, and reproducibility are reviewed.
SUPPLEMENTAL	investigations/CP-M 2.2 Compatibility Investigations.zip!016 - CP-M 2.2 BDOS Console IO and System Interface Semantics/probes/DIO004.COM	COM	535	375e2e7196808c7f9b9ee29fb8086ce6bf94d565a531aa6fb7bb9b3e3ecb7c4f	BINARY_ONLY_OR_BUILD_PRODUCT	Archive member; not approved for suite reuse until behavior, fixtures, safety, and reproducibility are reviewed.
SUPPLEMENTAL	investigations/CP-M 2.2 Compatibility Investigations.zip!016 - CP-M 2.2 BDOS Console IO and System Interface Semantics/probes/IN005.ASM	ASM	3993	7f0fee88954a4fc3e595a34590e7e048bebe5fd7db735ef096294c2b42ff29bc	SOURCE_REVIEW_REQUIRED	Archive member; not approved for suite reuse until behavior, fixtures, safety, and reproducibility are reviewed.
SUPPLEMENTAL	investigations/CP-M 2.2 Compatibility Investigations.zip!016 - CP-M 2.2 BDOS Console IO and System Interface Semantics/probes/IN005.COM	COM	693	08044cb19feaa9cabd7904130968b680109c899ff3592712b227cae85966a0e5	BINARY_ONLY_OR_BUILD_PRODUCT	Archive member; not approved for suite reuse until behavior, fixtures, safety, and reproducibility are reviewed.
SUPPLEMENTAL	investigations/CP-M 2.2 Compatibility Investigations.zip!016 - CP-M 2.2 BDOS Console IO and System Interface Semantics/probes/OUT003.ASM	ASM	1569	ded521e10e0cb6b6f643245c0f7357abc332646b78633756880599ef83d14c82	SOURCE_REVIEW_REQUIRED	Archive member; not approved for suite reuse until behavior, fixtures, safety, and reproducibility are reviewed.
SUPPLEMENTAL	investigations/CP-M 2.2 Compatibility Investigations.zip!016 - CP-M 2.2 BDOS Console IO and System Interface Semantics/probes/OUT003.COM	COM	193	a776d5577c1341efdb98762053584d3f32ebca2754b25212e3223cc2952bb03b	BINARY_ONLY_OR_BUILD_PRODUCT	Archive member; not approved for suite reuse until behavior, fixtures, safety, and reproducibility are reviewed.
SUPPLEMENTAL	investigations/CP-M 2.2 Compatibility Investigations.zip!016 - CP-M 2.2 BDOS Console IO and System Interface Semantics/probes/SCRL016.COM	COM	209	fb72b7faa6ef5d7c31d5bec207ce680d597f4eec2ab480268dbf6584bcbbaab4	BINARY_ONLY_OR_BUILD_PRODUCT	Archive member; not approved for suite reuse until behavior, fixtures, safety, and reproducibility are reviewed.
SUPPLEMENTAL	investigations/CP-M 2.2 Compatibility Investigations.zip!016 - CP-M 2.2 BDOS Console IO and System Interface Semantics/probes/SCROLL016.ASM	ASM	1036	830f14327604d696a644778dccd60f9776bd7dee3d9f60f5ce0f0567e702e85a	SOURCE_REVIEW_REQUIRED	Archive member; not approved for suite reuse until behavior, fixtures, safety, and reproducibility are reviewed.
SUPPLEMENTAL	investigations/CP-M 2.2 Compatibility Investigations.zip!016 - CP-M 2.2 BDOS Console IO and System Interface Semantics/probes/SYS016.ASM	ASM	4422	04b79f0c131ac2f9a84a7a34875b7b75373aac2eba4eb06efe60ba6cf953ace1	SOURCE_REVIEW_REQUIRED	Archive member; not approved for suite reuse until behavior, fixtures, safety, and reproducibility are reviewed.
SUPPLEMENTAL	investigations/CP-M 2.2 Compatibility Investigations.zip!016 - CP-M 2.2 BDOS Console IO and System Interface Semantics/probes/SYS016.COM	COM	1077	9f7b27fbc25fbb40b4aca9d3e03101b64d1a3c816bf189c0c034fa655954b6d4	BINARY_ONLY_OR_BUILD_PRODUCT	Archive member; not approved for suite reuse until behavior, fixtures, safety, and reproducibility are reviewed.
SUPPLEMENTAL	investigations/CP-M 2.2 Compatibility Investigations.zip!017 - CP-M 2.2 BDOS Disk State Allocation Vector and Disk Parameter Block Semantics/probes/STATE017.ASM	ASM	5644	d754f7169f9850c0712c20a96460936aba9ebb08d16e457f485d55b9434615ee	SOURCE_REVIEW_REQUIRED	Archive member; not approved for suite reuse until behavior, fixtures, safety, and reproducibility are reviewed.
SUPPLEMENTAL	investigations/CP-M 2.2 Compatibility Investigations.zip!017 - CP-M 2.2 BDOS Disk State Allocation Vector and Disk Parameter Block Semantics/probes/STATE017.COM	COM	1150	35ee2027f7131a159df72ffd635e188c00c2aa51674430072d0a2a1ad0aa2810	BINARY_ONLY_OR_BUILD_PRODUCT	Archive member; not approved for suite reuse until behavior, fixtures, safety, and reproducibility are reviewed.
SUPPLEMENTAL	investigations/CP-M 2.2 Compatibility Investigations.zip!018 - CP-M 2.2 BDOS Character Devices and IOBYTE Semantics/probes/CHAR018.ASM	ASM	5613	c029d7566edda2a2765e2e0563fb19de3ca6144b0deab4e32c677e8bc347b053	SOURCE_REVIEW_REQUIRED	Archive member; not approved for suite reuse until behavior, fixtures, safety, and reproducibility are reviewed.
SUPPLEMENTAL	investigations/CP-M 2.2 Compatibility Investigations.zip!018 - CP-M 2.2 BDOS Character Devices and IOBYTE Semantics/probes/CHAR018.COM	COM	1096	b145e29a45cefc55f7e019f2aa9314977c6f5de2497268f42ad82196a4a0c24a	BINARY_ONLY_OR_BUILD_PRODUCT	Archive member; not approved for suite reuse until behavior, fixtures, safety, and reproducibility are reviewed.
SUPPLEMENTAL	investigations/CP-M 2.2 Compatibility Investigations.zip!019 - CP-M 2.2 BIOS Disk Interface and Logical-Sector Semantics/probes/BIOS019.ASM	ASM	8234	7a3839350d1647e460aabd69c4088c9e23eb5f0f981c628e7b35bc5161e86016	SOURCE_REVIEW_REQUIRED	Archive member; not approved for suite reuse until behavior, fixtures, safety, and reproducibility are reviewed.
SUPPLEMENTAL	investigations/CP-M 2.2 Compatibility Investigations.zip!019 - CP-M 2.2 BIOS Disk Interface and Logical-Sector Semantics/probes/BIOS019.COM	COM	2802	cede5d590ecb466d076f5221fb6b2b3d964acc8596325ebe7e49fe9c0ff67cf9	BINARY_ONLY_OR_BUILD_PRODUCT	Archive member; not approved for suite reuse until behavior, fixtures, safety, and reproducibility are reviewed.
SUPPLEMENTAL	investigations/CP-M 2.2 Compatibility Investigations.zip!020 - CP-M 2.2 BIOS Jump Table, Boot, and Character-IO Semantics/probes/BIOS020.ASM	ASM	5560	316de90f34f4c4fe091a5dc42eaacd5ef210e44eca0c7f729c96b4a343de4ac4	SOURCE_REVIEW_REQUIRED	Archive member; not approved for suite reuse until behavior, fixtures, safety, and reproducibility are reviewed.
SUPPLEMENTAL	investigations/CP-M 2.2 Compatibility Investigations.zip!020 - CP-M 2.2 BIOS Jump Table, Boot, and Character-IO Semantics/probes/BIOS020.COM	COM	864	54f9dee42e696f88f501fbbec8c9d7e7c6bad6b65baf4f541a7e3536cc3a7b20	BINARY_ONLY_OR_BUILD_PRODUCT	Archive member; not approved for suite reuse until behavior, fixtures, safety, and reproducibility are reviewed.
SUPPLEMENTAL	investigations/CP-M 2.2 Compatibility Investigations.zip!020 - CP-M 2.2 BIOS Jump Table, Boot, and Character-IO Semantics/probes/PZERO20.ASM	ASM	726	51055f52549c90ae6c2443fd53d6b7f4f33fe7669c62c81c82d0b4551f98ccaa	SOURCE_REVIEW_REQUIRED	Archive member; not approved for suite reuse until behavior, fixtures, safety, and reproducibility are reviewed.
SUPPLEMENTAL	investigations/CP-M 2.2 Compatibility Investigations.zip!020 - CP-M 2.2 BIOS Jump Table, Boot, and Character-IO Semantics/probes/PZERO20.COM	COM	101	45a811de630c7025fc4ad3bcc85a630adf658a738d0fc6d6dbd9bb0735467bd8	BINARY_ONLY_OR_BUILD_PRODUCT	Archive member; not approved for suite reuse until behavior, fixtures, safety, and reproducibility are reviewed.
SUPPLEMENTAL	investigations/CP-M 2.2 Compatibility Investigations.zip!020 - CP-M 2.2 BIOS Jump Table, Boot, and Character-IO Semantics/probes/WBOOT20.ASM	ASM	1110	f5b82156cfbc0a7fb1922c8eb39c22baa5b675d7787d4e8aa78c96f7b5fa494e	SOURCE_REVIEW_REQUIRED	Archive member; not approved for suite reuse until behavior, fixtures, safety, and reproducibility are reviewed.
SUPPLEMENTAL	investigations/CP-M 2.2 Compatibility Investigations.zip!020 - CP-M 2.2 BIOS Jump Table, Boot, and Character-IO Semantics/probes/WBOOT20.COM	COM	183	9a9dab3c5c7c250ea3e7acadb872cfc14c04f8dceae03b4a96330bd989389b3d	BINARY_ONLY_OR_BUILD_PRODUCT	Archive member; not approved for suite reuse until behavior, fixtures, safety, and reproducibility are reviewed.
SUPPLEMENTAL	investigations/CP-M 2.2 Compatibility Investigations.zip!021 - CP-M 2.2 CCP Command Acquisition, Parsing, and Dispatch Semantics/probes/MARK21.ASM	ASM	227	17e7d7e854fd5da95c8d7cca48c70deff4f88af77ae2a016cdc2ba4792d40b4c	SOURCE_REVIEW_REQUIRED	Archive member; not approved for suite reuse until behavior, fixtures, safety, and reproducibility are reviewed.
SUPPLEMENTAL	investigations/CP-M 2.2 Compatibility Investigations.zip!021 - CP-M 2.2 CCP Command Acquisition, Parsing, and Dispatch Semantics/probes/MARK21.COM	COM	47	00834c9b661907e032cb11f9b227f8f20449af7d8eb1e77b35317df899328c93	BINARY_ONLY_OR_BUILD_PRODUCT	Archive member; not approved for suite reuse until behavior, fixtures, safety, and reproducibility are reviewed.
SUPPLEMENTAL	investigations/CP-M 2.2 Compatibility Investigations.zip!021 - CP-M 2.2 CCP Command Acquisition, Parsing, and Dispatch Semantics/probes/PARSE21.ASM	ASM	1490	955942f0f3fe4b901702a7467f27d98249f2608534bdf23d8b137eb12833a66b	SOURCE_REVIEW_REQUIRED	Archive member; not approved for suite reuse until behavior, fixtures, safety, and reproducibility are reviewed.
SUPPLEMENTAL	investigations/CP-M 2.2 Compatibility Investigations.zip!021 - CP-M 2.2 CCP Command Acquisition, Parsing, and Dispatch Semantics/probes/PARSE21.COM	COM	303	83c076dd81b6dfb3587fbea31b9102ee954f47703de305fa59df46a43051f63f	BINARY_ONLY_OR_BUILD_PRODUCT	Archive member; not approved for suite reuse until behavior, fixtures, safety, and reproducibility are reviewed.
SUPPLEMENTAL	investigations/CP-M 2.2 Compatibility Investigations.zip!022 - CP-M 2.2 CCP Transient Program Lookup, Loading, and Execution Semantics/probes/BOUND.COM	COM	58112	deca7138f80a524cf3cc87550250f68cb98714365287d8054c1bd33db9f7796a	BINARY_ONLY_OR_BUILD_PRODUCT	Archive member; not approved for suite reuse until behavior, fixtures, safety, and reproducibility are reviewed.
SUPPLEMENTAL	investigations/CP-M 2.2 Compatibility Investigations.zip!022 - CP-M 2.2 CCP Transient Program Lookup, Loading, and Execution Semantics/probes/BOUND22.ASM	ASM	279	ca4cc20a7a038e2c01bff8e8592e29a4ac56dcaa17a5a86402c61fe3d324bb66	SOURCE_REVIEW_REQUIRED	Archive member; not approved for suite reuse until behavior, fixtures, safety, and reproducibility are reviewed.
SUPPLEMENTAL	investigations/CP-M 2.2 Compatibility Investigations.zip!022 - CP-M 2.2 CCP Transient Program Lookup, Loading, and Execution Semantics/probes/F0TERM22.ASM	ASM	174	9c45182c7ab779c3a76e4535cbe598b6c38e503bd7ece6a4b9d660b6485f2330	SOURCE_REVIEW_REQUIRED	Archive member; not approved for suite reuse until behavior, fixtures, safety, and reproducibility are reviewed.
SUPPLEMENTAL	investigations/CP-M 2.2 Compatibility Investigations.zip!022 - CP-M 2.2 CCP Transient Program Lookup, Loading, and Execution Semantics/probes/F0TERM22.COM	COM	57	392068e14b23e2bf2918dde71c94a6542144dadcf50cfb263980ec2a85c58c9e	BINARY_ONLY_OR_BUILD_PRODUCT	Archive member; not approved for suite reuse until behavior, fixtures, safety, and reproducibility are reviewed.
SUPPLEMENTAL	investigations/CP-M 2.2 Compatibility Investigations.zip!022 - CP-M 2.2 CCP Transient Program Lookup, Loading, and Execution Semantics/probes/J0TERM22.ASM	ASM	157	e7f619800f6f45fd980a5eef63c3b377a22b8f6b234a887641cfd944b2b9ec1a	SOURCE_REVIEW_REQUIRED	Archive member; not approved for suite reuse until behavior, fixtures, safety, and reproducibility are reviewed.
SUPPLEMENTAL	investigations/CP-M 2.2 Compatibility Investigations.zip!022 - CP-M 2.2 CCP Transient Program Lookup, Loading, and Execution Semantics/probes/J0TERM22.COM	COM	49	0cba739943ad8b824a1997150d95e70149bb0d50b7db1ef09f01ed0bdc1260db	BINARY_ONLY_OR_BUILD_PRODUCT	Archive member; not approved for suite reuse until behavior, fixtures, safety, and reproducibility are reviewed.
SUPPLEMENTAL	investigations/CP-M 2.2 Compatibility Investigations.zip!022 - CP-M 2.2 CCP Transient Program Lookup, Loading, and Execution Semantics/probes/LOAD22.ASM	ASM	954	836d2f9f688fc0ef1024dd635e2f8f0a8d7a53b3f2952813d5bcda5e2cd83f9f	SOURCE_REVIEW_REQUIRED	Archive member; not approved for suite reuse until behavior, fixtures, safety, and reproducibility are reviewed.
SUPPLEMENTAL	investigations/CP-M 2.2 Compatibility Investigations.zip!022 - CP-M 2.2 CCP Transient Program Lookup, Loading, and Execution Semantics/probes/LOAD22.COM	COM	384	1515a2e24271a35f44c116e9fdf729a97056ec4b7a4371e94066f259450befcd	BINARY_ONLY_OR_BUILD_PRODUCT	Archive member; not approved for suite reuse until behavior, fixtures, safety, and reproducibility are reviewed.
SUPPLEMENTAL	investigations/CP-M 2.2 Compatibility Investigations.zip!022 - CP-M 2.2 CCP Transient Program Lookup, Loading, and Execution Semantics/probes/MARK-A0.COM	COM	30	106903493fc3b61480b5537d72696af30fe98898ce96841e562a9de6cc8cd271	BINARY_ONLY_OR_BUILD_PRODUCT	Archive member; not approved for suite reuse until behavior, fixtures, safety, and reproducibility are reviewed.
SUPPLEMENTAL	investigations/CP-M 2.2 Compatibility Investigations.zip!022 - CP-M 2.2 CCP Transient Program Lookup, Loading, and Execution Semantics/probes/MARK-A1.COM	COM	30	f573fc9a475c6b56a0d2825b824cfd6fbf53519876898ccab960e02185874db0	BINARY_ONLY_OR_BUILD_PRODUCT	Archive member; not approved for suite reuse until behavior, fixtures, safety, and reproducibility are reviewed.
SUPPLEMENTAL	investigations/CP-M 2.2 Compatibility Investigations.zip!022 - CP-M 2.2 CCP Transient Program Lookup, Loading, and Execution Semantics/probes/MARK-B0.COM	COM	30	b51b70c2ede491870b4837ee1779ffbaf543cc1becccdfac75b9e056675b5209	BINARY_ONLY_OR_BUILD_PRODUCT	Archive member; not approved for suite reuse until behavior, fixtures, safety, and reproducibility are reviewed.
SUPPLEMENTAL	investigations/CP-M 2.2 Compatibility Investigations.zip!022 - CP-M 2.2 CCP Transient Program Lookup, Loading, and Execution Semantics/probes/MARK-B1.COM	COM	30	7aa480ea99137c46c07818000a60edca11e548ff5f9bdaba5f16a820fa53d498	BINARY_ONLY_OR_BUILD_PRODUCT	Archive member; not approved for suite reuse until behavior, fixtures, safety, and reproducibility are reviewed.
SUPPLEMENTAL	investigations/CP-M 2.2 Compatibility Investigations.zip!022 - CP-M 2.2 CCP Transient Program Lookup, Loading, and Execution Semantics/probes/MARK22.ASM	ASM	209	38058d9479217a96b880eeca20f3ae96ecf2b6e31fea20bf25cb8b5cd89dc8e6	SOURCE_REVIEW_REQUIRED	Archive member; not approved for suite reuse until behavior, fixtures, safety, and reproducibility are reviewed.
SUPPLEMENTAL	investigations/CP-M 2.2 Compatibility Investigations.zip!022 - CP-M 2.2 CCP Transient Program Lookup, Loading, and Execution Semantics/probes/MAXOK.COM	COM	57984	ac96a8c4918a4f03f806c5a846dd9cea5fec108ca4c88b2314b574b99d8637b3	BINARY_ONLY_OR_BUILD_PRODUCT	Archive member; not approved for suite reuse until behavior, fixtures, safety, and reproducibility are reviewed.
SUPPLEMENTAL	investigations/CP-M 2.2 Compatibility Investigations.zip!022 - CP-M 2.2 CCP Transient Program Lookup, Loading, and Execution Semantics/probes/MINRET22.ASM	ASM	42	d4b3680b7644253a0d3cae3fad3df2f11000a6afd6b0e6a1b34e88693b6971e3	SOURCE_REVIEW_REQUIRED	Archive member; not approved for suite reuse until behavior, fixtures, safety, and reproducibility are reviewed.
SUPPLEMENTAL	investigations/CP-M 2.2 Compatibility Investigations.zip!022 - CP-M 2.2 CCP Transient Program Lookup, Loading, and Execution Semantics/probes/MINRET22.COM	COM	1	4fb733bedb74fec8d65bedf056b935189a289e928b3302bec38a281814de523a	BINARY_ONLY_OR_BUILD_PRODUCT	Archive member; not approved for suite reuse until behavior, fixtures, safety, and reproducibility are reviewed.
SUPPLEMENTAL	investigations/CP-M 2.2 Compatibility Investigations.zip!022 - CP-M 2.2 CCP Transient Program Lookup, Loading, and Execution Semantics/probes/PART22.ASM	ASM	633	129d9e6de854d2cce6a52af9ce6f90b5eb1789fcdc54c3df10be5d33eccd914a	SOURCE_REVIEW_REQUIRED	Archive member; not approved for suite reuse until behavior, fixtures, safety, and reproducibility are reviewed.
SUPPLEMENTAL	investigations/CP-M 2.2 Compatibility Investigations.zip!022 - CP-M 2.2 CCP Transient Program Lookup, Loading, and Execution Semantics/probes/PART22.COM	COM	75	c7b3056e1afa9686aa6e0453bde488d5df6442c130bc7b0e2af7e0386b029ba1	BINARY_ONLY_OR_BUILD_PRODUCT	Archive member; not approved for suite reuse until behavior, fixtures, safety, and reproducibility are reviewed.
SUPPLEMENTAL	investigations/CP-M 2.2 Compatibility Investigations.zip!022 - CP-M 2.2 CCP Transient Program Lookup, Loading, and Execution Semantics/probes/RET22.ASM	ASM	143	5bba24e945458dfa93c94bdbb9d34c286dc2ff244f6612b3be591ea9f52f75c8	SOURCE_REVIEW_REQUIRED	Archive member; not approved for suite reuse until behavior, fixtures, safety, and reproducibility are reviewed.
SUPPLEMENTAL	investigations/CP-M 2.2 Compatibility Investigations.zip!022 - CP-M 2.2 CCP Transient Program Lookup, Loading, and Execution Semantics/probes/RET22.COM	COM	38	6047cb28df37db56f9a7fe3e69094ad6905eec348f37dc1a7f1635c7faefd2d4	BINARY_ONLY_OR_BUILD_PRODUCT	Archive member; not approved for suite reuse until behavior, fixtures, safety, and reproducibility are reviewed.
SUPPLEMENTAL	investigations/CP-M 2.2 Compatibility Investigations.zip!022 - CP-M 2.2 CCP Transient Program Lookup, Loading, and Execution Semantics/probes/STATE22.ASM	ASM	1251	20873bcc5610d97841d92f74de2b58ac6da55673cc833ec49a3b021db21f65b9	SOURCE_REVIEW_REQUIRED	Archive member; not approved for suite reuse until behavior, fixtures, safety, and reproducibility are reviewed.
SUPPLEMENTAL	investigations/CP-M 2.2 Compatibility Investigations.zip!022 - CP-M 2.2 CCP Transient Program Lookup, Loading, and Execution Semantics/probes/STATE22.COM	COM	268	3daac43a8a6c1ea05dfde1d6ce7ff2a3d461ae30c1da41419b8919aa11f284c1	BINARY_ONLY_OR_BUILD_PRODUCT	Archive member; not approved for suite reuse until behavior, fixtures, safety, and reproducibility are reviewed.
SUPPLEMENTAL	investigations/CP-M 2.2 Compatibility Investigations.zip!023 - CP-M 2.2 CCP Transient Entry Environment, Command Tail, and Default FCB Semantics/probes/BIG23.COM	COM	2560	828267576d60a85cb7d3da77b7fac8b8a6df0b1b99a6c2a6870305d08a10f626	BINARY_ONLY_OR_BUILD_PRODUCT	Archive member; not approved for suite reuse until behavior, fixtures, safety, and reproducibility are reviewed.
SUPPLEMENTAL	investigations/CP-M 2.2 Compatibility Investigations.zip!023 - CP-M 2.2 CCP Transient Entry Environment, Command Tail, and Default FCB Semantics/probes/ENTRY23.ASM	ASM	5019	42359e8c9c96b96c552783d7061388289470b052db55687eea6e0020f4fe9a49	SOURCE_REVIEW_REQUIRED	Archive member; not approved for suite reuse until behavior, fixtures, safety, and reproducibility are reviewed.
SUPPLEMENTAL	investigations/CP-M 2.2 Compatibility Investigations.zip!023 - CP-M 2.2 CCP Transient Entry Environment, Command Tail, and Default FCB Semantics/probes/ENTRY23.COM	COM	963	5d8841aedc901939dfba2ee6344b864f4b8b8f36bf1ff6d49e4c6b4ec16b6c9d	BINARY_ONLY_OR_BUILD_PRODUCT	Archive member; not approved for suite reuse until behavior, fixtures, safety, and reproducibility are reviewed.
SUPPLEMENTAL	investigations/CP-M 2.2 Compatibility Investigations.zip!024 - CP-M 2.2 Transient Program Lifecycle, Termination, and BDOS Return-State Semantics/probes/BAD24.ASM	ASM	589	2bd00f450134f9c457e6f2bde9b49523020059a79529d52eac03f779e9a098bd	SOURCE_REVIEW_REQUIRED	Archive member; not approved for suite reuse until behavior, fixtures, safety, and reproducibility are reviewed.
SUPPLEMENTAL	investigations/CP-M 2.2 Compatibility Investigations.zip!024 - CP-M 2.2 Transient Program Lifecycle, Termination, and BDOS Return-State Semantics/probes/BAD24.COM	COM	77	21b82598ba69c9fa7df3ac6814fea197bd5e1ab8b42bc60c5acffe5ca5cb1aa9	BINARY_ONLY_OR_BUILD_PRODUCT	Archive member; not approved for suite reuse until behavior, fixtures, safety, and reproducibility are reviewed.
SUPPLEMENTAL	investigations/CP-M 2.2 Compatibility Investigations.zip!024 - CP-M 2.2 Transient Program Lifecycle, Termination, and BDOS Return-State Semantics/probes/BADSP24.ASM	ASM	245	48a5eeb83c02d2e1eabf4149110d21f94b444338738735724ee6dbebbda6e622	SOURCE_REVIEW_REQUIRED	Archive member; not approved for suite reuse until behavior, fixtures, safety, and reproducibility are reviewed.
SUPPLEMENTAL	investigations/CP-M 2.2 Compatibility Investigations.zip!024 - CP-M 2.2 Transient Program Lifecycle, Termination, and BDOS Return-State Semantics/probes/BADSP24.COM	COM	38	a282d04a46ca0444e8cc5e71ae9b8f57be97d0d5626763f8410d5c93b584bf0b	BINARY_ONLY_OR_BUILD_PRODUCT	Archive member; not approved for suite reuse until behavior, fixtures, safety, and reproducibility are reviewed.
SUPPLEMENTAL	investigations/CP-M 2.2 Compatibility Investigations.zip!024 - CP-M 2.2 Transient Program Lifecycle, Termination, and BDOS Return-State Semantics/probes/BDOS024.ASM	ASM	187	3bd5546532d6817172de3576d628eb4864ef3200824338c3473f45df811f93de	SOURCE_REVIEW_REQUIRED	Archive member; not approved for suite reuse until behavior, fixtures, safety, and reproducibility are reviewed.
SUPPLEMENTAL	investigations/CP-M 2.2 Compatibility Investigations.zip!024 - CP-M 2.2 Transient Program Lifecycle, Termination, and BDOS Return-State Semantics/probes/BDOS024.COM	COM	33	5b1263266d5c523b8f11f3280bfaac118c99ddc1d25f1b1b8320f7a4bde90819	BINARY_ONLY_OR_BUILD_PRODUCT	Archive member; not approved for suite reuse until behavior, fixtures, safety, and reproducibility are reviewed.
SUPPLEMENTAL	investigations/CP-M 2.2 Compatibility Investigations.zip!024 - CP-M 2.2 Transient Program Lifecycle, Termination, and BDOS Return-State Semantics/probes/CHECK24.ASM	ASM	1160	3f9b4a74931ca1a53b96277c9fd108797b43cc7917fd3af9524f1ede9fdf61e2	SOURCE_REVIEW_REQUIRED	Archive member; not approved for suite reuse until behavior, fixtures, safety, and reproducibility are reviewed.
SUPPLEMENTAL	investigations/CP-M 2.2 Compatibility Investigations.zip!024 - CP-M 2.2 Transient Program Lifecycle, Termination, and BDOS Return-State Semantics/probes/CHECK24.COM	COM	310	92bbf0a210cad17e1e70c84f7fff541aecfae100f090d28af042abd76c3ac2a2	BINARY_ONLY_OR_BUILD_PRODUCT	Archive member; not approved for suite reuse until behavior, fixtures, safety, and reproducibility are reviewed.
SUPPLEMENTAL	investigations/CP-M 2.2 Compatibility Investigations.zip!024 - CP-M 2.2 Transient Program Lifecycle, Termination, and BDOS Return-State Semantics/probes/CONSOLE24.ASM	ASM	497	8cd044590a20a5238398d11cda811b9bfc93479ad5b049916218cca8b9ecc089	SOURCE_REVIEW_REQUIRED	Archive member; not approved for suite reuse until behavior, fixtures, safety, and reproducibility are reviewed.
SUPPLEMENTAL	investigations/CP-M 2.2 Compatibility Investigations.zip!024 - CP-M 2.2 Transient Program Lifecycle, Termination, and BDOS Return-State Semantics/probes/CONSOLE24.COM	COM	58	d2ae5e95d91868554dbbf781cfec56e338a5232c4523db9685ab5867e54dcac6	BINARY_ONLY_OR_BUILD_PRODUCT	Archive member; not approved for suite reuse until behavior, fixtures, safety, and reproducibility are reviewed.
SUPPLEMENTAL	investigations/CP-M 2.2 Compatibility Investigations.zip!024 - CP-M 2.2 Transient Program Lifecycle, Termination, and BDOS Return-State Semantics/probes/FILE24.ASM	ASM	1257	60d7c08207c0a969b46a7fbf5d4b4b224c5460ab713678857b944c30e39a106d	SOURCE_REVIEW_REQUIRED	Archive member; not approved for suite reuse until behavior, fixtures, safety, and reproducibility are reviewed.
SUPPLEMENTAL	investigations/CP-M 2.2 Compatibility Investigations.zip!024 - CP-M 2.2 Transient Program Lifecycle, Termination, and BDOS Return-State Semantics/probes/FILE24.COM	COM	315	0148db5d381cdf39d5a3581c45c118d9acfbb4cd3da20928acb32adb1d35be75	BINARY_ONLY_OR_BUILD_PRODUCT	Archive member; not approved for suite reuse until behavior, fixtures, safety, and reproducibility are reviewed.
SUPPLEMENTAL	investigations/CP-M 2.2 Compatibility Investigations.zip!024 - CP-M 2.2 Transient Program Lifecycle, Termination, and BDOS Return-State Semantics/probes/JUMP24.ASM	ASM	165	4901f1ac61aedc970160bb7610de2fd073a2c4f170f8483ea5cd80d508520603	SOURCE_REVIEW_REQUIRED	Archive member; not approved for suite reuse until behavior, fixtures, safety, and reproducibility are reviewed.
SUPPLEMENTAL	investigations/CP-M 2.2 Compatibility Investigations.zip!024 - CP-M 2.2 Transient Program Lifecycle, Termination, and BDOS Return-State Semantics/probes/JUMP24.COM	COM	30	3368058b98538a870d12c598751e4dcf8feccd26c438735e08a43411d7b2e80a	BINARY_ONLY_OR_BUILD_PRODUCT	Archive member; not approved for suite reuse until behavior, fixtures, safety, and reproducibility are reviewed.
SUPPLEMENTAL	investigations/CP-M 2.2 Compatibility Investigations.zip!024 - CP-M 2.2 Transient Program Lifecycle, Termination, and BDOS Return-State Semantics/probes/OBS24.ASM	ASM	5019	42359e8c9c96b96c552783d7061388289470b052db55687eea6e0020f4fe9a49	SOURCE_REVIEW_REQUIRED	Archive member; not approved for suite reuse until behavior, fixtures, safety, and reproducibility are reviewed.
SUPPLEMENTAL	investigations/CP-M 2.2 Compatibility Investigations.zip!024 - CP-M 2.2 Transient Program Lifecycle, Termination, and BDOS Return-State Semantics/probes/OBS24.COM	COM	963	5d8841aedc901939dfba2ee6344b864f4b8b8f36bf1ff6d49e4c6b4ec16b6c9d	BINARY_ONLY_OR_BUILD_PRODUCT	Archive member; not approved for suite reuse until behavior, fixtures, safety, and reproducibility are reviewed.
SUPPLEMENTAL	investigations/CP-M 2.2 Compatibility Investigations.zip!024 - CP-M 2.2 Transient Program Lifecycle, Termination, and BDOS Return-State Semantics/probes/STATE24.ASM	ASM	1155	23728df14f4e32b427f315eabd3c81e7c5a74c441d1e19010f1b4ddf6b2b3a22	SOURCE_REVIEW_REQUIRED	Archive member; not approved for suite reuse until behavior, fixtures, safety, and reproducibility are reviewed.
SUPPLEMENTAL	investigations/CP-M 2.2 Compatibility Investigations.zip!024 - CP-M 2.2 Transient Program Lifecycle, Termination, and BDOS Return-State Semantics/probes/STATE24.COM	COM	129	f00101402085f0823fce5dc11baea4c79d1e88c1a93ad03f9b82cce8faf9db7c	BINARY_ONLY_OR_BUILD_PRODUCT	Archive member; not approved for suite reuse until behavior, fixtures, safety, and reproducibility are reviewed.
SUPPLEMENTAL	investigations/CP-M 2.2 Compatibility Investigations.zip!024 - CP-M 2.2 Transient Program Lifecycle, Termination, and BDOS Return-State Semantics/probes/TERM24.ASM	ASM	159	5ba65c539d06a1ebc06858c7d27014e121ca91b32f3e40131c3f5a92f3d39002	SOURCE_REVIEW_REQUIRED	Archive member; not approved for suite reuse until behavior, fixtures, safety, and reproducibility are reviewed.
SUPPLEMENTAL	investigations/CP-M 2.2 Compatibility Investigations.zip!024 - CP-M 2.2 Transient Program Lifecycle, Termination, and BDOS Return-State Semantics/probes/TERM24.COM	COM	29	bb6259097048d467064ebfe99f4d0c50754021f90dcc70be648861b444f7fa74	BINARY_ONLY_OR_BUILD_PRODUCT	Archive member; not approved for suite reuse until behavior, fixtures, safety, and reproducibility are reviewed.
SUPPLEMENTAL	investigations/CP-M 2.2 Compatibility Investigations.zip!025 - CP-M 2.2 BDOS File Operation Error Semantics and Application-Visible Failure Behavior/probes/DISK25.ASM	ASM	361	cfeda48e0cb5168eafa8136a4c645d23098de07a8b8685c062b274739cb7ad10	SOURCE_REVIEW_REQUIRED	Archive member; not approved for suite reuse until behavior, fixtures, safety, and reproducibility are reviewed.
SUPPLEMENTAL	investigations/CP-M 2.2 Compatibility Investigations.zip!025 - CP-M 2.2 BDOS File Operation Error Semantics and Application-Visible Failure Behavior/probes/DISK25.COM	COM	89	da685c4dfdcca1b98c7b5ed0e3ad33fa29526c9a908f4066e50d40d67776cd0b	BINARY_ONLY_OR_BUILD_PRODUCT	Archive member; not approved for suite reuse until behavior, fixtures, safety, and reproducibility are reviewed.
SUPPLEMENTAL	investigations/CP-M 2.2 Compatibility Investigations.zip!025 - CP-M 2.2 BDOS File Operation Error Semantics and Application-Visible Failure Behavior/probes/FCB25.ASM	ASM	1102	8121fbaa25edd4b82b0d86caab3f9d6d69bc7a84ebdd297034f0fcae078e6b10	SOURCE_REVIEW_REQUIRED	Archive member; not approved for suite reuse until behavior, fixtures, safety, and reproducibility are reviewed.
SUPPLEMENTAL	investigations/CP-M 2.2 Compatibility Investigations.zip!025 - CP-M 2.2 BDOS File Operation Error Semantics and Application-Visible Failure Behavior/probes/FCB25.COM	COM	174	f2055ff88db1a5e173792e278c9ad7917ae5a62c5f49fb6e7e50ae074b08f57c	BINARY_ONLY_OR_BUILD_PRODUCT	Archive member; not approved for suite reuse until behavior, fixtures, safety, and reproducibility are reviewed.
SUPPLEMENTAL	investigations/CP-M 2.2 Compatibility Investigations.zip!025 - CP-M 2.2 BDOS File Operation Error Semantics and Application-Visible Failure Behavior/probes/FILEERR25.ASM	ASM	2189	c6fcb041a26fe510fa9a8e0c2a5de16331f61b03c17f6a6ad6fc8357a749b87e	SOURCE_REVIEW_REQUIRED	Archive member; not approved for suite reuse until behavior, fixtures, safety, and reproducibility are reviewed.
SUPPLEMENTAL	investigations/CP-M 2.2 Compatibility Investigations.zip!025 - CP-M 2.2 BDOS File Operation Error Semantics and Application-Visible Failure Behavior/probes/FILEERR25.COM	COM	571	3014478870e4590bcc72440583a447006c5bd1f033be08a55bb14fa74bbe7d56	BINARY_ONLY_OR_BUILD_PRODUCT	Archive member; not approved for suite reuse until behavior, fixtures, safety, and reproducibility are reviewed.
SUPPLEMENTAL	investigations/CP-M 2.2 Compatibility Investigations.zip!025 - CP-M 2.2 BDOS File Operation Error Semantics and Application-Visible Failure Behavior/probes/OPEN25.ASM	ASM	1539	1c7a787034ae0f033d2452dbfc665fb26733812149d233ebe60aed7197380ba7	SOURCE_REVIEW_REQUIRED	Archive member; not approved for suite reuse until behavior, fixtures, safety, and reproducibility are reviewed.
SUPPLEMENTAL	investigations/CP-M 2.2 Compatibility Investigations.zip!025 - CP-M 2.2 BDOS File Operation Error Semantics and Application-Visible Failure Behavior/probes/OPEN25.COM	COM	392	623d9326205d4ece73fa19b7c06c294379ba3585a978a950722205b1301521f2	BINARY_ONLY_OR_BUILD_PRODUCT	Archive member; not approved for suite reuse until behavior, fixtures, safety, and reproducibility are reviewed.
SUPPLEMENTAL	investigations/CP-M 2.2 Compatibility Investigations.zip!025 - CP-M 2.2 BDOS File Operation Error Semantics and Application-Visible Failure Behavior/probes/READ25.ASM	ASM	2406	ffcc770f7302347502f6fbb32dc4a50016e28094c7e70466c7f56d2cd88b12a8	SOURCE_REVIEW_REQUIRED	Archive member; not approved for suite reuse until behavior, fixtures, safety, and reproducibility are reviewed.
SUPPLEMENTAL	investigations/CP-M 2.2 Compatibility Investigations.zip!025 - CP-M 2.2 BDOS File Operation Error Semantics and Application-Visible Failure Behavior/probes/READ25.COM	COM	618	f910716f7b8715070157f0eb42cf03e65107e2fd2b5c930dc7145bfdbaca0a06	BINARY_ONLY_OR_BUILD_PRODUCT	Archive member; not approved for suite reuse until behavior, fixtures, safety, and reproducibility are reviewed.
SUPPLEMENTAL	investigations/CP-M 2.2 Compatibility Investigations.zip!025 - CP-M 2.2 BDOS File Operation Error Semantics and Application-Visible Failure Behavior/probes/SEARCH25.ASM	ASM	1542	fbfc5d47b8b79970189c0f0cfb7feabe9a30296d174f85f34d485c855eb86980	SOURCE_REVIEW_REQUIRED	Archive member; not approved for suite reuse until behavior, fixtures, safety, and reproducibility are reviewed.
SUPPLEMENTAL	investigations/CP-M 2.2 Compatibility Investigations.zip!025 - CP-M 2.2 BDOS File Operation Error Semantics and Application-Visible Failure Behavior/probes/SEARCH25.COM	COM	465	d2db312d6f24940bf75003aa0b5a20796f651d322e40bccf0ebd3c61caa502f2	BINARY_ONLY_OR_BUILD_PRODUCT	Archive member; not approved for suite reuse until behavior, fixtures, safety, and reproducibility are reviewed.
SUPPLEMENTAL	investigations/CP-M 2.2 Compatibility Investigations.zip!025 - CP-M 2.2 BDOS File Operation Error Semantics and Application-Visible Failure Behavior/probes/WRITE25.ASM	ASM	1295	e18e5b3aadd32c6d6d8c64186f6e54fae3dcc8b9cd86f1d37a058a7cd493f73b	SOURCE_REVIEW_REQUIRED	Archive member; not approved for suite reuse until behavior, fixtures, safety, and reproducibility are reviewed.
SUPPLEMENTAL	investigations/CP-M 2.2 Compatibility Investigations.zip!025 - CP-M 2.2 BDOS File Operation Error Semantics and Application-Visible Failure Behavior/probes/WRITE25.COM	COM	318	99407e355da39f938d92ee778bc4c3b16876b129d8669771c08d6039ccb83028	BINARY_ONLY_OR_BUILD_PRODUCT	Archive member; not approved for suite reuse until behavior, fixtures, safety, and reproducibility are reviewed.
SUPPLEMENTAL	investigations/CP-M 2.2 Compatibility Investigations.zip!026 - CP-M 2.2 BDOS System State Functions and Application-Visible Environment Semantics/probes/CHECK26.ASM	ASM	477	8ff2f6fd1c0132d314d35ddd2f388ecc3f54d1a8b697da5151486418843ade19	SOURCE_REVIEW_REQUIRED	Archive member; not approved for suite reuse until behavior, fixtures, safety, and reproducibility are reviewed.
SUPPLEMENTAL	investigations/CP-M 2.2 Compatibility Investigations.zip!026 - CP-M 2.2 BDOS System State Functions and Application-Visible Environment Semantics/probes/CHECK26.COM	COM	279	4ebac247f417b92daa07ab240fe849b94182040dfcacfc0c68bb71893ee28cd1	BINARY_ONLY_OR_BUILD_PRODUCT	Archive member; not approved for suite reuse until behavior, fixtures, safety, and reproducibility are reviewed.
SUPPLEMENTAL	investigations/CP-M 2.2 Compatibility Investigations.zip!026 - CP-M 2.2 BDOS System State Functions and Application-Visible Environment Semantics/probes/DPB26.ASM	ASM	950	6a7fbc15a251054b34240f2d41cefad9dc273f67741fd7dfa4968f1b03f07a1b	SOURCE_REVIEW_REQUIRED	Archive member; not approved for suite reuse until behavior, fixtures, safety, and reproducibility are reviewed.
SUPPLEMENTAL	investigations/CP-M 2.2 Compatibility Investigations.zip!026 - CP-M 2.2 BDOS System State Functions and Application-Visible Environment Semantics/probes/DPB26.COM	COM	354	aa9fbb1597b1936627c2f42bbfd912029545164e3b2a863523c98309bd86faad	BINARY_ONLY_OR_BUILD_PRODUCT	Archive member; not approved for suite reuse until behavior, fixtures, safety, and reproducibility are reviewed.
SUPPLEMENTAL	investigations/CP-M 2.2 Compatibility Investigations.zip!026 - CP-M 2.2 BDOS System State Functions and Application-Visible Environment Semantics/probes/PROTECT26.ASM	ASM	840	ff15bcf6d6340481606b02a9d4e75f91a2097e262114628261fb4f68913a5c97	SOURCE_REVIEW_REQUIRED	Archive member; not approved for suite reuse until behavior, fixtures, safety, and reproducibility are reviewed.
SUPPLEMENTAL	investigations/CP-M 2.2 Compatibility Investigations.zip!026 - CP-M 2.2 BDOS System State Functions and Application-Visible Environment Semantics/probes/PROTECT26.COM	COM	376	77394736c13238416dc95617a4f23d8a107d84dc32d79c87d9dd353ec2277da8	BINARY_ONLY_OR_BUILD_PRODUCT	Archive member; not approved for suite reuse until behavior, fixtures, safety, and reproducibility are reviewed.
SUPPLEMENTAL	investigations/CP-M 2.2 Compatibility Investigations.zip!026 - CP-M 2.2 BDOS System State Functions and Application-Visible Environment Semantics/probes/RESET26.ASM	ASM	920	8a6999fda19bba8d3ceb1ed9e7527e82716552ff46f716da80334a003833caa5	SOURCE_REVIEW_REQUIRED	Archive member; not approved for suite reuse until behavior, fixtures, safety, and reproducibility are reviewed.
SUPPLEMENTAL	investigations/CP-M 2.2 Compatibility Investigations.zip!026 - CP-M 2.2 BDOS System State Functions and Application-Visible Environment Semantics/probes/RESET26.COM	COM	343	56cdbfb7fec7f18953b792b5f7bd751d8a24eee4172d8d9b646f25bd096e934d	BINARY_ONLY_OR_BUILD_PRODUCT	Archive member; not approved for suite reuse until behavior, fixtures, safety, and reproducibility are reviewed.
SUPPLEMENTAL	investigations/CP-M 2.2 Compatibility Investigations.zip!026 - CP-M 2.2 BDOS System State Functions and Application-Visible Environment Semantics/probes/STATE26.ASM	ASM	1297	676a20e3f582676bdb78058ec286318bfcc374fd80fdfdb138544b0083dc7a4d	SOURCE_REVIEW_REQUIRED	Archive member; not approved for suite reuse until behavior, fixtures, safety, and reproducibility are reviewed.
SUPPLEMENTAL	investigations/CP-M 2.2 Compatibility Investigations.zip!026 - CP-M 2.2 BDOS System State Functions and Application-Visible Environment Semantics/probes/STATE26.COM	COM	581	047e4397dad52c47bba71dbb67dec8fc3931a4ef87caccb9d5f47e55d5782f9a	BINARY_ONLY_OR_BUILD_PRODUCT	Archive member; not approved for suite reuse until behavior, fixtures, safety, and reproducibility are reviewed.
SUPPLEMENTAL	investigations/CP-M 2.2 Compatibility Investigations.zip!026 - CP-M 2.2 BDOS System State Functions and Application-Visible Environment Semantics/probes/TERMSTATE26.ASM	ASM	299	e0028dfb83a6d60d4ddf47a1c7a9e2eb8658e741e3beb3b294d9768a70cd25b1	SOURCE_REVIEW_REQUIRED	Archive member; not approved for suite reuse until behavior, fixtures, safety, and reproducibility are reviewed.
SUPPLEMENTAL	investigations/CP-M 2.2 Compatibility Investigations.zip!026 - CP-M 2.2 BDOS System State Functions and Application-Visible Environment Semantics/probes/TERMSTATE26.COM	COM	40	5377c93bb33d3203339352928b07e3de7bcfd4d32ab27b84145f69c96ca044af	BINARY_ONLY_OR_BUILD_PRODUCT	Archive member; not approved for suite reuse until behavior, fixtures, safety, and reproducibility are reviewed.
SUPPLEMENTAL	investigations/CP-M 2.2 Compatibility Investigations.zip!027 - CP-M 2.2 BDOS Call Interface Convention and Register-State Semantics/probes/CALL27.ASM	ASM	2713	d0b5a489ede04e7cf972d21de7372f9c1e12e21c985bf1ebda7615c4825faa1b	SOURCE_REVIEW_REQUIRED	Archive member; not approved for suite reuse until behavior, fixtures, safety, and reproducibility are reviewed.
SUPPLEMENTAL	investigations/CP-M 2.2 Compatibility Investigations.zip!027 - CP-M 2.2 BDOS Call Interface Convention and Register-State Semantics/probes/CALL27.COM	COM	487	63452eea5882a549117cf51eff4864578b44f08cd40addbb11f954ccabb058d9	BINARY_ONLY_OR_BUILD_PRODUCT	Archive member; not approved for suite reuse until behavior, fixtures, safety, and reproducibility are reviewed.
SUPPLEMENTAL	investigations/CP-M 2.2 Compatibility Investigations.zip!027 - CP-M 2.2 BDOS Call Interface Convention and Register-State Semantics/probes/FUNC27.ASM	ASM	810	42787417d34878cd17971baa881d46f95fcc270509b6d59569642c1a06329096	SOURCE_REVIEW_REQUIRED	Archive member; not approved for suite reuse until behavior, fixtures, safety, and reproducibility are reviewed.
SUPPLEMENTAL	investigations/CP-M 2.2 Compatibility Investigations.zip!027 - CP-M 2.2 BDOS Call Interface Convention and Register-State Semantics/probes/FUNC27.COM	COM	308	e944469e4c0e9b9aba674dd176286fdefc2ee0cad17f0f1da49579aa5267434f	BINARY_ONLY_OR_BUILD_PRODUCT	Archive member; not approved for suite reuse until behavior, fixtures, safety, and reproducibility are reviewed.
SUPPLEMENTAL	investigations/CP-M 2.2 Compatibility Investigations.zip!027 - CP-M 2.2 BDOS Call Interface Convention and Register-State Semantics/probes/PARAM27.ASM	ASM	925	6e842409a73124add4bd2a19d1c576e409c84151f61cace2d76c3218a83ac961	SOURCE_REVIEW_REQUIRED	Archive member; not approved for suite reuse until behavior, fixtures, safety, and reproducibility are reviewed.
SUPPLEMENTAL	investigations/CP-M 2.2 Compatibility Investigations.zip!027 - CP-M 2.2 BDOS Call Interface Convention and Register-State Semantics/probes/PARAM27.COM	COM	369	4d67729259b1f3f6507e4013f44f35174cac65379986409879ad9d43c702d63a	BINARY_ONLY_OR_BUILD_PRODUCT	Archive member; not approved for suite reuse until behavior, fixtures, safety, and reproducibility are reviewed.
SUPPLEMENTAL	investigations/CP-M 2.2 Compatibility Investigations.zip!027 - CP-M 2.2 BDOS Call Interface Convention and Register-State Semantics/probes/REG27.ASM	ASM	1072	b14add4969cd4fe8114a35069d2e2f240db954eb48cfa1e924a8884b9c99492a	SOURCE_REVIEW_REQUIRED	Archive member; not approved for suite reuse until behavior, fixtures, safety, and reproducibility are reviewed.
SUPPLEMENTAL	investigations/CP-M 2.2 Compatibility Investigations.zip!027 - CP-M 2.2 BDOS Call Interface Convention and Register-State Semantics/probes/REG27.COM	COM	347	c803534521cd872f860787b715a892f093766f042f697062412cf840e6eafcd7	BINARY_ONLY_OR_BUILD_PRODUCT	Archive member; not approved for suite reuse until behavior, fixtures, safety, and reproducibility are reviewed.
SUPPLEMENTAL	investigations/CP-M 2.2 Compatibility Investigations.zip!027 - CP-M 2.2 BDOS Call Interface Convention and Register-State Semantics/probes/STACK27.ASM	ASM	992	0918ac7c751c005190e1145c0554f8269981dadc7cc0b302af6bf89bd09b6a5b	SOURCE_REVIEW_REQUIRED	Archive member; not approved for suite reuse until behavior, fixtures, safety, and reproducibility are reviewed.
SUPPLEMENTAL	investigations/CP-M 2.2 Compatibility Investigations.zip!027 - CP-M 2.2 BDOS Call Interface Convention and Register-State Semantics/probes/STACK27.COM	COM	380	57242d9954a7866f4ed709d2d00f263a838deabee270b36e389b3dab7e38db2f	BINARY_ONLY_OR_BUILD_PRODUCT	Archive member; not approved for suite reuse until behavior, fixtures, safety, and reproducibility are reviewed.
SUPPLEMENTAL	investigations/CP-M 2.2 Compatibility Investigations.zip!028 - CP-M 2.2 CCP Transient Execution Handoff and Loader State Contract/probes/BIGERR28.COM	COM	58112	69b131cd33b57bd5b5bfe27d64637601362c28549e0993a1d9ef02fed8be117f	BINARY_ONLY_OR_BUILD_PRODUCT	Archive member; not approved for suite reuse until behavior, fixtures, safety, and reproducibility are reviewed.
SUPPLEMENTAL	investigations/CP-M 2.2 Compatibility Investigations.zip!028 - CP-M 2.2 CCP Transient Execution Handoff and Loader State Contract/probes/CHECK28.ASM	ASM	267	81cb34e6e9bafb1c4b0da7c9cd32d6bd51983c53d0c6786f1597730c6015308f	SOURCE_REVIEW_REQUIRED	Archive member; not approved for suite reuse until behavior, fixtures, safety, and reproducibility are reviewed.
SUPPLEMENTAL	investigations/CP-M 2.2 Compatibility Investigations.zip!028 - CP-M 2.2 CCP Transient Execution Handoff and Loader State Contract/probes/CHECK28.COM	COM	276	8a57076d773d09e5a2e4b622457f507b789986bc03d6a6f3fc64c19aa45ce475	BINARY_ONLY_OR_BUILD_PRODUCT	Archive member; not approved for suite reuse until behavior, fixtures, safety, and reproducibility are reviewed.
SUPPLEMENTAL	investigations/CP-M 2.2 Compatibility Investigations.zip!028 - CP-M 2.2 CCP Transient Execution Handoff and Loader State Contract/probes/ENTRY28.ASM	ASM	1018	a62320480d6f5b4ad4f90c43bbc5113b4f1bb803017a36812d4c89148fa605c6	SOURCE_REVIEW_REQUIRED	Archive member; not approved for suite reuse until behavior, fixtures, safety, and reproducibility are reviewed.
SUPPLEMENTAL	investigations/CP-M 2.2 Compatibility Investigations.zip!028 - CP-M 2.2 CCP Transient Execution Handoff and Loader State Contract/probes/ENTRY28.COM	COM	505	2cc73d830dd5c4e128d28fe7b2b6b0df6dd55fe4bedcedce9efefe4d1fc0aa73	BINARY_ONLY_OR_BUILD_PRODUCT	Archive member; not approved for suite reuse until behavior, fixtures, safety, and reproducibility are reviewed.
SUPPLEMENTAL	investigations/CP-M 2.2 Compatibility Investigations.zip!028 - CP-M 2.2 CCP Transient Execution Handoff and Loader State Contract/probes/ERROR28.ASM	ASM	85	4b1324f7eeeef97d928a5b7791232f9a339b7a800de0d50086164a78dc102d2e	SOURCE_REVIEW_REQUIRED	Archive member; not approved for suite reuse until behavior, fixtures, safety, and reproducibility are reviewed.
SUPPLEMENTAL	investigations/CP-M 2.2 Compatibility Investigations.zip!028 - CP-M 2.2 CCP Transient Execution Handoff and Loader State Contract/probes/ERROR28.COM	COM	28	36e1ba92c1ec3c77da8ea7aa9cef76a7cd1ddf08d2eca349d4b9448541425c09	BINARY_ONLY_OR_BUILD_PRODUCT	Archive member; not approved for suite reuse until behavior, fixtures, safety, and reproducibility are reviewed.
SUPPLEMENTAL	investigations/CP-M 2.2 Compatibility Investigations.zip!028 - CP-M 2.2 CCP Transient Execution Handoff and Loader State Contract/probes/LOAD28.ASM	ASM	323	5c6b042e1e4a3a2ccd693e28c5cd04221f7c4e7369875a175236e88a4616432b	SOURCE_REVIEW_REQUIRED	Archive member; not approved for suite reuse until behavior, fixtures, safety, and reproducibility are reviewed.
SUPPLEMENTAL	investigations/CP-M 2.2 Compatibility Investigations.zip!028 - CP-M 2.2 CCP Transient Execution Handoff and Loader State Contract/probes/LOAD28.COM	COM	291	c1f55487cafacd7202bcdd908c64bf8f9d87a4d6dd111e1d9fcb8f4c861f93ed	BINARY_ONLY_OR_BUILD_PRODUCT	Archive member; not approved for suite reuse until behavior, fixtures, safety, and reproducibility are reviewed.
SUPPLEMENTAL	investigations/CP-M 2.2 Compatibility Investigations.zip!028 - CP-M 2.2 CCP Transient Execution Handoff and Loader State Contract/probes/MEM28.ASM	ASM	248	f4a8af3b51a8747acb9641d62f46182e8ed9a87c1f1bfb327846be7338201b82	SOURCE_REVIEW_REQUIRED	Archive member; not approved for suite reuse until behavior, fixtures, safety, and reproducibility are reviewed.
SUPPLEMENTAL	investigations/CP-M 2.2 Compatibility Investigations.zip!028 - CP-M 2.2 CCP Transient Execution Handoff and Loader State Contract/probes/MEM28.COM	COM	266	697ab9e13d68d6d12cd766790747184a62a46d93d993aeb5eb8dd1a8af25752d	BINARY_ONLY_OR_BUILD_PRODUCT	Archive member; not approved for suite reuse until behavior, fixtures, safety, and reproducibility are reviewed.
SUPPLEMENTAL	investigations/CP-M 2.2 Compatibility Investigations.zip!028 - CP-M 2.2 CCP Transient Execution Handoff and Loader State Contract/probes/MIN28.ASM	ASM	41	6600e82c3d7037da5cf3eaf834f5069971d1a545fd8dd4a5711c40cc9a8f5cc5	SOURCE_REVIEW_REQUIRED	Archive member; not approved for suite reuse until behavior, fixtures, safety, and reproducibility are reviewed.
SUPPLEMENTAL	investigations/CP-M 2.2 Compatibility Investigations.zip!028 - CP-M 2.2 CCP Transient Execution Handoff and Loader State Contract/probes/MIN28.COM	COM	1	4fb733bedb74fec8d65bedf056b935189a289e928b3302bec38a281814de523a	BINARY_ONLY_OR_BUILD_PRODUCT	Archive member; not approved for suite reuse until behavior, fixtures, safety, and reproducibility are reviewed.
SUPPLEMENTAL	investigations/CP-M 2.2 Compatibility Investigations.zip!028 - CP-M 2.2 CCP Transient Execution Handoff and Loader State Contract/probes/RETURN28.ASM	ASM	127	ab2970350ac32c7eb04cae4516df1c559122bc842637e297d85232fe02c99bc4	SOURCE_REVIEW_REQUIRED	Archive member; not approved for suite reuse until behavior, fixtures, safety, and reproducibility are reviewed.
SUPPLEMENTAL	investigations/CP-M 2.2 Compatibility Investigations.zip!028 - CP-M 2.2 CCP Transient Execution Handoff and Loader State Contract/probes/RETURN28.COM	COM	28	e4b27d6d647534614b10506d17e453b689cc1554fe83da327139ec2fe9f43325	BINARY_ONLY_OR_BUILD_PRODUCT	Archive member; not approved for suite reuse until behavior, fixtures, safety, and reproducibility are reviewed.
SUPPLEMENTAL	investigations/CP-M 2.2 Compatibility Investigations.zip!029 - CP-M 2.2 BDOS Directory Search Semantics and FCB-DMA Enumeration Contract/probes/DMA29.ASM	ASM	355	61b26a02940bb30a5da401cb96bf6cdcb1776b778c1904fe505ab45d6d3c393f	SOURCE_REVIEW_REQUIRED	Archive member; not approved for suite reuse until behavior, fixtures, safety, and reproducibility are reviewed.
SUPPLEMENTAL	investigations/CP-M 2.2 Compatibility Investigations.zip!029 - CP-M 2.2 BDOS Directory Search Semantics and FCB-DMA Enumeration Contract/probes/DMA29.COM	COM	415	fa67b0be94df181d6e7aefa1cc88c30374191d12667d17d67d5eba2ae2377bb9	BINARY_ONLY_OR_BUILD_PRODUCT	Archive member; not approved for suite reuse until behavior, fixtures, safety, and reproducibility are reviewed.
SUPPLEMENTAL	investigations/CP-M 2.2 Compatibility Investigations.zip!029 - CP-M 2.2 BDOS Directory Search Semantics and FCB-DMA Enumeration Contract/probes/ERROR29.ASM	ASM	372	f5104dd74ded11600463dd242a6b4a871e39d8c67462c38784ac72199cd9be03	SOURCE_REVIEW_REQUIRED	Archive member; not approved for suite reuse until behavior, fixtures, safety, and reproducibility are reviewed.
SUPPLEMENTAL	investigations/CP-M 2.2 Compatibility Investigations.zip!029 - CP-M 2.2 BDOS Directory Search Semantics and FCB-DMA Enumeration Contract/probes/ERROR29.COM	COM	587	e8c7efbf5fca4f6a656bf0a94364102c3de569cce12065e62201ffc4f1fa10ae	BINARY_ONLY_OR_BUILD_PRODUCT	Archive member; not approved for suite reuse until behavior, fixtures, safety, and reproducibility are reviewed.
SUPPLEMENTAL	investigations/CP-M 2.2 Compatibility Investigations.zip!029 - CP-M 2.2 BDOS Directory Search Semantics and FCB-DMA Enumeration Contract/probes/MATCH29.ASM	ASM	664	2b84f93fb58361173677dcf3670213b2dd89e4730c213c386e908f67cc287292	SOURCE_REVIEW_REQUIRED	Archive member; not approved for suite reuse until behavior, fixtures, safety, and reproducibility are reviewed.
SUPPLEMENTAL	investigations/CP-M 2.2 Compatibility Investigations.zip!029 - CP-M 2.2 BDOS Directory Search Semantics and FCB-DMA Enumeration Contract/probes/MATCH29.COM	COM	735	3c3199481682d5e435bdaa2afc34e90339ec3c7cb951013cc3dbaf9f4f7d2b26	BINARY_ONLY_OR_BUILD_PRODUCT	Archive member; not approved for suite reuse until behavior, fixtures, safety, and reproducibility are reviewed.
SUPPLEMENTAL	investigations/CP-M 2.2 Compatibility Investigations.zip!029 - CP-M 2.2 BDOS Directory Search Semantics and FCB-DMA Enumeration Contract/probes/SEARCH29.ASM	ASM	4461	51d9da826e4bca0e84d07b9d9605add998e32e4b688fc2bdbc1f92a5a2d0b18a	SOURCE_REVIEW_REQUIRED	Archive member; not approved for suite reuse until behavior, fixtures, safety, and reproducibility are reviewed.
SUPPLEMENTAL	investigations/CP-M 2.2 Compatibility Investigations.zip!029 - CP-M 2.2 BDOS Directory Search Semantics and FCB-DMA Enumeration Contract/probes/SEARCH29.COM	COM	1260	9bc1a32e0c261f23c1f88790d4c8f8c985cc753d953de5f450a1d4863019ee42	BINARY_ONLY_OR_BUILD_PRODUCT	Archive member; not approved for suite reuse until behavior, fixtures, safety, and reproducibility are reviewed.
SUPPLEMENTAL	investigations/CP-M 2.2 Compatibility Investigations.zip!029 - CP-M 2.2 BDOS Directory Search Semantics and FCB-DMA Enumeration Contract/probes/STATE29.ASM	ASM	628	ca95f6c92c14bbeaaa487275cf9ad441973ee254825308eb952726c145cc36d3	SOURCE_REVIEW_REQUIRED	Archive member; not approved for suite reuse until behavior, fixtures, safety, and reproducibility are reviewed.
SUPPLEMENTAL	investigations/CP-M 2.2 Compatibility Investigations.zip!029 - CP-M 2.2 BDOS Directory Search Semantics and FCB-DMA Enumeration Contract/probes/STATE29.COM	COM	788	4e6ded43621f4476c43bd79b07a929405b0ff16d2f17d7307d21bf051db4a93c	BINARY_ONLY_OR_BUILD_PRODUCT	Archive member; not approved for suite reuse until behavior, fixtures, safety, and reproducibility are reviewed.
SUPPLEMENTAL	investigations/CP-M 2.2 Compatibility Investigations.zip!029 - CP-M 2.2 BDOS Directory Search Semantics and FCB-DMA Enumeration Contract/probes/USER29.ASM	ASM	489	edac72cbfd59005f9fc339c605e4e9789b343fb93a0f4b986d98141e5f1a912e	SOURCE_REVIEW_REQUIRED	Archive member; not approved for suite reuse until behavior, fixtures, safety, and reproducibility are reviewed.
SUPPLEMENTAL	investigations/CP-M 2.2 Compatibility Investigations.zip!029 - CP-M 2.2 BDOS Directory Search Semantics and FCB-DMA Enumeration Contract/probes/USER29.COM	COM	613	e24a454ed9dae9ddf0d8d4d486fc6b1d7a4d0e542a862aecb7d9e21156b7f581	BINARY_ONLY_OR_BUILD_PRODUCT	Archive member; not approved for suite reuse until behavior, fixtures, safety, and reproducibility are reviewed.
SUPPLEMENTAL	investigations/CP-M 2.2 Compatibility Investigations.zip!030 - CP-M 2.2 BDOS File Lifecycle, Extent Management, and Metadata State Transition Semantics/probes/CLOSE30.ASM	ASM	99	bd57dc91c32fe00a39c70d98a1397a84cff5b7b0435cc5fe1e30e4625ebaacb5	SOURCE_REVIEW_REQUIRED	Archive member; not approved for suite reuse until behavior, fixtures, safety, and reproducibility are reviewed.
SUPPLEMENTAL	investigations/CP-M 2.2 Compatibility Investigations.zip!030 - CP-M 2.2 BDOS File Lifecycle, Extent Management, and Metadata State Transition Semantics/probes/CLOSE30.COM	COM	1895	e6b82840d94f65b856da73fcd5c16a810b4d8e169d63f4ae32194974def60060	BINARY_ONLY_OR_BUILD_PRODUCT	Archive member; not approved for suite reuse until behavior, fixtures, safety, and reproducibility are reviewed.
SUPPLEMENTAL	investigations/CP-M 2.2 Compatibility Investigations.zip!030 - CP-M 2.2 BDOS File Lifecycle, Extent Management, and Metadata State Transition Semantics/probes/CREATE30.ASM	ASM	97	d2f22f7c7a459ed5da7191440ff948381458ca55d54c26f5bb4efa3464feca1d	SOURCE_REVIEW_REQUIRED	Archive member; not approved for suite reuse until behavior, fixtures, safety, and reproducibility are reviewed.
SUPPLEMENTAL	investigations/CP-M 2.2 Compatibility Investigations.zip!030 - CP-M 2.2 BDOS File Lifecycle, Extent Management, and Metadata State Transition Semantics/probes/CREATE30.COM	COM	1895	e6b82840d94f65b856da73fcd5c16a810b4d8e169d63f4ae32194974def60060	BINARY_ONLY_OR_BUILD_PRODUCT	Archive member; not approved for suite reuse until behavior, fixtures, safety, and reproducibility are reviewed.
SUPPLEMENTAL	investigations/CP-M 2.2 Compatibility Investigations.zip!030 - CP-M 2.2 BDOS File Lifecycle, Extent Management, and Metadata State Transition Semantics/probes/EXTENT30.ASM	ASM	98	37016e0777a1f25bd71672f35fda13eceef38b54092d6c247206eb82767ef545	SOURCE_REVIEW_REQUIRED	Archive member; not approved for suite reuse until behavior, fixtures, safety, and reproducibility are reviewed.
SUPPLEMENTAL	investigations/CP-M 2.2 Compatibility Investigations.zip!030 - CP-M 2.2 BDOS File Lifecycle, Extent Management, and Metadata State Transition Semantics/probes/EXTENT30.COM	COM	1895	e6b82840d94f65b856da73fcd5c16a810b4d8e169d63f4ae32194974def60060	BINARY_ONLY_OR_BUILD_PRODUCT	Archive member; not approved for suite reuse until behavior, fixtures, safety, and reproducibility are reviewed.
SUPPLEMENTAL	investigations/CP-M 2.2 Compatibility Investigations.zip!030 - CP-M 2.2 BDOS File Lifecycle, Extent Management, and Metadata State Transition Semantics/probes/FAIL30.ASM	ASM	95	dc0cb5f4f26e0291a295ea27a7a897865e0e7ce57a2b293d7e0d867458b16f0c	SOURCE_REVIEW_REQUIRED	Archive member; not approved for suite reuse until behavior, fixtures, safety, and reproducibility are reviewed.
SUPPLEMENTAL	investigations/CP-M 2.2 Compatibility Investigations.zip!030 - CP-M 2.2 BDOS File Lifecycle, Extent Management, and Metadata State Transition Semantics/probes/FAIL30.COM	COM	1895	e6b82840d94f65b856da73fcd5c16a810b4d8e169d63f4ae32194974def60060	BINARY_ONLY_OR_BUILD_PRODUCT	Archive member; not approved for suite reuse until behavior, fixtures, safety, and reproducibility are reviewed.
SUPPLEMENTAL	investigations/CP-M 2.2 Compatibility Investigations.zip!030 - CP-M 2.2 BDOS File Lifecycle, Extent Management, and Metadata State Transition Semantics/probes/FCB30.ASM	ASM	99	18e3b3a95045ed8c4d29b975c6a3b66b679253188a3612ddd350c4bddc03c384	SOURCE_REVIEW_REQUIRED	Archive member; not approved for suite reuse until behavior, fixtures, safety, and reproducibility are reviewed.
SUPPLEMENTAL	investigations/CP-M 2.2 Compatibility Investigations.zip!030 - CP-M 2.2 BDOS File Lifecycle, Extent Management, and Metadata State Transition Semantics/probes/FCB30.COM	COM	1660	ffb2307721e310af88df7a1a33727d6d0088350c8e65be7e288ed3c209d5d431	BINARY_ONLY_OR_BUILD_PRODUCT	Archive member; not approved for suite reuse until behavior, fixtures, safety, and reproducibility are reviewed.
SUPPLEMENTAL	investigations/CP-M 2.2 Compatibility Investigations.zip!030 - CP-M 2.2 BDOS File Lifecycle, Extent Management, and Metadata State Transition Semantics/probes/GROW30.ASM	ASM	89	395ed3f2e20a764f8942a659085c68388daacf6ae488e7cd05f67fc197eafdeb	SOURCE_REVIEW_REQUIRED	Archive member; not approved for suite reuse until behavior, fixtures, safety, and reproducibility are reviewed.
SUPPLEMENTAL	investigations/CP-M 2.2 Compatibility Investigations.zip!030 - CP-M 2.2 BDOS File Lifecycle, Extent Management, and Metadata State Transition Semantics/probes/GROW30.COM	COM	1895	e6b82840d94f65b856da73fcd5c16a810b4d8e169d63f4ae32194974def60060	BINARY_ONLY_OR_BUILD_PRODUCT	Archive member; not approved for suite reuse until behavior, fixtures, safety, and reproducibility are reviewed.
SUPPLEMENTAL	investigations/CP-M 2.2 Compatibility Investigations.zip!030 - CP-M 2.2 BDOS File Lifecycle, Extent Management, and Metadata State Transition Semantics/probes/OPEN30.ASM	ASM	98	b4868b205d2157dae96253f06f34967f10960fef2f7b6df8d09ffd1053c3c1e8	SOURCE_REVIEW_REQUIRED	Archive member; not approved for suite reuse until behavior, fixtures, safety, and reproducibility are reviewed.
SUPPLEMENTAL	investigations/CP-M 2.2 Compatibility Investigations.zip!030 - CP-M 2.2 BDOS File Lifecycle, Extent Management, and Metadata State Transition Semantics/probes/OPEN30.COM	COM	1895	e6b82840d94f65b856da73fcd5c16a810b4d8e169d63f4ae32194974def60060	BINARY_ONLY_OR_BUILD_PRODUCT	Archive member; not approved for suite reuse until behavior, fixtures, safety, and reproducibility are reviewed.
SUPPLEMENTAL	investigations/CP-M 2.2 Compatibility Investigations.zip!031 - CP-M 2.2 BDOS User Area, File Visibility, and Directory Namespace Semantics/probes/CREATE31.ASM	ASM	96	3b379fd589989c2050bd5557cf1b45b656f0d219ec7d310cb9b9d20622d8cd3f	SOURCE_REVIEW_REQUIRED	Archive member; not approved for suite reuse until behavior, fixtures, safety, and reproducibility are reviewed.
SUPPLEMENTAL	investigations/CP-M 2.2 Compatibility Investigations.zip!031 - CP-M 2.2 BDOS User Area, File Visibility, and Directory Namespace Semantics/probes/CREATE31.COM	COM	1858	afee3d9d22dbbd57bed80a5eac6cbfc4294bdaec8b54700640190b98ddfecfd3	BINARY_ONLY_OR_BUILD_PRODUCT	Archive member; not approved for suite reuse until behavior, fixtures, safety, and reproducibility are reviewed.
SUPPLEMENTAL	investigations/CP-M 2.2 Compatibility Investigations.zip!031 - CP-M 2.2 BDOS User Area, File Visibility, and Directory Namespace Semantics/probes/DELETE31.ASM	ASM	90	7be49a87445cb421f4b36b10b761b233ae93c9b86822991551a2b7151cd0ecfb	SOURCE_REVIEW_REQUIRED	Archive member; not approved for suite reuse until behavior, fixtures, safety, and reproducibility are reviewed.
SUPPLEMENTAL	investigations/CP-M 2.2 Compatibility Investigations.zip!031 - CP-M 2.2 BDOS User Area, File Visibility, and Directory Namespace Semantics/probes/DELETE31.COM	COM	1858	afee3d9d22dbbd57bed80a5eac6cbfc4294bdaec8b54700640190b98ddfecfd3	BINARY_ONLY_OR_BUILD_PRODUCT	Archive member; not approved for suite reuse until behavior, fixtures, safety, and reproducibility are reviewed.
SUPPLEMENTAL	investigations/CP-M 2.2 Compatibility Investigations.zip!031 - CP-M 2.2 BDOS User Area, File Visibility, and Directory Namespace Semantics/probes/OPEN31.ASM	ASM	94	123a1eb6707c34201d38054f0720303c9e5909fb49c4a750940636e17874ae6e	SOURCE_REVIEW_REQUIRED	Archive member; not approved for suite reuse until behavior, fixtures, safety, and reproducibility are reviewed.
SUPPLEMENTAL	investigations/CP-M 2.2 Compatibility Investigations.zip!031 - CP-M 2.2 BDOS User Area, File Visibility, and Directory Namespace Semantics/probes/OPEN31.COM	COM	1858	afee3d9d22dbbd57bed80a5eac6cbfc4294bdaec8b54700640190b98ddfecfd3	BINARY_ONLY_OR_BUILD_PRODUCT	Archive member; not approved for suite reuse until behavior, fixtures, safety, and reproducibility are reviewed.
SUPPLEMENTAL	investigations/CP-M 2.2 Compatibility Investigations.zip!031 - CP-M 2.2 BDOS User Area, File Visibility, and Directory Namespace Semantics/probes/RENAME31.ASM	ASM	72	e9762f459bc2bb34018d33e8ed97693648e4e7a845264485d8dbf02520b759de	SOURCE_REVIEW_REQUIRED	Archive member; not approved for suite reuse until behavior, fixtures, safety, and reproducibility are reviewed.
SUPPLEMENTAL	investigations/CP-M 2.2 Compatibility Investigations.zip!031 - CP-M 2.2 BDOS User Area, File Visibility, and Directory Namespace Semantics/probes/RENAME31.COM	COM	1858	afee3d9d22dbbd57bed80a5eac6cbfc4294bdaec8b54700640190b98ddfecfd3	BINARY_ONLY_OR_BUILD_PRODUCT	Archive member; not approved for suite reuse until behavior, fixtures, safety, and reproducibility are reviewed.
SUPPLEMENTAL	investigations/CP-M 2.2 Compatibility Investigations.zip!031 - CP-M 2.2 BDOS User Area, File Visibility, and Directory Namespace Semantics/probes/SEARCH31.ASM	ASM	97	a3ba50fb4876627e52e926ad44de0cc2d8ee01a6680a48e283a8049b3b7a2064	SOURCE_REVIEW_REQUIRED	Archive member; not approved for suite reuse until behavior, fixtures, safety, and reproducibility are reviewed.
SUPPLEMENTAL	investigations/CP-M 2.2 Compatibility Investigations.zip!031 - CP-M 2.2 BDOS User Area, File Visibility, and Directory Namespace Semantics/probes/SEARCH31.COM	COM	1858	afee3d9d22dbbd57bed80a5eac6cbfc4294bdaec8b54700640190b98ddfecfd3	BINARY_ONLY_OR_BUILD_PRODUCT	Archive member; not approved for suite reuse until behavior, fixtures, safety, and reproducibility are reviewed.
SUPPLEMENTAL	investigations/CP-M 2.2 Compatibility Investigations.zip!031 - CP-M 2.2 BDOS User Area, File Visibility, and Directory Namespace Semantics/probes/USER31.ASM	ASM	101	f8a4bae61ca32b0498edae2d8f4e9ede9ede9fe81747e8f93b05db0f7e526695	SOURCE_REVIEW_REQUIRED	Archive member; not approved for suite reuse until behavior, fixtures, safety, and reproducibility are reviewed.
SUPPLEMENTAL	investigations/CP-M 2.2 Compatibility Investigations.zip!031 - CP-M 2.2 BDOS User Area, File Visibility, and Directory Namespace Semantics/probes/USER31.COM	COM	1858	afee3d9d22dbbd57bed80a5eac6cbfc4294bdaec8b54700640190b98ddfecfd3	BINARY_ONLY_OR_BUILD_PRODUCT	Archive member; not approved for suite reuse until behavior, fixtures, safety, and reproducibility are reviewed.
SUPPLEMENTAL	investigations/CP-M 2.2 Compatibility Investigations.zip!031 - CP-M 2.2 BDOS User Area, File Visibility, and Directory Namespace Semantics/probes/VIS31.ASM	ASM	88	38e68f5cc5b69898737c52f35d071899c8f3ba460df71490d8d16d73423a29f1	SOURCE_REVIEW_REQUIRED	Archive member; not approved for suite reuse until behavior, fixtures, safety, and reproducibility are reviewed.
SUPPLEMENTAL	investigations/CP-M 2.2 Compatibility Investigations.zip!031 - CP-M 2.2 BDOS User Area, File Visibility, and Directory Namespace Semantics/probes/VIS31.COM	COM	1858	afee3d9d22dbbd57bed80a5eac6cbfc4294bdaec8b54700640190b98ddfecfd3	BINARY_ONLY_OR_BUILD_PRODUCT	Archive member; not approved for suite reuse until behavior, fixtures, safety, and reproducibility are reviewed.
SUPPLEMENTAL	investigations/CP-M 2.2 Compatibility Investigations.zip!032 - CP-M 2.2 CCP Resident Command Semantics and BDOS Interaction/probes/CONFLICT.ASM	ASM	90	e73e2e0472b98ce6e2e04018bee13267762eda5759dd335269d27a2da06a5c7c	SOURCE_REVIEW_REQUIRED	Archive member; not approved for suite reuse until behavior, fixtures, safety, and reproducibility are reviewed.
SUPPLEMENTAL	investigations/CP-M 2.2 Compatibility Investigations.zip!032 - CP-M 2.2 CCP Resident Command Semantics and BDOS Interaction/probes/CONFLICT.COM	COM	36	15f19794af8cf18ea12cf8018fe721dac33b95aed96264369394cd2811361c55	BINARY_ONLY_OR_BUILD_PRODUCT	Archive member; not approved for suite reuse until behavior, fixtures, safety, and reproducibility are reviewed.
SUPPLEMENTAL	investigations/CP-M 2.2 Compatibility Investigations.zip!033 - CP-M 2.2 BDOS-BIOS Error Propagation and Recovery Semantics/probes/CCPERR33.ASM	ASM	100	22702d5f440462f82902a9cb4b6eaf8e785eb8d2a8a28b65ab570cf04375772e	SOURCE_REVIEW_REQUIRED	Archive member; not approved for suite reuse until behavior, fixtures, safety, and reproducibility are reviewed.
SUPPLEMENTAL	investigations/CP-M 2.2 Compatibility Investigations.zip!033 - CP-M 2.2 BDOS-BIOS Error Propagation and Recovery Semantics/probes/CCPERR33.COM	COM	1192	63e560e7de38a7792186831d7757e17ae8b2500d5283806ba559383f30c209d8	BINARY_ONLY_OR_BUILD_PRODUCT	Archive member; not approved for suite reuse until behavior, fixtures, safety, and reproducibility are reviewed.
SUPPLEMENTAL	investigations/CP-M 2.2 Compatibility Investigations.zip!033 - CP-M 2.2 BDOS-BIOS Error Propagation and Recovery Semantics/probes/DIRERR33.ASM	ASM	95	98e153cd7dcfe57069a71d61bc8a5b9f2dbaa0aa5cae4c18f23f709263ab7a0a	SOURCE_REVIEW_REQUIRED	Archive member; not approved for suite reuse until behavior, fixtures, safety, and reproducibility are reviewed.
SUPPLEMENTAL	investigations/CP-M 2.2 Compatibility Investigations.zip!033 - CP-M 2.2 BDOS-BIOS Error Propagation and Recovery Semantics/probes/DIRERR33.COM	COM	1192	63e560e7de38a7792186831d7757e17ae8b2500d5283806ba559383f30c209d8	BINARY_ONLY_OR_BUILD_PRODUCT	Archive member; not approved for suite reuse until behavior, fixtures, safety, and reproducibility are reviewed.
SUPPLEMENTAL	investigations/CP-M 2.2 Compatibility Investigations.zip!033 - CP-M 2.2 BDOS-BIOS Error Propagation and Recovery Semantics/probes/PHYS015.ASM	ASM	5123	84b2ec892d070f363da5f0590f7a9aa74e379cf4052359124e434e14dd2349d2	SOURCE_REVIEW_REQUIRED	Archive member; not approved for suite reuse until behavior, fixtures, safety, and reproducibility are reviewed.
SUPPLEMENTAL	investigations/CP-M 2.2 Compatibility Investigations.zip!033 - CP-M 2.2 BDOS-BIOS Error Propagation and Recovery Semantics/probes/PHYS015.COM	COM	1192	63e560e7de38a7792186831d7757e17ae8b2500d5283806ba559383f30c209d8	BINARY_ONLY_OR_BUILD_PRODUCT	Archive member; not approved for suite reuse until behavior, fixtures, safety, and reproducibility are reviewed.
SUPPLEMENTAL	investigations/CP-M 2.2 Compatibility Investigations.zip!033 - CP-M 2.2 BDOS-BIOS Error Propagation and Recovery Semantics/probes/READERR33.ASM	ASM	112	f263f7f9ad7dbd20b1f35f9209604359139d09b57fdd8ce2435382970fa70820	SOURCE_REVIEW_REQUIRED	Archive member; not approved for suite reuse until behavior, fixtures, safety, and reproducibility are reviewed.
SUPPLEMENTAL	investigations/CP-M 2.2 Compatibility Investigations.zip!033 - CP-M 2.2 BDOS-BIOS Error Propagation and Recovery Semantics/probes/READERR33.COM	COM	1192	63e560e7de38a7792186831d7757e17ae8b2500d5283806ba559383f30c209d8	BINARY_ONLY_OR_BUILD_PRODUCT	Archive member; not approved for suite reuse until behavior, fixtures, safety, and reproducibility are reviewed.
SUPPLEMENTAL	investigations/CP-M 2.2 Compatibility Investigations.zip!033 - CP-M 2.2 BDOS-BIOS Error Propagation and Recovery Semantics/probes/RECOVER33.ASM	ASM	105	e635897d61c664bf6fb692c3d03d54a4ab083d11bb88aca6d2bf612db11fff23	SOURCE_REVIEW_REQUIRED	Archive member; not approved for suite reuse until behavior, fixtures, safety, and reproducibility are reviewed.
SUPPLEMENTAL	investigations/CP-M 2.2 Compatibility Investigations.zip!033 - CP-M 2.2 BDOS-BIOS Error Propagation and Recovery Semantics/probes/RECOVER33.COM	COM	1192	63e560e7de38a7792186831d7757e17ae8b2500d5283806ba559383f30c209d8	BINARY_ONLY_OR_BUILD_PRODUCT	Archive member; not approved for suite reuse until behavior, fixtures, safety, and reproducibility are reviewed.
SUPPLEMENTAL	investigations/CP-M 2.2 Compatibility Investigations.zip!033 - CP-M 2.2 BDOS-BIOS Error Propagation and Recovery Semantics/probes/WRITEERR33.ASM	ASM	102	cbfd523880e05b7c621a0a43483f355dd7eb29db46b07094684100c64bec31e7	SOURCE_REVIEW_REQUIRED	Archive member; not approved for suite reuse until behavior, fixtures, safety, and reproducibility are reviewed.
SUPPLEMENTAL	investigations/CP-M 2.2 Compatibility Investigations.zip!033 - CP-M 2.2 BDOS-BIOS Error Propagation and Recovery Semantics/probes/WRITEERR33.COM	COM	1192	63e560e7de38a7792186831d7757e17ae8b2500d5283806ba559383f30c209d8	BINARY_ONLY_OR_BUILD_PRODUCT	Archive member; not approved for suite reuse until behavior, fixtures, safety, and reproducibility are reviewed.
SUPPLEMENTAL	investigations/CP-M 2.2 Compatibility Investigations.zip!034 - CP-M 2.2 Memory Layout, System Area, and Transient Program Boundary Semantics/probes/LARGE34.ASM	ASM	96	de1aaea823c49127d74adc5c8a96a8ed0f3bb9be7ab7bc3dce92a38bf2a0c02d	SOURCE_REVIEW_REQUIRED	Archive member; not approved for suite reuse until behavior, fixtures, safety, and reproducibility are reviewed.
SUPPLEMENTAL	investigations/CP-M 2.2 Compatibility Investigations.zip!034 - CP-M 2.2 Memory Layout, System Area, and Transient Program Boundary Semantics/probes/LARGE34.COM	COM	30	ff0d4038e1b2ca9ee79deaee070a59ca7a6edd7a5b7532755c64b6f9b04b94c1	BINARY_ONLY_OR_BUILD_PRODUCT	Archive member; not approved for suite reuse until behavior, fixtures, safety, and reproducibility are reviewed.
SUPPLEMENTAL	investigations/CP-M 2.2 Compatibility Investigations.zip!034 - CP-M 2.2 Memory Layout, System Area, and Transient Program Boundary Semantics/probes/LARGEOK.COM	COM	57984	b2ed0061570cd87620d183f787d58cd1ab6750e5a52a9568d7552a7b59980139	BINARY_ONLY_OR_BUILD_PRODUCT	Archive member; not approved for suite reuse until behavior, fixtures, safety, and reproducibility are reviewed.
SUPPLEMENTAL	investigations/CP-M 2.2 Compatibility Investigations.zip!034 - CP-M 2.2 Memory Layout, System Area, and Transient Program Boundary Semantics/probes/LOAD34.ASM	ASM	668	c0390bca24990ff6d57aef372cec8b736924034a3c6673c589573f92e199126d	SOURCE_REVIEW_REQUIRED	Archive member; not approved for suite reuse until behavior, fixtures, safety, and reproducibility are reviewed.
SUPPLEMENTAL	investigations/CP-M 2.2 Compatibility Investigations.zip!034 - CP-M 2.2 Memory Layout, System Area, and Transient Program Boundary Semantics/probes/LOAD34.COM	COM	378	6bf12162c584d1d1c20624593edc6ba8eb2151934b8b378dc9698e852fa78e7d	BINARY_ONLY_OR_BUILD_PRODUCT	Archive member; not approved for suite reuse until behavior, fixtures, safety, and reproducibility are reviewed.
SUPPLEMENTAL	investigations/CP-M 2.2 Compatibility Investigations.zip!034 - CP-M 2.2 Memory Layout, System Area, and Transient Program Boundary Semantics/probes/MEM34.ASM	ASM	904	3e5ca9eb01cd99f495df760e02277fb436ae3fc00c201d28fe5a56848d182b35	SOURCE_REVIEW_REQUIRED	Archive member; not approved for suite reuse until behavior, fixtures, safety, and reproducibility are reviewed.
SUPPLEMENTAL	investigations/CP-M 2.2 Compatibility Investigations.zip!034 - CP-M 2.2 Memory Layout, System Area, and Transient Program Boundary Semantics/probes/MEM34.COM	COM	433	7301bbf3b3dba9ffbf1f5c17da5ed9c8c397b661f77c8ca69e256c821ae5b946	BINARY_ONLY_OR_BUILD_PRODUCT	Archive member; not approved for suite reuse until behavior, fixtures, safety, and reproducibility are reviewed.
SUPPLEMENTAL	investigations/CP-M 2.2 Compatibility Investigations.zip!034 - CP-M 2.2 Memory Layout, System Area, and Transient Program Boundary Semantics/probes/OVERLAY34.ASM	ASM	618	fe04c0d72c7dee56afda9dc76ee257d4baca1b1af6d81376e424ea4f99ce08cb	SOURCE_REVIEW_REQUIRED	Archive member; not approved for suite reuse until behavior, fixtures, safety, and reproducibility are reviewed.
SUPPLEMENTAL	investigations/CP-M 2.2 Compatibility Investigations.zip!034 - CP-M 2.2 Memory Layout, System Area, and Transient Program Boundary Semantics/probes/OVERLAY34.COM	COM	357	75d10e1c5decd3eeacdd9b3f2697459e94b0201b6318126cb686e73c7a21cabe	BINARY_ONLY_OR_BUILD_PRODUCT	Archive member; not approved for suite reuse until behavior, fixtures, safety, and reproducibility are reviewed.
SUPPLEMENTAL	investigations/CP-M 2.2 Compatibility Investigations.zip!034 - CP-M 2.2 Memory Layout, System Area, and Transient Program Boundary Semantics/probes/OVR34.COM	COM	351	611832f9139d260db0ecc7c4cb8d7548b31f47cd4171788fb10340771e7a8fd7	BINARY_ONLY_OR_BUILD_PRODUCT	Archive member; not approved for suite reuse until behavior, fixtures, safety, and reproducibility are reviewed.
SUPPLEMENTAL	investigations/CP-M 2.2 Compatibility Investigations.zip!034 - CP-M 2.2 Memory Layout, System Area, and Transient Program Boundary Semantics/probes/STACK34.ASM	ASM	565	d2b01c0b19da1b1ad61e462e20eb6a9ccdf45dc865976d9c74006a406154f178	SOURCE_REVIEW_REQUIRED	Archive member; not approved for suite reuse until behavior, fixtures, safety, and reproducibility are reviewed.
SUPPLEMENTAL	investigations/CP-M 2.2 Compatibility Investigations.zip!034 - CP-M 2.2 Memory Layout, System Area, and Transient Program Boundary Semantics/probes/STACK34.COM	COM	346	e4629a20bc2a0828897d51445236e80821d8c7ef4dd7366e3c4f403469b4b737	BINARY_ONLY_OR_BUILD_PRODUCT	Archive member; not approved for suite reuse until behavior, fixtures, safety, and reproducibility are reviewed.
SUPPLEMENTAL	investigations/CP-M 2.2 Compatibility Investigations.zip!034 - CP-M 2.2 Memory Layout, System Area, and Transient Program Boundary Semantics/probes/TOOLARGE.COM	COM	58112	2275c5da7ec9995ba4227fcaf10b2f11d357378409720f95c6a8d1bf6174f822	BINARY_ONLY_OR_BUILD_PRODUCT	Archive member; not approved for suite reuse until behavior, fixtures, safety, and reproducibility are reviewed.
SUPPLEMENTAL	investigations/CP-M 2.2 Compatibility Investigations.zip!034 - CP-M 2.2 Memory Layout, System Area, and Transient Program Boundary Semantics/probes/VECTOR34.ASM	ASM	894	d7199ee14d023288e4bcad07a957cdba151907fd4bbc9fc1b91397528632a541	SOURCE_REVIEW_REQUIRED	Archive member; not approved for suite reuse until behavior, fixtures, safety, and reproducibility are reviewed.
SUPPLEMENTAL	investigations/CP-M 2.2 Compatibility Investigations.zip!034 - CP-M 2.2 Memory Layout, System Area, and Transient Program Boundary Semantics/probes/VECTOR34.COM	COM	455	a703588c3db2eabda0ba19eecd52c72ccb9bde7f54319ca0727028213abc3eb6	BINARY_ONLY_OR_BUILD_PRODUCT	Archive member; not approved for suite reuse until behavior, fixtures, safety, and reproducibility are reviewed.
SUPPLEMENTAL	investigations/CP-M 2.2 Compatibility Investigations.zip!034 - CP-M 2.2 Memory Layout, System Area, and Transient Program Boundary Semantics/probes/ZERO34.ASM	ASM	813	a7d4696df912dabb88e8efb40e6464fb34f683152819efa946fea84383528d41	SOURCE_REVIEW_REQUIRED	Archive member; not approved for suite reuse until behavior, fixtures, safety, and reproducibility are reviewed.
SUPPLEMENTAL	investigations/CP-M 2.2 Compatibility Investigations.zip!034 - CP-M 2.2 Memory Layout, System Area, and Transient Program Boundary Semantics/probes/ZERO34.COM	COM	913	e00ed008db0de9be13b5031f8cff7cc28fa7d63f0cf123e20e01152adde4fe74	BINARY_ONLY_OR_BUILD_PRODUCT	Archive member; not approved for suite reuse until behavior, fixtures, safety, and reproducibility are reviewed.
SUPPLEMENTAL	investigations/CP-M 2.2 Compatibility Investigations.zip!034 - CP-M 2.2 Memory Layout, System Area, and Transient Program Boundary Semantics/reference/BIOS.ASM	ASM	12197	7986c857f80753fb8136abb599cb54c6509580b205e07890782009bc4a26a6d2	SOURCE_REVIEW_REQUIRED	Archive member; not approved for suite reuse until behavior, fixtures, safety, and reproducibility are reviewed.
SUPPLEMENTAL	investigations/CP-M 2.2 Compatibility Investigations.zip!034 - CP-M 2.2 Memory Layout, System Area, and Transient Program Boundary Semantics/reference/CBIOS.ASM	ASM	8734	c0652de9937d419c7ad42113c4136558234a7009010c707d92df639fd3d7a249	SOURCE_REVIEW_REQUIRED	Archive member; not approved for suite reuse until behavior, fixtures, safety, and reproducibility are reviewed.
SUPPLEMENTAL	investigations/CP-M 2.2 Compatibility Investigations.zip!034 - CP-M 2.2 Memory Layout, System Area, and Transient Program Boundary Semantics/reference/OS2CCP.ASM	ASM	25707	9d13a24553e16accbb8e2e345a1d3736d4ee4b7d2d80b452818218935cab1188	SOURCE_REVIEW_REQUIRED	Archive member; not approved for suite reuse until behavior, fixtures, safety, and reproducibility are reviewed.
SUPPLEMENTAL	investigations/CP-M 2.2 Compatibility Investigations.zip!034 - CP-M 2.2 Memory Layout, System Area, and Transient Program Boundary Semantics/reference/OS3BDOS.ASM	ASM	65525	a22b7dd0f8adaa8dd9affe2cbb0f5749ddf278bf36ca9f94e38f9acf335a44d8	SOURCE_REVIEW_REQUIRED	Archive member; not approved for suite reuse until behavior, fixtures, safety, and reproducibility are reviewed.
SUPPLEMENTAL	investigations/CP-M 2.2 Compatibility Investigations.zip!035 - CP-M 2.2 Cold Boot, Warm Boot, and Restart Semantics/probes/BOOT35.ASM	ASM	296	87e9cb05dde59331c9afc0520ee2d47472aece17f51f00389283716a8c4d261b	SOURCE_REVIEW_REQUIRED	Archive member; not approved for suite reuse until behavior, fixtures, safety, and reproducibility are reviewed.
SUPPLEMENTAL	investigations/CP-M 2.2 Compatibility Investigations.zip!035 - CP-M 2.2 Cold Boot, Warm Boot, and Restart Semantics/probes/BOOT35.COM	COM	94	b51babb74275480d194e45ce6d6e3ad29499484851fad6bce97eb472232268fb	BINARY_ONLY_OR_BUILD_PRODUCT	Archive member; not approved for suite reuse until behavior, fixtures, safety, and reproducibility are reviewed.
SUPPLEMENTAL	investigations/CP-M 2.2 Compatibility Investigations.zip!035 - CP-M 2.2 Cold Boot, Warm Boot, and Restart Semantics/probes/COLD35.ASM	ASM	83	6d348229c1cfc5365639575f3a04bc7402edf3b0b4858f32c32bb692e0eb2a05	SOURCE_REVIEW_REQUIRED	Archive member; not approved for suite reuse until behavior, fixtures, safety, and reproducibility are reviewed.
SUPPLEMENTAL	investigations/CP-M 2.2 Compatibility Investigations.zip!035 - CP-M 2.2 Cold Boot, Warm Boot, and Restart Semantics/probes/COLD35.COM	COM	702	fcb6306535ae42a619fa851b7c44b2b19af3de0e95e7b29067bc36458a4cef89	BINARY_ONLY_OR_BUILD_PRODUCT	Archive member; not approved for suite reuse until behavior, fixtures, safety, and reproducibility are reviewed.
SUPPLEMENTAL	investigations/CP-M 2.2 Compatibility Investigations.zip!035 - CP-M 2.2 Cold Boot, Warm Boot, and Restart Semantics/probes/FZERO35.ASM	ASM	64	59c8764f8b44bbc74be03405cc61d2257a9935c7f6e3974aed170abdc8f803cc	SOURCE_REVIEW_REQUIRED	Archive member; not approved for suite reuse until behavior, fixtures, safety, and reproducibility are reviewed.
SUPPLEMENTAL	investigations/CP-M 2.2 Compatibility Investigations.zip!035 - CP-M 2.2 Cold Boot, Warm Boot, and Restart Semantics/probes/FZERO35.COM	COM	153	5d950ef7ec75f819476df9e7da551cf389cd5b42a87f1a16f4b7aca6f10f3ad1	BINARY_ONLY_OR_BUILD_PRODUCT	Archive member; not approved for suite reuse until behavior, fixtures, safety, and reproducibility are reviewed.
SUPPLEMENTAL	investigations/CP-M 2.2 Compatibility Investigations.zip!035 - CP-M 2.2 Cold Boot, Warm Boot, and Restart Semantics/probes/PEND35.ASM	ASM	134	ac7f5ef2d0d3a5067377e24bc8e9ae661775a0a9f87bd86c60f784512bdfc427	SOURCE_REVIEW_REQUIRED	Archive member; not approved for suite reuse until behavior, fixtures, safety, and reproducibility are reviewed.
SUPPLEMENTAL	investigations/CP-M 2.2 Compatibility Investigations.zip!035 - CP-M 2.2 Cold Boot, Warm Boot, and Restart Semantics/probes/PEND35.COM	COM	34	16dc92e96a8f3b5c79218a65f3c1d8a016bc520d7a42b1b2b2dd0dd6b73b3259	BINARY_ONLY_OR_BUILD_PRODUCT	Archive member; not approved for suite reuse until behavior, fixtures, safety, and reproducibility are reviewed.
SUPPLEMENTAL	investigations/CP-M 2.2 Compatibility Investigations.zip!035 - CP-M 2.2 Cold Boot, Warm Boot, and Restart Semantics/probes/RECOVER35.ASM	ASM	24	fe9f3d6ebdd451df0b8b929d3d4f3ff140441985a2f8ed1bd19b63d5b699736c	SOURCE_REVIEW_REQUIRED	Archive member; not approved for suite reuse until behavior, fixtures, safety, and reproducibility are reviewed.
SUPPLEMENTAL	investigations/CP-M 2.2 Compatibility Investigations.zip!035 - CP-M 2.2 Cold Boot, Warm Boot, and Restart Semantics/probes/RECOVER35.COM	COM	1237	60e6823981355fae723fe463888a4b2dd1c385a48772bbb0c32f3545d40aec18	BINARY_ONLY_OR_BUILD_PRODUCT	Archive member; not approved for suite reuse until behavior, fixtures, safety, and reproducibility are reviewed.
SUPPLEMENTAL	investigations/CP-M 2.2 Compatibility Investigations.zip!035 - CP-M 2.2 Cold Boot, Warm Boot, and Restart Semantics/probes/RESET35.ASM	ASM	1430	349d70da48a768cdf83c2fe5ef2c7fbd48cfcd6e6aa27179b678062cd0f2f518	SOURCE_REVIEW_REQUIRED	Archive member; not approved for suite reuse until behavior, fixtures, safety, and reproducibility are reviewed.
SUPPLEMENTAL	investigations/CP-M 2.2 Compatibility Investigations.zip!035 - CP-M 2.2 Cold Boot, Warm Boot, and Restart Semantics/probes/RESET35.COM	COM	574	20e93b9264951e2d03eb81c27955ffad5f5849d66dbd4ba71211454a3ba7f3e0	BINARY_ONLY_OR_BUILD_PRODUCT	Archive member; not approved for suite reuse until behavior, fixtures, safety, and reproducibility are reviewed.
SUPPLEMENTAL	investigations/CP-M 2.2 Compatibility Investigations.zip!035 - CP-M 2.2 Cold Boot, Warm Boot, and Restart Semantics/probes/RET35.ASM	ASM	64	8b5f7aa2cda004a34b7b627e873b22f877af3fcbd282639cf730b5e63e4010db	SOURCE_REVIEW_REQUIRED	Archive member; not approved for suite reuse until behavior, fixtures, safety, and reproducibility are reviewed.
SUPPLEMENTAL	investigations/CP-M 2.2 Compatibility Investigations.zip!035 - CP-M 2.2 Cold Boot, Warm Boot, and Restart Semantics/probes/RET35.COM	COM	153	30422b58bd2a56fa66b7d7e311bc191ace953ab2e68fe58dc71a2994d4f6e55a	BINARY_ONLY_OR_BUILD_PRODUCT	Archive member; not approved for suite reuse until behavior, fixtures, safety, and reproducibility are reviewed.
SUPPLEMENTAL	investigations/CP-M 2.2 Compatibility Investigations.zip!035 - CP-M 2.2 Cold Boot, Warm Boot, and Restart Semantics/probes/STATE35.ASM	ASM	84	0bd3ff393a62b46363000a4123b015ba1338b79932ad01bd076ffbee839b169f	SOURCE_REVIEW_REQUIRED	Archive member; not approved for suite reuse until behavior, fixtures, safety, and reproducibility are reviewed.
SUPPLEMENTAL	investigations/CP-M 2.2 Compatibility Investigations.zip!035 - CP-M 2.2 Cold Boot, Warm Boot, and Restart Semantics/probes/STATE35.COM	COM	703	365f322b5bce28bad0850e3388da82b1d6349f19b0585446a69b58daed609d0e	BINARY_ONLY_OR_BUILD_PRODUCT	Archive member; not approved for suite reuse until behavior, fixtures, safety, and reproducibility are reviewed.
SUPPLEMENTAL	investigations/CP-M 2.2 Compatibility Investigations.zip!035 - CP-M 2.2 Cold Boot, Warm Boot, and Restart Semantics/probes/WARM35.ASM	ASM	64	905a8d679e5994fcad6dd85d83eba9ef85c9192d12ca49de59149fbeb184187e	SOURCE_REVIEW_REQUIRED	Archive member; not approved for suite reuse until behavior, fixtures, safety, and reproducibility are reviewed.
SUPPLEMENTAL	investigations/CP-M 2.2 Compatibility Investigations.zip!035 - CP-M 2.2 Cold Boot, Warm Boot, and Restart Semantics/probes/WARM35.COM	COM	153	bb05264a78b8a9a02ab78a1d7bf22cb61b3b15aab072310303e63be62b41c6ba	BINARY_ONLY_OR_BUILD_PRODUCT	Archive member; not approved for suite reuse until behavior, fixtures, safety, and reproducibility are reviewed.
SUPPLEMENTAL	investigations/CP-M 2.2 Compatibility Investigations.zip!035 - CP-M 2.2 Cold Boot, Warm Boot, and Restart Semantics/reference/BIOS.ASM	ASM	12197	7986c857f80753fb8136abb599cb54c6509580b205e07890782009bc4a26a6d2	SOURCE_REVIEW_REQUIRED	Archive member; not approved for suite reuse until behavior, fixtures, safety, and reproducibility are reviewed.
SUPPLEMENTAL	investigations/CP-M 2.2 Compatibility Investigations.zip!035 - CP-M 2.2 Cold Boot, Warm Boot, and Restart Semantics/reference/CBIOS.ASM	ASM	8734	c0652de9937d419c7ad42113c4136558234a7009010c707d92df639fd3d7a249	SOURCE_REVIEW_REQUIRED	Archive member; not approved for suite reuse until behavior, fixtures, safety, and reproducibility are reviewed.
SUPPLEMENTAL	investigations/CP-M 2.2 Compatibility Investigations.zip!035 - CP-M 2.2 Cold Boot, Warm Boot, and Restart Semantics/reference/OS2CCP.ASM	ASM	25707	9d13a24553e16accbb8e2e345a1d3736d4ee4b7d2d80b452818218935cab1188	SOURCE_REVIEW_REQUIRED	Archive member; not approved for suite reuse until behavior, fixtures, safety, and reproducibility are reviewed.
SUPPLEMENTAL	investigations/CP-M 2.2 Compatibility Investigations.zip!035 - CP-M 2.2 Cold Boot, Warm Boot, and Restart Semantics/reference/OS3BDOS.ASM	ASM	65525	a22b7dd0f8adaa8dd9affe2cbb0f5749ddf278bf36ca9f94e38f9acf335a44d8	SOURCE_REVIEW_REQUIRED	Archive member; not approved for suite reuse until behavior, fixtures, safety, and reproducibility are reviewed.
SUPPLEMENTAL	investigations/CP-M 2.2 Compatibility Investigations.zip!036 - CP-M 2.2 BIOS Runtime Environment and Hardware Abstraction Boundary Semantics/probes/BIOS36.ASM	ASM	5560	316de90f34f4c4fe091a5dc42eaacd5ef210e44eca0c7f729c96b4a343de4ac4	SOURCE_REVIEW_REQUIRED	Archive member; not approved for suite reuse until behavior, fixtures, safety, and reproducibility are reviewed.
SUPPLEMENTAL	investigations/CP-M 2.2 Compatibility Investigations.zip!036 - CP-M 2.2 BIOS Runtime Environment and Hardware Abstraction Boundary Semantics/probes/BIOS36.COM	COM	864	54f9dee42e696f88f501fbbec8c9d7e7c6bad6b65baf4f541a7e3536cc3a7b20	BINARY_ONLY_OR_BUILD_PRODUCT	Archive member; not approved for suite reuse until behavior, fixtures, safety, and reproducibility are reviewed.
SUPPLEMENTAL	investigations/CP-M 2.2 Compatibility Investigations.zip!036 - CP-M 2.2 BIOS Runtime Environment and Hardware Abstraction Boundary Semantics/probes/CON36.ASM	ASM	5560	316de90f34f4c4fe091a5dc42eaacd5ef210e44eca0c7f729c96b4a343de4ac4	SOURCE_REVIEW_REQUIRED	Archive member; not approved for suite reuse until behavior, fixtures, safety, and reproducibility are reviewed.
SUPPLEMENTAL	investigations/CP-M 2.2 Compatibility Investigations.zip!036 - CP-M 2.2 BIOS Runtime Environment and Hardware Abstraction Boundary Semantics/probes/CON36.COM	COM	864	54f9dee42e696f88f501fbbec8c9d7e7c6bad6b65baf4f541a7e3536cc3a7b20	BINARY_ONLY_OR_BUILD_PRODUCT	Archive member; not approved for suite reuse until behavior, fixtures, safety, and reproducibility are reviewed.
SUPPLEMENTAL	investigations/CP-M 2.2 Compatibility Investigations.zip!036 - CP-M 2.2 BIOS Runtime Environment and Hardware Abstraction Boundary Semantics/probes/DISK36.ASM	ASM	8234	7a3839350d1647e460aabd69c4088c9e23eb5f0f981c628e7b35bc5161e86016	SOURCE_REVIEW_REQUIRED	Archive member; not approved for suite reuse until behavior, fixtures, safety, and reproducibility are reviewed.
SUPPLEMENTAL	investigations/CP-M 2.2 Compatibility Investigations.zip!036 - CP-M 2.2 BIOS Runtime Environment and Hardware Abstraction Boundary Semantics/probes/DISK36.COM	COM	2802	cede5d590ecb466d076f5221fb6b2b3d964acc8596325ebe7e49fe9c0ff67cf9	BINARY_ONLY_OR_BUILD_PRODUCT	Archive member; not approved for suite reuse until behavior, fixtures, safety, and reproducibility are reviewed.
SUPPLEMENTAL	investigations/CP-M 2.2 Compatibility Investigations.zip!036 - CP-M 2.2 BIOS Runtime Environment and Hardware Abstraction Boundary Semantics/probes/ERROR36.ASM	ASM	5123	84b2ec892d070f363da5f0590f7a9aa74e379cf4052359124e434e14dd2349d2	SOURCE_REVIEW_REQUIRED	Archive member; not approved for suite reuse until behavior, fixtures, safety, and reproducibility are reviewed.
SUPPLEMENTAL	investigations/CP-M 2.2 Compatibility Investigations.zip!036 - CP-M 2.2 BIOS Runtime Environment and Hardware Abstraction Boundary Semantics/probes/ERROR36.COM	COM	1192	63e560e7de38a7792186831d7757e17ae8b2500d5283806ba559383f30c209d8	BINARY_ONLY_OR_BUILD_PRODUCT	Archive member; not approved for suite reuse until behavior, fixtures, safety, and reproducibility are reviewed.
SUPPLEMENTAL	investigations/CP-M 2.2 Compatibility Investigations.zip!036 - CP-M 2.2 BIOS Runtime Environment and Hardware Abstraction Boundary Semantics/probes/VECTOR36.ASM	ASM	704	aca7859264a6558037f48f039a7bfa03ce03d8aa1eb7b3fb25da2b054d8c688e	SOURCE_REVIEW_REQUIRED	Archive member; not approved for suite reuse until behavior, fixtures, safety, and reproducibility are reviewed.
SUPPLEMENTAL	investigations/CP-M 2.2 Compatibility Investigations.zip!036 - CP-M 2.2 BIOS Runtime Environment and Hardware Abstraction Boundary Semantics/probes/VECTOR36.COM	COM	90	bc1fb88a64187f979168fe41802df0085b145c8915c30604606730cc6220a38c	BINARY_ONLY_OR_BUILD_PRODUCT	Archive member; not approved for suite reuse until behavior, fixtures, safety, and reproducibility are reviewed.
SUPPLEMENTAL	investigations/CP-M 2.2 Compatibility Investigations.zip!036 - CP-M 2.2 BIOS Runtime Environment and Hardware Abstraction Boundary Semantics/reference/BIOS.ASM	ASM	12197	7986c857f80753fb8136abb599cb54c6509580b205e07890782009bc4a26a6d2	SOURCE_REVIEW_REQUIRED	Archive member; not approved for suite reuse until behavior, fixtures, safety, and reproducibility are reviewed.
SUPPLEMENTAL	investigations/CP-M 2.2 Compatibility Investigations.zip!036 - CP-M 2.2 BIOS Runtime Environment and Hardware Abstraction Boundary Semantics/reference/CBIOS.ASM	ASM	8734	c0652de9937d419c7ad42113c4136558234a7009010c707d92df639fd3d7a249	SOURCE_REVIEW_REQUIRED	Archive member; not approved for suite reuse until behavior, fixtures, safety, and reproducibility are reviewed.
SUPPLEMENTAL	investigations/CP-M 2.2 Compatibility Investigations.zip!036 - CP-M 2.2 BIOS Runtime Environment and Hardware Abstraction Boundary Semantics/reference/DEBLOCK.ASM	ASM	10155	aa1f5dc84a345fa591d5cf2287da1a2ba2f51aa440374391c3a07c0536810502	SOURCE_REVIEW_REQUIRED	Archive member; not approved for suite reuse until behavior, fixtures, safety, and reproducibility are reviewed.
SUPPLEMENTAL	investigations/CP-M 2.2 Compatibility Investigations.zip!036 - CP-M 2.2 BIOS Runtime Environment and Hardware Abstraction Boundary Semantics/reference/OS2CCP.ASM	ASM	25707	9d13a24553e16accbb8e2e345a1d3736d4ee4b7d2d80b452818218935cab1188	SOURCE_REVIEW_REQUIRED	Archive member; not approved for suite reuse until behavior, fixtures, safety, and reproducibility are reviewed.
SUPPLEMENTAL	investigations/CP-M 2.2 Compatibility Investigations.zip!036 - CP-M 2.2 BIOS Runtime Environment and Hardware Abstraction Boundary Semantics/reference/OS3BDOS.ASM	ASM	65525	a22b7dd0f8adaa8dd9affe2cbb0f5749ddf278bf36ca9f94e38f9acf335a44d8	SOURCE_REVIEW_REQUIRED	Archive member; not approved for suite reuse until behavior, fixtures, safety, and reproducibility are reviewed.
SUPPLEMENTAL	investigations/CP-M 2.2 Compatibility Investigations.zip!036 - CP-M 2.2 BIOS Runtime Environment and Hardware Abstraction Boundary Semantics/reference/SYSGEN.ASM	ASM	9375	291dca57a561e944d5917444299443776dab954f2f7805dca2ef14a0d572ff67	SOURCE_REVIEW_REQUIRED	Archive member; not approved for suite reuse until behavior, fixtures, safety, and reproducibility are reviewed.
SUPPLEMENTAL	investigations/CP-M 2.2 Compatibility Investigations.zip!036 - CP-M 2.2 BIOS Runtime Environment and Hardware Abstraction Boundary Semantics/reference/XSUB1.ASM	ASM	3461	666167d30273ee17825d76dd582328841aeb3230e90ed2762c4059a7d7bfb932	SOURCE_REVIEW_REQUIRED	Archive member; not approved for suite reuse until behavior, fixtures, safety, and reproducibility are reviewed.
SUPPLEMENTAL	investigations/CP-M 2.2 Compatibility Investigations.zip!037 - CP-M 2.2 BDOS Remaining Functions and Interface Consolidation Semantics/probes/BDOS37.ASM	ASM	5727	2d885f56984b2fb24396d3dc6dbf94c899433b6c6563290b2310310a9f07ff6a	SOURCE_REVIEW_REQUIRED	Archive member; not approved for suite reuse until behavior, fixtures, safety, and reproducibility are reviewed.
SUPPLEMENTAL	investigations/CP-M 2.2 Compatibility Investigations.zip!037 - CP-M 2.2 BDOS Remaining Functions and Interface Consolidation Semantics/probes/BDOS37.COM	COM	1663	6c9b0e48833be734726cf83ffbe6dade6b7804ff7fc1ec9960f7fde7d2a9d6ef	BINARY_ONLY_OR_BUILD_PRODUCT	Archive member; not approved for suite reuse until behavior, fixtures, safety, and reproducibility are reviewed.
SUPPLEMENTAL	investigations/CP-M 2.2 Compatibility Investigations.zip!037 - CP-M 2.2 BDOS Remaining Functions and Interface Consolidation Semantics/probes/DMA37.ASM	ASM	925	6e842409a73124add4bd2a19d1c576e409c84151f61cace2d76c3218a83ac961	SOURCE_REVIEW_REQUIRED	Archive member; not approved for suite reuse until behavior, fixtures, safety, and reproducibility are reviewed.
SUPPLEMENTAL	investigations/CP-M 2.2 Compatibility Investigations.zip!037 - CP-M 2.2 BDOS Remaining Functions and Interface Consolidation Semantics/probes/DMA37.COM	COM	369	4d67729259b1f3f6507e4013f44f35174cac65379986409879ad9d43c702d63a	BINARY_ONLY_OR_BUILD_PRODUCT	Archive member; not approved for suite reuse until behavior, fixtures, safety, and reproducibility are reviewed.
SUPPLEMENTAL	investigations/CP-M 2.2 Compatibility Investigations.zip!037 - CP-M 2.2 BDOS Remaining Functions and Interface Consolidation Semantics/probes/ERROR37.ASM	ASM	2189	c6fcb041a26fe510fa9a8e0c2a5de16331f61b03c17f6a6ad6fc8357a749b87e	SOURCE_REVIEW_REQUIRED	Archive member; not approved for suite reuse until behavior, fixtures, safety, and reproducibility are reviewed.
SUPPLEMENTAL	investigations/CP-M 2.2 Compatibility Investigations.zip!037 - CP-M 2.2 BDOS Remaining Functions and Interface Consolidation Semantics/probes/ERROR37.COM	COM	571	3014478870e4590bcc72440583a447006c5bd1f033be08a55bb14fa74bbe7d56	BINARY_ONLY_OR_BUILD_PRODUCT	Archive member; not approved for suite reuse until behavior, fixtures, safety, and reproducibility are reviewed.
SUPPLEMENTAL	investigations/CP-M 2.2 Compatibility Investigations.zip!037 - CP-M 2.2 BDOS Remaining Functions and Interface Consolidation Semantics/probes/REGISTER37.ASM	ASM	1072	b14add4969cd4fe8114a35069d2e2f240db954eb48cfa1e924a8884b9c99492a	SOURCE_REVIEW_REQUIRED	Archive member; not approved for suite reuse until behavior, fixtures, safety, and reproducibility are reviewed.
SUPPLEMENTAL	investigations/CP-M 2.2 Compatibility Investigations.zip!037 - CP-M 2.2 BDOS Remaining Functions and Interface Consolidation Semantics/probes/REGISTER37.COM	COM	347	c803534521cd872f860787b715a892f093766f042f697062412cf840e6eafcd7	BINARY_ONLY_OR_BUILD_PRODUCT	Archive member; not approved for suite reuse until behavior, fixtures, safety, and reproducibility are reviewed.
SUPPLEMENTAL	investigations/CP-M 2.2 Compatibility Investigations.zip!037 - CP-M 2.2 BDOS Remaining Functions and Interface Consolidation Semantics/probes/STATE37.ASM	ASM	1297	676a20e3f582676bdb78058ec286318bfcc374fd80fdfdb138544b0083dc7a4d	SOURCE_REVIEW_REQUIRED	Archive member; not approved for suite reuse until behavior, fixtures, safety, and reproducibility are reviewed.
SUPPLEMENTAL	investigations/CP-M 2.2 Compatibility Investigations.zip!037 - CP-M 2.2 BDOS Remaining Functions and Interface Consolidation Semantics/probes/STATE37.COM	COM	581	047e4397dad52c47bba71dbb67dec8fc3931a4ef87caccb9d5f47e55d5782f9a	BINARY_ONLY_OR_BUILD_PRODUCT	Archive member; not approved for suite reuse until behavior, fixtures, safety, and reproducibility are reviewed.
SUPPLEMENTAL	investigations/CP-M 2.2 Compatibility Investigations.zip!037 - CP-M 2.2 BDOS Remaining Functions and Interface Consolidation Semantics/reference/OS3BDOS.ASM	ASM	65525	a22b7dd0f8adaa8dd9affe2cbb0f5749ddf278bf36ca9f94e38f9acf335a44d8	SOURCE_REVIEW_REQUIRED	Archive member; not approved for suite reuse until behavior, fixtures, safety, and reproducibility are reviewed.
SUPPLEMENTAL	investigations/CP-M 2.2 Compatibility Investigations.zip!038 - CP-M 2.2 Character Device Runtime Semantics/probes/BLOCK38.ASM	ASM	3355	aa5b0d9f06d1b6fd40aee52f58c08e16ee821342581bde7d2a573aa971e89946	SOURCE_REVIEW_REQUIRED	Archive member; not approved for suite reuse until behavior, fixtures, safety, and reproducibility are reviewed.
SUPPLEMENTAL	investigations/CP-M 2.2 Compatibility Investigations.zip!038 - CP-M 2.2 Character Device Runtime Semantics/probes/BLOCK38.COM	COM	535	375e2e7196808c7f9b9ee29fb8086ce6bf94d565a531aa6fb7bb9b3e3ecb7c4f	BINARY_ONLY_OR_BUILD_PRODUCT	Archive member; not approved for suite reuse until behavior, fixtures, safety, and reproducibility are reviewed.
SUPPLEMENTAL	investigations/CP-M 2.2 Compatibility Investigations.zip!038 - CP-M 2.2 Character Device Runtime Semantics/probes/CHAR38.ASM	ASM	5613	c029d7566edda2a2765e2e0563fb19de3ca6144b0deab4e32c677e8bc347b053	SOURCE_REVIEW_REQUIRED	Archive member; not approved for suite reuse until behavior, fixtures, safety, and reproducibility are reviewed.
SUPPLEMENTAL	investigations/CP-M 2.2 Compatibility Investigations.zip!038 - CP-M 2.2 Character Device Runtime Semantics/probes/CHAR38.COM	COM	1096	b145e29a45cefc55f7e019f2aa9314977c6f5de2497268f42ad82196a4a0c24a	BINARY_ONLY_OR_BUILD_PRODUCT	Archive member; not approved for suite reuse until behavior, fixtures, safety, and reproducibility are reviewed.
SUPPLEMENTAL	investigations/CP-M 2.2 Compatibility Investigations.zip!038 - CP-M 2.2 Character Device Runtime Semantics/probes/ERROR38.ASM	ASM	5613	c029d7566edda2a2765e2e0563fb19de3ca6144b0deab4e32c677e8bc347b053	SOURCE_REVIEW_REQUIRED	Archive member; not approved for suite reuse until behavior, fixtures, safety, and reproducibility are reviewed.
SUPPLEMENTAL	investigations/CP-M 2.2 Compatibility Investigations.zip!038 - CP-M 2.2 Character Device Runtime Semantics/probes/ERROR38.COM	COM	1096	b145e29a45cefc55f7e019f2aa9314977c6f5de2497268f42ad82196a4a0c24a	BINARY_ONLY_OR_BUILD_PRODUCT	Archive member; not approved for suite reuse until behavior, fixtures, safety, and reproducibility are reviewed.
SUPPLEMENTAL	investigations/CP-M 2.2 Compatibility Investigations.zip!038 - CP-M 2.2 Character Device Runtime Semantics/probes/IOBYTE38.ASM	ASM	5613	c029d7566edda2a2765e2e0563fb19de3ca6144b0deab4e32c677e8bc347b053	SOURCE_REVIEW_REQUIRED	Archive member; not approved for suite reuse until behavior, fixtures, safety, and reproducibility are reviewed.
SUPPLEMENTAL	investigations/CP-M 2.2 Compatibility Investigations.zip!038 - CP-M 2.2 Character Device Runtime Semantics/probes/IOBYTE38.COM	COM	1096	b145e29a45cefc55f7e019f2aa9314977c6f5de2497268f42ad82196a4a0c24a	BINARY_ONLY_OR_BUILD_PRODUCT	Archive member; not approved for suite reuse until behavior, fixtures, safety, and reproducibility are reviewed.
SUPPLEMENTAL	investigations/CP-M 2.2 Compatibility Investigations.zip!038 - CP-M 2.2 Character Device Runtime Semantics/probes/STATUS38.ASM	ASM	5560	316de90f34f4c4fe091a5dc42eaacd5ef210e44eca0c7f729c96b4a343de4ac4	SOURCE_REVIEW_REQUIRED	Archive member; not approved for suite reuse until behavior, fixtures, safety, and reproducibility are reviewed.
SUPPLEMENTAL	investigations/CP-M 2.2 Compatibility Investigations.zip!038 - CP-M 2.2 Character Device Runtime Semantics/probes/STATUS38.COM	COM	864	54f9dee42e696f88f501fbbec8c9d7e7c6bad6b65baf4f541a7e3536cc3a7b20	BINARY_ONLY_OR_BUILD_PRODUCT	Archive member; not approved for suite reuse until behavior, fixtures, safety, and reproducibility are reviewed.
SUPPLEMENTAL	investigations/CP-M 2.2 Compatibility Investigations.zip!038 - CP-M 2.2 Character Device Runtime Semantics/reference/BIOS.ASM	ASM	12197	7986c857f80753fb8136abb599cb54c6509580b205e07890782009bc4a26a6d2	SOURCE_REVIEW_REQUIRED	Archive member; not approved for suite reuse until behavior, fixtures, safety, and reproducibility are reviewed.
SUPPLEMENTAL	investigations/CP-M 2.2 Compatibility Investigations.zip!038 - CP-M 2.2 Character Device Runtime Semantics/reference/CBIOS.ASM	ASM	8734	c0652de9937d419c7ad42113c4136558234a7009010c707d92df639fd3d7a249	SOURCE_REVIEW_REQUIRED	Archive member; not approved for suite reuse until behavior, fixtures, safety, and reproducibility are reviewed.
SUPPLEMENTAL	investigations/CP-M 2.2 Compatibility Investigations.zip!038 - CP-M 2.2 Character Device Runtime Semantics/reference/OS2CCP.ASM	ASM	25707	9d13a24553e16accbb8e2e345a1d3736d4ee4b7d2d80b452818218935cab1188	SOURCE_REVIEW_REQUIRED	Archive member; not approved for suite reuse until behavior, fixtures, safety, and reproducibility are reviewed.
SUPPLEMENTAL	investigations/CP-M 2.2 Compatibility Investigations.zip!038 - CP-M 2.2 Character Device Runtime Semantics/reference/OS3BDOS.ASM	ASM	65525	a22b7dd0f8adaa8dd9affe2cbb0f5749ddf278bf36ca9f94e38f9acf335a44d8	SOURCE_REVIEW_REQUIRED	Archive member; not approved for suite reuse until behavior, fixtures, safety, and reproducibility are reviewed.
SUPPLEMENTAL	investigations/CP-M 2.2 Compatibility Investigations.zip!039 - CP-M 2.2 IOBYTE and Runtime Device Assignment Semantics/probes/BDOS39.ASM	ASM	5613	c029d7566edda2a2765e2e0563fb19de3ca6144b0deab4e32c677e8bc347b053	SOURCE_REVIEW_REQUIRED	Archive member; not approved for suite reuse until behavior, fixtures, safety, and reproducibility are reviewed.
SUPPLEMENTAL	investigations/CP-M 2.2 Compatibility Investigations.zip!039 - CP-M 2.2 IOBYTE and Runtime Device Assignment Semantics/probes/BDOS39.COM	COM	1096	b145e29a45cefc55f7e019f2aa9314977c6f5de2497268f42ad82196a4a0c24a	BINARY_ONLY_OR_BUILD_PRODUCT	Archive member; not approved for suite reuse until behavior, fixtures, safety, and reproducibility are reviewed.
SUPPLEMENTAL	investigations/CP-M 2.2 Compatibility Investigations.zip!039 - CP-M 2.2 IOBYTE and Runtime Device Assignment Semantics/probes/BIOS39.ASM	ASM	5560	316de90f34f4c4fe091a5dc42eaacd5ef210e44eca0c7f729c96b4a343de4ac4	SOURCE_REVIEW_REQUIRED	Archive member; not approved for suite reuse until behavior, fixtures, safety, and reproducibility are reviewed.
SUPPLEMENTAL	investigations/CP-M 2.2 Compatibility Investigations.zip!039 - CP-M 2.2 IOBYTE and Runtime Device Assignment Semantics/probes/BIOS39.COM	COM	864	54f9dee42e696f88f501fbbec8c9d7e7c6bad6b65baf4f541a7e3536cc3a7b20	BINARY_ONLY_OR_BUILD_PRODUCT	Archive member; not approved for suite reuse until behavior, fixtures, safety, and reproducibility are reviewed.
SUPPLEMENTAL	investigations/CP-M 2.2 Compatibility Investigations.zip!039 - CP-M 2.2 IOBYTE and Runtime Device Assignment Semantics/probes/DEVICE39.ASM	ASM	5613	c029d7566edda2a2765e2e0563fb19de3ca6144b0deab4e32c677e8bc347b053	SOURCE_REVIEW_REQUIRED	Archive member; not approved for suite reuse until behavior, fixtures, safety, and reproducibility are reviewed.
SUPPLEMENTAL	investigations/CP-M 2.2 Compatibility Investigations.zip!039 - CP-M 2.2 IOBYTE and Runtime Device Assignment Semantics/probes/DEVICE39.COM	COM	1096	b145e29a45cefc55f7e019f2aa9314977c6f5de2497268f42ad82196a4a0c24a	BINARY_ONLY_OR_BUILD_PRODUCT	Archive member; not approved for suite reuse until behavior, fixtures, safety, and reproducibility are reviewed.
SUPPLEMENTAL	investigations/CP-M 2.2 Compatibility Investigations.zip!039 - CP-M 2.2 IOBYTE and Runtime Device Assignment Semantics/probes/IOBYTE39.ASM	ASM	5613	c029d7566edda2a2765e2e0563fb19de3ca6144b0deab4e32c677e8bc347b053	SOURCE_REVIEW_REQUIRED	Archive member; not approved for suite reuse until behavior, fixtures, safety, and reproducibility are reviewed.
SUPPLEMENTAL	investigations/CP-M 2.2 Compatibility Investigations.zip!039 - CP-M 2.2 IOBYTE and Runtime Device Assignment Semantics/probes/IOBYTE39.COM	COM	1096	b145e29a45cefc55f7e019f2aa9314977c6f5de2497268f42ad82196a4a0c24a	BINARY_ONLY_OR_BUILD_PRODUCT	Archive member; not approved for suite reuse until behavior, fixtures, safety, and reproducibility are reviewed.
SUPPLEMENTAL	investigations/CP-M 2.2 Compatibility Investigations.zip!039 - CP-M 2.2 IOBYTE and Runtime Device Assignment Semantics/probes/STAT39.ASM	ASM	5613	c029d7566edda2a2765e2e0563fb19de3ca6144b0deab4e32c677e8bc347b053	SOURCE_REVIEW_REQUIRED	Archive member; not approved for suite reuse until behavior, fixtures, safety, and reproducibility are reviewed.
SUPPLEMENTAL	investigations/CP-M 2.2 Compatibility Investigations.zip!039 - CP-M 2.2 IOBYTE and Runtime Device Assignment Semantics/probes/STAT39.COM	COM	1096	b145e29a45cefc55f7e019f2aa9314977c6f5de2497268f42ad82196a4a0c24a	BINARY_ONLY_OR_BUILD_PRODUCT	Archive member; not approved for suite reuse until behavior, fixtures, safety, and reproducibility are reviewed.
SUPPLEMENTAL	investigations/CP-M 2.2 Compatibility Investigations.zip!039 - CP-M 2.2 IOBYTE and Runtime Device Assignment Semantics/probes/SWITCH39.ASM	ASM	282	a9eb39aa7e986a99e7ed9f67cfdb88ef5857dc3ca7729d4d21a678d1b5df07a5	SOURCE_REVIEW_REQUIRED	Archive member; not approved for suite reuse until behavior, fixtures, safety, and reproducibility are reviewed.
SUPPLEMENTAL	investigations/CP-M 2.2 Compatibility Investigations.zip!039 - CP-M 2.2 IOBYTE and Runtime Device Assignment Semantics/probes/SWITCH39.COM	COM	56	70435012362254848918a73576fdbfc46c7d62aabe074226613e3e2c3c8e7795	BINARY_ONLY_OR_BUILD_PRODUCT	Archive member; not approved for suite reuse until behavior, fixtures, safety, and reproducibility are reviewed.
SUPPLEMENTAL	investigations/CP-M 2.2 Compatibility Investigations.zip!039 - CP-M 2.2 IOBYTE and Runtime Device Assignment Semantics/reference/BIOS.ASM	ASM	12197	7986c857f80753fb8136abb599cb54c6509580b205e07890782009bc4a26a6d2	SOURCE_REVIEW_REQUIRED	Archive member; not approved for suite reuse until behavior, fixtures, safety, and reproducibility are reviewed.
SUPPLEMENTAL	investigations/CP-M 2.2 Compatibility Investigations.zip!039 - CP-M 2.2 IOBYTE and Runtime Device Assignment Semantics/reference/CBIOS.ASM	ASM	8734	c0652de9937d419c7ad42113c4136558234a7009010c707d92df639fd3d7a249	SOURCE_REVIEW_REQUIRED	Archive member; not approved for suite reuse until behavior, fixtures, safety, and reproducibility are reviewed.
SUPPLEMENTAL	investigations/CP-M 2.2 Compatibility Investigations.zip!039 - CP-M 2.2 IOBYTE and Runtime Device Assignment Semantics/reference/OS2CCP.ASM	ASM	25707	9d13a24553e16accbb8e2e345a1d3736d4ee4b7d2d80b452818218935cab1188	SOURCE_REVIEW_REQUIRED	Archive member; not approved for suite reuse until behavior, fixtures, safety, and reproducibility are reviewed.
SUPPLEMENTAL	investigations/CP-M 2.2 Compatibility Investigations.zip!039 - CP-M 2.2 IOBYTE and Runtime Device Assignment Semantics/reference/OS3BDOS.ASM	ASM	65525	a22b7dd0f8adaa8dd9affe2cbb0f5749ddf278bf36ca9f94e38f9acf335a44d8	SOURCE_REVIEW_REQUIRED	Archive member; not approved for suite reuse until behavior, fixtures, safety, and reproducibility are reviewed.
SUPPLEMENTAL	investigations/CP-M 2.2 Compatibility Investigations.zip!040 - CP-M 2.2 Disk Format, Drive Geometry, and Direct Structure Compatibility Semantics/probes/BIOS040.ASM	ASM	8346	0190d171da8f9c1f21b744bcb9e9904ce3d850d12a08bfc4a633434f3c605c55	SOURCE_REVIEW_REQUIRED	Archive member; not approved for suite reuse until behavior, fixtures, safety, and reproducibility are reviewed.
SUPPLEMENTAL	investigations/CP-M 2.2 Compatibility Investigations.zip!040 - CP-M 2.2 Disk Format, Drive Geometry, and Direct Structure Compatibility Semantics/probes/BIOS040.COM	COM	2802	55b2ae9472d5a8ad4fa9d023551c81c74512c33b204b180850e10e34a5a25c24	BINARY_ONLY_OR_BUILD_PRODUCT	Archive member; not approved for suite reuse until behavior, fixtures, safety, and reproducibility are reviewed.
SUPPLEMENTAL	investigations/CP-M 2.2 Compatibility Investigations.zip!040 - CP-M 2.2 Disk Format, Drive Geometry, and Direct Structure Compatibility Semantics/probes/DPB040.ASM	ASM	5688	95ae808d68891edd51b7300939927e125362efdf76e383967d429a1d516f3c92	SOURCE_REVIEW_REQUIRED	Archive member; not approved for suite reuse until behavior, fixtures, safety, and reproducibility are reviewed.
SUPPLEMENTAL	investigations/CP-M 2.2 Compatibility Investigations.zip!040 - CP-M 2.2 Disk Format, Drive Geometry, and Direct Structure Compatibility Semantics/probes/DPB040.COM	COM	1148	271b43a68947c0aa55f04985e0320e1ce9801a15a7006e14e760b9b9d1ca25e4	BINARY_ONLY_OR_BUILD_PRODUCT	Archive member; not approved for suite reuse until behavior, fixtures, safety, and reproducibility are reviewed.
SUPPLEMENTAL	investigations/CP-M 2.2 Compatibility Investigations.zip!040 - CP-M 2.2 Disk Format, Drive Geometry, and Direct Structure Compatibility Semantics/reference/DUMP.ASM	ASM	4162	08c65ac03287ba71d5067301c020947f9d3d9f4734cfd78abfd14beb27c5b3ff	SOURCE_REVIEW_REQUIRED	Archive member; not approved for suite reuse until behavior, fixtures, safety, and reproducibility are reviewed.
SUPPLEMENTAL	investigations/CP-M 2.2 Compatibility Investigations.zip!040 - CP-M 2.2 Disk Format, Drive Geometry, and Direct Structure Compatibility Semantics/reference/SYSGEN.ASM	ASM	9375	291dca57a561e944d5917444299443776dab954f2f7805dca2ef14a0d572ff67	SOURCE_REVIEW_REQUIRED	Archive member; not approved for suite reuse until behavior, fixtures, safety, and reproducibility are reviewed.
SUPPLEMENTAL	investigations/CP-M 2.2 Compatibility Investigations.zip!040 - CP-M 2.2 Disk Format, Drive Geometry, and Direct Structure Compatibility Semantics/reference/z80pack-bios.asm	ASM	9745	68569b8c97262db434ccb9baa1952d8416ba59cd5a8fdd703e9719d48ec54a4d	SOURCE_REVIEW_REQUIRED	Archive member; not approved for suite reuse until behavior, fixtures, safety, and reproducibility are reviewed.
SUPPLEMENTAL	investigations/CP-M 2.2 Compatibility Investigations.zip!041 - CP-M 2.2 Direct System Access and Undocumented Application Interface Compatibility Semantics/probes/BDOS41.ASM	ASM	2710	634f681fc4200c142209196aae5a8c68cf6d7951f10f6957172e7193f0459375	SOURCE_REVIEW_REQUIRED	Archive member; not approved for suite reuse until behavior, fixtures, safety, and reproducibility are reviewed.
SUPPLEMENTAL	investigations/CP-M 2.2 Compatibility Investigations.zip!041 - CP-M 2.2 Direct System Access and Undocumented Application Interface Compatibility Semantics/probes/BDOS41.COM	COM	487	7607abe8eacc99a1fef4e63d681b81458c6e388827d388f2cd5928d414247b49	BINARY_ONLY_OR_BUILD_PRODUCT	Archive member; not approved for suite reuse until behavior, fixtures, safety, and reproducibility are reviewed.
SUPPLEMENTAL	investigations/CP-M 2.2 Compatibility Investigations.zip!041 - CP-M 2.2 Direct System Access and Undocumented Application Interface Compatibility Semantics/probes/BIOS41.ASM	ASM	5601	5f57ce4a427002950364911e989b3a1fe34dc171f2970160026a4d91c119ff62	SOURCE_REVIEW_REQUIRED	Archive member; not approved for suite reuse until behavior, fixtures, safety, and reproducibility are reviewed.
SUPPLEMENTAL	investigations/CP-M 2.2 Compatibility Investigations.zip!041 - CP-M 2.2 Direct System Access and Undocumented Application Interface Compatibility Semantics/probes/BIOS41.COM	COM	863	c956e8c1339b29511066a59a1cadb548da04b7b3f88694b89b56804aac05bc7b	BINARY_ONLY_OR_BUILD_PRODUCT	Archive member; not approved for suite reuse until behavior, fixtures, safety, and reproducibility are reviewed.
SUPPLEMENTAL	investigations/CP-M 2.2 Compatibility Investigations.zip!041 - CP-M 2.2 Direct System Access and Undocumented Application Interface Compatibility Semantics/probes/DIRECT41.ASM	ASM	1377	a8f765b289af1c19c7996d3a12f1b8b9b62858581fb1ac40b650e16db4964b6f	SOURCE_REVIEW_REQUIRED	Archive member; not approved for suite reuse until behavior, fixtures, safety, and reproducibility are reviewed.
SUPPLEMENTAL	investigations/CP-M 2.2 Compatibility Investigations.zip!041 - CP-M 2.2 Direct System Access and Undocumented Application Interface Compatibility Semantics/probes/DIRECT41.COM	COM	166	86ba0a9d16f5b088bea1fdeb857cab85a7cc2aef516dbf4480aa5973abe692e9	BINARY_ONLY_OR_BUILD_PRODUCT	Archive member; not approved for suite reuse until behavior, fixtures, safety, and reproducibility are reviewed.
SUPPLEMENTAL	investigations/CP-M 2.2 Compatibility Investigations.zip!041 - CP-M 2.2 Direct System Access and Undocumented Application Interface Compatibility Semantics/probes/MOD41.ASM	ASM	1219	86a23c967ba7a53dcc2e2f303e38d3ff580b1ccb17e69ffa945241ddc17c6e7e	SOURCE_REVIEW_REQUIRED	Archive member; not approved for suite reuse until behavior, fixtures, safety, and reproducibility are reviewed.
SUPPLEMENTAL	investigations/CP-M 2.2 Compatibility Investigations.zip!041 - CP-M 2.2 Direct System Access and Undocumented Application Interface Compatibility Semantics/probes/MOD41.COM	COM	172	3c473db6c6626f05a92387f32124275c515c2e1a013161def71bfeee2c326c5e	BINARY_ONLY_OR_BUILD_PRODUCT	Archive member; not approved for suite reuse until behavior, fixtures, safety, and reproducibility are reviewed.
SUPPLEMENTAL	investigations/CP-M 2.2 Compatibility Investigations.zip!041 - CP-M 2.2 Direct System Access and Undocumented Application Interface Compatibility Semantics/probes/VECTOR41.ASM	ASM	704	3d8b4a09bcc4b0a045ae68d6f65f3d3fbb8703c554f2763856b4b53344730d60	SOURCE_REVIEW_REQUIRED	Archive member; not approved for suite reuse until behavior, fixtures, safety, and reproducibility are reviewed.
SUPPLEMENTAL	investigations/CP-M 2.2 Compatibility Investigations.zip!041 - CP-M 2.2 Direct System Access and Undocumented Application Interface Compatibility Semantics/probes/VECTOR41.COM	COM	90	e310241df8d35b8b6bd1a5d42b023c48e49577de95eb917a034130aa84e86f51	BINARY_ONLY_OR_BUILD_PRODUCT	Archive member; not approved for suite reuse until behavior, fixtures, safety, and reproducibility are reviewed.
SUPPLEMENTAL	investigations/CP-M 2.2 Compatibility Investigations.zip!041 - CP-M 2.2 Direct System Access and Undocumented Application Interface Compatibility Semantics/probes/ZERO41.ASM	ASM	1572	d4644f4cad0059b8f8d6c4bc6b3c39b8e054ac79d656289b1237ad04c5336540	SOURCE_REVIEW_REQUIRED	Archive member; not approved for suite reuse until behavior, fixtures, safety, and reproducibility are reviewed.
SUPPLEMENTAL	investigations/CP-M 2.2 Compatibility Investigations.zip!041 - CP-M 2.2 Direct System Access and Undocumented Application Interface Compatibility Semantics/probes/ZERO41.COM	COM	242	706429c300e5aec67d679a762ab4f70415a4d687f644eb96072d2f8bc8f1992d	BINARY_ONLY_OR_BUILD_PRODUCT	Archive member; not approved for suite reuse until behavior, fixtures, safety, and reproducibility are reviewed.
SUPPLEMENTAL	investigations/CP-M 2.2 Compatibility Investigations.zip!041 - CP-M 2.2 Direct System Access and Undocumented Application Interface Compatibility Semantics/reference/AS0COM.ASM	ASM	1255	d9b34c3169bda7f2600f5a337f1f42064c1a5f41194ff3f2a7a502068e403c9a	SOURCE_REVIEW_REQUIRED	Archive member; not approved for suite reuse until behavior, fixtures, safety, and reproducibility are reviewed.
SUPPLEMENTAL	investigations/CP-M 2.2 Compatibility Investigations.zip!041 - CP-M 2.2 Direct System Access and Undocumented Application Interface Compatibility Semantics/reference/CBIOS.ASM	ASM	8734	c0652de9937d419c7ad42113c4136558234a7009010c707d92df639fd3d7a249	SOURCE_REVIEW_REQUIRED	Archive member; not approved for suite reuse until behavior, fixtures, safety, and reproducibility are reviewed.
SUPPLEMENTAL	investigations/CP-M 2.2 Compatibility Investigations.zip!041 - CP-M 2.2 Direct System Access and Undocumented Application Interface Compatibility Semantics/reference/CPMOVE.ASM	ASM	8729	db34f55300d4e97feddec09ac8755a348320423061b66f3fb69350c791e24961	SOURCE_REVIEW_REQUIRED	Archive member; not approved for suite reuse until behavior, fixtures, safety, and reproducibility are reviewed.
SUPPLEMENTAL	investigations/CP-M 2.2 Compatibility Investigations.zip!041 - CP-M 2.2 Direct System Access and Undocumented Application Interface Compatibility Semantics/reference/DUMP.ASM	ASM	4162	08c65ac03287ba71d5067301c020947f9d3d9f4734cfd78abfd14beb27c5b3ff	SOURCE_REVIEW_REQUIRED	Archive member; not approved for suite reuse until behavior, fixtures, safety, and reproducibility are reviewed.
SUPPLEMENTAL	investigations/CP-M 2.2 Compatibility Investigations.zip!041 - CP-M 2.2 Direct System Access and Undocumented Application Interface Compatibility Semantics/reference/OS3BDOS.ASM	ASM	65525	a22b7dd0f8adaa8dd9affe2cbb0f5749ddf278bf36ca9f94e38f9acf335a44d8	SOURCE_REVIEW_REQUIRED	Archive member; not approved for suite reuse until behavior, fixtures, safety, and reproducibility are reviewed.
SUPPLEMENTAL	investigations/CP-M 2.2 Compatibility Investigations.zip!041 - CP-M 2.2 Direct System Access and Undocumented Application Interface Compatibility Semantics/reference/SYSGEN.ASM	ASM	9375	291dca57a561e944d5917444299443776dab954f2f7805dca2ef14a0d572ff67	SOURCE_REVIEW_REQUIRED	Archive member; not approved for suite reuse until behavior, fixtures, safety, and reproducibility are reviewed.
SUPPLEMENTAL	investigations/CP-M 2.2 Compatibility Investigations.zip!041 - CP-M 2.2 Direct System Access and Undocumented Application Interface Compatibility Semantics/reference/XSUB1.ASM	ASM	3461	666167d30273ee17825d76dd582328841aeb3230e90ed2762c4059a7d7bfb932	SOURCE_REVIEW_REQUIRED	Archive member; not approved for suite reuse until behavior, fixtures, safety, and reproducibility are reviewed.
SUPPLEMENTAL	investigations/CP-M 2.2 Compatibility Investigations.zip!042 - CP-M 2.2 Common Software Compatibility Assumptions/probes/HELLO42.ASM	ASM	136	a806a0720ebd68fd383ad7df91c0edebfef7f26700d1bbd5426a7e9311994437	SOURCE_REVIEW_REQUIRED	Archive member; not approved for suite reuse until behavior, fixtures, safety, and reproducibility are reviewed.
SUPPLEMENTAL	investigations/CP-M 2.2 Compatibility Investigations.zip!042 - CP-M 2.2 Common Software Compatibility Assumptions/probes/IN42.ASM	ASM	975	6a088c9e08b6784fbcdcb08f3cd6802c1de8c75ae91d03b5c2122269e8f5a0ae	SOURCE_REVIEW_REQUIRED	Archive member; not approved for suite reuse until behavior, fixtures, safety, and reproducibility are reviewed.
SUPPLEMENTAL	investigations/CP-M 2.2 Compatibility Investigations.zip!042 - CP-M 2.2 Common Software Compatibility Assumptions/probes/IN42.COM	COM	138	1e6a394edafd0066feb5552f5e5efffe1d8df3b0590a2feac463f08cc31fffb8	BINARY_ONLY_OR_BUILD_PRODUCT	Archive member; not approved for suite reuse until behavior, fixtures, safety, and reproducibility are reviewed.
SUPPLEMENTAL	investigations/CP-M 2.2 Compatibility Investigations.zip!042 - CP-M 2.2 Common Software Compatibility Assumptions/reference/AS0COM.ASM	ASM	1255	d9b34c3169bda7f2600f5a337f1f42064c1a5f41194ff3f2a7a502068e403c9a	SOURCE_REVIEW_REQUIRED	Archive member; not approved for suite reuse until behavior, fixtures, safety, and reproducibility are reviewed.
SUPPLEMENTAL	investigations/CP-M 2.2 Compatibility Investigations.zip!042 - CP-M 2.2 Common Software Compatibility Assumptions/reference/AS1IO.ASM	ASM	13650	70ec74d7cb9d983fe52084ae998a38fc313753d4e6e1de749d568a31d8aafb70	SOURCE_REVIEW_REQUIRED	Archive member; not approved for suite reuse until behavior, fixtures, safety, and reproducibility are reviewed.
SUPPLEMENTAL	investigations/CP-M 2.2 Compatibility Investigations.zip!042 - CP-M 2.2 Common Software Compatibility Assumptions/reference/AS2SCAN.ASM	ASM	7708	a146be4e05466a2d606e75bba7f4e58b22021c71fb1dec3f14d71fc9f5e422e7	SOURCE_REVIEW_REQUIRED	Archive member; not approved for suite reuse until behavior, fixtures, safety, and reproducibility are reviewed.
SUPPLEMENTAL	investigations/CP-M 2.2 Compatibility Investigations.zip!042 - CP-M 2.2 Common Software Compatibility Assumptions/reference/AS3SYM.ASM	ASM	8798	9ce79a709cb32020c2a7d8d734c9adf4be0bec05315517229314d3d5c34f8511	SOURCE_REVIEW_REQUIRED	Archive member; not approved for suite reuse until behavior, fixtures, safety, and reproducibility are reviewed.
SUPPLEMENTAL	investigations/CP-M 2.2 Compatibility Investigations.zip!042 - CP-M 2.2 Common Software Compatibility Assumptions/reference/AS4SEAR.ASM	ASM	9750	3afcaf8585aeb3449a9502f557f9d9cbc8fd449394f3d1b55c7ff85115b5d4fc	SOURCE_REVIEW_REQUIRED	Archive member; not approved for suite reuse until behavior, fixtures, safety, and reproducibility are reviewed.
SUPPLEMENTAL	investigations/CP-M 2.2 Compatibility Investigations.zip!042 - CP-M 2.2 Common Software Compatibility Assumptions/reference/AS5OPER.ASM	ASM	11192	d62b4b79fd8156613f3e9d3d53288f5accb8c21f7b3559592d1252a2e0178ea4	SOURCE_REVIEW_REQUIRED	Archive member; not approved for suite reuse until behavior, fixtures, safety, and reproducibility are reviewed.
SUPPLEMENTAL	investigations/CP-M 2.2 Compatibility Investigations.zip!042 - CP-M 2.2 Common Software Compatibility Assumptions/reference/AS6MAIN.ASM	ASM	18085	a55feb34f3488a9201bacb49da76e72700398527f6889a5c681e212a45c92055	SOURCE_REVIEW_REQUIRED	Archive member; not approved for suite reuse until behavior, fixtures, safety, and reproducibility are reviewed.
SUPPLEMENTAL	investigations/CP-M 2.2 Compatibility Investigations.zip!042 - CP-M 2.2 Common Software Compatibility Assumptions/reference/DUMP.ASM	ASM	4162	08c65ac03287ba71d5067301c020947f9d3d9f4734cfd78abfd14beb27c5b3ff	SOURCE_REVIEW_REQUIRED	Archive member; not approved for suite reuse until behavior, fixtures, safety, and reproducibility are reviewed.
SUPPLEMENTAL	investigations/CP-M 2.2 Compatibility Investigations.zip!042 - CP-M 2.2 Common Software Compatibility Assumptions/reference/OS2CCP.ASM	ASM	25707	9d13a24553e16accbb8e2e345a1d3736d4ee4b7d2d80b452818218935cab1188	SOURCE_REVIEW_REQUIRED	Archive member; not approved for suite reuse until behavior, fixtures, safety, and reproducibility are reviewed.
SUPPLEMENTAL	investigations/CP-M 2.2 Compatibility Investigations.zip!042 - CP-M 2.2 Common Software Compatibility Assumptions/reference/software/ASM.COM	COM	8192	ef403388a04f18d735984fe497f9fa5dbb48f114b52dab323e33e82073133c2c	BINARY_ONLY_OR_BUILD_PRODUCT	Archive member; not approved for suite reuse until behavior, fixtures, safety, and reproducibility are reviewed.
SUPPLEMENTAL	investigations/CP-M 2.2 Compatibility Investigations.zip!042 - CP-M 2.2 Common Software Compatibility Assumptions/reference/software/DDT.COM	COM	4864	5fb0dc5902d33253e015a57e25acbac280999cc26b055518c3f7c98835b37579	BINARY_ONLY_OR_BUILD_PRODUCT	Archive member; not approved for suite reuse until behavior, fixtures, safety, and reproducibility are reviewed.
SUPPLEMENTAL	investigations/CP-M 2.2 Compatibility Investigations.zip!042 - CP-M 2.2 Common Software Compatibility Assumptions/reference/software/DUMP.COM	COM	384	f8dd3bb2c9c2082742307f5992f13f2d3057f9e40c55433637c0d59eac338044	BINARY_ONLY_OR_BUILD_PRODUCT	Archive member; not approved for suite reuse until behavior, fixtures, safety, and reproducibility are reviewed.
SUPPLEMENTAL	investigations/CP-M 2.2 Compatibility Investigations.zip!042 - CP-M 2.2 Common Software Compatibility Assumptions/reference/software/ED.COM	COM	6656	adeeb92c897bd6a07579f06d163bd6ded549842203a5459c88a93d26c65fe85f	BINARY_ONLY_OR_BUILD_PRODUCT	Archive member; not approved for suite reuse until behavior, fixtures, safety, and reproducibility are reviewed.
SUPPLEMENTAL	investigations/CP-M 2.2 Compatibility Investigations.zip!042 - CP-M 2.2 Common Software Compatibility Assumptions/reference/software/HIST.COM	COM	2688	a081d6b0d6564f419ec7fecebd62745a7da5b39f40686cf841ce2cefe8eb97c6	BINARY_ONLY_OR_BUILD_PRODUCT	Archive member; not approved for suite reuse until behavior, fixtures, safety, and reproducibility are reviewed.
SUPPLEMENTAL	investigations/CP-M 2.2 Compatibility Investigations.zip!042 - CP-M 2.2 Common Software Compatibility Assumptions/reference/software/L80.COM	COM	10752	7407f61e7788660550ea0a12ba44794f9786235c0a58aafb6d6c4bc3329d2831	BINARY_ONLY_OR_BUILD_PRODUCT	Archive member; not approved for suite reuse until behavior, fixtures, safety, and reproducibility are reviewed.
SUPPLEMENTAL	investigations/CP-M 2.2 Compatibility Investigations.zip!042 - CP-M 2.2 Common Software Compatibility Assumptions/reference/software/M80.COM	COM	20096	8729b411cb76a0d3bddf84926a2d4245838d39de0bf85e7ca48c4a2d8ba8c663	BINARY_ONLY_OR_BUILD_PRODUCT	Archive member; not approved for suite reuse until behavior, fixtures, safety, and reproducibility are reviewed.
SUPPLEMENTAL	investigations/CP-M 2.2 Compatibility Investigations.zip!042 - CP-M 2.2 Common Software Compatibility Assumptions/reference/software/MAC.COM	COM	11776	0b2ba3001b6b5ce33fce0c1c3dd0e0ed86119a565128d501360b52dd838d19d2	BINARY_ONLY_OR_BUILD_PRODUCT	Archive member; not approved for suite reuse until behavior, fixtures, safety, and reproducibility are reviewed.
SUPPLEMENTAL	investigations/CP-M 2.2 Compatibility Investigations.zip!042 - CP-M 2.2 Common Software Compatibility Assumptions/reference/software/PIP.COM	COM	7424	3edca419e4fe5643d21ef62f064ed4c432344b568742f11aca5c887297f3a4ae	BINARY_ONLY_OR_BUILD_PRODUCT	Archive member; not approved for suite reuse until behavior, fixtures, safety, and reproducibility are reviewed.
SUPPLEMENTAL	investigations/CP-M 2.2 Compatibility Investigations.zip!042 - CP-M 2.2 Common Software Compatibility Assumptions/reference/software/RMAC.COM	COM	13568	c83f1cac01c5c1ca1af6c61a3fd156c8a49a46f290bd1a9f176c36946bb0435a	BINARY_ONLY_OR_BUILD_PRODUCT	Archive member; not approved for suite reuse until behavior, fixtures, safety, and reproducibility are reviewed.
SUPPLEMENTAL	investigations/CP-M 2.2 Compatibility Investigations.zip!042 - CP-M 2.2 Common Software Compatibility Assumptions/reference/software/SDIR.COM	COM	15232	1602b997d34d338f3104f2d21a1fe38ff11b3083bc67dbb3a01e5096a80a7838	BINARY_ONLY_OR_BUILD_PRODUCT	Archive member; not approved for suite reuse until behavior, fixtures, safety, and reproducibility are reviewed.
SUPPLEMENTAL	investigations/CP-M 2.2 Compatibility Investigations.zip!042 - CP-M 2.2 Common Software Compatibility Assumptions/reference/software/SID.COM	COM	7808	306bacaf23db0a7646b8d149c4c185201532cd876bb7b8b22d7b4be39c820f83	BINARY_ONLY_OR_BUILD_PRODUCT	Archive member; not approved for suite reuse until behavior, fixtures, safety, and reproducibility are reviewed.
SUPPLEMENTAL	investigations/CP-M 2.2 Compatibility Investigations.zip!042 - CP-M 2.2 Common Software Compatibility Assumptions/reference/software/SLRNK.COM	COM	8704	a2670b4e60e449b4c961943825dadb2b1a88e9f2f4ca9cc2de6d8d6b0f6e30aa	BINARY_ONLY_OR_BUILD_PRODUCT	Archive member; not approved for suite reuse until behavior, fixtures, safety, and reproducibility are reviewed.
SUPPLEMENTAL	investigations/CP-M 2.2 Compatibility Investigations.zip!042 - CP-M 2.2 Common Software Compatibility Assumptions/reference/software/STAT.COM	COM	5120	1bab451f2e5b1beb656c938feaea294cdb5627ebf3390a7ae1a5d16a4329c1a4	BINARY_ONLY_OR_BUILD_PRODUCT	Archive member; not approved for suite reuse until behavior, fixtures, safety, and reproducibility are reviewed.
SUPPLEMENTAL	investigations/CP-M 2.2 Compatibility Investigations.zip!042 - CP-M 2.2 Common Software Compatibility Assumptions/reference/software/SUBMIT.COM	COM	1280	58c1bffcd07a52e37939de20ce4799be92018a28846351928f4631ecebd27a5c	BINARY_ONLY_OR_BUILD_PRODUCT	Archive member; not approved for suite reuse until behavior, fixtures, safety, and reproducibility are reviewed.
SUPPLEMENTAL	investigations/CP-M 2.2 Compatibility Investigations.zip!042 - CP-M 2.2 Common Software Compatibility Assumptions/reference/software/WM.COM	COM	8192	58a250817783ca5da269872d26cf2ae0bf965ab70d209daf939b9ab010cc7a2c	BINARY_ONLY_OR_BUILD_PRODUCT	Archive member; not approved for suite reuse until behavior, fixtures, safety, and reproducibility are reviewed.
SUPPLEMENTAL	investigations/CP-M 2.2 Compatibility Investigations.zip!042 - CP-M 2.2 Common Software Compatibility Assumptions/reference/software/XSUB.COM	COM	768	70b2613c61c8ababb972faae71b37d0807d82eabb06f3c42f5b1d3781a00597e	BINARY_ONLY_OR_BUILD_PRODUCT	Archive member; not approved for suite reuse until behavior, fixtures, safety, and reproducibility are reviewed.
SUPPLEMENTAL	investigations/CP-M 2.2 Compatibility Investigations.zip!042 - CP-M 2.2 Common Software Compatibility Assumptions/reference/software/Z80ASM.COM	COM	24704	d4e4b6bbfcd37268685e979569b57d3c987b188f09248932fb21848646530f12	BINARY_ONLY_OR_BUILD_PRODUCT	Archive member; not approved for suite reuse until behavior, fixtures, safety, and reproducibility are reviewed.
SUPPLEMENTAL	investigations/CP-M 2.2 Compatibility Investigations.zip!042 - CP-M 2.2 Common Software Compatibility Assumptions/reference/software/ZSID.COM	COM	10240	10bd3cf5eee29dc871dfb8be2634d360c362aaf70e2805230869451ba8b70db4	BINARY_ONLY_OR_BUILD_PRODUCT	Archive member; not approved for suite reuse until behavior, fixtures, safety, and reproducibility are reviewed.
SUPPLEMENTAL	investigations/CP-M 2.2 Compatibility Investigations.zip!042 - CP-M 2.2 Common Software Compatibility Assumptions/reference/SYSGEN.ASM	ASM	9375	291dca57a561e944d5917444299443776dab954f2f7805dca2ef14a0d572ff67	SOURCE_REVIEW_REQUIRED	Archive member; not approved for suite reuse until behavior, fixtures, safety, and reproducibility are reviewed.
SUPPLEMENTAL	investigations/CP-M 2.2 Compatibility Investigations.zip!042 - CP-M 2.2 Common Software Compatibility Assumptions/reference/XSUB1.ASM	ASM	3461	666167d30273ee17825d76dd582328841aeb3230e90ed2762c4059a7d7bfb932	SOURCE_REVIEW_REQUIRED	Archive member; not approved for suite reuse until behavior, fixtures, safety, and reproducibility are reviewed.
SUPPLEMENTAL	investigations/CP-M 2.2 Compatibility Investigations.zip!043 - CP-M 2.2 Memory and Execution Edge Case Compatibility Semantics/probes/EDGE43.ASM	ASM	1600	75e1ee2f3781254fd5e6441984223ddaaffe9c4626436c1a383c7649d38bf86e	SOURCE_REVIEW_REQUIRED	Archive member; not approved for suite reuse until behavior, fixtures, safety, and reproducibility are reviewed.
SUPPLEMENTAL	investigations/CP-M 2.2 Compatibility Investigations.zip!043 - CP-M 2.2 Memory and Execution Edge Case Compatibility Semantics/probes/EDGE43.COM	COM	571	c2baa2fbcd4698fd537371174f9bfb9e2b0c12dc9c79db9abf59d604df4e9c61	BINARY_ONLY_OR_BUILD_PRODUCT	Archive member; not approved for suite reuse until behavior, fixtures, safety, and reproducibility are reviewed.
SUPPLEMENTAL	investigations/CP-M 2.2 Compatibility Investigations.zip!043 - CP-M 2.2 Memory and Execution Edge Case Compatibility Semantics/probes/EDGE43.expanded.asm	ASM	2228	1dc6f9decea1a4766b20119882031564ea60ad69b7f0ba579fad67ee1a1c425a	SOURCE_REVIEW_REQUIRED	Archive member; not approved for suite reuse until behavior, fixtures, safety, and reproducibility are reviewed.
SUPPLEMENTAL	investigations/CP-M 2.2 Compatibility Investigations.zip!043 - CP-M 2.2 Memory and Execution Edge Case Compatibility Semantics/probes/FN043.ASM	ASM	387	8e2857f4e6cf130829dc9ef277420ad471b7c4eb2239fb23a7612704b7e010f8	SOURCE_REVIEW_REQUIRED	Archive member; not approved for suite reuse until behavior, fixtures, safety, and reproducibility are reviewed.
SUPPLEMENTAL	investigations/CP-M 2.2 Compatibility Investigations.zip!043 - CP-M 2.2 Memory and Execution Edge Case Compatibility Semantics/probes/FN043.COM	COM	208	2c454d538c9f16dc547845d2071ed0fe418ceae95bdbb900ecc8400c4be42463	BINARY_ONLY_OR_BUILD_PRODUCT	Archive member; not approved for suite reuse until behavior, fixtures, safety, and reproducibility are reviewed.
SUPPLEMENTAL	investigations/CP-M 2.2 Compatibility Investigations.zip!043 - CP-M 2.2 Memory and Execution Edge Case Compatibility Semantics/probes/LARGE43.ASM	ASM	126	e15d1523e715951136859b73788723f0b97d6dc0af6a22bbbc88337f206f6791	SOURCE_REVIEW_REQUIRED	Archive member; not approved for suite reuse until behavior, fixtures, safety, and reproducibility are reviewed.
SUPPLEMENTAL	investigations/CP-M 2.2 Compatibility Investigations.zip!043 - CP-M 2.2 Memory and Execution Edge Case Compatibility Semantics/probes/LARGE43.COM	COM	26	0b3746ff620444439715904fb127fc55831f28f9cd4cbec38a76f2657ef0758e	BINARY_ONLY_OR_BUILD_PRODUCT	Archive member; not approved for suite reuse until behavior, fixtures, safety, and reproducibility are reviewed.
SUPPLEMENTAL	investigations/CP-M 2.2 Compatibility Investigations.zip!043 - CP-M 2.2 Memory and Execution Edge Case Compatibility Semantics/probes/MAXBAD43.COM	COM	58112	5f890d350eecab0068140db5cde442eb31a85e1031dd4681c0248d581cb010ce	BINARY_ONLY_OR_BUILD_PRODUCT	Archive member; not approved for suite reuse until behavior, fixtures, safety, and reproducibility are reviewed.
SUPPLEMENTAL	investigations/CP-M 2.2 Compatibility Investigations.zip!043 - CP-M 2.2 Memory and Execution Edge Case Compatibility Semantics/probes/MAXOK43.COM	COM	57984	d588a4fd3a41b9147b047903daee0cdd2d479631b590811cc35ece6312b3e5b3	BINARY_ONLY_OR_BUILD_PRODUCT	Archive member; not approved for suite reuse until behavior, fixtures, safety, and reproducibility are reviewed.
SUPPLEMENTAL	investigations/CP-M 2.2 Compatibility Investigations.zip!043 - CP-M 2.2 Memory and Execution Edge Case Compatibility Semantics/probes/OVER43.ASM	ASM	589	3581bbbcae888341399c1af5529001445284c6a4ee7ff481be06af6dc58a40c7	SOURCE_REVIEW_REQUIRED	Archive member; not approved for suite reuse until behavior, fixtures, safety, and reproducibility are reviewed.
SUPPLEMENTAL	investigations/CP-M 2.2 Compatibility Investigations.zip!043 - CP-M 2.2 Memory and Execution Edge Case Compatibility Semantics/probes/OVER43.COM	COM	246	45aad2bbd38be51be6a7c30bd62ba38a409bcba9e602d48842e5442f7ff3b078	BINARY_ONLY_OR_BUILD_PRODUCT	Archive member; not approved for suite reuse until behavior, fixtures, safety, and reproducibility are reviewed.
SUPPLEMENTAL	investigations/CP-M 2.2 Compatibility Investigations.zip!043 - CP-M 2.2 Memory and Execution Edge Case Compatibility Semantics/probes/ZERORET43.ASM	ASM	242	d39f62238b2befa90fa2289420216cb39ae0a176efa63e3d59bbde6372b9f406	SOURCE_REVIEW_REQUIRED	Archive member; not approved for suite reuse until behavior, fixtures, safety, and reproducibility are reviewed.
SUPPLEMENTAL	investigations/CP-M 2.2 Compatibility Investigations.zip!043 - CP-M 2.2 Memory and Execution Edge Case Compatibility Semantics/probes/ZRET43.COM	COM	37	e8d7fc6adc63188e10aaa9d10865ca33716420515539da4f25597eae520bec53	BINARY_ONLY_OR_BUILD_PRODUCT	Archive member; not approved for suite reuse until behavior, fixtures, safety, and reproducibility are reviewed.
SUPPLEMENTAL	investigations/CP-M 2.2 Compatibility Investigations.zip!043 - CP-M 2.2 Memory and Execution Edge Case Compatibility Semantics/reference/CPMOVE.ASM	ASM	8729	db34f55300d4e97feddec09ac8755a348320423061b66f3fb69350c791e24961	SOURCE_REVIEW_REQUIRED	Archive member; not approved for suite reuse until behavior, fixtures, safety, and reproducibility are reviewed.
SUPPLEMENTAL	investigations/CP-M 2.2 Compatibility Investigations.zip!043 - CP-M 2.2 Memory and Execution Edge Case Compatibility Semantics/reference/DDT2MON.ASM	ASM	33946	a685b7e94931ac08f8fc976bd7a2699c1224dd9dc2ad02424cc1b2278571ede8	SOURCE_REVIEW_REQUIRED	Archive member; not approved for suite reuse until behavior, fixtures, safety, and reproducibility are reviewed.
SUPPLEMENTAL	investigations/CP-M 2.2 Compatibility Investigations.zip!043 - CP-M 2.2 Memory and Execution Edge Case Compatibility Semantics/reference/OS2CCP.ASM	ASM	25707	9d13a24553e16accbb8e2e345a1d3736d4ee4b7d2d80b452818218935cab1188	SOURCE_REVIEW_REQUIRED	Archive member; not approved for suite reuse until behavior, fixtures, safety, and reproducibility are reviewed.
SUPPLEMENTAL	investigations/CP-M 2.2 Compatibility Investigations.zip!043 - CP-M 2.2 Memory and Execution Edge Case Compatibility Semantics/reference/OS3BDOS.ASM	ASM	65525	a22b7dd0f8adaa8dd9affe2cbb0f5749ddf278bf36ca9f94e38f9acf335a44d8	SOURCE_REVIEW_REQUIRED	Archive member; not approved for suite reuse until behavior, fixtures, safety, and reproducibility are reviewed.
SUPPLEMENTAL	investigations/CP-M 2.2 Compatibility Investigations.zip!043 - CP-M 2.2 Memory and Execution Edge Case Compatibility Semantics/reference/XSUB1.ASM	ASM	3461	666167d30273ee17825d76dd582328841aeb3230e90ed2762c4059a7d7bfb932	SOURCE_REVIEW_REQUIRED	Archive member; not approved for suite reuse until behavior, fixtures, safety, and reproducibility are reviewed.
SUPPLEMENTAL	investigations/CP-M 2.2 Compatibility Investigations.zip!044 - CP-M 2.2 Failure, Recovery, and Boundary Condition Compatibility Semantics/probes/FAIL44.ASM	ASM	2689	fe27e6b3eaa39e477bc704de54176f67db3f99ea7b8d79a9641ec3d7149ea141	SOURCE_REVIEW_REQUIRED	Archive member; not approved for suite reuse until behavior, fixtures, safety, and reproducibility are reviewed.
SUPPLEMENTAL	investigations/CP-M 2.2 Compatibility Investigations.zip!044 - CP-M 2.2 Failure, Recovery, and Boundary Condition Compatibility Semantics/probes/FAIL44.COM	COM	565	dd8b65c4b04b23310f4436a368699939d7b68baa361d82b048da1d77bb5233a6	BINARY_ONLY_OR_BUILD_PRODUCT	Archive member; not approved for suite reuse until behavior, fixtures, safety, and reproducibility are reviewed.
SUPPLEMENTAL	investigations/CP-M 2.2 Compatibility Investigations.zip!044 - CP-M 2.2 Failure, Recovery, and Boundary Condition Compatibility Semantics/probes/reference-instrumentation/OPEN25.ASM	ASM	1539	1c7a787034ae0f033d2452dbfc665fb26733812149d233ebe60aed7197380ba7	SOURCE_REVIEW_REQUIRED	Archive member; not approved for suite reuse until behavior, fixtures, safety, and reproducibility are reviewed.
SUPPLEMENTAL	investigations/CP-M 2.2 Compatibility Investigations.zip!044 - CP-M 2.2 Failure, Recovery, and Boundary Condition Compatibility Semantics/probes/reference-instrumentation/OPEN25.COM	COM	392	623d9326205d4ece73fa19b7c06c294379ba3585a978a950722205b1301521f2	BINARY_ONLY_OR_BUILD_PRODUCT	Archive member; not approved for suite reuse until behavior, fixtures, safety, and reproducibility are reviewed.
SUPPLEMENTAL	investigations/CP-M 2.2 Compatibility Investigations.zip!044 - CP-M 2.2 Failure, Recovery, and Boundary Condition Compatibility Semantics/probes/reference-instrumentation/PHYS015.ASM	ASM	5123	84b2ec892d070f363da5f0590f7a9aa74e379cf4052359124e434e14dd2349d2	SOURCE_REVIEW_REQUIRED	Archive member; not approved for suite reuse until behavior, fixtures, safety, and reproducibility are reviewed.
SUPPLEMENTAL	investigations/CP-M 2.2 Compatibility Investigations.zip!044 - CP-M 2.2 Failure, Recovery, and Boundary Condition Compatibility Semantics/probes/reference-instrumentation/PHYS015.COM	COM	1192	63e560e7de38a7792186831d7757e17ae8b2500d5283806ba559383f30c209d8	BINARY_ONLY_OR_BUILD_PRODUCT	Archive member; not approved for suite reuse until behavior, fixtures, safety, and reproducibility are reviewed.
SUPPLEMENTAL	investigations/CP-M 2.2 Compatibility Investigations.zip!044 - CP-M 2.2 Failure, Recovery, and Boundary Condition Compatibility Semantics/probes/reference-instrumentation/WRITE25.ASM	ASM	1295	e18e5b3aadd32c6d6d8c64186f6e54fae3dcc8b9cd86f1d37a058a7cd493f73b	SOURCE_REVIEW_REQUIRED	Archive member; not approved for suite reuse until behavior, fixtures, safety, and reproducibility are reviewed.
SUPPLEMENTAL	investigations/CP-M 2.2 Compatibility Investigations.zip!044 - CP-M 2.2 Failure, Recovery, and Boundary Condition Compatibility Semantics/probes/reference-instrumentation/WRITE25.COM	COM	318	99407e355da39f938d92ee778bc4c3b16876b129d8669771c08d6039ccb83028	BINARY_ONLY_OR_BUILD_PRODUCT	Archive member; not approved for suite reuse until behavior, fixtures, safety, and reproducibility are reviewed.
SUPPLEMENTAL	investigations/CP-M 2.2 Compatibility Investigations.zip!044 - CP-M 2.2 Failure, Recovery, and Boundary Condition Compatibility Semantics/reference/sources/CBIOS.ASM	ASM	8734	c0652de9937d419c7ad42113c4136558234a7009010c707d92df639fd3d7a249	SOURCE_REVIEW_REQUIRED	Archive member; not approved for suite reuse until behavior, fixtures, safety, and reproducibility are reviewed.
SUPPLEMENTAL	investigations/CP-M 2.2 Compatibility Investigations.zip!044 - CP-M 2.2 Failure, Recovery, and Boundary Condition Compatibility Semantics/reference/sources/OS2CCP.ASM	ASM	25707	9d13a24553e16accbb8e2e345a1d3736d4ee4b7d2d80b452818218935cab1188	SOURCE_REVIEW_REQUIRED	Archive member; not approved for suite reuse until behavior, fixtures, safety, and reproducibility are reviewed.
SUPPLEMENTAL	investigations/CP-M 2.2 Compatibility Investigations.zip!044 - CP-M 2.2 Failure, Recovery, and Boundary Condition Compatibility Semantics/reference/sources/OS3BDOS.ASM	ASM	65525	a22b7dd0f8adaa8dd9affe2cbb0f5749ddf278bf36ca9f94e38f9acf335a44d8	SOURCE_REVIEW_REQUIRED	Archive member; not approved for suite reuse until behavior, fixtures, safety, and reproducibility are reviewed.
SUPPLEMENTAL	investigations/CP-M 2.2 Compatibility Investigations.zip!045 - CP-M 2.2 Cross-Layer Compatibility Boundary Review/probes/CROSS45.ASM	ASM	3900	8b445dde5c6486d004b48d25b183f2f7b44c272ede65919f9d6859a46e291c1b	SOURCE_REVIEW_REQUIRED	Archive member; not approved for suite reuse until behavior, fixtures, safety, and reproducibility are reviewed.
SUPPLEMENTAL	investigations/CP-M 2.2 Compatibility Investigations.zip!045 - CP-M 2.2 Cross-Layer Compatibility Boundary Review/probes/CROSS45.COM	COM	865	2a9a8b414f70e45da39eca692d89028536d9d28bf23bfe1f53345fa5e3bb4b6b	BINARY_ONLY_OR_BUILD_PRODUCT	Archive member; not approved for suite reuse until behavior, fixtures, safety, and reproducibility are reviewed.
SUPPLEMENTAL	investigations/CP-M 2.2 Compatibility Investigations.zip!045 - CP-M 2.2 Cross-Layer Compatibility Boundary Review/probes/reference-instrumentation/PHYS015.ASM	ASM	5123	84b2ec892d070f363da5f0590f7a9aa74e379cf4052359124e434e14dd2349d2	SOURCE_REVIEW_REQUIRED	Archive member; not approved for suite reuse until behavior, fixtures, safety, and reproducibility are reviewed.
SUPPLEMENTAL	investigations/CP-M 2.2 Compatibility Investigations.zip!045 - CP-M 2.2 Cross-Layer Compatibility Boundary Review/probes/reference-instrumentation/PHYS015.COM	COM	1192	63e560e7de38a7792186831d7757e17ae8b2500d5283806ba559383f30c209d8	BINARY_ONLY_OR_BUILD_PRODUCT	Archive member; not approved for suite reuse until behavior, fixtures, safety, and reproducibility are reviewed.
SUPPLEMENTAL	investigations/CP-M 2.2 Compatibility Investigations.zip!045 - CP-M 2.2 Cross-Layer Compatibility Boundary Review/reference/sources/CBIOS.ASM	ASM	8734	c0652de9937d419c7ad42113c4136558234a7009010c707d92df639fd3d7a249	SOURCE_REVIEW_REQUIRED	Archive member; not approved for suite reuse until behavior, fixtures, safety, and reproducibility are reviewed.
SUPPLEMENTAL	investigations/CP-M 2.2 Compatibility Investigations.zip!045 - CP-M 2.2 Cross-Layer Compatibility Boundary Review/reference/sources/OS2CCP.ASM	ASM	25707	9d13a24553e16accbb8e2e345a1d3736d4ee4b7d2d80b452818218935cab1188	SOURCE_REVIEW_REQUIRED	Archive member; not approved for suite reuse until behavior, fixtures, safety, and reproducibility are reviewed.
SUPPLEMENTAL	investigations/CP-M 2.2 Compatibility Investigations.zip!045 - CP-M 2.2 Cross-Layer Compatibility Boundary Review/reference/sources/OS3BDOS.ASM	ASM	65525	a22b7dd0f8adaa8dd9affe2cbb0f5749ddf278bf36ca9f94e38f9acf335a44d8	SOURCE_REVIEW_REQUIRED	Archive member; not approved for suite reuse until behavior, fixtures, safety, and reproducibility are reviewed.
SUPPLEMENTAL	investigations/CP-M 2.2 Compatibility Investigations.zip!046 - CP-M 2.2 Compatibility Boundary Closure and Remaining Gap Analysis/probes/GAP46.ASM	ASM	3369	5bad88f65c19790aaf903fac4b14070c74a37be85d0dbbe17db472fff9973a10	SOURCE_REVIEW_REQUIRED	Archive member; not approved for suite reuse until behavior, fixtures, safety, and reproducibility are reviewed.
SUPPLEMENTAL	investigations/CP-M 2.2 Compatibility Investigations.zip!046 - CP-M 2.2 Compatibility Boundary Closure and Remaining Gap Analysis/probes/GAP46.COM	COM	710	81883f9b8b785352c55237a991e2b964d41782a1ae67fedc503ac5b248ed76cd	BINARY_ONLY_OR_BUILD_PRODUCT	Archive member; not approved for suite reuse until behavior, fixtures, safety, and reproducibility are reviewed.
SUPPLEMENTAL	investigations/CP-M 2.2 Compatibility Investigations.zip!046 - CP-M 2.2 Compatibility Boundary Closure and Remaining Gap Analysis/probes/reference-instrumentation/CROSS45.ASM	ASM	3900	8b445dde5c6486d004b48d25b183f2f7b44c272ede65919f9d6859a46e291c1b	SOURCE_REVIEW_REQUIRED	Archive member; not approved for suite reuse until behavior, fixtures, safety, and reproducibility are reviewed.
SUPPLEMENTAL	investigations/CP-M 2.2 Compatibility Investigations.zip!046 - CP-M 2.2 Compatibility Boundary Closure and Remaining Gap Analysis/probes/reference-instrumentation/CROSS45.COM	COM	865	2a9a8b414f70e45da39eca692d89028536d9d28bf23bfe1f53345fa5e3bb4b6b	BINARY_ONLY_OR_BUILD_PRODUCT	Archive member; not approved for suite reuse until behavior, fixtures, safety, and reproducibility are reviewed.
SUPPLEMENTAL	investigations/CP-M 2.2 Compatibility Investigations.zip!046 - CP-M 2.2 Compatibility Boundary Closure and Remaining Gap Analysis/reference/sources/OS2CCP.ASM	ASM	25707	9d13a24553e16accbb8e2e345a1d3736d4ee4b7d2d80b452818218935cab1188	SOURCE_REVIEW_REQUIRED	Archive member; not approved for suite reuse until behavior, fixtures, safety, and reproducibility are reviewed.
SUPPLEMENTAL	investigations/CP-M 2.2 Compatibility Investigations.zip!046 - CP-M 2.2 Compatibility Boundary Closure and Remaining Gap Analysis/reference/sources/OS3BDOS.ASM	ASM	65525	a22b7dd0f8adaa8dd9affe2cbb0f5749ddf278bf36ca9f94e38f9acf335a44d8	SOURCE_REVIEW_REQUIRED	Archive member; not approved for suite reuse until behavior, fixtures, safety, and reproducibility are reviewed.
SUPPLEMENTAL	investigations/CP-M 2.2 Compatibility Investigations.zip!047 - CP-M 2.2 Standard Utility Compatibility Survey/probes/HELLO42.ASM	ASM	136	a806a0720ebd68fd383ad7df91c0edebfef7f26700d1bbd5426a7e9311994437	SOURCE_REVIEW_REQUIRED	Archive member; not approved for suite reuse until behavior, fixtures, safety, and reproducibility are reviewed.
SUPPLEMENTAL	investigations/CP-M 2.2 Compatibility Investigations.zip!047 - CP-M 2.2 Standard Utility Compatibility Survey/probes/IN42.ASM	ASM	975	6a088c9e08b6784fbcdcb08f3cd6802c1de8c75ae91d03b5c2122269e8f5a0ae	SOURCE_REVIEW_REQUIRED	Archive member; not approved for suite reuse until behavior, fixtures, safety, and reproducibility are reviewed.
SUPPLEMENTAL	investigations/CP-M 2.2 Compatibility Investigations.zip!047 - CP-M 2.2 Standard Utility Compatibility Survey/probes/IN42.COM	COM	138	1e6a394edafd0066feb5552f5e5efffe1d8df3b0590a2feac463f08cc31fffb8	BINARY_ONLY_OR_BUILD_PRODUCT	Archive member; not approved for suite reuse until behavior, fixtures, safety, and reproducibility are reviewed.
SUPPLEMENTAL	investigations/CP-M 2.2 Compatibility Investigations.zip!047 - CP-M 2.2 Standard Utility Compatibility Survey/probes/IN42.rebuilt.COM	COM	138	1e6a394edafd0066feb5552f5e5efffe1d8df3b0590a2feac463f08cc31fffb8	BINARY_ONLY_OR_BUILD_PRODUCT	Archive member; not approved for suite reuse until behavior, fixtures, safety, and reproducibility are reviewed.
SUPPLEMENTAL	investigations/CP-M 2.2 Compatibility Investigations.zip!047 - CP-M 2.2 Standard Utility Compatibility Survey/probes/transcripts/COPY47.ASM	ASM	136	a806a0720ebd68fd383ad7df91c0edebfef7f26700d1bbd5426a7e9311994437	SOURCE_REVIEW_REQUIRED	Archive member; not approved for suite reuse until behavior, fixtures, safety, and reproducibility are reviewed.
SUPPLEMENTAL	investigations/CP-M 2.2 Compatibility Investigations.zip!047 - CP-M 2.2 Standard Utility Compatibility Survey/reference/software/ASM.COM	COM	8192	ef403388a04f18d735984fe497f9fa5dbb48f114b52dab323e33e82073133c2c	BINARY_ONLY_OR_BUILD_PRODUCT	Archive member; not approved for suite reuse until behavior, fixtures, safety, and reproducibility are reviewed.
SUPPLEMENTAL	investigations/CP-M 2.2 Compatibility Investigations.zip!047 - CP-M 2.2 Standard Utility Compatibility Survey/reference/software/DDT.COM	COM	4864	5fb0dc5902d33253e015a57e25acbac280999cc26b055518c3f7c98835b37579	BINARY_ONLY_OR_BUILD_PRODUCT	Archive member; not approved for suite reuse until behavior, fixtures, safety, and reproducibility are reviewed.
SUPPLEMENTAL	investigations/CP-M 2.2 Compatibility Investigations.zip!047 - CP-M 2.2 Standard Utility Compatibility Survey/reference/software/ED.COM	COM	6656	adeeb92c897bd6a07579f06d163bd6ded549842203a5459c88a93d26c65fe85f	BINARY_ONLY_OR_BUILD_PRODUCT	Archive member; not approved for suite reuse until behavior, fixtures, safety, and reproducibility are reviewed.
SUPPLEMENTAL	investigations/CP-M 2.2 Compatibility Investigations.zip!047 - CP-M 2.2 Standard Utility Compatibility Survey/reference/software/LOAD.COM	COM	1729	9d04ec89aef64ba9b6a21d275d5b9bc4621423ff0c997a44b89c6700113b0d52	BINARY_ONLY_OR_BUILD_PRODUCT	Archive member; not approved for suite reuse until behavior, fixtures, safety, and reproducibility are reviewed.
SUPPLEMENTAL	investigations/CP-M 2.2 Compatibility Investigations.zip!047 - CP-M 2.2 Standard Utility Compatibility Survey/reference/software/PIP.COM	COM	7424	3edca419e4fe5643d21ef62f064ed4c432344b568742f11aca5c887297f3a4ae	BINARY_ONLY_OR_BUILD_PRODUCT	Archive member; not approved for suite reuse until behavior, fixtures, safety, and reproducibility are reviewed.
SUPPLEMENTAL	investigations/CP-M 2.2 Compatibility Investigations.zip!047 - CP-M 2.2 Standard Utility Compatibility Survey/reference/software/STAT.COM	COM	5120	1bab451f2e5b1beb656c938feaea294cdb5627ebf3390a7ae1a5d16a4329c1a4	BINARY_ONLY_OR_BUILD_PRODUCT	Archive member; not approved for suite reuse until behavior, fixtures, safety, and reproducibility are reviewed.
SUPPLEMENTAL	investigations/CP-M 2.2 Compatibility Investigations.zip!047 - CP-M 2.2 Standard Utility Compatibility Survey/reference/software/SUBMIT.COM	COM	1280	58c1bffcd07a52e37939de20ce4799be92018a28846351928f4631ecebd27a5c	BINARY_ONLY_OR_BUILD_PRODUCT	Archive member; not approved for suite reuse until behavior, fixtures, safety, and reproducibility are reviewed.
SUPPLEMENTAL	investigations/CP-M 2.2 Compatibility Investigations.zip!047 - CP-M 2.2 Standard Utility Compatibility Survey/reference/software/XSUB.COM	COM	768	70b2613c61c8ababb972faae71b37d0807d82eabb06f3c42f5b1d3781a00597e	BINARY_ONLY_OR_BUILD_PRODUCT	Archive member; not approved for suite reuse until behavior, fixtures, safety, and reproducibility are reviewed.
SUPPLEMENTAL	investigations/CP-M 2.2 Compatibility Investigations.zip!047 - CP-M 2.2 Standard Utility Compatibility Survey/reference/sources/AS0COM.ASM	ASM	1255	d9b34c3169bda7f2600f5a337f1f42064c1a5f41194ff3f2a7a502068e403c9a	SOURCE_REVIEW_REQUIRED	Archive member; not approved for suite reuse until behavior, fixtures, safety, and reproducibility are reviewed.
SUPPLEMENTAL	investigations/CP-M 2.2 Compatibility Investigations.zip!047 - CP-M 2.2 Standard Utility Compatibility Survey/reference/sources/AS1IO.ASM	ASM	13650	70ec74d7cb9d983fe52084ae998a38fc313753d4e6e1de749d568a31d8aafb70	SOURCE_REVIEW_REQUIRED	Archive member; not approved for suite reuse until behavior, fixtures, safety, and reproducibility are reviewed.
SUPPLEMENTAL	investigations/CP-M 2.2 Compatibility Investigations.zip!047 - CP-M 2.2 Standard Utility Compatibility Survey/reference/sources/AS2SCAN.ASM	ASM	7708	a146be4e05466a2d606e75bba7f4e58b22021c71fb1dec3f14d71fc9f5e422e7	SOURCE_REVIEW_REQUIRED	Archive member; not approved for suite reuse until behavior, fixtures, safety, and reproducibility are reviewed.
SUPPLEMENTAL	investigations/CP-M 2.2 Compatibility Investigations.zip!047 - CP-M 2.2 Standard Utility Compatibility Survey/reference/sources/AS3SYM.ASM	ASM	8798	9ce79a709cb32020c2a7d8d734c9adf4be0bec05315517229314d3d5c34f8511	SOURCE_REVIEW_REQUIRED	Archive member; not approved for suite reuse until behavior, fixtures, safety, and reproducibility are reviewed.
SUPPLEMENTAL	investigations/CP-M 2.2 Compatibility Investigations.zip!047 - CP-M 2.2 Standard Utility Compatibility Survey/reference/sources/AS4SEAR.ASM	ASM	9750	3afcaf8585aeb3449a9502f557f9d9cbc8fd449394f3d1b55c7ff85115b5d4fc	SOURCE_REVIEW_REQUIRED	Archive member; not approved for suite reuse until behavior, fixtures, safety, and reproducibility are reviewed.
SUPPLEMENTAL	investigations/CP-M 2.2 Compatibility Investigations.zip!047 - CP-M 2.2 Standard Utility Compatibility Survey/reference/sources/AS5OPER.ASM	ASM	11192	d62b4b79fd8156613f3e9d3d53288f5accb8c21f7b3559592d1252a2e0178ea4	SOURCE_REVIEW_REQUIRED	Archive member; not approved for suite reuse until behavior, fixtures, safety, and reproducibility are reviewed.
SUPPLEMENTAL	investigations/CP-M 2.2 Compatibility Investigations.zip!047 - CP-M 2.2 Standard Utility Compatibility Survey/reference/sources/AS6MAIN.ASM	ASM	18085	a55feb34f3488a9201bacb49da76e72700398527f6889a5c681e212a45c92055	SOURCE_REVIEW_REQUIRED	Archive member; not approved for suite reuse until behavior, fixtures, safety, and reproducibility are reviewed.
SUPPLEMENTAL	investigations/CP-M 2.2 Compatibility Investigations.zip!047 - CP-M 2.2 Standard Utility Compatibility Survey/reference/sources/DDT2MON.ASM	ASM	33946	a685b7e94931ac08f8fc976bd7a2699c1224dd9dc2ad02424cc1b2278571ede8	SOURCE_REVIEW_REQUIRED	Archive member; not approved for suite reuse until behavior, fixtures, safety, and reproducibility are reviewed.
SUPPLEMENTAL	investigations/CP-M 2.2 Compatibility Investigations.zip!047 - CP-M 2.2 Standard Utility Compatibility Survey/reference/sources/XSUB1.ASM	ASM	3461	666167d30273ee17825d76dd582328841aeb3230e90ed2762c4059a7d7bfb932	SOURCE_REVIEW_REQUIRED	Archive member; not approved for suite reuse until behavior, fixtures, safety, and reproducibility are reviewed.
SUPPLEMENTAL	investigations/CP-M 2.2 Compatibility Investigations.zip!048 - CP-M 2.2 Development Toolchain Compatibility Survey/probes/ABS48.ASM	ASM	137	d6cd0164e8a733e2362c4807a2412a120469cab70686b4168f00f894f505fa4f	SOURCE_REVIEW_REQUIRED	Archive member; not approved for suite reuse until behavior, fixtures, safety, and reproducibility are reviewed.
SUPPLEMENTAL	investigations/CP-M 2.2 Compatibility Investigations.zip!048 - CP-M 2.2 Development Toolchain Compatibility Survey/probes/BAD48.ASM	ASM	83	6d2215be536f996fb1e763dbdcfaf7c2fafed4b55c3f2cf2e83c00bf70fe189d	SOURCE_REVIEW_REQUIRED	Archive member; not approved for suite reuse until behavior, fixtures, safety, and reproducibility are reviewed.
SUPPLEMENTAL	investigations/CP-M 2.2 Compatibility Investigations.zip!048 - CP-M 2.2 Development Toolchain Compatibility Survey/probes/BIG48.ASM	ASM	149	9168fa0f9ddeeef412d847041f9d0e1aad1e16379fdb0758a2d8546e3def31fa	SOURCE_REVIEW_REQUIRED	Archive member; not approved for suite reuse until behavior, fixtures, safety, and reproducibility are reviewed.
SUPPLEMENTAL	investigations/CP-M 2.2 Compatibility Investigations.zip!048 - CP-M 2.2 Development Toolchain Compatibility Survey/probes/MACRO48.ASM	ASM	196	4ee5ee57cb037636fc2194142777ec004024213e028718ed717b27eab74e0683	SOURCE_REVIEW_REQUIRED	Archive member; not approved for suite reuse until behavior, fixtures, safety, and reproducibility are reviewed.
SUPPLEMENTAL	investigations/CP-M 2.2 Compatibility Investigations.zip!048 - CP-M 2.2 Development Toolchain Compatibility Survey/probes/MAIN48.ASM	ASM	83	976def648068557c86838fe835bb760745a5f38173b73222e9e8df69d78cc9c1	SOURCE_REVIEW_REQUIRED	Archive member; not approved for suite reuse until behavior, fixtures, safety, and reproducibility are reviewed.
SUPPLEMENTAL	investigations/CP-M 2.2 Compatibility Investigations.zip!048 - CP-M 2.2 Development Toolchain Compatibility Survey/probes/MSG48.ASM	ASM	153	f1e359dbb86ad64aa9c1c4e5f561a7a7ee3431b7e9755c46402b88e44fe736e4	SOURCE_REVIEW_REQUIRED	Archive member; not approved for suite reuse until behavior, fixtures, safety, and reproducibility are reviewed.
SUPPLEMENTAL	investigations/CP-M 2.2 Compatibility Investigations.zip!048 - CP-M 2.2 Development Toolchain Compatibility Survey/probes/transcripts/ABS48.COM	COM	128	a4583054aabdc89dfe993ab665af3ef5003d3356b0fe49ed96b365e591e2cb61	BINARY_ONLY_OR_BUILD_PRODUCT	Archive member; not approved for suite reuse until behavior, fixtures, safety, and reproducibility are reviewed.
SUPPLEMENTAL	investigations/CP-M 2.2 Compatibility Investigations.zip!048 - CP-M 2.2 Development Toolchain Compatibility Survey/probes/transcripts/BADOUT.COM	COM	128	7cb2a553bfe9a793dfbf5d56f823e5cbf866d3dd9c054ad230f495f926435620	BINARY_ONLY_OR_BUILD_PRODUCT	Archive member; not approved for suite reuse until behavior, fixtures, safety, and reproducibility are reviewed.
SUPPLEMENTAL	investigations/CP-M 2.2 Compatibility Investigations.zip!048 - CP-M 2.2 Development Toolchain Compatibility Survey/probes/transcripts/BATCH48.COM	COM	128	71bb5e4208d179ac4ad8aa164491f3113a1aa7c30c4a52f5e69ca111af01cd71	BINARY_ONLY_OR_BUILD_PRODUCT	Archive member; not approved for suite reuse until behavior, fixtures, safety, and reproducibility are reviewed.
SUPPLEMENTAL	investigations/CP-M 2.2 Compatibility Investigations.zip!048 - CP-M 2.2 Development Toolchain Compatibility Survey/probes/transcripts/BIG48.COM	COM	384	351a640a34999f3d92b5cddd18d257c798d586c821c4c3631732c79666225385	BINARY_ONLY_OR_BUILD_PRODUCT	Archive member; not approved for suite reuse until behavior, fixtures, safety, and reproducibility are reviewed.
SUPPLEMENTAL	investigations/CP-M 2.2 Compatibility Investigations.zip!048 - CP-M 2.2 Development Toolchain Compatibility Survey/probes/transcripts/DEV48.COM	COM	128	71bb5e4208d179ac4ad8aa164491f3113a1aa7c30c4a52f5e69ca111af01cd71	BINARY_ONLY_OR_BUILD_PRODUCT	Archive member; not approved for suite reuse until behavior, fixtures, safety, and reproducibility are reviewed.
SUPPLEMENTAL	investigations/CP-M 2.2 Compatibility Investigations.zip!048 - CP-M 2.2 Development Toolchain Compatibility Survey/probes/transcripts/MACRO48.COM	COM	128	790cfd4fac4d569cb294f907bfba49e2991cce153b5c20da0a6ad1beb7ef84eb	BINARY_ONLY_OR_BUILD_PRODUCT	Archive member; not approved for suite reuse until behavior, fixtures, safety, and reproducibility are reviewed.
SUPPLEMENTAL	investigations/CP-M 2.2 Compatibility Investigations.zip!048 - CP-M 2.2 Development Toolchain Compatibility Survey/reference/software/ASM.COM	COM	8192	ef403388a04f18d735984fe497f9fa5dbb48f114b52dab323e33e82073133c2c	BINARY_ONLY_OR_BUILD_PRODUCT	Archive member; not approved for suite reuse until behavior, fixtures, safety, and reproducibility are reviewed.
SUPPLEMENTAL	investigations/CP-M 2.2 Compatibility Investigations.zip!048 - CP-M 2.2 Development Toolchain Compatibility Survey/reference/software/CREF80.COM	COM	4096	a6af6a88d33a7d0ca993bd3a77b9b2254eaa20478796d2ae8476da0a2cab7948	BINARY_ONLY_OR_BUILD_PRODUCT	Archive member; not approved for suite reuse until behavior, fixtures, safety, and reproducibility are reviewed.
SUPPLEMENTAL	investigations/CP-M 2.2 Compatibility Investigations.zip!048 - CP-M 2.2 Development Toolchain Compatibility Survey/reference/software/DDT.COM	COM	4864	5fb0dc5902d33253e015a57e25acbac280999cc26b055518c3f7c98835b37579	BINARY_ONLY_OR_BUILD_PRODUCT	Archive member; not approved for suite reuse until behavior, fixtures, safety, and reproducibility are reviewed.
SUPPLEMENTAL	investigations/CP-M 2.2 Compatibility Investigations.zip!048 - CP-M 2.2 Development Toolchain Compatibility Survey/reference/software/L80.COM	COM	10752	7407f61e7788660550ea0a12ba44794f9786235c0a58aafb6d6c4bc3329d2831	BINARY_ONLY_OR_BUILD_PRODUCT	Archive member; not approved for suite reuse until behavior, fixtures, safety, and reproducibility are reviewed.
SUPPLEMENTAL	investigations/CP-M 2.2 Compatibility Investigations.zip!048 - CP-M 2.2 Development Toolchain Compatibility Survey/reference/software/LIB.COM	COM	7168	177cc214020bbe35f38f9a157f553f6e9eb86d37ab06a09574c9e56321f2ac5f	BINARY_ONLY_OR_BUILD_PRODUCT	Archive member; not approved for suite reuse until behavior, fixtures, safety, and reproducibility are reviewed.
SUPPLEMENTAL	investigations/CP-M 2.2 Compatibility Investigations.zip!048 - CP-M 2.2 Development Toolchain Compatibility Survey/reference/software/LIB80.COM	COM	4736	28f5af4a73e5317af265abde3d58658df13090bd28a59dafeb5a061f4623aaba	BINARY_ONLY_OR_BUILD_PRODUCT	Archive member; not approved for suite reuse until behavior, fixtures, safety, and reproducibility are reviewed.
SUPPLEMENTAL	investigations/CP-M 2.2 Compatibility Investigations.zip!048 - CP-M 2.2 Development Toolchain Compatibility Survey/reference/software/LINK.COM	COM	15616	82df88a9bcfb1068eb37df08df6d664711d20c73ddae66b81577dfed02642677	BINARY_ONLY_OR_BUILD_PRODUCT	Archive member; not approved for suite reuse until behavior, fixtures, safety, and reproducibility are reviewed.
SUPPLEMENTAL	investigations/CP-M 2.2 Compatibility Investigations.zip!048 - CP-M 2.2 Development Toolchain Compatibility Survey/reference/software/LOAD.COM	COM	1792	1f78ebc3c33ad6abacc85fdd5aeceae3994cf81687e92009a11faa0acef7c91d	BINARY_ONLY_OR_BUILD_PRODUCT	Archive member; not approved for suite reuse until behavior, fixtures, safety, and reproducibility are reviewed.
SUPPLEMENTAL	investigations/CP-M 2.2 Compatibility Investigations.zip!048 - CP-M 2.2 Development Toolchain Compatibility Survey/reference/software/M80.COM	COM	20096	8729b411cb76a0d3bddf84926a2d4245838d39de0bf85e7ca48c4a2d8ba8c663	BINARY_ONLY_OR_BUILD_PRODUCT	Archive member; not approved for suite reuse until behavior, fixtures, safety, and reproducibility are reviewed.
SUPPLEMENTAL	investigations/CP-M 2.2 Compatibility Investigations.zip!048 - CP-M 2.2 Development Toolchain Compatibility Survey/reference/software/MAC.COM	COM	11776	aad715f607cfa02f922c24b4e57c36312fd876f76e03c584fac689dce690d08c	BINARY_ONLY_OR_BUILD_PRODUCT	Archive member; not approved for suite reuse until behavior, fixtures, safety, and reproducibility are reviewed.
SUPPLEMENTAL	investigations/CP-M 2.2 Compatibility Investigations.zip!048 - CP-M 2.2 Development Toolchain Compatibility Survey/reference/software/RMAC.COM	COM	13568	c83f1cac01c5c1ca1af6c61a3fd156c8a49a46f290bd1a9f176c36946bb0435a	BINARY_ONLY_OR_BUILD_PRODUCT	Archive member; not approved for suite reuse until behavior, fixtures, safety, and reproducibility are reviewed.
SUPPLEMENTAL	investigations/CP-M 2.2 Compatibility Investigations.zip!048 - CP-M 2.2 Development Toolchain Compatibility Survey/reference/software/SID.COM	COM	7808	306bacaf23db0a7646b8d149c4c185201532cd876bb7b8b22d7b4be39c820f83	BINARY_ONLY_OR_BUILD_PRODUCT	Archive member; not approved for suite reuse until behavior, fixtures, safety, and reproducibility are reviewed.
SUPPLEMENTAL	investigations/CP-M 2.2 Compatibility Investigations.zip!048 - CP-M 2.2 Development Toolchain Compatibility Survey/reference/software/SLRNK.COM	COM	8704	a2670b4e60e449b4c961943825dadb2b1a88e9f2f4ca9cc2de6d8d6b0f6e30aa	BINARY_ONLY_OR_BUILD_PRODUCT	Archive member; not approved for suite reuse until behavior, fixtures, safety, and reproducibility are reviewed.
SUPPLEMENTAL	investigations/CP-M 2.2 Compatibility Investigations.zip!048 - CP-M 2.2 Development Toolchain Compatibility Survey/reference/software/Z80ASM.COM	COM	24704	d4e4b6bbfcd37268685e979569b57d3c987b188f09248932fb21848646530f12	BINARY_ONLY_OR_BUILD_PRODUCT	Archive member; not approved for suite reuse until behavior, fixtures, safety, and reproducibility are reviewed.
SUPPLEMENTAL	investigations/CP-M 2.2 Compatibility Investigations.zip!048 - CP-M 2.2 Development Toolchain Compatibility Survey/reference/software/ZSID.COM	COM	10240	10bd3cf5eee29dc871dfb8be2634d360c362aaf70e2805230869451ba8b70db4	BINARY_ONLY_OR_BUILD_PRODUCT	Archive member; not approved for suite reuse until behavior, fixtures, safety, and reproducibility are reviewed.
SUPPLEMENTAL	investigations/CP-M 2.2 Compatibility Investigations.zip!048 - CP-M 2.2 Development Toolchain Compatibility Survey/reference/sources/AS0COM.ASM	ASM	1255	d9b34c3169bda7f2600f5a337f1f42064c1a5f41194ff3f2a7a502068e403c9a	SOURCE_REVIEW_REQUIRED	Archive member; not approved for suite reuse until behavior, fixtures, safety, and reproducibility are reviewed.
SUPPLEMENTAL	investigations/CP-M 2.2 Compatibility Investigations.zip!048 - CP-M 2.2 Development Toolchain Compatibility Survey/reference/sources/AS1IO.ASM	ASM	13650	70ec74d7cb9d983fe52084ae998a38fc313753d4e6e1de749d568a31d8aafb70	SOURCE_REVIEW_REQUIRED	Archive member; not approved for suite reuse until behavior, fixtures, safety, and reproducibility are reviewed.
SUPPLEMENTAL	investigations/CP-M 2.2 Compatibility Investigations.zip!048 - CP-M 2.2 Development Toolchain Compatibility Survey/reference/sources/AS2SCAN.ASM	ASM	7708	a146be4e05466a2d606e75bba7f4e58b22021c71fb1dec3f14d71fc9f5e422e7	SOURCE_REVIEW_REQUIRED	Archive member; not approved for suite reuse until behavior, fixtures, safety, and reproducibility are reviewed.
SUPPLEMENTAL	investigations/CP-M 2.2 Compatibility Investigations.zip!048 - CP-M 2.2 Development Toolchain Compatibility Survey/reference/sources/AS3SYM.ASM	ASM	8798	9ce79a709cb32020c2a7d8d734c9adf4be0bec05315517229314d3d5c34f8511	SOURCE_REVIEW_REQUIRED	Archive member; not approved for suite reuse until behavior, fixtures, safety, and reproducibility are reviewed.
SUPPLEMENTAL	investigations/CP-M 2.2 Compatibility Investigations.zip!048 - CP-M 2.2 Development Toolchain Compatibility Survey/reference/sources/AS4SEAR.ASM	ASM	9750	3afcaf8585aeb3449a9502f557f9d9cbc8fd449394f3d1b55c7ff85115b5d4fc	SOURCE_REVIEW_REQUIRED	Archive member; not approved for suite reuse until behavior, fixtures, safety, and reproducibility are reviewed.
SUPPLEMENTAL	investigations/CP-M 2.2 Compatibility Investigations.zip!048 - CP-M 2.2 Development Toolchain Compatibility Survey/reference/sources/AS5OPER.ASM	ASM	11192	d62b4b79fd8156613f3e9d3d53288f5accb8c21f7b3559592d1252a2e0178ea4	SOURCE_REVIEW_REQUIRED	Archive member; not approved for suite reuse until behavior, fixtures, safety, and reproducibility are reviewed.
SUPPLEMENTAL	investigations/CP-M 2.2 Compatibility Investigations.zip!048 - CP-M 2.2 Development Toolchain Compatibility Survey/reference/sources/AS6MAIN.ASM	ASM	18085	a55feb34f3488a9201bacb49da76e72700398527f6889a5c681e212a45c92055	SOURCE_REVIEW_REQUIRED	Archive member; not approved for suite reuse until behavior, fixtures, safety, and reproducibility are reviewed.
SUPPLEMENTAL	investigations/CP-M 2.2 Compatibility Investigations.zip!048 - CP-M 2.2 Development Toolchain Compatibility Survey/reference/sources/DDT0MOV.ASM	ASM	2246	177203dfc92136cd78191f475413c0b9a82b0e815ee956b99ccd70098d47516f	SOURCE_REVIEW_REQUIRED	Archive member; not approved for suite reuse until behavior, fixtures, safety, and reproducibility are reviewed.
SUPPLEMENTAL	investigations/CP-M 2.2 Compatibility Investigations.zip!048 - CP-M 2.2 Development Toolchain Compatibility Survey/reference/sources/DDT1ASM.ASM	ASM	20361	a79c505b027233e53551aac08a66c72a1a689c1c270d6ed450aae52fcf8d47d2	SOURCE_REVIEW_REQUIRED	Archive member; not approved for suite reuse until behavior, fixtures, safety, and reproducibility are reviewed.
SUPPLEMENTAL	investigations/CP-M 2.2 Compatibility Investigations.zip!048 - CP-M 2.2 Development Toolchain Compatibility Survey/reference/sources/DDT2MON.ASM	ASM	33946	a685b7e94931ac08f8fc976bd7a2699c1224dd9dc2ad02424cc1b2278571ede8	SOURCE_REVIEW_REQUIRED	Archive member; not approved for suite reuse until behavior, fixtures, safety, and reproducibility are reviewed.
SUPPLEMENTAL	investigations/CP-M 2.2 Compatibility Investigations.zip!049 - CP-M 2.2 Application Compatibility Survey/probes/AD.COM	COM	39680	40119f899f6507994a6397e8349b3a362e89bc2a23f9104ed3fb7d581640519f	BINARY_ONLY_OR_BUILD_PRODUCT	Archive member; not approved for suite reuse until behavior, fixtures, safety, and reproducibility are reviewed.
SUPPLEMENTAL	investigations/CP-M 2.2 Compatibility Investigations.zip!049 - CP-M 2.2 Application Compatibility Survey/probes/MBASIC.COM	COM	24320	e6412bb1d8fcb2638b169dcde79741a4346975dae2de46272ce394d233ee2ada	BINARY_ONLY_OR_BUILD_PRODUCT	Archive member; not approved for suite reuse until behavior, fixtures, safety, and reproducibility are reviewed.
SUPPLEMENTAL	investigations/CP-M 2.2 Compatibility Investigations.zip!049 - CP-M 2.2 Application Compatibility Survey/probes/WS.COM	COM	15872	65761d8aba0991e22eaed9b2692c3ff7862b5e0310d4a6aa44302c9b5b20747e	BINARY_ONLY_OR_BUILD_PRODUCT	Archive member; not approved for suite reuse until behavior, fixtures, safety, and reproducibility are reviewed.
SUPPLEMENTAL	investigations/CP-M 2.2 Compatibility Investigations.zip!050 - CP-M 2.2 Communications Software Compatibility Survey/probes/KERMIT.COM	COM	29312	ec90a85f13132282504f4901bc96c53c213921833b4829217689f16e2269b75d	BINARY_ONLY_OR_BUILD_PRODUCT	Archive member; not approved for suite reuse until behavior, fixtures, safety, and reproducibility are reviewed.
SUPPLEMENTAL	investigations/CP-M 2.2 Compatibility Investigations.zip!050 - CP-M 2.2 Communications Software Compatibility Survey/probes/QTERM.COM	COM	17664	4fb68f90ff9ed6adfe33a75aea49f11949e2969401f17d0eb7fb27ed6efff6ee	BINARY_ONLY_OR_BUILD_PRODUCT	Archive member; not approved for suite reuse until behavior, fixtures, safety, and reproducibility are reviewed.
SUPPLEMENTAL	investigations/CP-M 2.2 Compatibility Investigations.zip!050 - CP-M 2.2 Communications Software Compatibility Survey/probes/RZ.COM	COM	5888	bc3897d72e659eb137de8c366e6022ca6f4f28ea166b8f78817492a808efa27a	BINARY_ONLY_OR_BUILD_PRODUCT	Archive member; not approved for suite reuse until behavior, fixtures, safety, and reproducibility are reviewed.
SUPPLEMENTAL	investigations/CP-M 2.2 Compatibility Investigations.zip!050 - CP-M 2.2 Communications Software Compatibility Survey/probes/SZ.COM	COM	7808	7318d583a3f71615751e8eee82d1eb80170b9f09da45474cd8f59e4b6029a35b	BINARY_ONLY_OR_BUILD_PRODUCT	Archive member; not approved for suite reuse until behavior, fixtures, safety, and reproducibility are reviewed.
SUPPLEMENTAL	investigations/CP-M 2.2 Compatibility Investigations.zip!050 - CP-M 2.2 Communications Software Compatibility Survey/probes/XMODEM.COM	COM	4096	36e3b811340b5c52803c9d60cf429524307dc4fa14d3b16930010cf85d5f2d31	BINARY_ONLY_OR_BUILD_PRODUCT	Archive member; not approved for suite reuse until behavior, fixtures, safety, and reproducibility are reviewed.
SUPPLEMENTAL	investigations/CP-M 2.2 Compatibility Investigations.zip!050 - CP-M 2.2 Communications Software Compatibility Survey/reference/imsai-comms/kermit.com	COM	29440	68d51a41248dac73572a79a487cd39ad6973a367aabbc6a63113e162d6838f9a	BINARY_ONLY_OR_BUILD_PRODUCT	Archive member; not approved for suite reuse until behavior, fixtures, safety, and reproducibility are reviewed.
SUPPLEMENTAL	investigations/CP-M 2.2 Compatibility Investigations.zip!050 - CP-M 2.2 Communications Software Compatibility Survey/reference/imsai-comms/kermit3.com	COM	26624	8a763f44d806b0d312531682f5e3d56f45f04fd877e6900abe868bfa6f90eee1	BINARY_ONLY_OR_BUILD_PRODUCT	Archive member; not approved for suite reuse until behavior, fixtures, safety, and reproducibility are reviewed.
SUPPLEMENTAL	investigations/CP-M 2.2 Compatibility Investigations.zip!050 - CP-M 2.2 Communications Software Compatibility Survey/reference/imsai-comms/qt-imsai.asm	ASM	3084	415406077acf03318618189fa5981bad5af641e2c9f2136bf94b799f7d56a998	SOURCE_REVIEW_REQUIRED	Archive member; not approved for suite reuse until behavior, fixtures, safety, and reproducibility are reviewed.
SUPPLEMENTAL	investigations/CP-M 2.2 Compatibility Investigations.zip!050 - CP-M 2.2 Communications Software Compatibility Survey/reference/imsai-comms/qt-imsai.com	COM	17664	4fb68f90ff9ed6adfe33a75aea49f11949e2969401f17d0eb7fb27ed6efff6ee	BINARY_ONLY_OR_BUILD_PRODUCT	Archive member; not approved for suite reuse until behavior, fixtures, safety, and reproducibility are reviewed.
SUPPLEMENTAL	investigations/CP-M 2.2 Compatibility Investigations.zip!050 - CP-M 2.2 Communications Software Compatibility Survey/reference/imsai-comms/xmodem.asm	ASM	88704	0f893cb866c857d343f9049651044fb7a6d82af57bfed2ee269287579e9e48c8	SOURCE_REVIEW_REQUIRED	Archive member; not approved for suite reuse until behavior, fixtures, safety, and reproducibility are reviewed.
SUPPLEMENTAL	investigations/CP-M 2.2 Compatibility Investigations.zip!050 - CP-M 2.2 Communications Software Compatibility Survey/reference/imsai-comms/xmodem.com	COM	4096	36e3b811340b5c52803c9d60cf429524307dc4fa14d3b16930010cf85d5f2d31	BINARY_ONLY_OR_BUILD_PRODUCT	Archive member; not approved for suite reuse until behavior, fixtures, safety, and reproducibility are reviewed.
SUPPLEMENTAL	investigations/CP-M 2.2 Compatibility Investigations.zip!050 - CP-M 2.2 Communications Software Compatibility Survey/reference/MOSTEK-BIOS.ASM	ASM	17664	d4c9d72e30e2aecb781422ab6d7ca66e1afa410eb37c7350c846a460d5c80743	SOURCE_REVIEW_REQUIRED	Archive member; not approved for suite reuse until behavior, fixtures, safety, and reproducibility are reviewed.
SUPPLEMENTAL	investigations/CP-M 2.2 Compatibility Investigations.zip!051 - CP-M 2.2 Hardware-Dependent Software Compatibility Survey/probes/BASE051.ASM	ASM	457	9d0f20e05f5c371a11b1b5fc856477e25ad462faa0a518520dd2325004c32c47	SOURCE_REVIEW_REQUIRED	Archive member; not approved for suite reuse until behavior, fixtures, safety, and reproducibility are reviewed.
SUPPLEMENTAL	investigations/CP-M 2.2 Compatibility Investigations.zip!051 - CP-M 2.2 Hardware-Dependent Software Compatibility Survey/probes/BASE051.COM	COM	100	ad28d15b7a7baa2d4f4c3f4145bea8a74c3cd3db76cd2b90edf076ce4c6881ac	BINARY_ONLY_OR_BUILD_PRODUCT	Archive member; not approved for suite reuse until behavior, fixtures, safety, and reproducibility are reviewed.
SUPPLEMENTAL	investigations/CP-M 2.2 Compatibility Investigations.zip!051 - CP-M 2.2 Hardware-Dependent Software Compatibility Survey/reference/adds.com	COM	256	29a8d1ef9177463d3a2ab8ba7916414a6b7f10c6832f718e2377300c22c39869	BINARY_ONLY_OR_BUILD_PRODUCT	Archive member; not approved for suite reuse until behavior, fixtures, safety, and reproducibility are reviewed.
SUPPLEMENTAL	investigations/CP-M 2.2 Compatibility Investigations.zip!051 - CP-M 2.2 Hardware-Dependent Software Compatibility Survey/reference/adm3a.com	COM	256	0b996d0ff337f9178aa7f9e6a07e8670a27746f27d52813fed5faf0866513f89	BINARY_ONLY_OR_BUILD_PRODUCT	Archive member; not approved for suite reuse until behavior, fixtures, safety, and reproducibility are reviewed.
SUPPLEMENTAL	investigations/CP-M 2.2 Compatibility Investigations.zip!051 - CP-M 2.2 Hardware-Dependent Software Compatibility Survey/reference/aliens.com	COM	14336	101647579ef52c5d621c5dbe8c1be7918f47ee8ad825888be2400c3ab571b412	BINARY_ONLY_OR_BUILD_PRODUCT	Archive member; not approved for suite reuse until behavior, fixtures, safety, and reproducibility are reviewed.
SUPPLEMENTAL	investigations/CP-M 2.2 Compatibility Investigations.zip!051 - CP-M 2.2 Hardware-Dependent Software Compatibility Survey/reference/fdct1.asm	ASM	370	4a3a33195518f3f82de1fb330ff7f1bb7dbd027b75c444ab9bcb2a6c007b0a51	SOURCE_REVIEW_REQUIRED	Archive member; not approved for suite reuse until behavior, fixtures, safety, and reproducibility are reviewed.
SUPPLEMENTAL	investigations/CP-M 2.2 Compatibility Investigations.zip!051 - CP-M 2.2 Hardware-Dependent Software Compatibility Survey/reference/imsai-bios.asm	ASM	24241	7bc3e58cc226ded5d460659b7bc3e24d95849740fdc697fb2adc9bdcc58be302	SOURCE_REVIEW_REQUIRED	Archive member; not approved for suite reuse until behavior, fixtures, safety, and reproducibility are reviewed.
SUPPLEMENTAL	investigations/CP-M 2.2 Compatibility Investigations.zip!051 - CP-M 2.2 Hardware-Dependent Software Compatibility Survey/reference/killbits.asm	ASM	1067	3806d8d3620c26d262489b0c344641fa976013ad90987e4647a64b6fd04ce091	SOURCE_REVIEW_REQUIRED	Archive member; not approved for suite reuse until behavior, fixtures, safety, and reproducibility are reviewed.
SUPPLEMENTAL	investigations/CP-M 2.2 Compatibility Investigations.zip!051 - CP-M 2.2 Hardware-Dependent Software Compatibility Survey/reference/kscope.asm	ASM	2304	374022e2418c7b8b0df1acd4d0622a8e34f7882efcaf8dc34accaf7ffeafa76c	SOURCE_REVIEW_REQUIRED	Archive member; not approved for suite reuse until behavior, fixtures, safety, and reproducibility are reviewed.
SUPPLEMENTAL	investigations/CP-M 2.2 Compatibility Investigations.zip!051 - CP-M 2.2 Hardware-Dependent Software Compatibility Survey/reference/kscope.com	COM	256	0488dbf7534b0f2b5d3be42680167fdf653778ce86d1fa7f5b0c361dad27068c	BINARY_ONLY_OR_BUILD_PRODUCT	Archive member; not approved for suite reuse until behavior, fixtures, safety, and reproducibility are reviewed.
SUPPLEMENTAL	investigations/CP-M 2.2 Compatibility Investigations.zip!051 - CP-M 2.2 Hardware-Dependent Software Compatibility Survey/reference/md820.com	COM	256	f3320166e3ab9b2838dba328f1dc1a715ddbd556d898c604fbd72f5d86ee785a	BINARY_ONLY_OR_BUILD_PRODUCT	Archive member; not approved for suite reuse until behavior, fixtures, safety, and reproducibility are reviewed.
SUPPLEMENTAL	investigations/CP-M 2.2 Compatibility Investigations.zip!051 - CP-M 2.2 Hardware-Dependent Software Compatibility Survey/reference/prommer.com	COM	14592	d775fdb8bc7dc86dbd004ce66436e1414262d42cb36cbdef2e6acae5cd834d2a	BINARY_ONLY_OR_BUILD_PRODUCT	Archive member; not approved for suite reuse until behavior, fixtures, safety, and reproducibility are reviewed.
SUPPLEMENTAL	investigations/CP-M 2.2 Compatibility Investigations.zip!051 - CP-M 2.2 Hardware-Dependent Software Compatibility Survey/reference/prpatch.mac	MAC	11392	fd6c57a11298622c333e3b6dfb3140b0878ddaa2238fc3b5057b6251ebbaa10a	SOURCE_REVIEW_REQUIRED	Archive member; not approved for suite reuse until behavior, fixtures, safety, and reproducibility are reviewed.
SUPPLEMENTAL	investigations/CP-M 2.2 Compatibility Investigations.zip!051 - CP-M 2.2 Hardware-Dependent Software Compatibility Survey/reference/qt-imsai.asm	ASM	3084	415406077acf03318618189fa5981bad5af641e2c9f2136bf94b799f7d56a998	SOURCE_REVIEW_REQUIRED	Archive member; not approved for suite reuse until behavior, fixtures, safety, and reproducibility are reviewed.
SUPPLEMENTAL	investigations/CP-M 2.2 Compatibility Investigations.zip!051 - CP-M 2.2 Hardware-Dependent Software Compatibility Survey/reference/qterm.com	COM	17664	4fb68f90ff9ed6adfe33a75aea49f11949e2969401f17d0eb7fb27ed6efff6ee	BINARY_ONLY_OR_BUILD_PRODUCT	Archive member; not approved for suite reuse until behavior, fixtures, safety, and reproducibility are reviewed.
SUPPLEMENTAL	investigations/CP-M 2.2 Compatibility Investigations.zip!051 - CP-M 2.2 Hardware-Dependent Software Compatibility Survey/reference/viopen.com	COM	6144	8a6a7b9d0b881b75ec18849619f2cd06eb137fb32099cd69bb2d51e257e605b4	BINARY_ONLY_OR_BUILD_PRODUCT	Archive member; not approved for suite reuse until behavior, fixtures, safety, and reproducibility are reviewed.
SUPPLEMENTAL	investigations/CP-M 2.2 Compatibility Investigations.zip!051 - CP-M 2.2 Hardware-Dependent Software Compatibility Survey/reference/viopen.mac	MAC	39936	4fbd9a02535d57fbf911199f5186b17f7758201769222a21e04664bc821e1407	SOURCE_REVIEW_REQUIRED	Archive member; not approved for suite reuse until behavior, fixtures, safety, and reproducibility are reviewed.
SUPPLEMENTAL	investigations/CP-M 2.2 Compatibility Investigations.zip!053 - CP-M 2.2 Software Corpus Validation/probes/transcripts/toolchain/ABS48.COM	COM	128	a4583054aabdc89dfe993ab665af3ef5003d3356b0fe49ed96b365e591e2cb61	BINARY_ONLY_OR_BUILD_PRODUCT	Archive member; not approved for suite reuse until behavior, fixtures, safety, and reproducibility are reviewed.
SUPPLEMENTAL	investigations/CP-M 2.2 Compatibility Investigations.zip!053 - CP-M 2.2 Software Corpus Validation/probes/transcripts/toolchain/BADOUT.COM	COM	128	7cb2a553bfe9a793dfbf5d56f823e5cbf866d3dd9c054ad230f495f926435620	BINARY_ONLY_OR_BUILD_PRODUCT	Archive member; not approved for suite reuse until behavior, fixtures, safety, and reproducibility are reviewed.
SUPPLEMENTAL	investigations/CP-M 2.2 Compatibility Investigations.zip!053 - CP-M 2.2 Software Corpus Validation/probes/transcripts/toolchain/BATCH48.COM	COM	128	71bb5e4208d179ac4ad8aa164491f3113a1aa7c30c4a52f5e69ca111af01cd71	BINARY_ONLY_OR_BUILD_PRODUCT	Archive member; not approved for suite reuse until behavior, fixtures, safety, and reproducibility are reviewed.
SUPPLEMENTAL	investigations/CP-M 2.2 Compatibility Investigations.zip!053 - CP-M 2.2 Software Corpus Validation/probes/transcripts/toolchain/BIG48.COM	COM	384	351a640a34999f3d92b5cddd18d257c798d586c821c4c3631732c79666225385	BINARY_ONLY_OR_BUILD_PRODUCT	Archive member; not approved for suite reuse until behavior, fixtures, safety, and reproducibility are reviewed.
SUPPLEMENTAL	investigations/CP-M 2.2 Compatibility Investigations.zip!053 - CP-M 2.2 Software Corpus Validation/probes/transcripts/toolchain/DEV48.COM	COM	128	71bb5e4208d179ac4ad8aa164491f3113a1aa7c30c4a52f5e69ca111af01cd71	BINARY_ONLY_OR_BUILD_PRODUCT	Archive member; not approved for suite reuse until behavior, fixtures, safety, and reproducibility are reviewed.
SUPPLEMENTAL	investigations/CP-M 2.2 Compatibility Investigations.zip!053 - CP-M 2.2 Software Corpus Validation/probes/transcripts/toolchain/MACRO48.COM	COM	128	790cfd4fac4d569cb294f907bfba49e2991cce153b5c20da0a6ad1beb7ef84eb	BINARY_ONLY_OR_BUILD_PRODUCT	Archive member; not approved for suite reuse until behavior, fixtures, safety, and reproducibility are reviewed.
SUPPLEMENTAL	investigations/CP-M 2.2 Compatibility Investigations.zip!053 - CP-M 2.2 Software Corpus Validation/probes/transcripts/utility/COPY47.ASM	ASM	136	a806a0720ebd68fd383ad7df91c0edebfef7f26700d1bbd5426a7e9311994437	SOURCE_REVIEW_REQUIRED	Archive member; not approved for suite reuse until behavior, fixtures, safety, and reproducibility are reviewed.
SUPPLEMENTAL	investigations/CP-M 2.2 Compatibility Investigations.zip!054 - CP-M 2.2 Undocumented Behavior Validation/probes/binaries/BDOS41.COM	COM	487	7607abe8eacc99a1fef4e63d681b81458c6e388827d388f2cd5928d414247b49	BINARY_ONLY_OR_BUILD_PRODUCT	Archive member; not approved for suite reuse until behavior, fixtures, safety, and reproducibility are reviewed.
SUPPLEMENTAL	investigations/CP-M 2.2 Compatibility Investigations.zip!054 - CP-M 2.2 Undocumented Behavior Validation/probes/binaries/BIOS41.COM	COM	863	c956e8c1339b29511066a59a1cadb548da04b7b3f88694b89b56804aac05bc7b	BINARY_ONLY_OR_BUILD_PRODUCT	Archive member; not approved for suite reuse until behavior, fixtures, safety, and reproducibility are reviewed.
SUPPLEMENTAL	investigations/CP-M 2.2 Compatibility Investigations.zip!054 - CP-M 2.2 Undocumented Behavior Validation/probes/binaries/DIRECT41.COM	COM	166	86ba0a9d16f5b088bea1fdeb857cab85a7cc2aef516dbf4480aa5973abe692e9	BINARY_ONLY_OR_BUILD_PRODUCT	Archive member; not approved for suite reuse until behavior, fixtures, safety, and reproducibility are reviewed.
SUPPLEMENTAL	investigations/CP-M 2.2 Compatibility Investigations.zip!054 - CP-M 2.2 Undocumented Behavior Validation/probes/binaries/EDGE43.COM	COM	571	c2baa2fbcd4698fd537371174f9bfb9e2b0c12dc9c79db9abf59d604df4e9c61	BINARY_ONLY_OR_BUILD_PRODUCT	Archive member; not approved for suite reuse until behavior, fixtures, safety, and reproducibility are reviewed.
SUPPLEMENTAL	investigations/CP-M 2.2 Compatibility Investigations.zip!054 - CP-M 2.2 Undocumented Behavior Validation/probes/binaries/FN043.COM	COM	208	2c454d538c9f16dc547845d2071ed0fe418ceae95bdbb900ecc8400c4be42463	BINARY_ONLY_OR_BUILD_PRODUCT	Archive member; not approved for suite reuse until behavior, fixtures, safety, and reproducibility are reviewed.
SUPPLEMENTAL	investigations/CP-M 2.2 Compatibility Investigations.zip!054 - CP-M 2.2 Undocumented Behavior Validation/probes/binaries/IN42.COM	COM	138	1e6a394edafd0066feb5552f5e5efffe1d8df3b0590a2feac463f08cc31fffb8	BINARY_ONLY_OR_BUILD_PRODUCT	Archive member; not approved for suite reuse until behavior, fixtures, safety, and reproducibility are reviewed.
SUPPLEMENTAL	investigations/CP-M 2.2 Compatibility Investigations.zip!054 - CP-M 2.2 Undocumented Behavior Validation/probes/binaries/MAXBAD43.COM	COM	58112	5f890d350eecab0068140db5cde442eb31a85e1031dd4681c0248d581cb010ce	BINARY_ONLY_OR_BUILD_PRODUCT	Archive member; not approved for suite reuse until behavior, fixtures, safety, and reproducibility are reviewed.
SUPPLEMENTAL	investigations/CP-M 2.2 Compatibility Investigations.zip!054 - CP-M 2.2 Undocumented Behavior Validation/probes/binaries/MAXOK43.COM	COM	57984	d588a4fd3a41b9147b047903daee0cdd2d479631b590811cc35ece6312b3e5b3	BINARY_ONLY_OR_BUILD_PRODUCT	Archive member; not approved for suite reuse until behavior, fixtures, safety, and reproducibility are reviewed.
SUPPLEMENTAL	investigations/CP-M 2.2 Compatibility Investigations.zip!054 - CP-M 2.2 Undocumented Behavior Validation/probes/binaries/MOD41.COM	COM	172	3c473db6c6626f05a92387f32124275c515c2e1a013161def71bfeee2c326c5e	BINARY_ONLY_OR_BUILD_PRODUCT	Archive member; not approved for suite reuse until behavior, fixtures, safety, and reproducibility are reviewed.
SUPPLEMENTAL	investigations/CP-M 2.2 Compatibility Investigations.zip!054 - CP-M 2.2 Undocumented Behavior Validation/probes/binaries/OVER43.COM	COM	246	45aad2bbd38be51be6a7c30bd62ba38a409bcba9e602d48842e5442f7ff3b078	BINARY_ONLY_OR_BUILD_PRODUCT	Archive member; not approved for suite reuse until behavior, fixtures, safety, and reproducibility are reviewed.
SUPPLEMENTAL	investigations/CP-M 2.2 Compatibility Investigations.zip!054 - CP-M 2.2 Undocumented Behavior Validation/probes/binaries/VECTOR41.COM	COM	90	e310241df8d35b8b6bd1a5d42b023c48e49577de95eb917a034130aa84e86f51	BINARY_ONLY_OR_BUILD_PRODUCT	Archive member; not approved for suite reuse until behavior, fixtures, safety, and reproducibility are reviewed.
SUPPLEMENTAL	investigations/CP-M 2.2 Compatibility Investigations.zip!054 - CP-M 2.2 Undocumented Behavior Validation/probes/binaries/ZERO41.COM	COM	242	706429c300e5aec67d679a762ab4f70415a4d687f644eb96072d2f8bc8f1992d	BINARY_ONLY_OR_BUILD_PRODUCT	Archive member; not approved for suite reuse until behavior, fixtures, safety, and reproducibility are reviewed.
SUPPLEMENTAL	investigations/CP-M 2.2 Compatibility Investigations.zip!054 - CP-M 2.2 Undocumented Behavior Validation/probes/binaries/ZRET43.COM	COM	37	e8d7fc6adc63188e10aaa9d10865ca33716420515539da4f25597eae520bec53	BINARY_ONLY_OR_BUILD_PRODUCT	Archive member; not approved for suite reuse until behavior, fixtures, safety, and reproducibility are reviewed.
SUPPLEMENTAL	investigations/CP-M 2.2 Compatibility Investigations.zip!054 - CP-M 2.2 Undocumented Behavior Validation/probes/source/BDOS41.ASM	ASM	2710	634f681fc4200c142209196aae5a8c68cf6d7951f10f6957172e7193f0459375	SOURCE_REVIEW_REQUIRED	Archive member; not approved for suite reuse until behavior, fixtures, safety, and reproducibility are reviewed.
SUPPLEMENTAL	investigations/CP-M 2.2 Compatibility Investigations.zip!054 - CP-M 2.2 Undocumented Behavior Validation/probes/source/BIOS41.ASM	ASM	5601	5f57ce4a427002950364911e989b3a1fe34dc171f2970160026a4d91c119ff62	SOURCE_REVIEW_REQUIRED	Archive member; not approved for suite reuse until behavior, fixtures, safety, and reproducibility are reviewed.
SUPPLEMENTAL	investigations/CP-M 2.2 Compatibility Investigations.zip!054 - CP-M 2.2 Undocumented Behavior Validation/probes/source/DIRECT41.ASM	ASM	1377	a8f765b289af1c19c7996d3a12f1b8b9b62858581fb1ac40b650e16db4964b6f	SOURCE_REVIEW_REQUIRED	Archive member; not approved for suite reuse until behavior, fixtures, safety, and reproducibility are reviewed.
SUPPLEMENTAL	investigations/CP-M 2.2 Compatibility Investigations.zip!054 - CP-M 2.2 Undocumented Behavior Validation/probes/source/EDGE43.ASM	ASM	1600	75e1ee2f3781254fd5e6441984223ddaaffe9c4626436c1a383c7649d38bf86e	SOURCE_REVIEW_REQUIRED	Archive member; not approved for suite reuse until behavior, fixtures, safety, and reproducibility are reviewed.
SUPPLEMENTAL	investigations/CP-M 2.2 Compatibility Investigations.zip!054 - CP-M 2.2 Undocumented Behavior Validation/probes/source/FN043.ASM	ASM	387	8e2857f4e6cf130829dc9ef277420ad471b7c4eb2239fb23a7612704b7e010f8	SOURCE_REVIEW_REQUIRED	Archive member; not approved for suite reuse until behavior, fixtures, safety, and reproducibility are reviewed.
SUPPLEMENTAL	investigations/CP-M 2.2 Compatibility Investigations.zip!054 - CP-M 2.2 Undocumented Behavior Validation/probes/source/HELLO42.ASM	ASM	136	a806a0720ebd68fd383ad7df91c0edebfef7f26700d1bbd5426a7e9311994437	SOURCE_REVIEW_REQUIRED	Archive member; not approved for suite reuse until behavior, fixtures, safety, and reproducibility are reviewed.
SUPPLEMENTAL	investigations/CP-M 2.2 Compatibility Investigations.zip!054 - CP-M 2.2 Undocumented Behavior Validation/probes/source/IN42.ASM	ASM	975	6a088c9e08b6784fbcdcb08f3cd6802c1de8c75ae91d03b5c2122269e8f5a0ae	SOURCE_REVIEW_REQUIRED	Archive member; not approved for suite reuse until behavior, fixtures, safety, and reproducibility are reviewed.
SUPPLEMENTAL	investigations/CP-M 2.2 Compatibility Investigations.zip!054 - CP-M 2.2 Undocumented Behavior Validation/probes/source/MOD41.ASM	ASM	1219	86a23c967ba7a53dcc2e2f303e38d3ff580b1ccb17e69ffa945241ddc17c6e7e	SOURCE_REVIEW_REQUIRED	Archive member; not approved for suite reuse until behavior, fixtures, safety, and reproducibility are reviewed.
SUPPLEMENTAL	investigations/CP-M 2.2 Compatibility Investigations.zip!054 - CP-M 2.2 Undocumented Behavior Validation/probes/source/OVER43.ASM	ASM	589	3581bbbcae888341399c1af5529001445284c6a4ee7ff481be06af6dc58a40c7	SOURCE_REVIEW_REQUIRED	Archive member; not approved for suite reuse until behavior, fixtures, safety, and reproducibility are reviewed.
SUPPLEMENTAL	investigations/CP-M 2.2 Compatibility Investigations.zip!054 - CP-M 2.2 Undocumented Behavior Validation/probes/source/VECTOR41.ASM	ASM	704	3d8b4a09bcc4b0a045ae68d6f65f3d3fbb8703c554f2763856b4b53344730d60	SOURCE_REVIEW_REQUIRED	Archive member; not approved for suite reuse until behavior, fixtures, safety, and reproducibility are reviewed.
SUPPLEMENTAL	investigations/CP-M 2.2 Compatibility Investigations.zip!054 - CP-M 2.2 Undocumented Behavior Validation/probes/source/ZERO41.ASM	ASM	1572	d4644f4cad0059b8f8d6c4bc6b3c39b8e054ac79d656289b1237ad04c5336540	SOURCE_REVIEW_REQUIRED	Archive member; not approved for suite reuse until behavior, fixtures, safety, and reproducibility are reviewed.
SUPPLEMENTAL	investigations/CP-M 2.2 Compatibility Investigations.zip!054 - CP-M 2.2 Undocumented Behavior Validation/probes/source/ZERORET43.ASM	ASM	242	d39f62238b2befa90fa2289420216cb39ae0a176efa63e3d59bbde6372b9f406	SOURCE_REVIEW_REQUIRED	Archive member; not approved for suite reuse until behavior, fixtures, safety, and reproducibility are reviewed.
SUPPLEMENTAL	investigations/CP-M 2.2 Compatibility Investigations.zip!061 - CP-M 2.2 Cross-Implementation Differential Validation/probes/BASE61.ASM	ASM	1641	bde4eb491e65b3c7cca8c6feb194fbc941fbf9fdb27b60032bdcd2851b866f97	SOURCE_REVIEW_REQUIRED	Archive member; not approved for suite reuse until behavior, fixtures, safety, and reproducibility are reviewed.
SUPPLEMENTAL	investigations/CP-M 2.2 Compatibility Investigations.zip!061 - CP-M 2.2 Cross-Implementation Differential Validation/probes/BASE61.COM	COM	241	5dbec3e540cfafa3ce22dfcec5403cb39f1cb034ec4b1f0a59ac7a5edd8a5a7e	BINARY_ONLY_OR_BUILD_PRODUCT	Archive member; not approved for suite reuse until behavior, fixtures, safety, and reproducibility are reviewed.
SUPPLEMENTAL	investigations/CP-M 2.2 Compatibility Investigations.zip!061 - CP-M 2.2 Cross-Implementation Differential Validation/probes/BASE61.rebuilt.COM	COM	241	5dbec3e540cfafa3ce22dfcec5403cb39f1cb034ec4b1f0a59ac7a5edd8a5a7e	BINARY_ONLY_OR_BUILD_PRODUCT	Archive member; not approved for suite reuse until behavior, fixtures, safety, and reproducibility are reviewed.
SUPPLEMENTAL	investigations/CP-M 2.2 Compatibility Investigations.zip!061 - CP-M 2.2 Cross-Implementation Differential Validation/probes/BDOS41.ASM	ASM	2710	634f681fc4200c142209196aae5a8c68cf6d7951f10f6957172e7193f0459375	SOURCE_REVIEW_REQUIRED	Archive member; not approved for suite reuse until behavior, fixtures, safety, and reproducibility are reviewed.
SUPPLEMENTAL	investigations/CP-M 2.2 Compatibility Investigations.zip!061 - CP-M 2.2 Cross-Implementation Differential Validation/probes/BDOS41.COM	COM	487	7607abe8eacc99a1fef4e63d681b81458c6e388827d388f2cd5928d414247b49	BINARY_ONLY_OR_BUILD_PRODUCT	Archive member; not approved for suite reuse until behavior, fixtures, safety, and reproducibility are reviewed.
SUPPLEMENTAL	investigations/CP-M 2.2 Compatibility Investigations.zip!061 - CP-M 2.2 Cross-Implementation Differential Validation/probes/BDOS41.rebuilt.COM	COM	487	7607abe8eacc99a1fef4e63d681b81458c6e388827d388f2cd5928d414247b49	BINARY_ONLY_OR_BUILD_PRODUCT	Archive member; not approved for suite reuse until behavior, fixtures, safety, and reproducibility are reviewed.
SUPPLEMENTAL	investigations/CP-M 2.2 Compatibility Investigations.zip!061 - CP-M 2.2 Cross-Implementation Differential Validation/probes/BIOS41.ASM	ASM	5601	5f57ce4a427002950364911e989b3a1fe34dc171f2970160026a4d91c119ff62	SOURCE_REVIEW_REQUIRED	Archive member; not approved for suite reuse until behavior, fixtures, safety, and reproducibility are reviewed.
SUPPLEMENTAL	investigations/CP-M 2.2 Compatibility Investigations.zip!061 - CP-M 2.2 Cross-Implementation Differential Validation/probes/BIOS41.COM	COM	863	c956e8c1339b29511066a59a1cadb548da04b7b3f88694b89b56804aac05bc7b	BINARY_ONLY_OR_BUILD_PRODUCT	Archive member; not approved for suite reuse until behavior, fixtures, safety, and reproducibility are reviewed.
SUPPLEMENTAL	investigations/CP-M 2.2 Compatibility Investigations.zip!061 - CP-M 2.2 Cross-Implementation Differential Validation/probes/BIOS41.rebuilt.COM	COM	863	c956e8c1339b29511066a59a1cadb548da04b7b3f88694b89b56804aac05bc7b	BINARY_ONLY_OR_BUILD_PRODUCT	Archive member; not approved for suite reuse until behavior, fixtures, safety, and reproducibility are reviewed.
SUPPLEMENTAL	investigations/CP-M 2.2 Compatibility Investigations.zip!061 - CP-M 2.2 Cross-Implementation Differential Validation/probes/EDGE43.ASM	ASM	1600	75e1ee2f3781254fd5e6441984223ddaaffe9c4626436c1a383c7649d38bf86e	SOURCE_REVIEW_REQUIRED	Archive member; not approved for suite reuse until behavior, fixtures, safety, and reproducibility are reviewed.
SUPPLEMENTAL	investigations/CP-M 2.2 Compatibility Investigations.zip!061 - CP-M 2.2 Cross-Implementation Differential Validation/probes/EDGE43.COM	COM	571	c2baa2fbcd4698fd537371174f9bfb9e2b0c12dc9c79db9abf59d604df4e9c61	BINARY_ONLY_OR_BUILD_PRODUCT	Archive member; not approved for suite reuse until behavior, fixtures, safety, and reproducibility are reviewed.
SUPPLEMENTAL	investigations/CP-M 2.2 Compatibility Investigations.zip!061 - CP-M 2.2 Cross-Implementation Differential Validation/probes/EDGE43.rebuilt.asm	ASM	2228	1dc6f9decea1a4766b20119882031564ea60ad69b7f0ba579fad67ee1a1c425a	SOURCE_REVIEW_REQUIRED	Archive member; not approved for suite reuse until behavior, fixtures, safety, and reproducibility are reviewed.
SUPPLEMENTAL	investigations/CP-M 2.2 Compatibility Investigations.zip!061 - CP-M 2.2 Cross-Implementation Differential Validation/probes/EDGE43.rebuilt.COM	COM	571	c2baa2fbcd4698fd537371174f9bfb9e2b0c12dc9c79db9abf59d604df4e9c61	BINARY_ONLY_OR_BUILD_PRODUCT	Archive member; not approved for suite reuse until behavior, fixtures, safety, and reproducibility are reviewed.
SUPPLEMENTAL	investigations/CP-M 2.2 Compatibility Investigations.zip!061 - CP-M 2.2 Cross-Implementation Differential Validation/probes/PIP.COM	COM	7424	3edca419e4fe5643d21ef62f064ed4c432344b568742f11aca5c887297f3a4ae	BINARY_ONLY_OR_BUILD_PRODUCT	Archive member; not approved for suite reuse until behavior, fixtures, safety, and reproducibility are reviewed.
SUPPLEMENTAL	investigations/CP-M 2.2 Compatibility Investigations.zip!061 - CP-M 2.2 Cross-Implementation Differential Validation/probes/STATE61.ASM	ASM	1782	19a4083397d5a7704a74082731dc7616037d0da3de892dcba691e941f194cba1	SOURCE_REVIEW_REQUIRED	Archive member; not approved for suite reuse until behavior, fixtures, safety, and reproducibility are reviewed.
SUPPLEMENTAL	investigations/CP-M 2.2 Compatibility Investigations.zip!061 - CP-M 2.2 Cross-Implementation Differential Validation/probes/STATE61.COM	COM	268	06d6505a3f38be78acdf91fec55d185090860e5d97c62ea5828024c981a114b3	BINARY_ONLY_OR_BUILD_PRODUCT	Archive member; not approved for suite reuse until behavior, fixtures, safety, and reproducibility are reviewed.
SUPPLEMENTAL	investigations/CP-M 2.2 Compatibility Investigations.zip!061 - CP-M 2.2 Cross-Implementation Differential Validation/probes/STATE61.rebuilt.COM	COM	268	06d6505a3f38be78acdf91fec55d185090860e5d97c62ea5828024c981a114b3	BINARY_ONLY_OR_BUILD_PRODUCT	Archive member; not approved for suite reuse until behavior, fixtures, safety, and reproducibility are reviewed.
SUPPLEMENTAL	investigations/CP-M 2.2 Compatibility Investigations.zip!061 - CP-M 2.2 Cross-Implementation Differential Validation/probes/VECTOR41.ASM	ASM	704	3d8b4a09bcc4b0a045ae68d6f65f3d3fbb8703c554f2763856b4b53344730d60	SOURCE_REVIEW_REQUIRED	Archive member; not approved for suite reuse until behavior, fixtures, safety, and reproducibility are reviewed.
SUPPLEMENTAL	investigations/CP-M 2.2 Compatibility Investigations.zip!061 - CP-M 2.2 Cross-Implementation Differential Validation/probes/VECTOR41.COM	COM	90	e310241df8d35b8b6bd1a5d42b023c48e49577de95eb917a034130aa84e86f51	BINARY_ONLY_OR_BUILD_PRODUCT	Archive member; not approved for suite reuse until behavior, fixtures, safety, and reproducibility are reviewed.
SUPPLEMENTAL	investigations/CP-M 2.2 Compatibility Investigations.zip!061 - CP-M 2.2 Cross-Implementation Differential Validation/probes/VECTOR41.rebuilt.COM	COM	90	e310241df8d35b8b6bd1a5d42b023c48e49577de95eb917a034130aa84e86f51	BINARY_ONLY_OR_BUILD_PRODUCT	Archive member; not approved for suite reuse until behavior, fixtures, safety, and reproducibility are reviewed.
SUPPLEMENTAL	investigations/CP-M 2.2 Compatibility Investigations.zip!061 - CP-M 2.2 Cross-Implementation Differential Validation/probes/ZERO41.ASM	ASM	1572	d4644f4cad0059b8f8d6c4bc6b3c39b8e054ac79d656289b1237ad04c5336540	SOURCE_REVIEW_REQUIRED	Archive member; not approved for suite reuse until behavior, fixtures, safety, and reproducibility are reviewed.
SUPPLEMENTAL	investigations/CP-M 2.2 Compatibility Investigations.zip!061 - CP-M 2.2 Cross-Implementation Differential Validation/probes/ZERO41.COM	COM	242	706429c300e5aec67d679a762ab4f70415a4d687f644eb96072d2f8bc8f1992d	BINARY_ONLY_OR_BUILD_PRODUCT	Archive member; not approved for suite reuse until behavior, fixtures, safety, and reproducibility are reviewed.
SUPPLEMENTAL	investigations/CP-M 2.2 Compatibility Investigations.zip!061 - CP-M 2.2 Cross-Implementation Differential Validation/probes/ZERO41.rebuilt.COM	COM	242	706429c300e5aec67d679a762ab4f70415a4d687f644eb96072d2f8bc8f1992d	BINARY_ONLY_OR_BUILD_PRODUCT	Archive member; not approved for suite reuse until behavior, fixtures, safety, and reproducibility are reviewed.
SUPPLEMENTAL	investigations/CP-M 2.2 Compatibility Investigations.zip!062 - CP-M 2.2 Compatibility Conformance Pilot Execution/probes/BASE61.ASM	ASM	1641	bde4eb491e65b3c7cca8c6feb194fbc941fbf9fdb27b60032bdcd2851b866f97	SOURCE_REVIEW_REQUIRED	Archive member; not approved for suite reuse until behavior, fixtures, safety, and reproducibility are reviewed.
SUPPLEMENTAL	investigations/CP-M 2.2 Compatibility Investigations.zip!062 - CP-M 2.2 Compatibility Conformance Pilot Execution/probes/BASE61.COM	COM	241	5dbec3e540cfafa3ce22dfcec5403cb39f1cb034ec4b1f0a59ac7a5edd8a5a7e	BINARY_ONLY_OR_BUILD_PRODUCT	Archive member; not approved for suite reuse until behavior, fixtures, safety, and reproducibility are reviewed.
SUPPLEMENTAL	investigations/CP-M 2.2 Compatibility Investigations.zip!062 - CP-M 2.2 Compatibility Conformance Pilot Execution/probes/BASE61.rebuilt.COM	COM	241	5dbec3e540cfafa3ce22dfcec5403cb39f1cb034ec4b1f0a59ac7a5edd8a5a7e	BINARY_ONLY_OR_BUILD_PRODUCT	Archive member; not approved for suite reuse until behavior, fixtures, safety, and reproducibility are reviewed.
SUPPLEMENTAL	investigations/CP-M 2.2 Compatibility Investigations.zip!062 - CP-M 2.2 Compatibility Conformance Pilot Execution/probes/BIOS41.ASM	ASM	5601	5f57ce4a427002950364911e989b3a1fe34dc171f2970160026a4d91c119ff62	SOURCE_REVIEW_REQUIRED	Archive member; not approved for suite reuse until behavior, fixtures, safety, and reproducibility are reviewed.
SUPPLEMENTAL	investigations/CP-M 2.2 Compatibility Investigations.zip!062 - CP-M 2.2 Compatibility Conformance Pilot Execution/probes/BIOS41.COM	COM	863	c956e8c1339b29511066a59a1cadb548da04b7b3f88694b89b56804aac05bc7b	BINARY_ONLY_OR_BUILD_PRODUCT	Archive member; not approved for suite reuse until behavior, fixtures, safety, and reproducibility are reviewed.
SUPPLEMENTAL	investigations/CP-M 2.2 Compatibility Investigations.zip!062 - CP-M 2.2 Compatibility Conformance Pilot Execution/probes/BIOS41.rebuilt.COM	COM	863	c956e8c1339b29511066a59a1cadb548da04b7b3f88694b89b56804aac05bc7b	BINARY_ONLY_OR_BUILD_PRODUCT	Archive member; not approved for suite reuse until behavior, fixtures, safety, and reproducibility are reviewed.
SUPPLEMENTAL	investigations/CP-M 2.2 Compatibility Investigations.zip!062 - CP-M 2.2 Compatibility Conformance Pilot Execution/probes/EDGE43.ASM	ASM	1600	75e1ee2f3781254fd5e6441984223ddaaffe9c4626436c1a383c7649d38bf86e	SOURCE_REVIEW_REQUIRED	Archive member; not approved for suite reuse until behavior, fixtures, safety, and reproducibility are reviewed.
SUPPLEMENTAL	investigations/CP-M 2.2 Compatibility Investigations.zip!062 - CP-M 2.2 Compatibility Conformance Pilot Execution/probes/EDGE43.COM	COM	571	c2baa2fbcd4698fd537371174f9bfb9e2b0c12dc9c79db9abf59d604df4e9c61	BINARY_ONLY_OR_BUILD_PRODUCT	Archive member; not approved for suite reuse until behavior, fixtures, safety, and reproducibility are reviewed.
SUPPLEMENTAL	investigations/CP-M 2.2 Compatibility Investigations.zip!062 - CP-M 2.2 Compatibility Conformance Pilot Execution/probes/EDGE43.rebuilt.asm	ASM	2228	1dc6f9decea1a4766b20119882031564ea60ad69b7f0ba579fad67ee1a1c425a	SOURCE_REVIEW_REQUIRED	Archive member; not approved for suite reuse until behavior, fixtures, safety, and reproducibility are reviewed.
SUPPLEMENTAL	investigations/CP-M 2.2 Compatibility Investigations.zip!062 - CP-M 2.2 Compatibility Conformance Pilot Execution/probes/EDGE43.rebuilt.COM	COM	571	c2baa2fbcd4698fd537371174f9bfb9e2b0c12dc9c79db9abf59d604df4e9c61	BINARY_ONLY_OR_BUILD_PRODUCT	Archive member; not approved for suite reuse until behavior, fixtures, safety, and reproducibility are reviewed.
SUPPLEMENTAL	investigations/CP-M 2.2 Compatibility Investigations.zip!062 - CP-M 2.2 Compatibility Conformance Pilot Execution/probes/FN043.ASM	ASM	387	8e2857f4e6cf130829dc9ef277420ad471b7c4eb2239fb23a7612704b7e010f8	SOURCE_REVIEW_REQUIRED	Archive member; not approved for suite reuse until behavior, fixtures, safety, and reproducibility are reviewed.
SUPPLEMENTAL	investigations/CP-M 2.2 Compatibility Investigations.zip!062 - CP-M 2.2 Compatibility Conformance Pilot Execution/probes/FN043.COM	COM	208	2c454d538c9f16dc547845d2071ed0fe418ceae95bdbb900ecc8400c4be42463	BINARY_ONLY_OR_BUILD_PRODUCT	Archive member; not approved for suite reuse until behavior, fixtures, safety, and reproducibility are reviewed.
SUPPLEMENTAL	investigations/CP-M 2.2 Compatibility Investigations.zip!062 - CP-M 2.2 Compatibility Conformance Pilot Execution/probes/FN043.rebuilt.COM	COM	208	2c454d538c9f16dc547845d2071ed0fe418ceae95bdbb900ecc8400c4be42463	BINARY_ONLY_OR_BUILD_PRODUCT	Archive member; not approved for suite reuse until behavior, fixtures, safety, and reproducibility are reviewed.
SUPPLEMENTAL	investigations/CP-M 2.2 Compatibility Investigations.zip!062 - CP-M 2.2 Compatibility Conformance Pilot Execution/probes/PIP.COM	COM	7424	3edca419e4fe5643d21ef62f064ed4c432344b568742f11aca5c887297f3a4ae	BINARY_ONLY_OR_BUILD_PRODUCT	Archive member; not approved for suite reuse until behavior, fixtures, safety, and reproducibility are reviewed.
SUPPLEMENTAL	investigations/CP-M 2.2 Compatibility Investigations.zip!062 - CP-M 2.2 Compatibility Conformance Pilot Execution/probes/STATE61.ASM	ASM	1782	19a4083397d5a7704a74082731dc7616037d0da3de892dcba691e941f194cba1	SOURCE_REVIEW_REQUIRED	Archive member; not approved for suite reuse until behavior, fixtures, safety, and reproducibility are reviewed.
SUPPLEMENTAL	investigations/CP-M 2.2 Compatibility Investigations.zip!062 - CP-M 2.2 Compatibility Conformance Pilot Execution/probes/STATE61.COM	COM	268	06d6505a3f38be78acdf91fec55d185090860e5d97c62ea5828024c981a114b3	BINARY_ONLY_OR_BUILD_PRODUCT	Archive member; not approved for suite reuse until behavior, fixtures, safety, and reproducibility are reviewed.
SUPPLEMENTAL	investigations/CP-M 2.2 Compatibility Investigations.zip!062 - CP-M 2.2 Compatibility Conformance Pilot Execution/probes/STATE61.rebuilt.COM	COM	268	06d6505a3f38be78acdf91fec55d185090860e5d97c62ea5828024c981a114b3	BINARY_ONLY_OR_BUILD_PRODUCT	Archive member; not approved for suite reuse until behavior, fixtures, safety, and reproducibility are reviewed.
SUPPLEMENTAL	investigations/CP-M 2.2 Compatibility Investigations.zip!062 - CP-M 2.2 Compatibility Conformance Pilot Execution/probes/VECTOR41.ASM	ASM	704	3d8b4a09bcc4b0a045ae68d6f65f3d3fbb8703c554f2763856b4b53344730d60	SOURCE_REVIEW_REQUIRED	Archive member; not approved for suite reuse until behavior, fixtures, safety, and reproducibility are reviewed.
SUPPLEMENTAL	investigations/CP-M 2.2 Compatibility Investigations.zip!062 - CP-M 2.2 Compatibility Conformance Pilot Execution/probes/VECTOR41.COM	COM	90	e310241df8d35b8b6bd1a5d42b023c48e49577de95eb917a034130aa84e86f51	BINARY_ONLY_OR_BUILD_PRODUCT	Archive member; not approved for suite reuse until behavior, fixtures, safety, and reproducibility are reviewed.
SUPPLEMENTAL	investigations/CP-M 2.2 Compatibility Investigations.zip!062 - CP-M 2.2 Compatibility Conformance Pilot Execution/probes/VECTOR41.rebuilt.COM	COM	90	e310241df8d35b8b6bd1a5d42b023c48e49577de95eb917a034130aa84e86f51	BINARY_ONLY_OR_BUILD_PRODUCT	Archive member; not approved for suite reuse until behavior, fixtures, safety, and reproducibility are reviewed.
SUPPLEMENTAL	investigations/CP-M 2.2 Compatibility Investigations.zip!062 - CP-M 2.2 Compatibility Conformance Pilot Execution/probes/ZERO41.ASM	ASM	1572	d4644f4cad0059b8f8d6c4bc6b3c39b8e054ac79d656289b1237ad04c5336540	SOURCE_REVIEW_REQUIRED	Archive member; not approved for suite reuse until behavior, fixtures, safety, and reproducibility are reviewed.
SUPPLEMENTAL	investigations/CP-M 2.2 Compatibility Investigations.zip!062 - CP-M 2.2 Compatibility Conformance Pilot Execution/probes/ZERO41.COM	COM	242	706429c300e5aec67d679a762ab4f70415a4d687f644eb96072d2f8bc8f1992d	BINARY_ONLY_OR_BUILD_PRODUCT	Archive member; not approved for suite reuse until behavior, fixtures, safety, and reproducibility are reviewed.
SUPPLEMENTAL	investigations/CP-M 2.2 Compatibility Investigations.zip!062 - CP-M 2.2 Compatibility Conformance Pilot Execution/probes/ZERO41.rebuilt.COM	COM	242	706429c300e5aec67d679a762ab4f70415a4d687f644eb96072d2f8bc8f1992d	BINARY_ONLY_OR_BUILD_PRODUCT	Archive member; not approved for suite reuse until behavior, fixtures, safety, and reproducibility are reviewed.
SUPPLEMENTAL	investigations/CP-M 2.2 Compatibility Investigations.zip!062 - CP-M 2.2 Compatibility Conformance Pilot Execution/probes/ZERORET43.ASM	ASM	242	d39f62238b2befa90fa2289420216cb39ae0a176efa63e3d59bbde6372b9f406	SOURCE_REVIEW_REQUIRED	Archive member; not approved for suite reuse until behavior, fixtures, safety, and reproducibility are reviewed.
SUPPLEMENTAL	investigations/CP-M 2.2 Compatibility Investigations.zip!062 - CP-M 2.2 Compatibility Conformance Pilot Execution/probes/ZRET43.COM	COM	37	e8d7fc6adc63188e10aaa9d10865ca33716420515539da4f25597eae520bec53	BINARY_ONLY_OR_BUILD_PRODUCT	Archive member; not approved for suite reuse until behavior, fixtures, safety, and reproducibility are reviewed.
SUPPLEMENTAL	investigations/CP-M 2.2 Compatibility Investigations.zip!062 - CP-M 2.2 Compatibility Conformance Pilot Execution/probes/ZRET43.rebuilt.COM	COM	37	e8d7fc6adc63188e10aaa9d10865ca33716420515539da4f25597eae520bec53	BINARY_ONLY_OR_BUILD_PRODUCT	Archive member; not approved for suite reuse until behavior, fixtures, safety, and reproducibility are reviewed.
SUPPLEMENTAL	investigations/CP-M 2.2 Compatibility Investigations.zip!063 - CP-M 2.2 Processor and Instruction Profile/probes/CPU8080.ASM	ASM	904	f540b684849178d9a922c1ce8a3e0d300b8960b9c54ab296be44e695e511c8ff	SOURCE_REVIEW_REQUIRED	Archive member; not approved for suite reuse until behavior, fixtures, safety, and reproducibility are reviewed.
SUPPLEMENTAL	investigations/CP-M 2.2 Compatibility Investigations.zip!063 - CP-M 2.2 Processor and Instruction Profile/probes/CPU8080.COM	COM	133	b4c6110955ab55a5f80900b83035fc8163a36beadc7335efa88df24eb9c145b2	BINARY_ONLY_OR_BUILD_PRODUCT	Archive member; not approved for suite reuse until behavior, fixtures, safety, and reproducibility are reviewed.
SUPPLEMENTAL	investigations/CP-M 2.2 Compatibility Investigations.zip!063 - CP-M 2.2 Processor and Instruction Profile/probes/CPUZ80.ASM	ASM	1042	987f2a109b557c2fff96d9367e98cc5a52a735840069a5fea5abc5e759a074ee	SOURCE_REVIEW_REQUIRED	Archive member; not approved for suite reuse until behavior, fixtures, safety, and reproducibility are reviewed.
SUPPLEMENTAL	investigations/CP-M 2.2 Compatibility Investigations.zip!063 - CP-M 2.2 Processor and Instruction Profile/probes/CPUZ80.COM	COM	148	130ed1bc164a12b7adf356949316288764dae437fb4b8c1f6dbffac6fbf0b6a3	BINARY_ONLY_OR_BUILD_PRODUCT	Archive member; not approved for suite reuse until behavior, fixtures, safety, and reproducibility are reviewed.
SUPPLEMENTAL	investigations/CP-M 2.2 Compatibility Investigations.zip!063 - CP-M 2.2 Processor and Instruction Profile/probes/TIMING63.ASM	ASM	402	18719dea8d0107f948ecf5e6ab1c94837750f3cd58e4b2e33bd20341f8d5a3c4	SOURCE_REVIEW_REQUIRED	Archive member; not approved for suite reuse until behavior, fixtures, safety, and reproducibility are reviewed.
SUPPLEMENTAL	investigations/CP-M 2.2 Compatibility Investigations.zip!063 - CP-M 2.2 Processor and Instruction Profile/probes/TIMING63.COM	COM	37	c11e32453285b8fe0966a9fef9db2c97cf674f8a5d2594550be1a498905bb6ba	BINARY_ONLY_OR_BUILD_PRODUCT	Archive member; not approved for suite reuse until behavior, fixtures, safety, and reproducibility are reviewed.
SUPPLEMENTAL	investigations/CP-M 2.2 Compatibility Investigations.zip!063 - CP-M 2.2 Processor and Instruction Profile/probes/UNDOC63.ASM	ASM	551	1aafaef25f8e3c5c1a01b82008a0607ab936e888be62635db409f697748f6681	SOURCE_REVIEW_REQUIRED	Archive member; not approved for suite reuse until behavior, fixtures, safety, and reproducibility are reviewed.
SUPPLEMENTAL	investigations/CP-M 2.2 Compatibility Investigations.zip!063 - CP-M 2.2 Processor and Instruction Profile/probes/UNDOC63.COM	COM	95	f99304a6a8a7a9c49041e99dc0dc1fe22995cb43c9abe3ec6325ae86e6002226	BINARY_ONLY_OR_BUILD_PRODUCT	Archive member; not approved for suite reuse until behavior, fixtures, safety, and reproducibility are reviewed.
SUPPLEMENTAL	investigations/CP-M 2.2 Compatibility Investigations.zip!064 - CP-M 2.2 Expanded Software Corpus Validation/downloads/F80.COM	COM	27264	c65bdf0850025f3e997147d4b59d6d1731ad157f33bf67958e5284328729b441	BINARY_ONLY_OR_BUILD_PRODUCT	Archive member; not approved for suite reuse until behavior, fixtures, safety, and reproducibility are reviewed.
SUPPLEMENTAL	investigations/CP-M 2.2 Compatibility Investigations.zip!064 - CP-M 2.2 Expanded Software Corpus Validation/downloads/L80.COM	COM	10752	7407f61e7788660550ea0a12ba44794f9786235c0a58aafb6d6c4bc3329d2831	BINARY_ONLY_OR_BUILD_PRODUCT	Archive member; not approved for suite reuse until behavior, fixtures, safety, and reproducibility are reviewed.
SUPPLEMENTAL	investigations/CP-M 2.2 Compatibility Investigations.zip!064 - CP-M 2.2 Expanded Software Corpus Validation/downloads/M80.COM	COM	20096	8729b411cb76a0d3bddf84926a2d4245838d39de0bf85e7ca48c4a2d8ba8c663	BINARY_ONLY_OR_BUILD_PRODUCT	Archive member; not approved for suite reuse until behavior, fixtures, safety, and reproducibility are reviewed.
SUPPLEMENTAL	investigations/CP-M 2.2 Compatibility Investigations.zip!064 - CP-M 2.2 Expanded Software Corpus Validation/downloads/TURBO.COM	COM	30720	a99c386b04a11add67300e2cf728b79cf98aba5c6a42f4a31fa10275203802da	BINARY_ONLY_OR_BUILD_PRODUCT	Archive member; not approved for suite reuse until behavior, fixtures, safety, and reproducibility are reviewed.
SUPPLEMENTAL	investigations/CP-M 2.2 Compatibility Investigations.zip!064 - CP-M 2.2 Expanded Software Corpus Validation/probes/extracted/F80HELLO.COM	COM	6656	2c82b1583eb7955a65c6fb235b7f327eda6a41d2fed6891f0e8024b1b6d77c8b	BINARY_ONLY_OR_BUILD_PRODUCT	Archive member; not approved for suite reuse until behavior, fixtures, safety, and reproducibility are reviewed.
SUPPLEMENTAL	investigations/CP-M 2.2 Compatibility Investigations.zip!065 - CP-M 2.2 Communications Profile Validation/probes/source/IMSAI-BIOS.ASM	ASM	24241	7bc3e58cc226ded5d460659b7bc3e24d95849740fdc697fb2adc9bdcc58be302	SOURCE_REVIEW_REQUIRED	Archive member; not approved for suite reuse until behavior, fixtures, safety, and reproducibility are reviewed.
SUPPLEMENTAL	investigations/CP-M 2.2 Compatibility Investigations.zip!065 - CP-M 2.2 Communications Profile Validation/probes/source/qt-imsai.asm	ASM	3084	415406077acf03318618189fa5981bad5af641e2c9f2136bf94b799f7d56a998	SOURCE_REVIEW_REQUIRED	Archive member; not approved for suite reuse until behavior, fixtures, safety, and reproducibility are reviewed.
SUPPLEMENTAL	investigations/CP-M 2.2 Compatibility Investigations.zip!065 - CP-M 2.2 Communications Profile Validation/probes/source/xmodem.asm	ASM	88704	0f893cb866c857d343f9049651044fb7a6d82af57bfed2ee269287579e9e48c8	SOURCE_REVIEW_REQUIRED	Archive member; not approved for suite reuse until behavior, fixtures, safety, and reproducibility are reviewed.
SUPPLEMENTAL	investigations/CP-M 2.2 Compatibility Investigations.zip!066 - CP-M 2.2 Physical Fault and Recovery Validation/probes/FAULT066.ASM	ASM	5395	e490bf9e252f77b5579945009a05f3a670d774bc8e4e699c509b740b4a738a78	SOURCE_REVIEW_REQUIRED	Archive member; not approved for suite reuse until behavior, fixtures, safety, and reproducibility are reviewed.
SUPPLEMENTAL	investigations/CP-M 2.2 Compatibility Investigations.zip!066 - CP-M 2.2 Physical Fault and Recovery Validation/probes/FAULT066.COM	COM	1222	2365c3bac5b06f36e584610a0da5d6b1d3d19e2f0496f70a8e4b18e23307f4ec	BINARY_ONLY_OR_BUILD_PRODUCT	Archive member; not approved for suite reuse until behavior, fixtures, safety, and reproducibility are reviewed.
SUPPLEMENTAL	investigations/CP-M 2.2 Compatibility Investigations.zip!067 - CP-M 2.2 Hardware Profile Validation/probes/BASE051.ASM	ASM	457	9d0f20e05f5c371a11b1b5fc856477e25ad462faa0a518520dd2325004c32c47	SOURCE_REVIEW_REQUIRED	Archive member; not approved for suite reuse until behavior, fixtures, safety, and reproducibility are reviewed.
SUPPLEMENTAL	investigations/CP-M 2.2 Compatibility Investigations.zip!067 - CP-M 2.2 Hardware Profile Validation/probes/BASE051.COM	COM	100	ad28d15b7a7baa2d4f4c3f4145bea8a74c3cd3db76cd2b90edf076ce4c6881ac	BINARY_ONLY_OR_BUILD_PRODUCT	Archive member; not approved for suite reuse until behavior, fixtures, safety, and reproducibility are reviewed.
SUPPLEMENTAL	investigations/CP-M 2.2 Compatibility Investigations.zip!067 - CP-M 2.2 Hardware Profile Validation/probes/CPU8080.ASM	ASM	904	f540b684849178d9a922c1ce8a3e0d300b8960b9c54ab296be44e695e511c8ff	SOURCE_REVIEW_REQUIRED	Archive member; not approved for suite reuse until behavior, fixtures, safety, and reproducibility are reviewed.
SUPPLEMENTAL	investigations/CP-M 2.2 Compatibility Investigations.zip!067 - CP-M 2.2 Hardware Profile Validation/probes/CPU8080.COM	COM	133	b4c6110955ab55a5f80900b83035fc8163a36beadc7335efa88df24eb9c145b2	BINARY_ONLY_OR_BUILD_PRODUCT	Archive member; not approved for suite reuse until behavior, fixtures, safety, and reproducibility are reviewed.
SUPPLEMENTAL	investigations/CP-M 2.2 Compatibility Investigations.zip!067 - CP-M 2.2 Hardware Profile Validation/probes/CPUZ80.ASM	ASM	1042	987f2a109b557c2fff96d9367e98cc5a52a735840069a5fea5abc5e759a074ee	SOURCE_REVIEW_REQUIRED	Archive member; not approved for suite reuse until behavior, fixtures, safety, and reproducibility are reviewed.
SUPPLEMENTAL	investigations/CP-M 2.2 Compatibility Investigations.zip!067 - CP-M 2.2 Hardware Profile Validation/probes/CPUZ80.COM	COM	148	130ed1bc164a12b7adf356949316288764dae437fb4b8c1f6dbffac6fbf0b6a3	BINARY_ONLY_OR_BUILD_PRODUCT	Archive member; not approved for suite reuse until behavior, fixtures, safety, and reproducibility are reviewed.
SUPPLEMENTAL	investigations/CP-M 2.2 Compatibility Investigations.zip!067 - CP-M 2.2 Hardware Profile Validation/probes/profiles/cromemco/dzmation.asm	ASM	31159	27d87e3e5dff09e26eeac69a6502b1da3b46fc0c54b911f3591cc97916144da8	SOURCE_REVIEW_REQUIRED	Archive member; not approved for suite reuse until behavior, fixtures, safety, and reproducibility are reviewed.
SUPPLEMENTAL	investigations/CP-M 2.2 Compatibility Investigations.zip!067 - CP-M 2.2 Hardware Profile Validation/probes/profiles/cromemco/kscope.asm	ASM	1520	f8854d391ae2fb31269f21126e6f6fd854b7a59f5bc490722079e326af0a0761	SOURCE_REVIEW_REQUIRED	Archive member; not approved for suite reuse until behavior, fixtures, safety, and reproducibility are reviewed.
SUPPLEMENTAL	investigations/CP-M 2.2 Compatibility Investigations.zip!067 - CP-M 2.2 Hardware Profile Validation/probes/profiles/cromemco/life.asm	ASM	6478	3da6d692f48092addb5183c9b5983f43a36e475049eb1814fbb42453fe5c118c	SOURCE_REVIEW_REQUIRED	Archive member; not approved for suite reuse until behavior, fixtures, safety, and reproducibility are reviewed.
SUPPLEMENTAL	investigations/CP-M 2.2 Compatibility Investigations.zip!067 - CP-M 2.2 Hardware Profile Validation/probes/profiles/cromemco/microchess.asm	ASM	38812	f6fbd6f55fed65283cd7a4e6f0b318c71acbf4a7195cfbd3a0b7ef975baf5538	SOURCE_REVIEW_REQUIRED	Archive member; not approved for suite reuse until behavior, fixtures, safety, and reproducibility are reviewed.
SUPPLEMENTAL	investigations/CP-M 2.2 Compatibility Investigations.zip!067 - CP-M 2.2 Hardware Profile Validation/probes/profiles/cromemco/roms/rdos1.asm	ASM	18169	64a64eea92e20c551824fb04acbc0bc8dadd119e2fdfdf38bacb8147937a5f86	SOURCE_REVIEW_REQUIRED	Archive member; not approved for suite reuse until behavior, fixtures, safety, and reproducibility are reviewed.
SUPPLEMENTAL	investigations/CP-M 2.2 Compatibility Investigations.zip!067 - CP-M 2.2 Hardware Profile Validation/probes/profiles/cromemco/roms/rdos252.asm	ASM	23017	b0df3b1196be508816525b5ca18cfd4e6ce40fac89d7c7975716cfcdfa4bb79d	SOURCE_REVIEW_REQUIRED	Archive member; not approved for suite reuse until behavior, fixtures, safety, and reproducibility are reviewed.
SUPPLEMENTAL	investigations/CP-M 2.2 Compatibility Investigations.zip!067 - CP-M 2.2 Hardware Profile Validation/probes/profiles/cromemco/roms/z1mon-1.0.asm	ASM	28901	038831f48e73581928c532f0fb6f0dcb572e9205ceee569a2bbea83034abed2b	SOURCE_REVIEW_REQUIRED	Archive member; not approved for suite reuse until behavior, fixtures, safety, and reproducibility are reviewed.
SUPPLEMENTAL	investigations/CP-M 2.2 Compatibility Investigations.zip!067 - CP-M 2.2 Hardware Profile Validation/probes/profiles/cromemco/roms/z1mon-1.4.asm	ASM	18106	b8f154b084ba4529331caf051d4aa5d4708e13929b4a8d761728d48a87737242	SOURCE_REVIEW_REQUIRED	Archive member; not approved for suite reuse until behavior, fixtures, safety, and reproducibility are reviewed.
SUPPLEMENTAL	investigations/CP-M 2.2 Compatibility Investigations.zip!067 - CP-M 2.2 Hardware Profile Validation/probes/profiles/imsai/dzmation.asm	ASM	31159	96a0529de632b7dedd9d9842739d3bb9226c6f9da3ea9d2720dfdaa2462b341c	SOURCE_REVIEW_REQUIRED	Archive member; not approved for suite reuse until behavior, fixtures, safety, and reproducibility are reviewed.
SUPPLEMENTAL	investigations/CP-M 2.2 Compatibility Investigations.zip!067 - CP-M 2.2 Hardware Profile Validation/probes/profiles/imsai/kscope.asm	ASM	1520	f8854d391ae2fb31269f21126e6f6fd854b7a59f5bc490722079e326af0a0761	SOURCE_REVIEW_REQUIRED	Archive member; not approved for suite reuse until behavior, fixtures, safety, and reproducibility are reviewed.
SUPPLEMENTAL	investigations/CP-M 2.2 Compatibility Investigations.zip!067 - CP-M 2.2 Hardware Profile Validation/probes/profiles/imsai/life.asm	ASM	6468	a88fc66dbfe36feae83d55c907e9784a07acca3a4b07fdfbfc04408824a044b1	SOURCE_REVIEW_REQUIRED	Archive member; not approved for suite reuse until behavior, fixtures, safety, and reproducibility are reviewed.
SUPPLEMENTAL	investigations/CP-M 2.2 Compatibility Investigations.zip!067 - CP-M 2.2 Hardware Profile Validation/probes/profiles/imsai/microchess.asm	ASM	38812	feda8cb6649c45f528ca182ced10300963da4fedf6e9a4e837a653db4a61af77	SOURCE_REVIEW_REQUIRED	Archive member; not approved for suite reuse until behavior, fixtures, safety, and reproducibility are reviewed.
SUPPLEMENTAL	investigations/CP-M 2.2 Compatibility Investigations.zip!067 - CP-M 2.2 Hardware Profile Validation/probes/profiles/imsai/roms/basic4k.asm	ASM	105927	1b3cc563ec7025c03edd797a108bd14cc682dbee8dabf725b2d2f8b4eca774f0	SOURCE_REVIEW_REQUIRED	Archive member; not approved for suite reuse until behavior, fixtures, safety, and reproducibility are reviewed.
SUPPLEMENTAL	investigations/CP-M 2.2 Compatibility Investigations.zip!067 - CP-M 2.2 Hardware Profile Validation/probes/profiles/imsai/roms/basic8k.asm	ASM	200425	ee9dcb2a4d657c43a9deb7d4b8dcb0b2f084bf0701ac2a62a8b08e32f530a6fa	SOURCE_REVIEW_REQUIRED	Archive member; not approved for suite reuse until behavior, fixtures, safety, and reproducibility are reviewed.
SUPPLEMENTAL	investigations/CP-M 2.2 Compatibility Investigations.zip!067 - CP-M 2.2 Hardware Profile Validation/probes/profiles/imsai/roms/memon80.asm	ASM	200493	39d012cedc8b2cd69dd455b8705e459117077ed830ca3b70b1d971e6da6f2724	SOURCE_REVIEW_REQUIRED	Archive member; not approved for suite reuse until behavior, fixtures, safety, and reproducibility are reviewed.
SUPPLEMENTAL	investigations/CP-M 2.2 Compatibility Investigations.zip!067 - CP-M 2.2 Hardware Profile Validation/probes/profiles/imsai/roms/viofm1.asm	ASM	44406	73293f39f98b6831358a31caa2b31eaa7a8ac50a48dc74054c662605c774db3a	SOURCE_REVIEW_REQUIRED	Archive member; not approved for suite reuse until behavior, fixtures, safety, and reproducibility are reviewed.
SUPPLEMENTAL	investigations/CP-M 2.2 Compatibility Investigations.zip!067 - CP-M 2.2 Hardware Profile Validation/probes/profiles/imsai/scs1.asm	ASM	75343	55948e1855884347129df669fc8728f34ca4680f5bb1812f4956310088615e19	SOURCE_REVIEW_REQUIRED	Archive member; not approved for suite reuse until behavior, fixtures, safety, and reproducibility are reviewed.
SUPPLEMENTAL	investigations/CP-M 2.2 Compatibility Investigations.zip!067 - CP-M 2.2 Hardware Profile Validation/probes/profiles/imsai/srccpm2/bios.asm	ASM	24241	7bc3e58cc226ded5d460659b7bc3e24d95849740fdc697fb2adc9bdcc58be302	SOURCE_REVIEW_REQUIRED	Archive member; not approved for suite reuse until behavior, fixtures, safety, and reproducibility are reviewed.
SUPPLEMENTAL	investigations/CP-M 2.2 Compatibility Investigations.zip!067 - CP-M 2.2 Hardware Profile Validation/probes/profiles/imsai/srccpm2/boot.asm	ASM	2914	0d4d0767100dbcc4a6c7c8b19ac20afaa5c9ba7188eca9d7aa9adbb5f2a35f00	SOURCE_REVIEW_REQUIRED	Archive member; not approved for suite reuse until behavior, fixtures, safety, and reproducibility are reviewed.
SUPPLEMENTAL	investigations/CP-M 2.2 Compatibility Investigations.zip!067 - CP-M 2.2 Hardware Profile Validation/probes/profiles/imsai/srccpm3/bnkbios3.asm	ASM	22539	0923b88919207a8fa70f7bd922828f0704b72a151e3914bb36db3186fd1a405b	SOURCE_REVIEW_REQUIRED	Archive member; not approved for suite reuse until behavior, fixtures, safety, and reproducibility are reviewed.
SUPPLEMENTAL	investigations/CP-M 2.2 Compatibility Investigations.zip!067 - CP-M 2.2 Hardware Profile Validation/probes/profiles/imsai/srccpm3/boot.asm	ASM	1573	4ebad80e2112c09d0de7eb3c8735779b71a335ed4ec9290c714fb9c024514ca5	SOURCE_REVIEW_REQUIRED	Archive member; not approved for suite reuse until behavior, fixtures, safety, and reproducibility are reviewed.
SUPPLEMENTAL	investigations/CP-M 2.2 Compatibility Investigations.zip!067 - CP-M 2.2 Hardware Profile Validation/probes/profiles/imsai/srccpm3/ldrbios.asm	ASM	6268	bdd7f7a702be3cd8ae984dc9bcf2100822162a6269116927c4b1b07d91c59882	SOURCE_REVIEW_REQUIRED	Archive member; not approved for suite reuse until behavior, fixtures, safety, and reproducibility are reviewed.
SUPPLEMENTAL	investigations/CP-M 2.2 Compatibility Investigations.zip!067 - CP-M 2.2 Hardware Profile Validation/probes/profiles/imsai/srcucsd-iv/bios.asm	ASM	4735	f649c074f8932ba718fcf3b1fbd6419752883cf0702c6dd008a4f17f9138143a	SOURCE_REVIEW_REQUIRED	Archive member; not approved for suite reuse until behavior, fixtures, safety, and reproducibility are reviewed.
SUPPLEMENTAL	investigations/CP-M 2.2 Compatibility Investigations.zip!067 - CP-M 2.2 Hardware Profile Validation/probes/profiles/imsai/srcucsd-iv/boot.asm	ASM	3035	1a9d8f9342de4b8b88f82d6318a8e69b55045ebe1c4ccc84938a67fd0423a392	SOURCE_REVIEW_REQUIRED	Archive member; not approved for suite reuse until behavior, fixtures, safety, and reproducibility are reviewed.
SUPPLEMENTAL	investigations/CP-M 2.2 Compatibility Investigations.zip!067 - CP-M 2.2 Hardware Profile Validation/probes/ZERO41.ASM	ASM	1572	d4644f4cad0059b8f8d6c4bc6b3c39b8e054ac79d656289b1237ad04c5336540	SOURCE_REVIEW_REQUIRED	Archive member; not approved for suite reuse until behavior, fixtures, safety, and reproducibility are reviewed.
SUPPLEMENTAL	investigations/CP-M 2.2 Compatibility Investigations.zip!067 - CP-M 2.2 Hardware Profile Validation/probes/ZERO41.COM	COM	242	706429c300e5aec67d679a762ab4f70415a4d687f644eb96072d2f8bc8f1992d	BINARY_ONLY_OR_BUILD_PRODUCT	Archive member; not approved for suite reuse until behavior, fixtures, safety, and reproducibility are reviewed.
SUPPLEMENTAL	investigations/CP-M 2.2 Compatibility Investigations.zip!070A - CP-M 2.2 Cross-Layer Compatibility Boundary Validation and Consolidation/probes/CROSS70A.ASM	ASM	3914	385adc5f50b443ece9f6c5b6d7e057f9e66061a71576fccd448419675c9c8214	SOURCE_REVIEW_REQUIRED	Archive member; not approved for suite reuse until behavior, fixtures, safety, and reproducibility are reviewed.
SUPPLEMENTAL	investigations/CP-M 2.2 Compatibility Investigations.zip!070A - CP-M 2.2 Cross-Layer Compatibility Boundary Validation and Consolidation/probes/CROSS70A.COM	COM	867	ec5fde1b90b62d253c71a576361754ff86721d327b1233990dc4ed5597cdf523	BINARY_ONLY_OR_BUILD_PRODUCT	Archive member; not approved for suite reuse until behavior, fixtures, safety, and reproducibility are reviewed.
SUPPLEMENTAL	investigations/CP-M 2.2 Compatibility Investigations.zip!070A - CP-M 2.2 Cross-Layer Compatibility Boundary Validation and Consolidation/probes/CROSS70A.first.COM	COM	867	ec5fde1b90b62d253c71a576361754ff86721d327b1233990dc4ed5597cdf523	BINARY_ONLY_OR_BUILD_PRODUCT	Archive member; not approved for suite reuse until behavior, fixtures, safety, and reproducibility are reviewed.
SUPPLEMENTAL	investigations/CP-M 2.2 Compatibility Investigations.zip!070A - CP-M 2.2 Cross-Layer Compatibility Boundary Validation and Consolidation/probes/FAULT066.ASM	ASM	5395	e490bf9e252f77b5579945009a05f3a670d774bc8e4e699c509b740b4a738a78	SOURCE_REVIEW_REQUIRED	Archive member; not approved for suite reuse until behavior, fixtures, safety, and reproducibility are reviewed.
SUPPLEMENTAL	investigations/CP-M 2.2 Compatibility Investigations.zip!070A - CP-M 2.2 Cross-Layer Compatibility Boundary Validation and Consolidation/probes/FAULT066.COM	COM	1222	2365c3bac5b06f36e584610a0da5d6b1d3d19e2f0496f70a8e4b18e23307f4ec	BINARY_ONLY_OR_BUILD_PRODUCT	Archive member; not approved for suite reuse until behavior, fixtures, safety, and reproducibility are reviewed.
SUPPLEMENTAL	investigations/CP-M 2.2 Compatibility Investigations.zip!070A - CP-M 2.2 Cross-Layer Compatibility Boundary Validation and Consolidation/probes/FAULT066.rebuilt.COM	COM	1222	2365c3bac5b06f36e584610a0da5d6b1d3d19e2f0496f70a8e4b18e23307f4ec	BINARY_ONLY_OR_BUILD_PRODUCT	Archive member; not approved for suite reuse until behavior, fixtures, safety, and reproducibility are reviewed.
