entry	compatibility_requirement	evidence_source	extension_constraint	validation_method	classification	safe_boundary_rule
0001	.COM load origin	001 - CP/M 2.2 Transient Program Entry Environment; I052 MEM-001,MEM-005,CCP-003	Extensions must preserve this CP/M-visible observation	MEM-001,MEM-005,CCP-003	REQUIRED	May change or delegate mechanism only with observational equivalence in the declared CP/M personality
0002	Transient entry point	001 - CP/M 2.2 Transient Program Entry Environment; I052 MEM-001,MEM-005,CCP-003	Extensions must preserve this CP/M-visible observation	MEM-001,MEM-005,CCP-003	REQUIRED	May change or delegate mechanism only with observational equivalence in the declared CP/M personality
0003	TPA lower boundary	001 - CP/M 2.2 Transient Program Entry Environment; I052 MEM-001,MEM-005,CCP-003	Extensions must preserve this CP/M-visible observation	MEM-001,MEM-005,CCP-003	REQUIRED	May change or delegate mechanism only with observational equivalence in the declared CP/M personality
0004	TPA upper-bound discovery	001 - CP/M 2.2 Transient Program Entry Environment; I052 MEM-001,MEM-005,CCP-003	Extensions must preserve this CP/M-visible observation	MEM-001,MEM-005,CCP-003	REQUIRED	May change or delegate mechanism only with observational equivalence in the declared CP/M personality
0005	Warm-start gateway at 0000h	001 - CP/M 2.2 Transient Program Entry Environment; I052 MEM-001,MEM-005,CCP-003	Extensions must preserve this CP/M-visible observation	MEM-001,MEM-005,CCP-003	REQUIRED	May change or delegate mechanism only with observational equivalence in the declared CP/M personality
0006	IOBYTE location	001 - CP/M 2.2 Transient Program Entry Environment; I052 MEM-001,MEM-005,CCP-003	Extensions must preserve this CP/M-visible observation	MEM-001,MEM-005,CCP-003	REQUIRED	May change or delegate mechanism only with observational equivalence in the declared CP/M personality
0007	Command-entry default-drive byte	001 - CP/M 2.2 Transient Program Entry Environment; I052 MEM-001,MEM-005,CCP-003	Extensions must preserve this CP/M-visible observation	MEM-001,MEM-005,CCP-003	REQUIRED	May change or delegate mechanism only with observational equivalence in the declared CP/M personality
0008	BDOS gateway at 0005h	001 - CP/M 2.2 Transient Program Entry Environment; I052 MEM-001,MEM-005,CCP-003	Extensions must preserve this CP/M-visible observation	MEM-001,MEM-005,CCP-003	REQUIRED	May change or delegate mechanism only with observational equivalence in the declared CP/M personality
0009	Reserved restart/interrupt region roles	001 - CP/M 2.2 Transient Program Entry Environment; I052 MEM-001,MEM-005,CCP-003	Extensions must preserve this CP/M-visible observation	MEM-001,MEM-005,CCP-003	REQUIRED	May change or delegate mechanism only with observational equivalence in the declared CP/M personality
0010	CBIOS scratch-area role	001 - CP/M 2.2 Transient Program Entry Environment; I052 MEM-001,MEM-005,CCP-003	Extensions must preserve this CP/M-visible observation	MEM-001,MEM-005,CCP-003	REQUIRED	May change or delegate mechanism only with observational equivalence in the declared CP/M personality
0011	First default FCB location	001 - CP/M 2.2 Transient Program Entry Environment; I052 MEM-001,MEM-005,CCP-003	Extensions must preserve this CP/M-visible observation	MEM-001,MEM-005,CCP-003	REQUIRED	May change or delegate mechanism only with observational equivalence in the declared CP/M personality
0012	Second default FCB at 006Ch	001 - CP/M 2.2 Transient Program Entry Environment; I052 MEM-001,MEM-005,CCP-003	Extension must not silently choose or expose this unresolved behavior	MEM-001,MEM-005,CCP-003	POLICY PENDING	Require named opt-in/profile and activate its tests before claiming compatibility
0013	Default FCB drive-prefix parsing	001 - CP/M 2.2 Transient Program Entry Environment; I052 MEM-001,MEM-005,CCP-003	Extensions must preserve this CP/M-visible observation	MEM-001,MEM-005,CCP-003	REQUIRED	May change or delegate mechanism only with observational equivalence in the declared CP/M personality
0014	Default FCB wildcard expansion	001 - CP/M 2.2 Transient Program Entry Environment; I052 MEM-001,MEM-005,CCP-003	Extensions must preserve this CP/M-visible observation	MEM-001,MEM-005,CCP-003	REQUIRED	May change or delegate mechanism only with observational equivalence in the declared CP/M personality
0015	Default FCB case and padding	001 - CP/M 2.2 Transient Program Entry Environment; I052 MEM-001,MEM-005,CCP-003	Extensions must preserve this CP/M-visible observation	MEM-001,MEM-005,CCP-003	REQUIRED	May change or delegate mechanism only with observational equivalence in the declared CP/M personality
0016	Default FCB unopened control fields	001 - CP/M 2.2 Transient Program Entry Environment; I052 MEM-001,MEM-005,CCP-003	Extension must not silently choose or expose this unresolved behavior	MEM-001,MEM-005,CCP-003	POLICY PENDING	Require named opt-in/profile and activate its tests before claiming compatibility
0017	Command-tail count location	001 - CP/M 2.2 Transient Program Entry Environment; I052 MEM-001,MEM-005,CCP-003	Extensions must preserve this CP/M-visible observation	MEM-001,MEM-005,CCP-003	REQUIRED	May change or delegate mechanism only with observational equivalence in the declared CP/M personality
0018	Command-tail character location	001 - CP/M 2.2 Transient Program Entry Environment; I052 MEM-001,MEM-005,CCP-003	Extensions must preserve this CP/M-visible observation	MEM-001,MEM-005,CCP-003	REQUIRED	May change or delegate mechanism only with observational equivalence in the declared CP/M personality
0019	Leading blank in command tail	001 - CP/M 2.2 Transient Program Entry Environment; I052 MEM-001,MEM-005,CCP-003	Extension must not silently choose or expose this unresolved behavior	MEM-001,MEM-005,CCP-003	POLICY PENDING	Require named opt-in/profile and activate its tests before claiming compatibility
0020	Uppercase command-tail representation	001 - CP/M 2.2 Transient Program Entry Environment; I052 MEM-001,MEM-005,CCP-003	Extension must not silently choose or expose this unresolved behavior	MEM-001,MEM-005,CCP-003	POLICY PENDING	Require named opt-in/profile and activate its tests before claiming compatibility
0021	NUL after counted command tail	001 - CP/M 2.2 Transient Program Entry Environment; I052 MEM-001,MEM-005,CCP-003	Extension must not silently choose or expose this unresolved behavior	MEM-001,MEM-005,CCP-003	POLICY PENDING	Require named opt-in/profile and activate its tests before claiming compatibility
0022	Bytes following command-tail terminator	001 - CP/M 2.2 Transient Program Entry Environment; I052 MEM-001,MEM-005,CCP-003	No CP/M requirement to reproduce this private/incidental mechanism	MEM-001,MEM-005,CCP-003	NOT REQUIRED	Extension/internal implementation may differ; keep private details outside CP/M acceptance criteria
0023	Default DMA address	001 - CP/M 2.2 Transient Program Entry Environment; I052 MEM-001,MEM-005,CCP-003	Extensions must preserve this CP/M-visible observation	MEM-001,MEM-005,CCP-003	REQUIRED	May change or delegate mechanism only with observational equivalence in the declared CP/M personality
0024	Command-tail/default-DMA overlap	001 - CP/M 2.2 Transient Program Entry Environment; I052 MEM-001,MEM-005,CCP-003	Extensions must preserve this CP/M-visible observation	MEM-001,MEM-005,CCP-003	REQUIRED	May change or delegate mechanism only with observational equivalence in the declared CP/M personality
0025	Program termination through JMP 0000h	001 - CP/M 2.2 Transient Program Entry Environment; I052 MEM-001,MEM-005,CCP-003	Extensions must preserve this CP/M-visible observation	MEM-001,MEM-005,CCP-003	REQUIRED	May change or delegate mechanism only with observational equivalence in the declared CP/M personality
0026	Program termination through BDOS function 0	001 - CP/M 2.2 Transient Program Entry Environment; I052 MEM-001,MEM-005,CCP-003	Extensions must preserve this CP/M-visible observation	MEM-001,MEM-005,CCP-003	REQUIRED	May change or delegate mechanism only with observational equivalence in the declared CP/M personality
0027	RET termination	001 - CP/M 2.2 Transient Program Entry Environment; I052 MEM-001,MEM-005,CCP-003	Extensions must preserve this CP/M-visible observation	MEM-001,MEM-005,CCP-003	REQUIRED	May change or delegate mechanism only with observational equivalence in the declared CP/M personality
0028	Valid entry return word	001 - CP/M 2.2 Transient Program Entry Environment; I052 MEM-001,MEM-005,CCP-003	Extensions must preserve this CP/M-visible observation	MEM-001,MEM-005,CCP-003	REQUIRED	May change or delegate mechanism only with observational equivalence in the declared CP/M personality
0029	Exact entry SP	001 - CP/M 2.2 Transient Program Entry Environment; I052 MEM-001,MEM-005,CCP-003	No CP/M requirement to reproduce this private/incidental mechanism	MEM-001,MEM-005,CCP-003	NOT REQUIRED	Extension/internal implementation may differ; keep private details outside CP/M acceptance criteria
0030	Exact entry return address	001 - CP/M 2.2 Transient Program Entry Environment; I052 MEM-001,MEM-005,CCP-003	No CP/M requirement to reproduce this private/incidental mechanism	MEM-001,MEM-005,CCP-003	NOT REQUIRED	Extension/internal implementation may differ; keep private details outside CP/M acceptance criteria
0031	General-register entry state	001 - CP/M 2.2 Transient Program Entry Environment; I052 MEM-001,MEM-005,CCP-003	Extension may vary this result within the ledger boundary	MEM-001,MEM-005,CCP-003	NOT GUARANTEED	Do not turn one extension/provider result into a CP/M baseline promise
0032	Z80 extended-register entry state	001 - CP/M 2.2 Transient Program Entry Environment; I052 MEM-001,MEM-005,CCP-003	Extension may vary this result within the ledger boundary	MEM-001,MEM-005,CCP-003	NOT GUARANTEED	Do not turn one extension/provider result into a CP/M baseline promise
0033	Entry flags and interrupt state	001 - CP/M 2.2 Transient Program Entry Environment; I052 MEM-001,MEM-005,CCP-003	Extension may vary this result within the ledger boundary	MEM-001,MEM-005,CCP-003	NOT GUARANTEED	Do not turn one extension/provider result into a CP/M baseline promise
0034	Exact BIOS/BDOS vector targets	002 - CP/M 2.2 BDOS Call and Return Convention; I052 BDOS-CALL-001	No CP/M requirement to reproduce this private/incidental mechanism	BDOS-CALL-001	NOT REQUIRED	Extension/internal implementation may differ; keep private details outside CP/M acceptance criteria
0035	BDOS function selector in C	002 - CP/M 2.2 BDOS Call and Return Convention; I052 BDOS-CALL-001	Extensions must preserve this CP/M-visible observation	BDOS-CALL-001	REQUIRED	May change or delegate mechanism only with observational equivalence in the declared CP/M personality
0036	BDOS function-specific input in DE/E	002 - CP/M 2.2 BDOS Call and Return Convention; I052 BDOS-CALL-001	Extensions must preserve this CP/M-visible observation	BDOS-CALL-001	REQUIRED	May change or delegate mechanism only with observational equivalence in the declared CP/M personality
0037	Byte result in A	002 - CP/M 2.2 BDOS Call and Return Convention; I052 BDOS-CALL-001	Extensions must preserve this CP/M-visible observation	BDOS-CALL-001	REQUIRED	May change or delegate mechanism only with observational equivalence in the declared CP/M personality
0038	Word result in HL	002 - CP/M 2.2 BDOS Call and Return Convention; I052 BDOS-CALL-001	Extensions must preserve this CP/M-visible observation	BDOS-CALL-001	REQUIRED	May change or delegate mechanism only with observational equivalence in the declared CP/M personality
0039	Normal-return alias A=L	002 - CP/M 2.2 BDOS Call and Return Convention; I052 BDOS-CALL-001	Extensions must preserve this CP/M-visible observation	BDOS-CALL-001	REQUIRED	May change or delegate mechanism only with observational equivalence in the declared CP/M personality
0040	Normal-return alias B=H	002 - CP/M 2.2 BDOS Call and Return Convention; I052 BDOS-CALL-001	Extensions must preserve this CP/M-visible observation	BDOS-CALL-001	REQUIRED	May change or delegate mechanism only with observational equivalence in the declared CP/M personality
0041	CP/M 2.2 BDOS selector range	002 - CP/M 2.2 BDOS Call and Return Convention; I052 BDOS-CALL-001	Extensions must preserve this CP/M-visible observation	BDOS-CALL-001	REQUIRED	May change or delegate mechanism only with observational equivalence in the declared CP/M personality
0042	Out-of-range BDOS result	002 - CP/M 2.2 BDOS Call and Return Convention; I052 BDOS-CALL-001	Extensions must preserve this CP/M-visible observation	BDOS-CALL-001	REQUIRED	May change or delegate mechanism only with observational equivalence in the declared CP/M personality
0043	Caller SP restored on returning BDOS calls	002 - CP/M 2.2 BDOS Call and Return Convention; I052 BDOS-CALL-001	Extensions must preserve this CP/M-visible observation	BDOS-CALL-001	REQUIRED	May change or delegate mechanism only with observational equivalence in the declared CP/M personality
0044	DRI private BDOS stack mechanism	002 - CP/M 2.2 BDOS Call and Return Convention; I052 BDOS-CALL-001	No CP/M requirement to reproduce this private/incidental mechanism	BDOS-CALL-001	NOT REQUIRED	Extension/internal implementation may differ; keep private details outside CP/M acceptance criteria
0045	AF preservation across BDOS	002 - CP/M 2.2 BDOS Call and Return Convention; I052 BDOS-CALL-001	Extension may vary this result within the ledger boundary	BDOS-CALL-001	NOT GUARANTEED	Do not turn one extension/provider result into a CP/M baseline promise
0046	BC preservation across BDOS	002 - CP/M 2.2 BDOS Call and Return Convention; I052 BDOS-CALL-001	Extension may vary this result within the ledger boundary	BDOS-CALL-001	NOT GUARANTEED	Do not turn one extension/provider result into a CP/M baseline promise
0047	DE preservation across BDOS	002 - CP/M 2.2 BDOS Call and Return Convention; I052 BDOS-CALL-001	Extension may vary this result within the ledger boundary	BDOS-CALL-001	NOT GUARANTEED	Do not turn one extension/provider result into a CP/M baseline promise
0048	HL preservation across BDOS	002 - CP/M 2.2 BDOS Call and Return Convention; I052 BDOS-CALL-001	Extension may vary this result within the ledger boundary	BDOS-CALL-001	NOT GUARANTEED	Do not turn one extension/provider result into a CP/M baseline promise
0049	Z80-only and alternate-register preservation	002 - CP/M 2.2 BDOS Call and Return Convention; I052 BDOS-CALL-001	Extension may vary this result within the ledger boundary	BDOS-CALL-001	NOT GUARANTEED	Do not turn one extension/provider result into a CP/M baseline promise
0050	Valid-call C becomes input E	002 - CP/M 2.2 BDOS Call and Return Convention; I052 BDOS-CALL-001	No CP/M requirement to reproduce this private/incidental mechanism	BDOS-CALL-001	NOT REQUIRED	Extension/internal implementation may differ; keep private details outside CP/M acceptance criteria
0051	Observed BDOS return flags	003 - CP/M 2.2 BDOS Console Output and String Output Semantics; I052 BDOS-CON-001	No CP/M requirement to reproduce this private/incidental mechanism	BDOS-CON-001	NOT REQUIRED	Extension/internal implementation may differ; keep private details outside CP/M acceptance criteria
0052	Function 2 character source	003 - CP/M 2.2 BDOS Console Output and String Output Semantics; I052 BDOS-CON-001	Extensions must preserve this CP/M-visible observation	BDOS-CON-001	REQUIRED	May change or delegate mechanism only with observational equivalence in the declared CP/M personality
0053	Function 2 treats '$' as ordinary data	003 - CP/M 2.2 BDOS Console Output and String Output Semantics; I052 BDOS-CON-001	Extensions must preserve this CP/M-visible observation	BDOS-CON-001	REQUIRED	May change or delegate mechanism only with observational equivalence in the declared CP/M personality
0054	Function 9 string address	003 - CP/M 2.2 BDOS Console Output and String Output Semantics; I052 BDOS-CON-001	Extensions must preserve this CP/M-visible observation	BDOS-CON-001	REQUIRED	May change or delegate mechanism only with observational equivalence in the declared CP/M personality
0055	Function 9 '$' termination	003 - CP/M 2.2 BDOS Console Output and String Output Semantics; I052 BDOS-CON-001	Extensions must preserve this CP/M-visible observation	BDOS-CON-001	REQUIRED	May change or delegate mechanism only with observational equivalence in the declared CP/M personality
0056	Function 9 terminator is not emitted	003 - CP/M 2.2 BDOS Console Output and String Output Semantics; I052 BDOS-CON-001	Extensions must preserve this CP/M-visible observation	BDOS-CON-001	REQUIRED	May change or delegate mechanism only with observational equivalence in the declared CP/M personality
0057	Function 9 empty string	003 - CP/M 2.2 BDOS Console Output and String Output Semantics; I052 BDOS-CON-001	Extensions must preserve this CP/M-visible observation	BDOS-CON-001	REQUIRED	May change or delegate mechanism only with observational equivalence in the declared CP/M personality
0058	Function 9 scans across ordinary control characters	003 - CP/M 2.2 BDOS Console Output and String Output Semantics; I052 BDOS-CON-001	Extensions must preserve this CP/M-visible observation	BDOS-CON-001	REQUIRED	May change or delegate mechanism only with observational equivalence in the declared CP/M personality
0059	Function 2 uses formatted console output	003 - CP/M 2.2 BDOS Console Output and String Output Semantics; I052 BDOS-CON-001	Extensions must preserve this CP/M-visible observation	BDOS-CON-001	REQUIRED	May change or delegate mechanism only with observational equivalence in the declared CP/M personality
0060	Function 9 uses formatted console output	003 - CP/M 2.2 BDOS Console Output and String Output Semantics; I052 BDOS-CON-001	Extensions must preserve this CP/M-visible observation	BDOS-CON-001	REQUIRED	May change or delegate mechanism only with observational equivalence in the declared CP/M personality
0061	Shared formatted-output state	003 - CP/M 2.2 BDOS Console Output and String Output Semantics; I052 BDOS-CON-001	Extensions must preserve this CP/M-visible observation	BDOS-CON-001	REQUIRED	May change or delegate mechanism only with observational equivalence in the declared CP/M personality
0062	TAB expansion	003 - CP/M 2.2 BDOS Console Output and String Output Semantics; I052 BDOS-CON-001	Extensions must preserve this CP/M-visible observation	BDOS-CON-001	REQUIRED	May change or delegate mechanism only with observational equivalence in the declared CP/M personality
0063	Function 2 participates in scrolling control	003 - CP/M 2.2 BDOS Console Output and String Output Semantics; I052 BDOS-CON-001	Extensions must preserve this CP/M-visible observation	BDOS-CON-001	REQUIRED	May change or delegate mechanism only with observational equivalence in the declared CP/M personality
0064	Function 9 participates in scrolling control	003 - CP/M 2.2 BDOS Console Output and String Output Semantics; I052 BDOS-CON-001	Extensions must preserve this CP/M-visible observation	BDOS-CON-001	REQUIRED	May change or delegate mechanism only with observational equivalence in the declared CP/M personality
0065	Function 2 participates in active printer echo	003 - CP/M 2.2 BDOS Console Output and String Output Semantics; I052 BDOS-CON-001	Extensions must preserve this CP/M-visible observation	BDOS-CON-001	REQUIRED	May change or delegate mechanism only with observational equivalence in the declared CP/M personality
0066	Function 9 participates in active printer echo	003 - CP/M 2.2 BDOS Console Output and String Output Semantics; I052 BDOS-CON-001	Extensions must preserve this CP/M-visible observation	BDOS-CON-001	REQUIRED	May change or delegate mechanism only with observational equivalence in the declared CP/M personality
0067	Function 2 has no function-specific return value	003 - CP/M 2.2 BDOS Console Output and String Output Semantics; I052 BDOS-CON-001	Extension may vary this result within the ledger boundary	BDOS-CON-001	NOT GUARANTEED	Do not turn one extension/provider result into a CP/M baseline promise
0068	Function 9 has no function-specific return value	003 - CP/M 2.2 BDOS Console Output and String Output Semantics; I052 BDOS-CON-001	Extension may vary this result within the ledger boundary	BDOS-CON-001	NOT GUARANTEED	Do not turn one extension/provider result into a CP/M baseline promise
0069	Exact logical-column update rules	003 - CP/M 2.2 BDOS Console Output and String Output Semantics; I052 BDOS-CON-001	Extension must not silently choose or expose this unresolved behavior	BDOS-CON-001	POLICY PENDING	Require named opt-in/profile and activate its tests before claiming compatibility
0070	LF resets DRI logical column	003 - CP/M 2.2 BDOS Console Output and String Output Semantics; I052 BDOS-CON-001	Extension must not silently choose or expose this unresolved behavior	BDOS-CON-001	POLICY PENDING	Require named opt-in/profile and activate its tests before claiming compatibility
0071	CR does not reset DRI logical column	003 - CP/M 2.2 BDOS Console Output and String Output Semantics; I052 BDOS-CON-001	Extension must not silently choose or expose this unresolved behavior	BDOS-CON-001	POLICY PENDING	Require named opt-in/profile and activate its tests before claiming compatibility
0072	Pending-key buffering during formatted output	003 - CP/M 2.2 BDOS Console Output and String Output Semantics; I052 BDOS-CON-001	Extension must not silently choose or expose this unresolved behavior	BDOS-CON-001	POLICY PENDING	Require named opt-in/profile and activate its tests before claiming compatibility
0073	Ctrl-C behavior after output pause	003 - CP/M 2.2 BDOS Console Output and String Output Semantics; I052 BDOS-CON-001	Extension must not silently choose or expose this unresolved behavior	BDOS-CON-001	POLICY PENDING	Require named opt-in/profile and activate its tests before claiming compatibility
0074	DRI private formatted-output implementation state	004 - CP/M 2.2 BDOS Direct Console IO and Console Status Semantics; I052 BDOS-CON-002,BDOS-CON-005	No CP/M requirement to reproduce this private/incidental mechanism	BDOS-CON-002,BDOS-CON-005	NOT REQUIRED	Extension/internal implementation may differ; keep private details outside CP/M acceptance criteria
0075	Function 6 direct-output selection	004 - CP/M 2.2 BDOS Direct Console IO and Console Status Semantics; I052 BDOS-CON-002,BDOS-CON-005	Extensions must preserve this CP/M-visible observation	BDOS-CON-002,BDOS-CON-005	REQUIRED	May change or delegate mechanism only with observational equivalence in the declared CP/M personality
0076	Function 6 direct-output character source	004 - CP/M 2.2 BDOS Direct Console IO and Console Status Semantics; I052 BDOS-CON-002,BDOS-CON-005	Extensions must preserve this CP/M-visible observation	BDOS-CON-002,BDOS-CON-005	REQUIRED	May change or delegate mechanism only with observational equivalence in the declared CP/M personality
0077	Function 6 direct output does not expand TAB	004 - CP/M 2.2 BDOS Direct Console IO and Console Status Semantics; I052 BDOS-CON-002,BDOS-CON-005	Extensions must preserve this CP/M-visible observation	BDOS-CON-002,BDOS-CON-005	REQUIRED	May change or delegate mechanism only with observational equivalence in the declared CP/M personality
0078	Function 6 direct output bypasses Ctrl-S scrolling control	004 - CP/M 2.2 BDOS Direct Console IO and Console Status Semantics; I052 BDOS-CON-002,BDOS-CON-005	Extensions must preserve this CP/M-visible observation	BDOS-CON-002,BDOS-CON-005	REQUIRED	May change or delegate mechanism only with observational equivalence in the declared CP/M personality
0079	Function 6 direct output bypasses Ctrl-P printer echo	004 - CP/M 2.2 BDOS Direct Console IO and Console Status Semantics; I052 BDOS-CON-002,BDOS-CON-005	Extensions must preserve this CP/M-visible observation	BDOS-CON-002,BDOS-CON-005	REQUIRED	May change or delegate mechanism only with observational equivalence in the declared CP/M personality
0080	Function 6 direct output has no function-specific result	004 - CP/M 2.2 BDOS Direct Console IO and Console Status Semantics; I052 BDOS-CON-002,BDOS-CON-005	Extension may vary this result within the ledger boundary	BDOS-CON-002,BDOS-CON-005	NOT GUARANTEED	Do not turn one extension/provider result into a CP/M baseline promise
0081	Function 6 nonblocking-input selection	004 - CP/M 2.2 BDOS Direct Console IO and Console Status Semantics; I052 BDOS-CON-002,BDOS-CON-005	Extensions must preserve this CP/M-visible observation	BDOS-CON-002,BDOS-CON-005	REQUIRED	May change or delegate mechanism only with observational equivalence in the declared CP/M personality
0082	Function 6 no-input result	004 - CP/M 2.2 BDOS Direct Console IO and Console Status Semantics; I052 BDOS-CON-002,BDOS-CON-005	Extensions must preserve this CP/M-visible observation	BDOS-CON-002,BDOS-CON-005	REQUIRED	May change or delegate mechanism only with observational equivalence in the declared CP/M personality
0083	Function 6 ready-input result	004 - CP/M 2.2 BDOS Direct Console IO and Console Status Semantics; I052 BDOS-CON-002,BDOS-CON-005	Extensions must preserve this CP/M-visible observation	BDOS-CON-002,BDOS-CON-005	REQUIRED	May change or delegate mechanism only with observational equivalence in the declared CP/M personality
0084	Function 6 input is unadorned	004 - CP/M 2.2 BDOS Direct Console IO and Console Status Semantics; I052 BDOS-CON-002,BDOS-CON-005	Extensions must preserve this CP/M-visible observation	BDOS-CON-002,BDOS-CON-005	REQUIRED	May change or delegate mechanism only with observational equivalence in the declared CP/M personality
0085	Function 11 not-ready result	004 - CP/M 2.2 BDOS Direct Console IO and Console Status Semantics; I052 BDOS-CON-002,BDOS-CON-005	Extensions must preserve this CP/M-visible observation	BDOS-CON-002,BDOS-CON-005	REQUIRED	May change or delegate mechanism only with observational equivalence in the declared CP/M personality
0086	Exact function 11 ready result	004 - CP/M 2.2 BDOS Direct Console IO and Console Status Semantics; I052 BDOS-CON-002,BDOS-CON-005	Extension must not silently choose or expose this unresolved behavior	BDOS-CON-002,BDOS-CON-005	POLICY PENDING	Require named opt-in/profile and activate its tests before claiming compatibility
0087	Function 11 pending-byte retention	004 - CP/M 2.2 BDOS Direct Console IO and Console Status Semantics; I052 BDOS-CON-002,BDOS-CON-005	Extension must not silently choose or expose this unresolved behavior	BDOS-CON-002,BDOS-CON-005	POLICY PENDING	Require named opt-in/profile and activate its tests before claiming compatibility
0088	DRI function 6 ignores retained pending byte	004 - CP/M 2.2 BDOS Direct Console IO and Console Status Semantics; I052 BDOS-CON-002,BDOS-CON-005	Extension must not silently choose or expose this unresolved behavior	BDOS-CON-002,BDOS-CON-005	POLICY PENDING	Require named opt-in/profile and activate its tests before claiming compatibility
0089	DRI function 6 E=FEh behavior	004 - CP/M 2.2 BDOS Direct Console IO and Console Status Semantics; I052 BDOS-CON-002,BDOS-CON-005	No CP/M requirement to reproduce this private/incidental mechanism	BDOS-CON-002,BDOS-CON-005	NOT REQUIRED	Extension/internal implementation may differ; keep private details outside CP/M acceptance criteria
0090	DRI private pending-byte representation	005 - CP/M 2.2 BDOS Console Input and Echo Semantics; I052 BDOS-CON-003	No CP/M requirement to reproduce this private/incidental mechanism	BDOS-CON-003	NOT REQUIRED	Extension/internal implementation may differ; keep private details outside CP/M acceptance criteria
0091	Function 1 selector	005 - CP/M 2.2 BDOS Console Input and Echo Semantics; I052 BDOS-CON-003	Extensions must preserve this CP/M-visible observation	BDOS-CON-003	REQUIRED	May change or delegate mechanism only with observational equivalence in the declared CP/M personality
0092	Function 1 blocking behavior	005 - CP/M 2.2 BDOS Console Input and Echo Semantics; I052 BDOS-CON-003	Extensions must preserve this CP/M-visible observation	BDOS-CON-003	REQUIRED	May change or delegate mechanism only with observational equivalence in the declared CP/M personality
0093	Function 1 result character	005 - CP/M 2.2 BDOS Console Input and Echo Semantics; I052 BDOS-CON-003	Extensions must preserve this CP/M-visible observation	BDOS-CON-003	REQUIRED	May change or delegate mechanism only with observational equivalence in the declared CP/M personality
0094	Function 1 echoes graphic characters	005 - CP/M 2.2 BDOS Console Input and Echo Semantics; I052 BDOS-CON-003	Extensions must preserve this CP/M-visible observation	BDOS-CON-003	REQUIRED	May change or delegate mechanism only with observational equivalence in the declared CP/M personality
0095	Function 1 echoes CR	005 - CP/M 2.2 BDOS Console Input and Echo Semantics; I052 BDOS-CON-003	Extensions must preserve this CP/M-visible observation	BDOS-CON-003	REQUIRED	May change or delegate mechanism only with observational equivalence in the declared CP/M personality
0096	Function 1 echoes LF	005 - CP/M 2.2 BDOS Console Input and Echo Semantics; I052 BDOS-CON-003	Extensions must preserve this CP/M-visible observation	BDOS-CON-003	REQUIRED	May change or delegate mechanism only with observational equivalence in the declared CP/M personality
0097	Function 1 echoes backspace	005 - CP/M 2.2 BDOS Console Input and Echo Semantics; I052 BDOS-CON-003	Extensions must preserve this CP/M-visible observation	BDOS-CON-003	REQUIRED	May change or delegate mechanism only with observational equivalence in the declared CP/M personality
0098	Function 1 TAB echo expansion	005 - CP/M 2.2 BDOS Console Input and Echo Semantics; I052 BDOS-CON-003	Extensions must preserve this CP/M-visible observation	BDOS-CON-003	REQUIRED	May change or delegate mechanism only with observational equivalence in the declared CP/M personality
0099	Function 1 ordinary controls are not echoed	005 - CP/M 2.2 BDOS Console Input and Echo Semantics; I052 BDOS-CON-003	Extensions must preserve this CP/M-visible observation	BDOS-CON-003	REQUIRED	May change or delegate mechanism only with observational equivalence in the declared CP/M personality
0100	Function 1 echo uses shared formatted-console state	005 - CP/M 2.2 BDOS Console Input and Echo Semantics; I052 BDOS-CON-003	Extensions must preserve this CP/M-visible observation	BDOS-CON-003	REQUIRED	May change or delegate mechanism only with observational equivalence in the declared CP/M personality
0101	Function 1 echo participates in scrolling control	005 - CP/M 2.2 BDOS Console Input and Echo Semantics; I052 BDOS-CON-003	Extensions must preserve this CP/M-visible observation	BDOS-CON-003	REQUIRED	May change or delegate mechanism only with observational equivalence in the declared CP/M personality
0102	Function 1 echo participates in active printer echo	005 - CP/M 2.2 BDOS Console Input and Echo Semantics; I052 BDOS-CON-003	Extensions must preserve this CP/M-visible observation	BDOS-CON-003	REQUIRED	May change or delegate mechanism only with observational equivalence in the declared CP/M personality
0103	Function-1 Ctrl-P printer-echo state change	005 - CP/M 2.2 BDOS Console Input and Echo Semantics; I052 BDOS-CON-003	Extension must not silently choose or expose this unresolved behavior	BDOS-CON-003	POLICY PENDING	Require named opt-in/profile and activate its tests before claiming compatibility
0104	Function 1 consumes function-11-retained input	005 - CP/M 2.2 BDOS Console Input and Echo Semantics; I052 BDOS-CON-003	Extension must not silently choose or expose this unresolved behavior	BDOS-CON-003	POLICY PENDING	Require named opt-in/profile and activate its tests before claiming compatibility
0105	DRI private function-1 implementation details	006 - CP/M 2.2 BDOS Buffered Console Input and Line Editing Semantics; I052 BDOS-CON-004	No CP/M requirement to reproduce this private/incidental mechanism	BDOS-CON-004	NOT REQUIRED	Extension/internal implementation may differ; keep private details outside CP/M acceptance criteria
0106	Function 10 selector and buffer address	006 - CP/M 2.2 BDOS Buffered Console Input and Line Editing Semantics; I052 BDOS-CON-004	Extensions must preserve this CP/M-visible observation	BDOS-CON-004	REQUIRED	May change or delegate mechanism only with observational equivalence in the declared CP/M personality
0107	Function 10 maximum byte	006 - CP/M 2.2 BDOS Buffered Console Input and Line Editing Semantics; I052 BDOS-CON-004	Extensions must preserve this CP/M-visible observation	BDOS-CON-004	REQUIRED	May change or delegate mechanism only with observational equivalence in the declared CP/M personality
0108	Function 10 returned count	006 - CP/M 2.2 BDOS Buffered Console Input and Line Editing Semantics; I052 BDOS-CON-004	Extensions must preserve this CP/M-visible observation	BDOS-CON-004	REQUIRED	May change or delegate mechanism only with observational equivalence in the declared CP/M personality
0109	Function 10 returned data location	006 - CP/M 2.2 BDOS Buffered Console Input and Line Editing Semantics; I052 BDOS-CON-004	Extensions must preserve this CP/M-visible observation	BDOS-CON-004	REQUIRED	May change or delegate mechanism only with observational equivalence in the declared CP/M personality
0110	Bytes beyond function-10 returned count	006 - CP/M 2.2 BDOS Buffered Console Input and Line Editing Semantics; I052 BDOS-CON-004	Extension may vary this result within the ledger boundary	BDOS-CON-004	NOT GUARANTEED	Do not turn one extension/provider result into a CP/M baseline promise
0111	Function 10 CR termination	006 - CP/M 2.2 BDOS Buffered Console Input and Line Editing Semantics; I052 BDOS-CON-004	Extensions must preserve this CP/M-visible observation	BDOS-CON-004	REQUIRED	May change or delegate mechanism only with observational equivalence in the declared CP/M personality
0112	Function 10 LF termination	006 - CP/M 2.2 BDOS Buffered Console Input and Line Editing Semantics; I052 BDOS-CON-004	Extensions must preserve this CP/M-visible observation	BDOS-CON-004	REQUIRED	May change or delegate mechanism only with observational equivalence in the declared CP/M personality
0113	Function 10 capacity termination	006 - CP/M 2.2 BDOS Buffered Console Input and Line Editing Semantics; I052 BDOS-CON-004	Extensions must preserve this CP/M-visible observation	BDOS-CON-004	REQUIRED	May change or delegate mechanism only with observational equivalence in the declared CP/M personality
0114	Function 10 ordinary-character storage and echo	006 - CP/M 2.2 BDOS Buffered Console Input and Line Editing Semantics; I052 BDOS-CON-004	Extensions must preserve this CP/M-visible observation	BDOS-CON-004	REQUIRED	May change or delegate mechanism only with observational equivalence in the declared CP/M personality
0115	Function 10 backspace editing	006 - CP/M 2.2 BDOS Buffered Console Input and Line Editing Semantics; I052 BDOS-CON-004	Extensions must preserve this CP/M-visible observation	BDOS-CON-004	REQUIRED	May change or delegate mechanism only with observational equivalence in the declared CP/M personality
0116	Function 10 DEL editing	006 - CP/M 2.2 BDOS Buffered Console Input and Line Editing Semantics; I052 BDOS-CON-004	Extensions must preserve this CP/M-visible observation	BDOS-CON-004	REQUIRED	May change or delegate mechanism only with observational equivalence in the declared CP/M personality
0117	Function 10 initial Ctrl-C warm restart	006 - CP/M 2.2 BDOS Buffered Console Input and Line Editing Semantics; I052 BDOS-CON-004	Extensions must preserve this CP/M-visible observation	BDOS-CON-004	REQUIRED	May change or delegate mechanism only with observational equivalence in the declared CP/M personality
0118	Function 10 Ctrl-E line continuation	006 - CP/M 2.2 BDOS Buffered Console Input and Line Editing Semantics; I052 BDOS-CON-004	Extensions must preserve this CP/M-visible observation	BDOS-CON-004	REQUIRED	May change or delegate mechanism only with observational equivalence in the declared CP/M personality
0119	Function 10 Ctrl-R redisplay	006 - CP/M 2.2 BDOS Buffered Console Input and Line Editing Semantics; I052 BDOS-CON-004	Extensions must preserve this CP/M-visible observation	BDOS-CON-004	REQUIRED	May change or delegate mechanism only with observational equivalence in the declared CP/M personality
0120	Function 10 Ctrl-U line deletion	006 - CP/M 2.2 BDOS Buffered Console Input and Line Editing Semantics; I052 BDOS-CON-004	Extensions must preserve this CP/M-visible observation	BDOS-CON-004	REQUIRED	May change or delegate mechanism only with observational equivalence in the declared CP/M personality
0121	Function 10 Ctrl-X line deletion	006 - CP/M 2.2 BDOS Buffered Console Input and Line Editing Semantics; I052 BDOS-CON-004	Extensions must preserve this CP/M-visible observation	BDOS-CON-004	REQUIRED	May change or delegate mechanism only with observational equivalence in the declared CP/M personality
0122	Function 10 starting-column-relative editing	006 - CP/M 2.2 BDOS Buffered Console Input and Line Editing Semantics; I052 BDOS-CON-004	Extensions must preserve this CP/M-visible observation	BDOS-CON-004	REQUIRED	May change or delegate mechanism only with observational equivalence in the declared CP/M personality
0123	Function 10 stores no line terminator	006 - CP/M 2.2 BDOS Buffered Console Input and Line Editing Semantics; I052 BDOS-CON-004	Extensions must preserve this CP/M-visible observation	BDOS-CON-004	REQUIRED	May change or delegate mechanism only with observational equivalence in the declared CP/M personality
0124	Function 10 has no function-specific register result	006 - CP/M 2.2 BDOS Buffered Console Input and Line Editing Semantics; I052 BDOS-CON-004	Extension may vary this result within the ledger boundary	BDOS-CON-004	NOT GUARANTEED	Do not turn one extension/provider result into a CP/M baseline promise
0125	Function 10 Ctrl-P exclusion and printer-echo toggle	006 - CP/M 2.2 BDOS Buffered Console Input and Line Editing Semantics; I052 BDOS-CON-004	Extension must not silently choose or expose this unresolved behavior	BDOS-CON-004	POLICY PENDING	Require named opt-in/profile and activate its tests before claiming compatibility
0126	Function 10 post-Ctrl-P echo state	006 - CP/M 2.2 BDOS Buffered Console Input and Line Editing Semantics; I052 BDOS-CON-004	Extension must not silently choose or expose this unresolved behavior	BDOS-CON-004	POLICY PENDING	Require named opt-in/profile and activate its tests before claiming compatibility
0127	Function 10 seven-bit input masking	006 - CP/M 2.2 BDOS Buffered Console Input and Line Editing Semantics; I052 BDOS-CON-004	Extension must not silently choose or expose this unresolved behavior	BDOS-CON-004	POLICY PENDING	Require named opt-in/profile and activate its tests before claiming compatibility
0128	Function 10 exact correction-display bytes	006 - CP/M 2.2 BDOS Buffered Console Input and Line Editing Semantics; I052 BDOS-CON-004	Extension must not silently choose or expose this unresolved behavior	BDOS-CON-004	POLICY PENDING	Require named opt-in/profile and activate its tests before claiming compatibility
0129	Function 10 noninitial Ctrl-C behavior	006 - CP/M 2.2 BDOS Buffered Console Input and Line Editing Semantics; I052 BDOS-CON-004	Extension must not silently choose or expose this unresolved behavior	BDOS-CON-004	POLICY PENDING	Require named opt-in/profile and activate its tests before claiming compatibility
0130	DRI private function-10 editor organization	006 - CP/M 2.2 BDOS Buffered Console Input and Line Editing Semantics; I052 BDOS-CON-004	No CP/M requirement to reproduce this private/incidental mechanism	BDOS-CON-004	NOT REQUIRED	Extension/internal implementation may differ; keep private details outside CP/M acceptance criteria
0131	DRI function-10 zero common result	007 - CP/M 2.2 BDOS Disk Reset Selection and Drive-State Query Semantics; I052 BDOS-STATE-002	No CP/M requirement to reproduce this private/incidental mechanism	BDOS-STATE-002	NOT REQUIRED	Extension/internal implementation may differ; keep private details outside CP/M acceptance criteria
0132	Function 13 selector	007 - CP/M 2.2 BDOS Disk Reset Selection and Drive-State Query Semantics; I052 BDOS-STATE-002	Extensions must preserve this CP/M-visible observation	BDOS-STATE-002	REQUIRED	May change or delegate mechanism only with observational equivalence in the declared CP/M personality
0133	Function 13 read/write reset	007 - CP/M 2.2 BDOS Disk Reset Selection and Drive-State Query Semantics; I052 BDOS-STATE-002	Extensions must preserve this CP/M-visible observation	BDOS-STATE-002	REQUIRED	May change or delegate mechanism only with observational equivalence in the declared CP/M personality
0134	Function 13 selects drive A	007 - CP/M 2.2 BDOS Disk Reset Selection and Drive-State Query Semantics; I052 BDOS-STATE-002	Extensions must preserve this CP/M-visible observation	BDOS-STATE-002	REQUIRED	May change or delegate mechanism only with observational equivalence in the declared CP/M personality
0135	Function 13 restores default DMA	007 - CP/M 2.2 BDOS Disk Reset Selection and Drive-State Query Semantics; I052 BDOS-STATE-002	Extensions must preserve this CP/M-visible observation	BDOS-STATE-002	REQUIRED	May change or delegate mechanism only with observational equivalence in the declared CP/M personality
0136	Function 13 resets login vector	007 - CP/M 2.2 BDOS Disk Reset Selection and Drive-State Query Semantics; I052 BDOS-STATE-002	Extensions must preserve this CP/M-visible observation	BDOS-STATE-002	REQUIRED	May change or delegate mechanism only with observational equivalence in the declared CP/M personality
0137	Function 13 function-specific result	007 - CP/M 2.2 BDOS Disk Reset Selection and Drive-State Query Semantics; I052 BDOS-STATE-002	Extension may vary this result within the ledger boundary	BDOS-STATE-002	NOT GUARANTEED	Do not turn one extension/provider result into a CP/M baseline promise
0138	Function 14 selector	007 - CP/M 2.2 BDOS Disk Reset Selection and Drive-State Query Semantics; I052 BDOS-STATE-002	Extensions must preserve this CP/M-visible observation	BDOS-STATE-002	REQUIRED	May change or delegate mechanism only with observational equivalence in the declared CP/M personality
0139	Function 14 drive numbering	007 - CP/M 2.2 BDOS Disk Reset Selection and Drive-State Query Semantics; I052 BDOS-STATE-002	Extensions must preserve this CP/M-visible observation	BDOS-STATE-002	REQUIRED	May change or delegate mechanism only with observational equivalence in the declared CP/M personality
0140	Function 14 changes current disk	007 - CP/M 2.2 BDOS Disk Reset Selection and Drive-State Query Semantics; I052 BDOS-STATE-002	Extensions must preserve this CP/M-visible observation	BDOS-STATE-002	REQUIRED	May change or delegate mechanism only with observational equivalence in the declared CP/M personality
0141	Function 14 logs selected drive	007 - CP/M 2.2 BDOS Disk Reset Selection and Drive-State Query Semantics; I052 BDOS-STATE-002	Extensions must preserve this CP/M-visible observation	BDOS-STATE-002	REQUIRED	May change or delegate mechanism only with observational equivalence in the declared CP/M personality
0142	Login vector is cumulative	007 - CP/M 2.2 BDOS Disk Reset Selection and Drive-State Query Semantics; I052 BDOS-STATE-002	Extensions must preserve this CP/M-visible observation	BDOS-STATE-002	REQUIRED	May change or delegate mechanism only with observational equivalence in the declared CP/M personality
0143	Standard media-change read-only behavior	007 - CP/M 2.2 BDOS Disk Reset Selection and Drive-State Query Semantics; I052 BDOS-STATE-002	Extensions must preserve this CP/M-visible observation	BDOS-STATE-002	REQUIRED	May change or delegate mechanism only with observational equivalence in the declared CP/M personality
0144	FCB drive code zero uses current disk	007 - CP/M 2.2 BDOS Disk Reset Selection and Drive-State Query Semantics; I052 BDOS-STATE-002	Extensions must preserve this CP/M-visible observation	BDOS-STATE-002	REQUIRED	May change or delegate mechanism only with observational equivalence in the declared CP/M personality
0145	Explicit FCB drive selection	007 - CP/M 2.2 BDOS Disk Reset Selection and Drive-State Query Semantics; I052 BDOS-STATE-002	Extensions must preserve this CP/M-visible observation	BDOS-STATE-002	REQUIRED	May change or delegate mechanism only with observational equivalence in the declared CP/M personality
0146	Explicit FCB selection does not permanently change current disk	007 - CP/M 2.2 BDOS Disk Reset Selection and Drive-State Query Semantics; I052 BDOS-STATE-002	Extensions must preserve this CP/M-visible observation	BDOS-STATE-002	REQUIRED	May change or delegate mechanism only with observational equivalence in the declared CP/M personality
0147	Function 24 login vector result	007 - CP/M 2.2 BDOS Disk Reset Selection and Drive-State Query Semantics; I052 BDOS-STATE-002	Extensions must preserve this CP/M-visible observation	BDOS-STATE-002	REQUIRED	May change or delegate mechanism only with observational equivalence in the declared CP/M personality
0148	Login vector bit mapping	007 - CP/M 2.2 BDOS Disk Reset Selection and Drive-State Query Semantics; I052 BDOS-STATE-002	Extensions must preserve this CP/M-visible observation	BDOS-STATE-002	REQUIRED	May change or delegate mechanism only with observational equivalence in the declared CP/M personality
0149	Login bit meaning	007 - CP/M 2.2 BDOS Disk Reset Selection and Drive-State Query Semantics; I052 BDOS-STATE-002	Extensions must preserve this CP/M-visible observation	BDOS-STATE-002	REQUIRED	May change or delegate mechanism only with observational equivalence in the declared CP/M personality
0150	Function 25 current disk result	007 - CP/M 2.2 BDOS Disk Reset Selection and Drive-State Query Semantics; I052 BDOS-STATE-002	Extensions must preserve this CP/M-visible observation	BDOS-STATE-002	REQUIRED	May change or delegate mechanism only with observational equivalence in the declared CP/M personality
0151	Function 14 invalid-drive result	007 - CP/M 2.2 BDOS Disk Reset Selection and Drive-State Query Semantics; I052 BDOS-STATE-002	Extension may vary this result within the ledger boundary	BDOS-STATE-002	NOT GUARANTEED	Do not turn one extension/provider result into a CP/M baseline promise
0152	Function 13/14 synchronization of page-zero 0004h	007 - CP/M 2.2 BDOS Disk Reset Selection and Drive-State Query Semantics; I052 BDOS-STATE-002	No CP/M requirement to reproduce this private/incidental mechanism	BDOS-STATE-002	NOT REQUIRED	Extension/internal implementation may differ; keep private details outside CP/M acceptance criteria
0153	DRI private disk-state implementation	007 - CP/M 2.2 BDOS Disk Reset Selection and Drive-State Query Semantics; I052 BDOS-STATE-002	No CP/M requirement to reproduce this private/incidental mechanism	BDOS-STATE-002	NOT REQUIRED	Extension/internal implementation may differ; keep private details outside CP/M acceptance criteria
0154	Unavailable-drive presentation	007 - CP/M 2.2 BDOS Disk Reset Selection and Drive-State Query Semantics; I052 BDOS-STATE-002	Extension must not silently choose or expose this unresolved behavior	BDOS-STATE-002	POLICY PENDING	Require named opt-in/profile and activate its tests before claiming compatibility
0155	Function 13 user-number preservation	008 - CP/M 2.2 FCB File Identification and Open-Close Semantics; I052 BDOS-FILE-001,BDOS-FILE-002	Extension must not silently choose or expose this unresolved behavior	BDOS-FILE-001,BDOS-FILE-002	POLICY PENDING	Require named opt-in/profile and activate its tests before claiming compatibility
0156	Investigation 008 finding	008 - CP/M 2.2 FCB File Identification and Open-Close Semantics; I052 BDOS-FILE-001,BDOS-FILE-002	Extensions must preserve this CP/M-visible observation	BDOS-FILE-001,BDOS-FILE-002	REQUIRED	May change or delegate mechanism only with observational equivalence in the declared CP/M personality
0157	Investigation 008 finding	008 - CP/M 2.2 FCB File Identification and Open-Close Semantics; I052 BDOS-FILE-001,BDOS-FILE-002	Extensions must preserve this CP/M-visible observation	BDOS-FILE-001,BDOS-FILE-002	REQUIRED	May change or delegate mechanism only with observational equivalence in the declared CP/M personality
0158	Investigation 008 finding	008 - CP/M 2.2 FCB File Identification and Open-Close Semantics; I052 BDOS-FILE-001,BDOS-FILE-002	Extensions must preserve this CP/M-visible observation	BDOS-FILE-001,BDOS-FILE-002	REQUIRED	May change or delegate mechanism only with observational equivalence in the declared CP/M personality
0159	Investigation 008 finding	008 - CP/M 2.2 FCB File Identification and Open-Close Semantics; I052 BDOS-FILE-001,BDOS-FILE-002	Extensions must preserve this CP/M-visible observation	BDOS-FILE-001,BDOS-FILE-002	REQUIRED	May change or delegate mechanism only with observational equivalence in the declared CP/M personality
0160	Investigation 008 finding	008 - CP/M 2.2 FCB File Identification and Open-Close Semantics; I052 BDOS-FILE-001,BDOS-FILE-002	Extensions must preserve this CP/M-visible observation	BDOS-FILE-001,BDOS-FILE-002	REQUIRED	May change or delegate mechanism only with observational equivalence in the declared CP/M personality
0161	Investigation 008 finding	008 - CP/M 2.2 FCB File Identification and Open-Close Semantics; I052 BDOS-FILE-001,BDOS-FILE-002	Extensions must preserve this CP/M-visible observation	BDOS-FILE-001,BDOS-FILE-002	REQUIRED	May change or delegate mechanism only with observational equivalence in the declared CP/M personality
0162	Investigation 008 finding	008 - CP/M 2.2 FCB File Identification and Open-Close Semantics; I052 BDOS-FILE-001,BDOS-FILE-002	Extensions must preserve this CP/M-visible observation	BDOS-FILE-001,BDOS-FILE-002	REQUIRED	May change or delegate mechanism only with observational equivalence in the declared CP/M personality
0163	Investigation 008 finding	008 - CP/M 2.2 FCB File Identification and Open-Close Semantics; I052 BDOS-FILE-001,BDOS-FILE-002	Extension may vary this result within the ledger boundary	BDOS-FILE-001,BDOS-FILE-002	NOT GUARANTEED	Do not turn one extension/provider result into a CP/M baseline promise
0164	Investigation 008 finding	008 - CP/M 2.2 FCB File Identification and Open-Close Semantics; I052 BDOS-FILE-001,BDOS-FILE-002	Extensions must preserve this CP/M-visible observation	BDOS-FILE-001,BDOS-FILE-002	REQUIRED	May change or delegate mechanism only with observational equivalence in the declared CP/M personality
0165	Investigation 008 finding	008 - CP/M 2.2 FCB File Identification and Open-Close Semantics; I052 BDOS-FILE-001,BDOS-FILE-002	Extensions must preserve this CP/M-visible observation	BDOS-FILE-001,BDOS-FILE-002	REQUIRED	May change or delegate mechanism only with observational equivalence in the declared CP/M personality
0166	Investigation 008 finding	008 - CP/M 2.2 FCB File Identification and Open-Close Semantics; I052 BDOS-FILE-001,BDOS-FILE-002	Extensions must preserve this CP/M-visible observation	BDOS-FILE-001,BDOS-FILE-002	REQUIRED	May change or delegate mechanism only with observational equivalence in the declared CP/M personality
0167	Investigation 008 finding	008 - CP/M 2.2 FCB File Identification and Open-Close Semantics; I052 BDOS-FILE-001,BDOS-FILE-002	Extensions must preserve this CP/M-visible observation	BDOS-FILE-001,BDOS-FILE-002	REQUIRED	May change or delegate mechanism only with observational equivalence in the declared CP/M personality
0168	Investigation 008 finding	008 - CP/M 2.2 FCB File Identification and Open-Close Semantics; I052 BDOS-FILE-001,BDOS-FILE-002	Extensions must preserve this CP/M-visible observation	BDOS-FILE-001,BDOS-FILE-002	REQUIRED	May change or delegate mechanism only with observational equivalence in the declared CP/M personality
0169	Investigation 008 finding	008 - CP/M 2.2 FCB File Identification and Open-Close Semantics; I052 BDOS-FILE-001,BDOS-FILE-002	Extensions must preserve this CP/M-visible observation	BDOS-FILE-001,BDOS-FILE-002	REQUIRED	May change or delegate mechanism only with observational equivalence in the declared CP/M personality
0170	Investigation 008 finding	008 - CP/M 2.2 FCB File Identification and Open-Close Semantics; I052 BDOS-FILE-001,BDOS-FILE-002	Extensions must preserve this CP/M-visible observation	BDOS-FILE-001,BDOS-FILE-002	REQUIRED	May change or delegate mechanism only with observational equivalence in the declared CP/M personality
0171	Investigation 008 finding	008 - CP/M 2.2 FCB File Identification and Open-Close Semantics; I052 BDOS-FILE-001,BDOS-FILE-002	Extensions must preserve this CP/M-visible observation	BDOS-FILE-001,BDOS-FILE-002	REQUIRED	May change or delegate mechanism only with observational equivalence in the declared CP/M personality
0172	Investigation 008 finding	008 - CP/M 2.2 FCB File Identification and Open-Close Semantics; I052 BDOS-FILE-001,BDOS-FILE-002	Extensions must preserve this CP/M-visible observation	BDOS-FILE-001,BDOS-FILE-002	REQUIRED	May change or delegate mechanism only with observational equivalence in the declared CP/M personality
0173	Investigation 008 finding	008 - CP/M 2.2 FCB File Identification and Open-Close Semantics; I052 BDOS-FILE-001,BDOS-FILE-002	Extensions must preserve this CP/M-visible observation	BDOS-FILE-001,BDOS-FILE-002	REQUIRED	May change or delegate mechanism only with observational equivalence in the declared CP/M personality
0174	Investigation 008 finding	008 - CP/M 2.2 FCB File Identification and Open-Close Semantics; I052 BDOS-FILE-001,BDOS-FILE-002	Extensions must preserve this CP/M-visible observation	BDOS-FILE-001,BDOS-FILE-002	REQUIRED	May change or delegate mechanism only with observational equivalence in the declared CP/M personality
0175	Investigation 008 finding	008 - CP/M 2.2 FCB File Identification and Open-Close Semantics; I052 BDOS-FILE-001,BDOS-FILE-002	Extensions must preserve this CP/M-visible observation	BDOS-FILE-001,BDOS-FILE-002	REQUIRED	May change or delegate mechanism only with observational equivalence in the declared CP/M personality
0176	Investigation 008 finding	008 - CP/M 2.2 FCB File Identification and Open-Close Semantics; I052 BDOS-FILE-001,BDOS-FILE-002	Extensions must preserve this CP/M-visible observation	BDOS-FILE-001,BDOS-FILE-002	REQUIRED	May change or delegate mechanism only with observational equivalence in the declared CP/M personality
0177	Investigation 008 finding	008 - CP/M 2.2 FCB File Identification and Open-Close Semantics; I052 BDOS-FILE-001,BDOS-FILE-002	Extensions must preserve this CP/M-visible observation	BDOS-FILE-001,BDOS-FILE-002	REQUIRED	May change or delegate mechanism only with observational equivalence in the declared CP/M personality
0178	Investigation 008 finding	008 - CP/M 2.2 FCB File Identification and Open-Close Semantics; I052 BDOS-FILE-001,BDOS-FILE-002	Extensions must preserve this CP/M-visible observation	BDOS-FILE-001,BDOS-FILE-002	REQUIRED	May change or delegate mechanism only with observational equivalence in the declared CP/M personality
0179	Investigation 008 finding	008 - CP/M 2.2 FCB File Identification and Open-Close Semantics; I052 BDOS-FILE-001,BDOS-FILE-002	Extensions must preserve this CP/M-visible observation	BDOS-FILE-001,BDOS-FILE-002	REQUIRED	May change or delegate mechanism only with observational equivalence in the declared CP/M personality
0180	Investigation 008 finding	008 - CP/M 2.2 FCB File Identification and Open-Close Semantics; I052 BDOS-FILE-001,BDOS-FILE-002	Extensions must preserve this CP/M-visible observation	BDOS-FILE-001,BDOS-FILE-002	REQUIRED	May change or delegate mechanism only with observational equivalence in the declared CP/M personality
0181	Investigation 008 finding	008 - CP/M 2.2 FCB File Identification and Open-Close Semantics; I052 BDOS-FILE-001,BDOS-FILE-002	Extensions must preserve this CP/M-visible observation	BDOS-FILE-001,BDOS-FILE-002	REQUIRED	May change or delegate mechanism only with observational equivalence in the declared CP/M personality
0182	Investigation 008 finding	008 - CP/M 2.2 FCB File Identification and Open-Close Semantics; I052 BDOS-FILE-001,BDOS-FILE-002	Extension may vary this result within the ledger boundary	BDOS-FILE-001,BDOS-FILE-002	NOT GUARANTEED	Do not turn one extension/provider result into a CP/M baseline promise
0183	Investigation 008 finding	008 - CP/M 2.2 FCB File Identification and Open-Close Semantics; I052 BDOS-FILE-001,BDOS-FILE-002	Extension must not silently choose or expose this unresolved behavior	BDOS-FILE-001,BDOS-FILE-002	POLICY PENDING	Require named opt-in/profile and activate its tests before claiming compatibility
0184	Investigation 008 finding	008 - CP/M 2.2 FCB File Identification and Open-Close Semantics; I052 BDOS-FILE-001,BDOS-FILE-002	No CP/M requirement to reproduce this private/incidental mechanism	BDOS-FILE-001,BDOS-FILE-002	NOT REQUIRED	Extension/internal implementation may differ; keep private details outside CP/M acceptance criteria
0185	Investigation 008 finding	008 - CP/M 2.2 FCB File Identification and Open-Close Semantics; I052 BDOS-FILE-001,BDOS-FILE-002	No CP/M requirement to reproduce this private/incidental mechanism	BDOS-FILE-001,BDOS-FILE-002	NOT REQUIRED	Extension/internal implementation may differ; keep private details outside CP/M acceptance criteria
0186	Investigation 008 finding	008 - CP/M 2.2 FCB File Identification and Open-Close Semantics; I052 BDOS-FILE-001,BDOS-FILE-002	No CP/M requirement to reproduce this private/incidental mechanism	BDOS-FILE-001,BDOS-FILE-002	NOT REQUIRED	Extension/internal implementation may differ; keep private details outside CP/M acceptance criteria
0187	Investigation 008 finding	009 - CP/M 2.2 BDOS Directory Search and DMA Transfer Semantics; I052 BDOS-FILE-003,BDOS-STATE-003	No CP/M requirement to reproduce this private/incidental mechanism	BDOS-FILE-003,BDOS-STATE-003	NOT REQUIRED	Extension/internal implementation may differ; keep private details outside CP/M acceptance criteria
0188	Search First call convention	009 - CP/M 2.2 BDOS Directory Search and DMA Transfer Semantics; I052 BDOS-FILE-003,BDOS-STATE-003	Extensions must preserve this CP/M-visible observation	BDOS-FILE-003,BDOS-STATE-003	REQUIRED	May change or delegate mechanism only with observational equivalence in the declared CP/M personality
0189	Search First initial directory scan position	009 - CP/M 2.2 BDOS Directory Search and DMA Transfer Semantics; I052 BDOS-FILE-003,BDOS-STATE-003	Extensions must preserve this CP/M-visible observation	BDOS-FILE-003,BDOS-STATE-003	REQUIRED	May change or delegate mechanism only with observational equivalence in the declared CP/M personality
0190	Search First successful result code	009 - CP/M 2.2 BDOS Directory Search and DMA Transfer Semantics; I052 BDOS-FILE-003,BDOS-STATE-003	Extensions must preserve this CP/M-visible observation	BDOS-FILE-003,BDOS-STATE-003	REQUIRED	May change or delegate mechanism only with observational equivalence in the declared CP/M personality
0191	Search First unsuccessful result code	009 - CP/M 2.2 BDOS Directory Search and DMA Transfer Semantics; I052 BDOS-FILE-003,BDOS-STATE-003	Extensions must preserve this CP/M-visible observation	BDOS-FILE-003,BDOS-STATE-003	REQUIRED	May change or delegate mechanism only with observational equivalence in the declared CP/M personality
0192	Search First DMA record transfer	009 - CP/M 2.2 BDOS Directory Search and DMA Transfer Semantics; I052 BDOS-FILE-003,BDOS-STATE-003	Extensions must preserve this CP/M-visible observation	BDOS-FILE-003,BDOS-STATE-003	REQUIRED	May change or delegate mechanism only with observational equivalence in the declared CP/M personality
0193	Search result entry offset	009 - CP/M 2.2 BDOS Directory Search and DMA Transfer Semantics; I052 BDOS-FILE-003,BDOS-STATE-003	Extensions must preserve this CP/M-visible observation	BDOS-FILE-003,BDOS-STATE-003	REQUIRED	May change or delegate mechanism only with observational equivalence in the declared CP/M personality
0194	Search transfer record layout	009 - CP/M 2.2 BDOS Directory Search and DMA Transfer Semantics; I052 BDOS-FILE-003,BDOS-STATE-003	Extensions must preserve this CP/M-visible observation	BDOS-FILE-003,BDOS-STATE-003	REQUIRED	May change or delegate mechanism only with observational equivalence in the declared CP/M personality
0195	Directory entry user number	009 - CP/M 2.2 BDOS Directory Search and DMA Transfer Semantics; I052 BDOS-FILE-003,BDOS-STATE-003	Extensions must preserve this CP/M-visible observation	BDOS-FILE-003,BDOS-STATE-003	REQUIRED	May change or delegate mechanism only with observational equivalence in the declared CP/M personality
0196	Directory entry FCB field layout	009 - CP/M 2.2 BDOS Directory Search and DMA Transfer Semantics; I052 BDOS-FILE-003,BDOS-STATE-003	Extensions must preserve this CP/M-visible observation	BDOS-FILE-003,BDOS-STATE-003	REQUIRED	May change or delegate mechanism only with observational equivalence in the declared CP/M personality
0197	Search wildcard matching	009 - CP/M 2.2 BDOS Directory Search and DMA Transfer Semantics; I052 BDOS-FILE-003,BDOS-STATE-003	Extensions must preserve this CP/M-visible observation	BDOS-FILE-003,BDOS-STATE-003	REQUIRED	May change or delegate mechanism only with observational equivalence in the declared CP/M personality
0198	Type attribute comparison	009 - CP/M 2.2 BDOS Directory Search and DMA Transfer Semantics; I052 BDOS-FILE-003,BDOS-STATE-003	Extensions must preserve this CP/M-visible observation	BDOS-FILE-003,BDOS-STATE-003	REQUIRED	May change or delegate mechanism only with observational equivalence in the declared CP/M personality
0199	Default-drive FCB search	009 - CP/M 2.2 BDOS Directory Search and DMA Transfer Semantics; I052 BDOS-FILE-003,BDOS-STATE-003	Extensions must preserve this CP/M-visible observation	BDOS-FILE-003,BDOS-STATE-003	REQUIRED	May change or delegate mechanism only with observational equivalence in the declared CP/M personality
0200	Explicit-drive search	009 - CP/M 2.2 BDOS Directory Search and DMA Transfer Semantics; I052 BDOS-FILE-003,BDOS-STATE-003	Extensions must preserve this CP/M-visible observation	BDOS-FILE-003,BDOS-STATE-003	REQUIRED	May change or delegate mechanism only with observational equivalence in the declared CP/M personality
0201	Search First S2 handling	009 - CP/M 2.2 BDOS Directory Search and DMA Transfer Semantics; I052 BDOS-FILE-003,BDOS-STATE-003	Extensions must preserve this CP/M-visible observation	BDOS-FILE-003,BDOS-STATE-003	REQUIRED	May change or delegate mechanism only with observational equivalence in the declared CP/M personality
0202	All-user search wildcard drive	009 - CP/M 2.2 BDOS Directory Search and DMA Transfer Semantics; I052 BDOS-FILE-003,BDOS-STATE-003	Extensions must preserve this CP/M-visible observation	BDOS-FILE-003,BDOS-STATE-003	REQUIRED	May change or delegate mechanism only with observational equivalence in the declared CP/M personality
0203	Search Next call convention	009 - CP/M 2.2 BDOS Directory Search and DMA Transfer Semantics; I052 BDOS-FILE-003,BDOS-STATE-003	Extensions must preserve this CP/M-visible observation	BDOS-FILE-003,BDOS-STATE-003	REQUIRED	May change or delegate mechanism only with observational equivalence in the declared CP/M personality
0204	Search Next continuation semantics	009 - CP/M 2.2 BDOS Directory Search and DMA Transfer Semantics; I052 BDOS-FILE-003,BDOS-STATE-003	Extensions must preserve this CP/M-visible observation	BDOS-FILE-003,BDOS-STATE-003	REQUIRED	May change or delegate mechanism only with observational equivalence in the declared CP/M personality
0205	Search Next result and DMA relationship	009 - CP/M 2.2 BDOS Directory Search and DMA Transfer Semantics; I052 BDOS-FILE-003,BDOS-STATE-003	Extensions must preserve this CP/M-visible observation	BDOS-FILE-003,BDOS-STATE-003	REQUIRED	May change or delegate mechanism only with observational equivalence in the declared CP/M personality
0206	Search Next unsuccessful result code	009 - CP/M 2.2 BDOS Directory Search and DMA Transfer Semantics; I052 BDOS-FILE-003,BDOS-STATE-003	Extensions must preserve this CP/M-visible observation	BDOS-FILE-003,BDOS-STATE-003	REQUIRED	May change or delegate mechanism only with observational equivalence in the declared CP/M personality
0207	Search First restart behavior	009 - CP/M 2.2 BDOS Directory Search and DMA Transfer Semantics; I052 BDOS-FILE-003,BDOS-STATE-003	Extensions must preserve this CP/M-visible observation	BDOS-FILE-003,BDOS-STATE-003	REQUIRED	May change or delegate mechanism only with observational equivalence in the declared CP/M personality
0208	Set DMA Address call convention	009 - CP/M 2.2 BDOS Directory Search and DMA Transfer Semantics; I052 BDOS-FILE-003,BDOS-STATE-003	Extensions must preserve this CP/M-visible observation	BDOS-FILE-003,BDOS-STATE-003	REQUIRED	May change or delegate mechanism only with observational equivalence in the declared CP/M personality
0209	DMA address persistence	009 - CP/M 2.2 BDOS Directory Search and DMA Transfer Semantics; I052 BDOS-FILE-003,BDOS-STATE-003	Extensions must preserve this CP/M-visible observation	BDOS-FILE-003,BDOS-STATE-003	REQUIRED	May change or delegate mechanism only with observational equivalence in the declared CP/M personality
0210	DMA change during search continuation	009 - CP/M 2.2 BDOS Directory Search and DMA Transfer Semantics; I052 BDOS-FILE-003,BDOS-STATE-003	Extensions must preserve this CP/M-visible observation	BDOS-FILE-003,BDOS-STATE-003	REQUIRED	May change or delegate mechanism only with observational equivalence in the declared CP/M personality
0211	Directory enumeration order	009 - CP/M 2.2 BDOS Directory Search and DMA Transfer Semantics; I052 BDOS-FILE-003,BDOS-STATE-003	Extensions must preserve this CP/M-visible observation	BDOS-FILE-003,BDOS-STATE-003	REQUIRED	May change or delegate mechanism only with observational equivalence in the declared CP/M personality
0212	Repeat-search ordering stability	009 - CP/M 2.2 BDOS Directory Search and DMA Transfer Semantics; I052 BDOS-FILE-003,BDOS-STATE-003	Extensions must preserve this CP/M-visible observation	BDOS-FILE-003,BDOS-STATE-003	REQUIRED	May change or delegate mechanism only with observational equivalence in the declared CP/M personality
0213	Enumeration ordering guarantee limitation	009 - CP/M 2.2 BDOS Directory Search and DMA Transfer Semantics; I052 BDOS-FILE-003,BDOS-STATE-003	Extension may vary this result within the ledger boundary	BDOS-FILE-003,BDOS-STATE-003	NOT GUARANTEED	Do not turn one extension/provider result into a CP/M baseline promise
0214	Default-drive continuation limitation	009 - CP/M 2.2 BDOS Directory Search and DMA Transfer Semantics; I052 BDOS-FILE-003,BDOS-STATE-003	Extension may vary this result within the ledger boundary	BDOS-FILE-003,BDOS-STATE-003	NOT GUARANTEED	Do not turn one extension/provider result into a CP/M baseline promise
0215	Search continuation state limitation	009 - CP/M 2.2 BDOS Directory Search and DMA Transfer Semantics; I052 BDOS-FILE-003,BDOS-STATE-003	Extension may vary this result within the ledger boundary	BDOS-FILE-003,BDOS-STATE-003	NOT GUARANTEED	Do not turn one extension/provider result into a CP/M baseline promise
0216	Failed-search DMA contents	009 - CP/M 2.2 BDOS Directory Search and DMA Transfer Semantics; I052 BDOS-FILE-003,BDOS-STATE-003	Extension may vary this result within the ledger boundary	BDOS-FILE-003,BDOS-STATE-003	NOT GUARANTEED	Do not turn one extension/provider result into a CP/M baseline promise
0217	DRI FFh-path directory copy	009 - CP/M 2.2 BDOS Directory Search and DMA Transfer Semantics; I052 BDOS-FILE-003,BDOS-STATE-003	No CP/M requirement to reproduce this private/incidental mechanism	BDOS-FILE-003,BDOS-STATE-003	NOT REQUIRED	Extension/internal implementation may differ; keep private details outside CP/M acceptance criteria
0218	DRI private search implementation	010 - CP/M 2.2 BDOS Sequential Read Semantics; I052 BDOS-FILE-004	No CP/M requirement to reproduce this private/incidental mechanism	BDOS-FILE-004	NOT REQUIRED	Extension/internal implementation may differ; keep private details outside CP/M acceptance criteria
0219	Function 20 call convention	010 - CP/M 2.2 BDOS Sequential Read Semantics; I052 BDOS-FILE-004	Extensions must preserve this CP/M-visible observation	BDOS-FILE-004	REQUIRED	May change or delegate mechanism only with observational equivalence in the declared CP/M personality
0220	Activated-FCB precondition	010 - CP/M 2.2 BDOS Sequential Read Semantics; I052 BDOS-FILE-004	Extensions must preserve this CP/M-visible observation	BDOS-FILE-004	REQUIRED	May change or delegate mechanism only with observational equivalence in the declared CP/M personality
0221	Sequential position source	010 - CP/M 2.2 BDOS Sequential Read Semantics; I052 BDOS-FILE-004	Extensions must preserve this CP/M-visible observation	BDOS-FILE-004	REQUIRED	May change or delegate mechanism only with observational equivalence in the declared CP/M personality
0222	Successful result	010 - CP/M 2.2 BDOS Sequential Read Semantics; I052 BDOS-FILE-004	Extensions must preserve this CP/M-visible observation	BDOS-FILE-004	REQUIRED	May change or delegate mechanism only with observational equivalence in the declared CP/M personality
0223	Successful transfer size	010 - CP/M 2.2 BDOS Sequential Read Semantics; I052 BDOS-FILE-004	Extensions must preserve this CP/M-visible observation	BDOS-FILE-004	REQUIRED	May change or delegate mechanism only with observational equivalence in the declared CP/M personality
0224	Current DMA destination	010 - CP/M 2.2 BDOS Sequential Read Semantics; I052 BDOS-FILE-004	Extensions must preserve this CP/M-visible observation	BDOS-FILE-004	REQUIRED	May change or delegate mechanism only with observational equivalence in the declared CP/M personality
0225	Partial-byte count	010 - CP/M 2.2 BDOS Sequential Read Semantics; I052 BDOS-FILE-004	Extension may vary this result within the ledger boundary	BDOS-FILE-004	NOT GUARANTEED	Do not turn one extension/provider result into a CP/M baseline promise
0226	Advance after success	010 - CP/M 2.2 BDOS Sequential Read Semantics; I052 BDOS-FILE-004	Extensions must preserve this CP/M-visible observation	BDOS-FILE-004	REQUIRED	May change or delegate mechanism only with observational equivalence in the declared CP/M personality
0227	CR progression within an extent	010 - CP/M 2.2 BDOS Sequential Read Semantics; I052 BDOS-FILE-004	Extensions must preserve this CP/M-visible observation	BDOS-FILE-004	REQUIRED	May change or delegate mechanism only with observational equivalence in the declared CP/M personality
0228	Full-extent position	010 - CP/M 2.2 BDOS Sequential Read Semantics; I052 BDOS-FILE-004	Extensions must preserve this CP/M-visible observation	BDOS-FILE-004	REQUIRED	May change or delegate mechanism only with observational equivalence in the declared CP/M personality
0229	Automatic extent transition	010 - CP/M 2.2 BDOS Sequential Read Semantics; I052 BDOS-FILE-004	Extensions must preserve this CP/M-visible observation	BDOS-FILE-004	REQUIRED	May change or delegate mechanism only with observational equivalence in the declared CP/M personality
0230	New-extent first-record state	010 - CP/M 2.2 BDOS Sequential Read Semantics; I052 BDOS-FILE-004	Extensions must preserve this CP/M-visible observation	BDOS-FILE-004	REQUIRED	May change or delegate mechanism only with observational equivalence in the declared CP/M personality
0231	Extent working-state replacement	010 - CP/M 2.2 BDOS Sequential Read Semantics; I052 BDOS-FILE-004	Extensions must preserve this CP/M-visible observation	BDOS-FILE-004	REQUIRED	May change or delegate mechanism only with observational equivalence in the declared CP/M personality
0232	EOF/no-data result	010 - CP/M 2.2 BDOS Sequential Read Semantics; I052 BDOS-FILE-004	Extensions must preserve this CP/M-visible observation	BDOS-FILE-004	REQUIRED	May change or delegate mechanism only with observational equivalence in the declared CP/M personality
0233	Exact EOF code	010 - CP/M 2.2 BDOS Sequential Read Semantics; I052 BDOS-FILE-004	Extension must not silently choose or expose this unresolved behavior	BDOS-FILE-004	POLICY PENDING	Require named opt-in/profile and activate its tests before claiming compatibility
0234	Empty-file behavior	010 - CP/M 2.2 BDOS Sequential Read Semantics; I052 BDOS-FILE-004	Extensions must preserve this CP/M-visible observation	BDOS-FILE-004	REQUIRED	May change or delegate mechanism only with observational equivalence in the declared CP/M personality
0235	Partial-final-extent EOF	010 - CP/M 2.2 BDOS Sequential Read Semantics; I052 BDOS-FILE-004	Extensions must preserve this CP/M-visible observation	BDOS-FILE-004	REQUIRED	May change or delegate mechanism only with observational equivalence in the declared CP/M personality
0236	Exact-boundary EOF	010 - CP/M 2.2 BDOS Sequential Read Semantics; I052 BDOS-FILE-004	Extensions must preserve this CP/M-visible observation	BDOS-FILE-004	REQUIRED	May change or delegate mechanism only with observational equivalence in the declared CP/M personality
0237	Repeated EOF indication	010 - CP/M 2.2 BDOS Sequential Read Semantics; I052 BDOS-FILE-004	Extensions must preserve this CP/M-visible observation	BDOS-FILE-004	REQUIRED	May change or delegate mechanism only with observational equivalence in the declared CP/M personality
0238	DMA contents after failure	010 - CP/M 2.2 BDOS Sequential Read Semantics; I052 BDOS-FILE-004	Extension may vary this result within the ledger boundary	BDOS-FILE-004	NOT GUARANTEED	Do not turn one extension/provider result into a CP/M baseline promise
0239	FCB mutation	010 - CP/M 2.2 BDOS Sequential Read Semantics; I052 BDOS-FILE-004	Extensions must preserve this CP/M-visible observation	BDOS-FILE-004	REQUIRED	May change or delegate mechanism only with observational equivalence in the declared CP/M personality
0240	Exact FCB image after failed read	010 - CP/M 2.2 BDOS Sequential Read Semantics; I052 BDOS-FILE-004	Extension may vary this result within the ledger boundary	BDOS-FILE-004	NOT GUARANTEED	Do not turn one extension/provider result into a CP/M baseline promise
0241	DRI exact-boundary EX drift	010 - CP/M 2.2 BDOS Sequential Read Semantics; I052 BDOS-FILE-004	No CP/M requirement to reproduce this private/incidental mechanism	BDOS-FILE-004	NOT REQUIRED	Extension/internal implementation may differ; keep private details outside CP/M acceptance criteria
0242	Explicit-drive read	010 - CP/M 2.2 BDOS Sequential Read Semantics; I052 BDOS-FILE-004	Extensions must preserve this CP/M-visible observation	BDOS-FILE-004	REQUIRED	May change or delegate mechanism only with observational equivalence in the declared CP/M personality
0243	Read-only readability	010 - CP/M 2.2 BDOS Sequential Read Semantics; I052 BDOS-FILE-004	Extensions must preserve this CP/M-visible observation	BDOS-FILE-004	REQUIRED	May change or delegate mechanism only with observational equivalence in the declared CP/M personality
0244	Unopened-FCB result	010 - CP/M 2.2 BDOS Sequential Read Semantics; I052 BDOS-FILE-004	Extension may vary this result within the ledger boundary	BDOS-FILE-004	NOT GUARANTEED	Do not turn one extension/provider result into a CP/M baseline promise
0245	Invalid-FCB result	010 - CP/M 2.2 BDOS Sequential Read Semantics; I052 BDOS-FILE-004	Extension may vary this result within the ledger boundary	BDOS-FILE-004	NOT GUARANTEED	Do not turn one extension/provider result into a CP/M baseline promise
0246	Physical read-error presentation	010 - CP/M 2.2 BDOS Sequential Read Semantics; I052 BDOS-FILE-004	Extension must not silently choose or expose this unresolved behavior	BDOS-FILE-004	POLICY PENDING	Require named opt-in/profile and activate its tests before claiming compatibility
0247	DRI internal read machinery	011 - CP/M 2.2 BDOS Sequential Write and File Creation Semantics; I052 BDOS-FILE-002,BDOS-FILE-005,BDOS-FILE-011	No CP/M requirement to reproduce this private/incidental mechanism	BDOS-FILE-002,BDOS-FILE-005,BDOS-FILE-011	NOT REQUIRED	Extension/internal implementation may differ; keep private details outside CP/M acceptance criteria
0248	Function 22 convention	011 - CP/M 2.2 BDOS Sequential Write and File Creation Semantics; I052 BDOS-FILE-002,BDOS-FILE-005,BDOS-FILE-011	Extensions must preserve this CP/M-visible observation	BDOS-FILE-002,BDOS-FILE-005,BDOS-FILE-011	REQUIRED	May change or delegate mechanism only with observational equivalence in the declared CP/M personality
0249	Make uniqueness precondition	011 - CP/M 2.2 BDOS Sequential Write and File Creation Semantics; I052 BDOS-FILE-002,BDOS-FILE-005,BDOS-FILE-011	Extensions must preserve this CP/M-visible observation	BDOS-FILE-002,BDOS-FILE-005,BDOS-FILE-011	REQUIRED	May change or delegate mechanism only with observational equivalence in the declared CP/M personality
0250	New empty file	011 - CP/M 2.2 BDOS Sequential Write and File Creation Semantics; I052 BDOS-FILE-002,BDOS-FILE-005,BDOS-FILE-011	Extensions must preserve this CP/M-visible observation	BDOS-FILE-002,BDOS-FILE-005,BDOS-FILE-011	REQUIRED	May change or delegate mechanism only with observational equivalence in the declared CP/M personality
0251	Make activates FCB	011 - CP/M 2.2 BDOS Sequential Write and File Creation Semantics; I052 BDOS-FILE-002,BDOS-FILE-005,BDOS-FILE-011	Extensions must preserve this CP/M-visible observation	BDOS-FILE-002,BDOS-FILE-005,BDOS-FILE-011	REQUIRED	May change or delegate mechanism only with observational equivalence in the declared CP/M personality
0252	Make success result	011 - CP/M 2.2 BDOS Sequential Write and File Creation Semantics; I052 BDOS-FILE-002,BDOS-FILE-005,BDOS-FILE-011	Extensions must preserve this CP/M-visible observation	BDOS-FILE-002,BDOS-FILE-005,BDOS-FILE-011	REQUIRED	May change or delegate mechanism only with observational equivalence in the declared CP/M personality
0253	Make directory-full result	011 - CP/M 2.2 BDOS Sequential Write and File Creation Semantics; I052 BDOS-FILE-002,BDOS-FILE-005,BDOS-FILE-011	Extensions must preserve this CP/M-visible observation	BDOS-FILE-002,BDOS-FILE-005,BDOS-FILE-011	REQUIRED	May change or delegate mechanism only with observational equivalence in the declared CP/M personality
0254	Immediate empty-file visibility	011 - CP/M 2.2 BDOS Sequential Write and File Creation Semantics; I052 BDOS-FILE-002,BDOS-FILE-005,BDOS-FILE-011	Extensions must preserve this CP/M-visible observation	BDOS-FILE-002,BDOS-FILE-005,BDOS-FILE-011	REQUIRED	May change or delegate mechanism only with observational equivalence in the declared CP/M personality
0255	Data-full empty Make	011 - CP/M 2.2 BDOS Sequential Write and File Creation Semantics; I052 BDOS-FILE-002,BDOS-FILE-005,BDOS-FILE-011	Extensions must preserve this CP/M-visible observation	BDOS-FILE-002,BDOS-FILE-005,BDOS-FILE-011	REQUIRED	May change or delegate mechanism only with observational equivalence in the declared CP/M personality
0256	Make on existing name	011 - CP/M 2.2 BDOS Sequential Write and File Creation Semantics; I052 BDOS-FILE-002,BDOS-FILE-005,BDOS-FILE-011	Extension may vary this result within the ledger boundary	BDOS-FILE-002,BDOS-FILE-005,BDOS-FILE-011	NOT GUARANTEED	Do not turn one extension/provider result into a CP/M baseline promise
0257	Ambiguous Make name	011 - CP/M 2.2 BDOS Sequential Write and File Creation Semantics; I052 BDOS-FILE-002,BDOS-FILE-005,BDOS-FILE-011	Extension may vary this result within the ledger boundary	BDOS-FILE-002,BDOS-FILE-005,BDOS-FILE-011	NOT GUARANTEED	Do not turn one extension/provider result into a CP/M baseline promise
0258	Immediate data-block reservation	011 - CP/M 2.2 BDOS Sequential Write and File Creation Semantics; I052 BDOS-FILE-002,BDOS-FILE-005,BDOS-FILE-011	No CP/M requirement to reproduce this private/incidental mechanism	BDOS-FILE-002,BDOS-FILE-005,BDOS-FILE-011	NOT REQUIRED	Extension/internal implementation may differ; keep private details outside CP/M acceptance criteria
0259	Function 21 convention	011 - CP/M 2.2 BDOS Sequential Write and File Creation Semantics; I052 BDOS-FILE-002,BDOS-FILE-005,BDOS-FILE-011	Extensions must preserve this CP/M-visible observation	BDOS-FILE-002,BDOS-FILE-005,BDOS-FILE-011	REQUIRED	May change or delegate mechanism only with observational equivalence in the declared CP/M personality
0260	Write activation precondition	011 - CP/M 2.2 BDOS Sequential Write and File Creation Semantics; I052 BDOS-FILE-002,BDOS-FILE-005,BDOS-FILE-011	Extensions must preserve this CP/M-visible observation	BDOS-FILE-002,BDOS-FILE-005,BDOS-FILE-011	REQUIRED	May change or delegate mechanism only with observational equivalence in the declared CP/M personality
0261	Write source position	011 - CP/M 2.2 BDOS Sequential Write and File Creation Semantics; I052 BDOS-FILE-002,BDOS-FILE-005,BDOS-FILE-011	Extensions must preserve this CP/M-visible observation	BDOS-FILE-002,BDOS-FILE-005,BDOS-FILE-011	REQUIRED	May change or delegate mechanism only with observational equivalence in the declared CP/M personality
0262	Successful write result	011 - CP/M 2.2 BDOS Sequential Write and File Creation Semantics; I052 BDOS-FILE-002,BDOS-FILE-005,BDOS-FILE-011	Extensions must preserve this CP/M-visible observation	BDOS-FILE-002,BDOS-FILE-005,BDOS-FILE-011	REQUIRED	May change or delegate mechanism only with observational equivalence in the declared CP/M personality
0263	Write transfer size	011 - CP/M 2.2 BDOS Sequential Write and File Creation Semantics; I052 BDOS-FILE-002,BDOS-FILE-005,BDOS-FILE-011	Extensions must preserve this CP/M-visible observation	BDOS-FILE-002,BDOS-FILE-005,BDOS-FILE-011	REQUIRED	May change or delegate mechanism only with observational equivalence in the declared CP/M personality
0264	Current DMA source	011 - CP/M 2.2 BDOS Sequential Write and File Creation Semantics; I052 BDOS-FILE-002,BDOS-FILE-005,BDOS-FILE-011	Extensions must preserve this CP/M-visible observation	BDOS-FILE-002,BDOS-FILE-005,BDOS-FILE-011	REQUIRED	May change or delegate mechanism only with observational equivalence in the declared CP/M personality
0265	Partial-record length	011 - CP/M 2.2 BDOS Sequential Write and File Creation Semantics; I052 BDOS-FILE-002,BDOS-FILE-005,BDOS-FILE-011	Extension may vary this result within the ledger boundary	BDOS-FILE-002,BDOS-FILE-005,BDOS-FILE-011	NOT GUARANTEED	Do not turn one extension/provider result into a CP/M baseline promise
0266	CR advance after write	011 - CP/M 2.2 BDOS Sequential Write and File Creation Semantics; I052 BDOS-FILE-002,BDOS-FILE-005,BDOS-FILE-011	Extensions must preserve this CP/M-visible observation	BDOS-FILE-002,BDOS-FILE-005,BDOS-FILE-011	REQUIRED	May change or delegate mechanism only with observational equivalence in the declared CP/M personality
0267	RC extension	011 - CP/M 2.2 BDOS Sequential Write and File Creation Semantics; I052 BDOS-FILE-002,BDOS-FILE-005,BDOS-FILE-011	Extensions must preserve this CP/M-visible observation	BDOS-FILE-002,BDOS-FILE-005,BDOS-FILE-011	REQUIRED	May change or delegate mechanism only with observational equivalence in the declared CP/M personality
0268	Existing-record overwrite	011 - CP/M 2.2 BDOS Sequential Write and File Creation Semantics; I052 BDOS-FILE-002,BDOS-FILE-005,BDOS-FILE-011	Extensions must preserve this CP/M-visible observation	BDOS-FILE-002,BDOS-FILE-005,BDOS-FILE-011	REQUIRED	May change or delegate mechanism only with observational equivalence in the declared CP/M personality
0269	On-demand allocation	011 - CP/M 2.2 BDOS Sequential Write and File Creation Semantics; I052 BDOS-FILE-002,BDOS-FILE-005,BDOS-FILE-011	Extensions must preserve this CP/M-visible observation	BDOS-FILE-002,BDOS-FILE-005,BDOS-FILE-011	REQUIRED	May change or delegate mechanism only with observational equivalence in the declared CP/M personality
0270	Exact allocation choice	011 - CP/M 2.2 BDOS Sequential Write and File Creation Semantics; I052 BDOS-FILE-002,BDOS-FILE-005,BDOS-FILE-011	Extension may vary this result within the ledger boundary	BDOS-FILE-002,BDOS-FILE-005,BDOS-FILE-011	NOT GUARANTEED	Do not turn one extension/provider result into a CP/M baseline promise
0271	Automatic write extent transition	011 - CP/M 2.2 BDOS Sequential Write and File Creation Semantics; I052 BDOS-FILE-002,BDOS-FILE-005,BDOS-FILE-011	Extensions must preserve this CP/M-visible observation	BDOS-FILE-002,BDOS-FILE-005,BDOS-FILE-011	REQUIRED	May change or delegate mechanism only with observational equivalence in the declared CP/M personality
0272	Successful transition state	011 - CP/M 2.2 BDOS Sequential Write and File Creation Semantics; I052 BDOS-FILE-002,BDOS-FILE-005,BDOS-FILE-011	Extensions must preserve this CP/M-visible observation	BDOS-FILE-002,BDOS-FILE-005,BDOS-FILE-011	REQUIRED	May change or delegate mechanism only with observational equivalence in the declared CP/M personality
0273	Full last record remains successful	011 - CP/M 2.2 BDOS Sequential Write and File Creation Semantics; I052 BDOS-FILE-002,BDOS-FILE-005,BDOS-FILE-011	Extensions must preserve this CP/M-visible observation	BDOS-FILE-002,BDOS-FILE-005,BDOS-FILE-011	REQUIRED	May change or delegate mechanism only with observational equivalence in the declared CP/M personality
0274	Next-extent failure result	011 - CP/M 2.2 BDOS Sequential Write and File Creation Semantics; I052 BDOS-FILE-002,BDOS-FILE-005,BDOS-FILE-011	Extensions must preserve this CP/M-visible observation	BDOS-FILE-002,BDOS-FILE-005,BDOS-FILE-011	REQUIRED	May change or delegate mechanism only with observational equivalence in the declared CP/M personality
0275	Allocation-full failure	011 - CP/M 2.2 BDOS Sequential Write and File Creation Semantics; I052 BDOS-FILE-002,BDOS-FILE-005,BDOS-FILE-011	Extensions must preserve this CP/M-visible observation	BDOS-FILE-002,BDOS-FILE-005,BDOS-FILE-011	REQUIRED	May change or delegate mechanism only with observational equivalence in the declared CP/M personality
0276	Exact write failure codes	011 - CP/M 2.2 BDOS Sequential Write and File Creation Semantics; I052 BDOS-FILE-002,BDOS-FILE-005,BDOS-FILE-011	Extension must not silently choose or expose this unresolved behavior	BDOS-FILE-002,BDOS-FILE-005,BDOS-FILE-011	POLICY PENDING	Require named opt-in/profile and activate its tests before claiming compatibility
0277	Unactivated write behavior	011 - CP/M 2.2 BDOS Sequential Write and File Creation Semantics; I052 BDOS-FILE-002,BDOS-FILE-005,BDOS-FILE-011	Extension may vary this result within the ledger boundary	BDOS-FILE-002,BDOS-FILE-005,BDOS-FILE-011	NOT GUARANTEED	Do not turn one extension/provider result into a CP/M baseline promise
0248	Function 22 convention	011 - CP/M 2.2 BDOS Sequential Write and File Creation Semantics; I052 BDOS-FILE-002,BDOS-FILE-005,BDOS-FILE-011	Extensions must preserve this CP/M-visible observation	BDOS-FILE-002,BDOS-FILE-005,BDOS-FILE-011	REQUIRED	May change or delegate mechanism only with observational equivalence in the declared CP/M personality
0249	Make uniqueness precondition	011 - CP/M 2.2 BDOS Sequential Write and File Creation Semantics; I052 BDOS-FILE-002,BDOS-FILE-005,BDOS-FILE-011	Extensions must preserve this CP/M-visible observation	BDOS-FILE-002,BDOS-FILE-005,BDOS-FILE-011	REQUIRED	May change or delegate mechanism only with observational equivalence in the declared CP/M personality
0250	New empty file	011 - CP/M 2.2 BDOS Sequential Write and File Creation Semantics; I052 BDOS-FILE-002,BDOS-FILE-005,BDOS-FILE-011	Extensions must preserve this CP/M-visible observation	BDOS-FILE-002,BDOS-FILE-005,BDOS-FILE-011	REQUIRED	May change or delegate mechanism only with observational equivalence in the declared CP/M personality
0251	Make activates FCB	011 - CP/M 2.2 BDOS Sequential Write and File Creation Semantics; I052 BDOS-FILE-002,BDOS-FILE-005,BDOS-FILE-011	Extensions must preserve this CP/M-visible observation	BDOS-FILE-002,BDOS-FILE-005,BDOS-FILE-011	REQUIRED	May change or delegate mechanism only with observational equivalence in the declared CP/M personality
0252	Make success result	011 - CP/M 2.2 BDOS Sequential Write and File Creation Semantics; I052 BDOS-FILE-002,BDOS-FILE-005,BDOS-FILE-011	Extensions must preserve this CP/M-visible observation	BDOS-FILE-002,BDOS-FILE-005,BDOS-FILE-011	REQUIRED	May change or delegate mechanism only with observational equivalence in the declared CP/M personality
0253	Make directory-full result	011 - CP/M 2.2 BDOS Sequential Write and File Creation Semantics; I052 BDOS-FILE-002,BDOS-FILE-005,BDOS-FILE-011	Extensions must preserve this CP/M-visible observation	BDOS-FILE-002,BDOS-FILE-005,BDOS-FILE-011	REQUIRED	May change or delegate mechanism only with observational equivalence in the declared CP/M personality
0254	Immediate empty-file visibility	011 - CP/M 2.2 BDOS Sequential Write and File Creation Semantics; I052 BDOS-FILE-002,BDOS-FILE-005,BDOS-FILE-011	Extensions must preserve this CP/M-visible observation	BDOS-FILE-002,BDOS-FILE-005,BDOS-FILE-011	REQUIRED	May change or delegate mechanism only with observational equivalence in the declared CP/M personality
0255	Data-full empty Make	011 - CP/M 2.2 BDOS Sequential Write and File Creation Semantics; I052 BDOS-FILE-002,BDOS-FILE-005,BDOS-FILE-011	Extensions must preserve this CP/M-visible observation	BDOS-FILE-002,BDOS-FILE-005,BDOS-FILE-011	REQUIRED	May change or delegate mechanism only with observational equivalence in the declared CP/M personality
0256	Make on existing name	011 - CP/M 2.2 BDOS Sequential Write and File Creation Semantics; I052 BDOS-FILE-002,BDOS-FILE-005,BDOS-FILE-011	Extension may vary this result within the ledger boundary	BDOS-FILE-002,BDOS-FILE-005,BDOS-FILE-011	NOT GUARANTEED	Do not turn one extension/provider result into a CP/M baseline promise
0257	Ambiguous Make name	011 - CP/M 2.2 BDOS Sequential Write and File Creation Semantics; I052 BDOS-FILE-002,BDOS-FILE-005,BDOS-FILE-011	Extension may vary this result within the ledger boundary	BDOS-FILE-002,BDOS-FILE-005,BDOS-FILE-011	NOT GUARANTEED	Do not turn one extension/provider result into a CP/M baseline promise
0258	Immediate data-block reservation	011 - CP/M 2.2 BDOS Sequential Write and File Creation Semantics; I052 BDOS-FILE-002,BDOS-FILE-005,BDOS-FILE-011	No CP/M requirement to reproduce this private/incidental mechanism	BDOS-FILE-002,BDOS-FILE-005,BDOS-FILE-011	NOT REQUIRED	Extension/internal implementation may differ; keep private details outside CP/M acceptance criteria
0259	Function 21 convention	011 - CP/M 2.2 BDOS Sequential Write and File Creation Semantics; I052 BDOS-FILE-002,BDOS-FILE-005,BDOS-FILE-011	Extensions must preserve this CP/M-visible observation	BDOS-FILE-002,BDOS-FILE-005,BDOS-FILE-011	REQUIRED	May change or delegate mechanism only with observational equivalence in the declared CP/M personality
0260	Write activation precondition	011 - CP/M 2.2 BDOS Sequential Write and File Creation Semantics; I052 BDOS-FILE-002,BDOS-FILE-005,BDOS-FILE-011	Extensions must preserve this CP/M-visible observation	BDOS-FILE-002,BDOS-FILE-005,BDOS-FILE-011	REQUIRED	May change or delegate mechanism only with observational equivalence in the declared CP/M personality
0261	Write source position	011 - CP/M 2.2 BDOS Sequential Write and File Creation Semantics; I052 BDOS-FILE-002,BDOS-FILE-005,BDOS-FILE-011	Extensions must preserve this CP/M-visible observation	BDOS-FILE-002,BDOS-FILE-005,BDOS-FILE-011	REQUIRED	May change or delegate mechanism only with observational equivalence in the declared CP/M personality
0262	Successful write result	011 - CP/M 2.2 BDOS Sequential Write and File Creation Semantics; I052 BDOS-FILE-002,BDOS-FILE-005,BDOS-FILE-011	Extensions must preserve this CP/M-visible observation	BDOS-FILE-002,BDOS-FILE-005,BDOS-FILE-011	REQUIRED	May change or delegate mechanism only with observational equivalence in the declared CP/M personality
0263	Write transfer size	011 - CP/M 2.2 BDOS Sequential Write and File Creation Semantics; I052 BDOS-FILE-002,BDOS-FILE-005,BDOS-FILE-011	Extensions must preserve this CP/M-visible observation	BDOS-FILE-002,BDOS-FILE-005,BDOS-FILE-011	REQUIRED	May change or delegate mechanism only with observational equivalence in the declared CP/M personality
0264	Current DMA source	011 - CP/M 2.2 BDOS Sequential Write and File Creation Semantics; I052 BDOS-FILE-002,BDOS-FILE-005,BDOS-FILE-011	Extensions must preserve this CP/M-visible observation	BDOS-FILE-002,BDOS-FILE-005,BDOS-FILE-011	REQUIRED	May change or delegate mechanism only with observational equivalence in the declared CP/M personality
0265	Partial-record length	011 - CP/M 2.2 BDOS Sequential Write and File Creation Semantics; I052 BDOS-FILE-002,BDOS-FILE-005,BDOS-FILE-011	Extension may vary this result within the ledger boundary	BDOS-FILE-002,BDOS-FILE-005,BDOS-FILE-011	NOT GUARANTEED	Do not turn one extension/provider result into a CP/M baseline promise
0266	CR advance after write	011 - CP/M 2.2 BDOS Sequential Write and File Creation Semantics; I052 BDOS-FILE-002,BDOS-FILE-005,BDOS-FILE-011	Extensions must preserve this CP/M-visible observation	BDOS-FILE-002,BDOS-FILE-005,BDOS-FILE-011	REQUIRED	May change or delegate mechanism only with observational equivalence in the declared CP/M personality
0267	RC extension	011 - CP/M 2.2 BDOS Sequential Write and File Creation Semantics; I052 BDOS-FILE-002,BDOS-FILE-005,BDOS-FILE-011	Extensions must preserve this CP/M-visible observation	BDOS-FILE-002,BDOS-FILE-005,BDOS-FILE-011	REQUIRED	May change or delegate mechanism only with observational equivalence in the declared CP/M personality
0268	Existing-record overwrite	011 - CP/M 2.2 BDOS Sequential Write and File Creation Semantics; I052 BDOS-FILE-002,BDOS-FILE-005,BDOS-FILE-011	Extensions must preserve this CP/M-visible observation	BDOS-FILE-002,BDOS-FILE-005,BDOS-FILE-011	REQUIRED	May change or delegate mechanism only with observational equivalence in the declared CP/M personality
0269	On-demand allocation	011 - CP/M 2.2 BDOS Sequential Write and File Creation Semantics; I052 BDOS-FILE-002,BDOS-FILE-005,BDOS-FILE-011	Extensions must preserve this CP/M-visible observation	BDOS-FILE-002,BDOS-FILE-005,BDOS-FILE-011	REQUIRED	May change or delegate mechanism only with observational equivalence in the declared CP/M personality
0270	Exact allocation choice	011 - CP/M 2.2 BDOS Sequential Write and File Creation Semantics; I052 BDOS-FILE-002,BDOS-FILE-005,BDOS-FILE-011	Extension may vary this result within the ledger boundary	BDOS-FILE-002,BDOS-FILE-005,BDOS-FILE-011	NOT GUARANTEED	Do not turn one extension/provider result into a CP/M baseline promise
0271	Automatic write extent transition	011 - CP/M 2.2 BDOS Sequential Write and File Creation Semantics; I052 BDOS-FILE-002,BDOS-FILE-005,BDOS-FILE-011	Extensions must preserve this CP/M-visible observation	BDOS-FILE-002,BDOS-FILE-005,BDOS-FILE-011	REQUIRED	May change or delegate mechanism only with observational equivalence in the declared CP/M personality
0272	Successful transition state	011 - CP/M 2.2 BDOS Sequential Write and File Creation Semantics; I052 BDOS-FILE-002,BDOS-FILE-005,BDOS-FILE-011	Extensions must preserve this CP/M-visible observation	BDOS-FILE-002,BDOS-FILE-005,BDOS-FILE-011	REQUIRED	May change or delegate mechanism only with observational equivalence in the declared CP/M personality
0273	Full last record remains successful	011 - CP/M 2.2 BDOS Sequential Write and File Creation Semantics; I052 BDOS-FILE-002,BDOS-FILE-005,BDOS-FILE-011	Extensions must preserve this CP/M-visible observation	BDOS-FILE-002,BDOS-FILE-005,BDOS-FILE-011	REQUIRED	May change or delegate mechanism only with observational equivalence in the declared CP/M personality
0274	Next-extent failure result	011 - CP/M 2.2 BDOS Sequential Write and File Creation Semantics; I052 BDOS-FILE-002,BDOS-FILE-005,BDOS-FILE-011	Extensions must preserve this CP/M-visible observation	BDOS-FILE-002,BDOS-FILE-005,BDOS-FILE-011	REQUIRED	May change or delegate mechanism only with observational equivalence in the declared CP/M personality
0275	Allocation-full failure	011 - CP/M 2.2 BDOS Sequential Write and File Creation Semantics; I052 BDOS-FILE-002,BDOS-FILE-005,BDOS-FILE-011	Extensions must preserve this CP/M-visible observation	BDOS-FILE-002,BDOS-FILE-005,BDOS-FILE-011	REQUIRED	May change or delegate mechanism only with observational equivalence in the declared CP/M personality
0276	Exact write failure codes	011 - CP/M 2.2 BDOS Sequential Write and File Creation Semantics; I052 BDOS-FILE-002,BDOS-FILE-005,BDOS-FILE-011	Extension must not silently choose or expose this unresolved behavior	BDOS-FILE-002,BDOS-FILE-005,BDOS-FILE-011	POLICY PENDING	Require named opt-in/profile and activate its tests before claiming compatibility
0277	Unactivated write behavior	011 - CP/M 2.2 BDOS Sequential Write and File Creation Semantics; I052 BDOS-FILE-002,BDOS-FILE-005,BDOS-FILE-011	Extension may vary this result within the ledger boundary	BDOS-FILE-002,BDOS-FILE-005,BDOS-FILE-011	NOT GUARANTEED	Do not turn one extension/provider result into a CP/M baseline promise
0278	Explicit-drive Make/Write	011 - CP/M 2.2 BDOS Sequential Write and File Creation Semantics; I052 BDOS-FILE-002,BDOS-FILE-005,BDOS-FILE-011	Extensions must preserve this CP/M-visible observation	BDOS-FILE-002,BDOS-FILE-005,BDOS-FILE-011	REQUIRED	May change or delegate mechanism only with observational equivalence in the declared CP/M personality
0279	Close commits final written metadata	011 - CP/M 2.2 BDOS Sequential Write and File Creation Semantics; I052 BDOS-FILE-002,BDOS-FILE-005,BDOS-FILE-011	Extensions must preserve this CP/M-visible observation	BDOS-FILE-002,BDOS-FILE-005,BDOS-FILE-011	REQUIRED	May change or delegate mechanism only with observational equivalence in the declared CP/M personality
0280	Unclosed final extent	011 - CP/M 2.2 BDOS Sequential Write and File Creation Semantics; I052 BDOS-FILE-002,BDOS-FILE-005,BDOS-FILE-011	Extension may vary this result within the ledger boundary	BDOS-FILE-002,BDOS-FILE-005,BDOS-FILE-011	NOT GUARANTEED	Do not turn one extension/provider result into a CP/M baseline promise
0281	Pre-Close directory metadata	011 - CP/M 2.2 BDOS Sequential Write and File Creation Semantics; I052 BDOS-FILE-002,BDOS-FILE-005,BDOS-FILE-011	Extension may vary this result within the ledger boundary	BDOS-FILE-002,BDOS-FILE-005,BDOS-FILE-011	NOT GUARANTEED	Do not turn one extension/provider result into a CP/M baseline promise
0282	Exact close-time update sequence	011 - CP/M 2.2 BDOS Sequential Write and File Creation Semantics; I052 BDOS-FILE-002,BDOS-FILE-005,BDOS-FILE-011	No CP/M requirement to reproduce this private/incidental mechanism	BDOS-FILE-002,BDOS-FILE-005,BDOS-FILE-011	NOT REQUIRED	Extension/internal implementation may differ; keep private details outside CP/M acceptance criteria
0283	Physical write-error presentation	011 - CP/M 2.2 BDOS Sequential Write and File Creation Semantics; I052 BDOS-FILE-002,BDOS-FILE-005,BDOS-FILE-011	Extension must not silently choose or expose this unresolved behavior	BDOS-FILE-002,BDOS-FILE-005,BDOS-FILE-011	POLICY PENDING	Require named opt-in/profile and activate its tests before claiming compatibility
0284	DRI private write machinery	012 - CP/M 2.2 BDOS File Deletion and Rename Semantics; I052 BDOS-FILE-006,BDOS-FILE-007,BDOS-FILE-008,BDOS-FILE-009	No CP/M requirement to reproduce this private/incidental mechanism	BDOS-FILE-006,BDOS-FILE-007,BDOS-FILE-008,BDOS-FILE-009	NOT REQUIRED	Extension/internal implementation may differ; keep private details outside CP/M acceptance criteria
0285	Function 19 convention	012 - CP/M 2.2 BDOS File Deletion and Rename Semantics; I052 BDOS-FILE-006,BDOS-FILE-007,BDOS-FILE-008,BDOS-FILE-009	Extensions must preserve this CP/M-visible observation	BDOS-FILE-006,BDOS-FILE-007,BDOS-FILE-008,BDOS-FILE-009	REQUIRED	May change or delegate mechanism only with observational equivalence in the declared CP/M personality
0286	Delete identity	012 - CP/M 2.2 BDOS File Deletion and Rename Semantics; I052 BDOS-FILE-006,BDOS-FILE-007,BDOS-FILE-008,BDOS-FILE-009	Extensions must preserve this CP/M-visible observation	BDOS-FILE-006,BDOS-FILE-007,BDOS-FILE-008,BDOS-FILE-009	REQUIRED	May change or delegate mechanism only with observational equivalence in the declared CP/M personality
0287	Delete wildcards	012 - CP/M 2.2 BDOS File Deletion and Rename Semantics; I052 BDOS-FILE-006,BDOS-FILE-007,BDOS-FILE-008,BDOS-FILE-009	Extensions must preserve this CP/M-visible observation	BDOS-FILE-006,BDOS-FILE-007,BDOS-FILE-008,BDOS-FILE-009	REQUIRED	May change or delegate mechanism only with observational equivalence in the declared CP/M personality
0288	Delete all matches	012 - CP/M 2.2 BDOS File Deletion and Rename Semantics; I052 BDOS-FILE-006,BDOS-FILE-007,BDOS-FILE-008,BDOS-FILE-009	Extensions must preserve this CP/M-visible observation	BDOS-FILE-006,BDOS-FILE-007,BDOS-FILE-008,BDOS-FILE-009	REQUIRED	May change or delegate mechanism only with observational equivalence in the declared CP/M personality
0289	Delete success result	012 - CP/M 2.2 BDOS File Deletion and Rename Semantics; I052 BDOS-FILE-006,BDOS-FILE-007,BDOS-FILE-008,BDOS-FILE-009	Extensions must preserve this CP/M-visible observation	BDOS-FILE-006,BDOS-FILE-007,BDOS-FILE-008,BDOS-FILE-009	REQUIRED	May change or delegate mechanism only with observational equivalence in the declared CP/M personality
0290	Delete no-match result	012 - CP/M 2.2 BDOS File Deletion and Rename Semantics; I052 BDOS-FILE-006,BDOS-FILE-007,BDOS-FILE-008,BDOS-FILE-009	Extensions must preserve this CP/M-visible observation	BDOS-FILE-006,BDOS-FILE-007,BDOS-FILE-008,BDOS-FILE-009	REQUIRED	May change or delegate mechanism only with observational equivalence in the declared CP/M personality
0291	Immediate search disappearance	012 - CP/M 2.2 BDOS File Deletion and Rename Semantics; I052 BDOS-FILE-006,BDOS-FILE-007,BDOS-FILE-008,BDOS-FILE-009	Extensions must preserve this CP/M-visible observation	BDOS-FILE-006,BDOS-FILE-007,BDOS-FILE-008,BDOS-FILE-009	REQUIRED	May change or delegate mechanism only with observational equivalence in the declared CP/M personality
0292	Allocation release	012 - CP/M 2.2 BDOS File Deletion and Rename Semantics; I052 BDOS-FILE-006,BDOS-FILE-007,BDOS-FILE-008,BDOS-FILE-009	Extensions must preserve this CP/M-visible observation	BDOS-FILE-006,BDOS-FILE-007,BDOS-FILE-008,BDOS-FILE-009	REQUIRED	May change or delegate mechanism only with observational equivalence in the declared CP/M personality
0293	Exact freed-block reuse	012 - CP/M 2.2 BDOS File Deletion and Rename Semantics; I052 BDOS-FILE-006,BDOS-FILE-007,BDOS-FILE-008,BDOS-FILE-009	Extension may vary this result within the ledger boundary	BDOS-FILE-006,BDOS-FILE-007,BDOS-FILE-008,BDOS-FILE-009	NOT GUARANTEED	Do not turn one extension/provider result into a CP/M baseline promise
0294	Explicit-drive Delete	012 - CP/M 2.2 BDOS File Deletion and Rename Semantics; I052 BDOS-FILE-006,BDOS-FILE-007,BDOS-FILE-008,BDOS-FILE-009	Extensions must preserve this CP/M-visible observation	BDOS-FILE-006,BDOS-FILE-007,BDOS-FILE-008,BDOS-FILE-009	REQUIRED	May change or delegate mechanism only with observational equivalence in the declared CP/M personality
0295	Delete user isolation	012 - CP/M 2.2 BDOS File Deletion and Rename Semantics; I052 BDOS-FILE-006,BDOS-FILE-007,BDOS-FILE-008,BDOS-FILE-009	Extensions must preserve this CP/M-visible observation	BDOS-FILE-006,BDOS-FILE-007,BDOS-FILE-008,BDOS-FILE-009	REQUIRED	May change or delegate mechanism only with observational equivalence in the declared CP/M personality
0296	Open FCB after Delete	012 - CP/M 2.2 BDOS File Deletion and Rename Semantics; I052 BDOS-FILE-006,BDOS-FILE-007,BDOS-FILE-008,BDOS-FILE-009	Extension may vary this result within the ledger boundary	BDOS-FILE-006,BDOS-FILE-007,BDOS-FILE-008,BDOS-FILE-009	NOT GUARANTEED	Do not turn one extension/provider result into a CP/M baseline promise
0297	DRI E5 deletion mechanism	012 - CP/M 2.2 BDOS File Deletion and Rename Semantics; I052 BDOS-FILE-006,BDOS-FILE-007,BDOS-FILE-008,BDOS-FILE-009	No CP/M requirement to reproduce this private/incidental mechanism	BDOS-FILE-006,BDOS-FILE-007,BDOS-FILE-008,BDOS-FILE-009	NOT REQUIRED	Extension/internal implementation may differ; keep private details outside CP/M acceptance criteria
0298	Function 23 convention	012 - CP/M 2.2 BDOS File Deletion and Rename Semantics; I052 BDOS-FILE-006,BDOS-FILE-007,BDOS-FILE-008,BDOS-FILE-009	Extensions must preserve this CP/M-visible observation	BDOS-FILE-006,BDOS-FILE-007,BDOS-FILE-008,BDOS-FILE-009	REQUIRED	May change or delegate mechanism only with observational equivalence in the declared CP/M personality
0299	Rename FCB layout	012 - CP/M 2.2 BDOS File Deletion and Rename Semantics; I052 BDOS-FILE-006,BDOS-FILE-007,BDOS-FILE-008,BDOS-FILE-009	Extensions must preserve this CP/M-visible observation	BDOS-FILE-006,BDOS-FILE-007,BDOS-FILE-008,BDOS-FILE-009	REQUIRED	May change or delegate mechanism only with observational equivalence in the declared CP/M personality
0300	Same-drive destination	012 - CP/M 2.2 BDOS File Deletion and Rename Semantics; I052 BDOS-FILE-006,BDOS-FILE-007,BDOS-FILE-008,BDOS-FILE-009	Extensions must preserve this CP/M-visible observation	BDOS-FILE-006,BDOS-FILE-007,BDOS-FILE-008,BDOS-FILE-009	REQUIRED	May change or delegate mechanism only with observational equivalence in the declared CP/M personality
0301	Rename all extents	012 - CP/M 2.2 BDOS File Deletion and Rename Semantics; I052 BDOS-FILE-006,BDOS-FILE-007,BDOS-FILE-008,BDOS-FILE-009	Extensions must preserve this CP/M-visible observation	BDOS-FILE-006,BDOS-FILE-007,BDOS-FILE-008,BDOS-FILE-009	REQUIRED	May change or delegate mechanism only with observational equivalence in the declared CP/M personality
0302	Rename success result	012 - CP/M 2.2 BDOS File Deletion and Rename Semantics; I052 BDOS-FILE-006,BDOS-FILE-007,BDOS-FILE-008,BDOS-FILE-009	Extensions must preserve this CP/M-visible observation	BDOS-FILE-006,BDOS-FILE-007,BDOS-FILE-008,BDOS-FILE-009	REQUIRED	May change or delegate mechanism only with observational equivalence in the declared CP/M personality
0303	Rename missing-source result	012 - CP/M 2.2 BDOS File Deletion and Rename Semantics; I052 BDOS-FILE-006,BDOS-FILE-007,BDOS-FILE-008,BDOS-FILE-009	Extensions must preserve this CP/M-visible observation	BDOS-FILE-006,BDOS-FILE-007,BDOS-FILE-008,BDOS-FILE-009	REQUIRED	May change or delegate mechanism only with observational equivalence in the declared CP/M personality
0304	Rename identity transition	012 - CP/M 2.2 BDOS File Deletion and Rename Semantics; I052 BDOS-FILE-006,BDOS-FILE-007,BDOS-FILE-008,BDOS-FILE-009	Extensions must preserve this CP/M-visible observation	BDOS-FILE-006,BDOS-FILE-007,BDOS-FILE-008,BDOS-FILE-009	REQUIRED	May change or delegate mechanism only with observational equivalence in the declared CP/M personality
0305	Rename data preservation	012 - CP/M 2.2 BDOS File Deletion and Rename Semantics; I052 BDOS-FILE-006,BDOS-FILE-007,BDOS-FILE-008,BDOS-FILE-009	Extensions must preserve this CP/M-visible observation	BDOS-FILE-006,BDOS-FILE-007,BDOS-FILE-008,BDOS-FILE-009	REQUIRED	May change or delegate mechanism only with observational equivalence in the declared CP/M personality
0306	Rename user preservation	012 - CP/M 2.2 BDOS File Deletion and Rename Semantics; I052 BDOS-FILE-006,BDOS-FILE-007,BDOS-FILE-008,BDOS-FILE-009	Extensions must preserve this CP/M-visible observation	BDOS-FILE-006,BDOS-FILE-007,BDOS-FILE-008,BDOS-FILE-009	REQUIRED	May change or delegate mechanism only with observational equivalence in the declared CP/M personality
0307	Explicit-drive Rename	012 - CP/M 2.2 BDOS File Deletion and Rename Semantics; I052 BDOS-FILE-006,BDOS-FILE-007,BDOS-FILE-008,BDOS-FILE-009	Extensions must preserve this CP/M-visible observation	BDOS-FILE-006,BDOS-FILE-007,BDOS-FILE-008,BDOS-FILE-009	REQUIRED	May change or delegate mechanism only with observational equivalence in the declared CP/M personality
0308	Destination collision	012 - CP/M 2.2 BDOS File Deletion and Rename Semantics; I052 BDOS-FILE-006,BDOS-FILE-007,BDOS-FILE-008,BDOS-FILE-009	Extension may vary this result within the ledger boundary	BDOS-FILE-006,BDOS-FILE-007,BDOS-FILE-008,BDOS-FILE-009	NOT GUARANTEED	Do not turn one extension/provider result into a CP/M baseline promise
0309	Wildcard Rename	012 - CP/M 2.2 BDOS File Deletion and Rename Semantics; I052 BDOS-FILE-006,BDOS-FILE-007,BDOS-FILE-008,BDOS-FILE-009	Extension must not silently choose or expose this unresolved behavior	BDOS-FILE-006,BDOS-FILE-007,BDOS-FILE-008,BDOS-FILE-009	POLICY PENDING	Require named opt-in/profile and activate its tests before claiming compatibility
0310	Open FCB after Rename	012 - CP/M 2.2 BDOS File Deletion and Rename Semantics; I052 BDOS-FILE-006,BDOS-FILE-007,BDOS-FILE-008,BDOS-FILE-009	Extension may vary this result within the ledger boundary	BDOS-FILE-006,BDOS-FILE-007,BDOS-FILE-008,BDOS-FILE-009	NOT GUARANTEED	Do not turn one extension/provider result into a CP/M baseline promise
0311	Physical directory order	012 - CP/M 2.2 BDOS File Deletion and Rename Semantics; I052 BDOS-FILE-006,BDOS-FILE-007,BDOS-FILE-008,BDOS-FILE-009	Extension may vary this result within the ledger boundary	BDOS-FILE-006,BDOS-FILE-007,BDOS-FILE-008,BDOS-FILE-009	NOT GUARANTEED	Do not turn one extension/provider result into a CP/M baseline promise
0312	Timestamp preservation	012 - CP/M 2.2 BDOS File Deletion and Rename Semantics; I052 BDOS-FILE-006,BDOS-FILE-007,BDOS-FILE-008,BDOS-FILE-009	No CP/M requirement to reproduce this private/incidental mechanism	BDOS-FILE-006,BDOS-FILE-007,BDOS-FILE-008,BDOS-FILE-009	NOT REQUIRED	Extension/internal implementation may differ; keep private details outside CP/M acceptance criteria
0313	DRI in-place rename algorithm	012 - CP/M 2.2 BDOS File Deletion and Rename Semantics; I052 BDOS-FILE-006,BDOS-FILE-007,BDOS-FILE-008,BDOS-FILE-009	No CP/M requirement to reproduce this private/incidental mechanism	BDOS-FILE-006,BDOS-FILE-007,BDOS-FILE-008,BDOS-FILE-009	NOT REQUIRED	Extension/internal implementation may differ; keep private details outside CP/M acceptance criteria
0314	Delete/Rename physical errors	012 - CP/M 2.2 BDOS File Deletion and Rename Semantics; I052 BDOS-FILE-006,BDOS-FILE-007,BDOS-FILE-008,BDOS-FILE-009	Extension must not silently choose or expose this unresolved behavior	BDOS-FILE-006,BDOS-FILE-007,BDOS-FILE-008,BDOS-FILE-009	POLICY PENDING	Require named opt-in/profile and activate its tests before claiming compatibility
0315	Invalid drive ambiguity	012 - CP/M 2.2 BDOS File Deletion and Rename Semantics; I052 BDOS-FILE-006,BDOS-FILE-007,BDOS-FILE-008,BDOS-FILE-009	Extension may vary this result within the ledger boundary	BDOS-FILE-006,BDOS-FILE-007,BDOS-FILE-008,BDOS-FILE-009	NOT GUARANTEED	Do not turn one extension/provider result into a CP/M baseline promise
0316	Directory compaction	012 - CP/M 2.2 BDOS File Deletion and Rename Semantics; I052 BDOS-FILE-006,BDOS-FILE-007,BDOS-FILE-008,BDOS-FILE-009	No CP/M requirement to reproduce this private/incidental mechanism	BDOS-FILE-006,BDOS-FILE-007,BDOS-FILE-008,BDOS-FILE-009	NOT REQUIRED	Extension/internal implementation may differ; keep private details outside CP/M acceptance criteria
0317	Random field location	012 - CP/M 2.2 BDOS File Deletion and Rename Semantics; I052 BDOS-FILE-006,BDOS-FILE-007,BDOS-FILE-008,BDOS-FILE-009	Extensions must preserve this CP/M-visible observation	BDOS-FILE-006,BDOS-FILE-007,BDOS-FILE-008,BDOS-FILE-009	REQUIRED	May change or delegate mechanism only with observational equivalence in the declared CP/M personality
0318	Random field byte order	012 - CP/M 2.2 BDOS File Deletion and Rename Semantics; I052 BDOS-FILE-006,BDOS-FILE-007,BDOS-FILE-008,BDOS-FILE-009	Extensions must preserve this CP/M-visible observation	BDOS-FILE-006,BDOS-FILE-007,BDOS-FILE-008,BDOS-FILE-009	REQUIRED	May change or delegate mechanism only with observational equivalence in the declared CP/M personality
0319	CP/M 2.2 random range	012 - CP/M 2.2 BDOS File Deletion and Rename Semantics; I052 BDOS-FILE-006,BDOS-FILE-007,BDOS-FILE-008,BDOS-FILE-009	Extensions must preserve this CP/M-visible observation	BDOS-FILE-006,BDOS-FILE-007,BDOS-FILE-008,BDOS-FILE-009	REQUIRED	May change or delegate mechanism only with observational equivalence in the declared CP/M personality
0320	Random/sequential state distinction	012 - CP/M 2.2 BDOS File Deletion and Rename Semantics; I052 BDOS-FILE-006,BDOS-FILE-007,BDOS-FILE-008,BDOS-FILE-009	Extensions must preserve this CP/M-visible observation	BDOS-FILE-006,BDOS-FILE-007,BDOS-FILE-008,BDOS-FILE-009	REQUIRED	May change or delegate mechanism only with observational equivalence in the declared CP/M personality
0321	Function 36 convention	012 - CP/M 2.2 BDOS File Deletion and Rename Semantics; I052 BDOS-FILE-006,BDOS-FILE-007,BDOS-FILE-008,BDOS-FILE-009	Extensions must preserve this CP/M-visible observation	BDOS-FILE-006,BDOS-FILE-007,BDOS-FILE-008,BDOS-FILE-009	REQUIRED	May change or delegate mechanism only with observational equivalence in the declared CP/M personality
0322	Function 36 direction	012 - CP/M 2.2 BDOS File Deletion and Rename Semantics; I052 BDOS-FILE-006,BDOS-FILE-007,BDOS-FILE-008,BDOS-FILE-009	Extensions must preserve this CP/M-visible observation	BDOS-FILE-006,BDOS-FILE-007,BDOS-FILE-008,BDOS-FILE-009	REQUIRED	May change or delegate mechanism only with observational equivalence in the declared CP/M personality
0323	Function 36 boundary equivalence	012 - CP/M 2.2 BDOS File Deletion and Rename Semantics; I052 BDOS-FILE-006,BDOS-FILE-007,BDOS-FILE-008,BDOS-FILE-009	Extensions must preserve this CP/M-visible observation	BDOS-FILE-006,BDOS-FILE-007,BDOS-FILE-008,BDOS-FILE-009	REQUIRED	May change or delegate mechanism only with observational equivalence in the declared CP/M personality
0324	Function 36 no I/O	012 - CP/M 2.2 BDOS File Deletion and Rename Semantics; I052 BDOS-FILE-006,BDOS-FILE-007,BDOS-FILE-008,BDOS-FILE-009	Extensions must preserve this CP/M-visible observation	BDOS-FILE-006,BDOS-FILE-007,BDOS-FILE-008,BDOS-FILE-009	REQUIRED	May change or delegate mechanism only with observational equivalence in the declared CP/M personality
0325	Function 36 A value	012 - CP/M 2.2 BDOS File Deletion and Rename Semantics; I052 BDOS-FILE-006,BDOS-FILE-007,BDOS-FILE-008,BDOS-FILE-009	Extension may vary this result within the ledger boundary	BDOS-FILE-006,BDOS-FILE-007,BDOS-FILE-008,BDOS-FILE-009	NOT GUARANTEED	Do not turn one extension/provider result into a CP/M baseline promise
0326	Function 33 convention	012 - CP/M 2.2 BDOS File Deletion and Rename Semantics; I052 BDOS-FILE-006,BDOS-FILE-007,BDOS-FILE-008,BDOS-FILE-009	Extensions must preserve this CP/M-visible observation	BDOS-FILE-006,BDOS-FILE-007,BDOS-FILE-008,BDOS-FILE-009	REQUIRED	May change or delegate mechanism only with observational equivalence in the declared CP/M personality
0327	Random read destination	012 - CP/M 2.2 BDOS File Deletion and Rename Semantics; I052 BDOS-FILE-006,BDOS-FILE-007,BDOS-FILE-008,BDOS-FILE-009	Extensions must preserve this CP/M-visible observation	BDOS-FILE-006,BDOS-FILE-007,BDOS-FILE-008,BDOS-FILE-009	REQUIRED	May change or delegate mechanism only with observational equivalence in the declared CP/M personality
0328	Random read success	012 - CP/M 2.2 BDOS File Deletion and Rename Semantics; I052 BDOS-FILE-006,BDOS-FILE-007,BDOS-FILE-008,BDOS-FILE-009	Extensions must preserve this CP/M-visible observation	BDOS-FILE-006,BDOS-FILE-007,BDOS-FILE-008,BDOS-FILE-009	REQUIRED	May change or delegate mechanism only with observational equivalence in the declared CP/M personality
0329	Random read position	012 - CP/M 2.2 BDOS File Deletion and Rename Semantics; I052 BDOS-FILE-006,BDOS-FILE-007,BDOS-FILE-008,BDOS-FILE-009	Extensions must preserve this CP/M-visible observation	BDOS-FILE-006,BDOS-FILE-007,BDOS-FILE-008,BDOS-FILE-009	REQUIRED	May change or delegate mechanism only with observational equivalence in the declared CP/M personality
0330	Random read no advance	012 - CP/M 2.2 BDOS File Deletion and Rename Semantics; I052 BDOS-FILE-006,BDOS-FILE-007,BDOS-FILE-008,BDOS-FILE-009	Extensions must preserve this CP/M-visible observation	BDOS-FILE-006,BDOS-FILE-007,BDOS-FILE-008,BDOS-FILE-009	REQUIRED	May change or delegate mechanism only with observational equivalence in the declared CP/M personality
0331	Random read unwritten data	012 - CP/M 2.2 BDOS File Deletion and Rename Semantics; I052 BDOS-FILE-006,BDOS-FILE-007,BDOS-FILE-008,BDOS-FILE-009	Extensions must preserve this CP/M-visible observation	BDOS-FILE-006,BDOS-FILE-007,BDOS-FILE-008,BDOS-FILE-009	REQUIRED	May change or delegate mechanism only with observational equivalence in the declared CP/M personality
0332	Random read missing extent	012 - CP/M 2.2 BDOS File Deletion and Rename Semantics; I052 BDOS-FILE-006,BDOS-FILE-007,BDOS-FILE-008,BDOS-FILE-009	Extensions must preserve this CP/M-visible observation	BDOS-FILE-006,BDOS-FILE-007,BDOS-FILE-008,BDOS-FILE-009	REQUIRED	May change or delegate mechanism only with observational equivalence in the declared CP/M personality
0333	Random overflow	012 - CP/M 2.2 BDOS File Deletion and Rename Semantics; I052 BDOS-FILE-006,BDOS-FILE-007,BDOS-FILE-008,BDOS-FILE-009	Extensions must preserve this CP/M-visible observation	BDOS-FILE-006,BDOS-FILE-007,BDOS-FILE-008,BDOS-FILE-009	REQUIRED	May change or delegate mechanism only with observational equivalence in the declared CP/M personality
0334	DMA after failed random read	012 - CP/M 2.2 BDOS File Deletion and Rename Semantics; I052 BDOS-FILE-006,BDOS-FILE-007,BDOS-FILE-008,BDOS-FILE-009	Extension may vary this result within the ledger boundary	BDOS-FILE-006,BDOS-FILE-007,BDOS-FILE-008,BDOS-FILE-009	NOT GUARANTEED	Do not turn one extension/provider result into a CP/M baseline promise
0335	Function 34 convention	012 - CP/M 2.2 BDOS File Deletion and Rename Semantics; I052 BDOS-FILE-006,BDOS-FILE-007,BDOS-FILE-008,BDOS-FILE-009	Extensions must preserve this CP/M-visible observation	BDOS-FILE-006,BDOS-FILE-007,BDOS-FILE-008,BDOS-FILE-009	REQUIRED	May change or delegate mechanism only with observational equivalence in the declared CP/M personality
0336	Random write transfer	012 - CP/M 2.2 BDOS File Deletion and Rename Semantics; I052 BDOS-FILE-006,BDOS-FILE-007,BDOS-FILE-008,BDOS-FILE-009	Extensions must preserve this CP/M-visible observation	BDOS-FILE-006,BDOS-FILE-007,BDOS-FILE-008,BDOS-FILE-009	REQUIRED	May change or delegate mechanism only with observational equivalence in the declared CP/M personality
0337	Random write success	012 - CP/M 2.2 BDOS File Deletion and Rename Semantics; I052 BDOS-FILE-006,BDOS-FILE-007,BDOS-FILE-008,BDOS-FILE-009	Extensions must preserve this CP/M-visible observation	BDOS-FILE-006,BDOS-FILE-007,BDOS-FILE-008,BDOS-FILE-009	REQUIRED	May change or delegate mechanism only with observational equivalence in the declared CP/M personality
0338	Random write allocation	012 - CP/M 2.2 BDOS File Deletion and Rename Semantics; I052 BDOS-FILE-006,BDOS-FILE-007,BDOS-FILE-008,BDOS-FILE-009	Extensions must preserve this CP/M-visible observation	BDOS-FILE-006,BDOS-FILE-007,BDOS-FILE-008,BDOS-FILE-009	REQUIRED	May change or delegate mechanism only with observational equivalence in the declared CP/M personality
0339	Random write holes	012 - CP/M 2.2 BDOS File Deletion and Rename Semantics; I052 BDOS-FILE-006,BDOS-FILE-007,BDOS-FILE-008,BDOS-FILE-009	Extensions must preserve this CP/M-visible observation	BDOS-FILE-006,BDOS-FILE-007,BDOS-FILE-008,BDOS-FILE-009	REQUIRED	May change or delegate mechanism only with observational equivalence in the declared CP/M personality
0340	Random write virtual length	012 - CP/M 2.2 BDOS File Deletion and Rename Semantics; I052 BDOS-FILE-006,BDOS-FILE-007,BDOS-FILE-008,BDOS-FILE-009	Extensions must preserve this CP/M-visible observation	BDOS-FILE-006,BDOS-FILE-007,BDOS-FILE-008,BDOS-FILE-009	REQUIRED	May change or delegate mechanism only with observational equivalence in the declared CP/M personality
0341	Random write working fields	012 - CP/M 2.2 BDOS File Deletion and Rename Semantics; I052 BDOS-FILE-006,BDOS-FILE-007,BDOS-FILE-008,BDOS-FILE-009	Extensions must preserve this CP/M-visible observation	BDOS-FILE-006,BDOS-FILE-007,BDOS-FILE-008,BDOS-FILE-009	REQUIRED	May change or delegate mechanism only with observational equivalence in the declared CP/M personality
0342	Random write no advance	012 - CP/M 2.2 BDOS File Deletion and Rename Semantics; I052 BDOS-FILE-006,BDOS-FILE-007,BDOS-FILE-008,BDOS-FILE-009	Extensions must preserve this CP/M-visible observation	BDOS-FILE-006,BDOS-FILE-007,BDOS-FILE-008,BDOS-FILE-009	REQUIRED	May change or delegate mechanism only with observational equivalence in the declared CP/M personality
0343	No automatic random extent switch	012 - CP/M 2.2 BDOS File Deletion and Rename Semantics; I052 BDOS-FILE-006,BDOS-FILE-007,BDOS-FILE-008,BDOS-FILE-009	Extensions must preserve this CP/M-visible observation	BDOS-FILE-006,BDOS-FILE-007,BDOS-FILE-008,BDOS-FILE-009	REQUIRED	May change or delegate mechanism only with observational equivalence in the declared CP/M personality
0344	Random write Close	012 - CP/M 2.2 BDOS File Deletion and Rename Semantics; I052 BDOS-FILE-006,BDOS-FILE-007,BDOS-FILE-008,BDOS-FILE-009	Extensions must preserve this CP/M-visible observation	BDOS-FILE-006,BDOS-FILE-007,BDOS-FILE-008,BDOS-FILE-009	REQUIRED	May change or delegate mechanism only with observational equivalence in the declared CP/M personality
0345	Random write extent failure	012 - CP/M 2.2 BDOS File Deletion and Rename Semantics; I052 BDOS-FILE-006,BDOS-FILE-007,BDOS-FILE-008,BDOS-FILE-009	Extensions must preserve this CP/M-visible observation	BDOS-FILE-006,BDOS-FILE-007,BDOS-FILE-008,BDOS-FILE-009	REQUIRED	May change or delegate mechanism only with observational equivalence in the declared CP/M personality
0346	Allocation-full exact code	012 - CP/M 2.2 BDOS File Deletion and Rename Semantics; I052 BDOS-FILE-006,BDOS-FILE-007,BDOS-FILE-008,BDOS-FILE-009	Extension must not silently choose or expose this unresolved behavior	BDOS-FILE-006,BDOS-FILE-007,BDOS-FILE-008,BDOS-FILE-009	POLICY PENDING	Require named opt-in/profile and activate its tests before claiming compatibility
0347	Function 35 convention	012 - CP/M 2.2 BDOS File Deletion and Rename Semantics; I052 BDOS-FILE-006,BDOS-FILE-007,BDOS-FILE-008,BDOS-FILE-009	Extensions must preserve this CP/M-visible observation	BDOS-FILE-006,BDOS-FILE-007,BDOS-FILE-008,BDOS-FILE-009	REQUIRED	May change or delegate mechanism only with observational equivalence in the declared CP/M personality
0348	Function 35 result location	012 - CP/M 2.2 BDOS File Deletion and Rename Semantics; I052 BDOS-FILE-006,BDOS-FILE-007,BDOS-FILE-008,BDOS-FILE-009	Extensions must preserve this CP/M-visible observation	BDOS-FILE-006,BDOS-FILE-007,BDOS-FILE-008,BDOS-FILE-009	REQUIRED	May change or delegate mechanism only with observational equivalence in the declared CP/M personality
0349	Function 35 unit	012 - CP/M 2.2 BDOS File Deletion and Rename Semantics; I052 BDOS-FILE-006,BDOS-FILE-007,BDOS-FILE-008,BDOS-FILE-009	Extensions must preserve this CP/M-visible observation	BDOS-FILE-006,BDOS-FILE-007,BDOS-FILE-008,BDOS-FILE-009	REQUIRED	May change or delegate mechanism only with observational equivalence in the declared CP/M personality
0350	Function 35 maximum	012 - CP/M 2.2 BDOS File Deletion and Rename Semantics; I052 BDOS-FILE-006,BDOS-FILE-007,BDOS-FILE-008,BDOS-FILE-009	Extensions must preserve this CP/M-visible observation	BDOS-FILE-006,BDOS-FILE-007,BDOS-FILE-008,BDOS-FILE-009	REQUIRED	May change or delegate mechanism only with observational equivalence in the declared CP/M personality
0351	Sparse virtual size	012 - CP/M 2.2 BDOS File Deletion and Rename Semantics; I052 BDOS-FILE-006,BDOS-FILE-007,BDOS-FILE-008,BDOS-FILE-009	Extensions must preserve this CP/M-visible observation	BDOS-FILE-006,BDOS-FILE-007,BDOS-FILE-008,BDOS-FILE-009	REQUIRED	May change or delegate mechanism only with observational equivalence in the declared CP/M personality
0352	Function 35 A value	012 - CP/M 2.2 BDOS File Deletion and Rename Semantics; I052 BDOS-FILE-006,BDOS-FILE-007,BDOS-FILE-008,BDOS-FILE-009	Extension may vary this result within the ledger boundary	BDOS-FILE-006,BDOS-FILE-007,BDOS-FILE-008,BDOS-FILE-009	NOT GUARANTEED	Do not turn one extension/provider result into a CP/M baseline promise
0353	DRI random seek machinery	012 - CP/M 2.2 BDOS File Deletion and Rename Semantics; I052 BDOS-FILE-006,BDOS-FILE-007,BDOS-FILE-008,BDOS-FILE-009	No CP/M requirement to reproduce this private/incidental mechanism	BDOS-FILE-006,BDOS-FILE-007,BDOS-FILE-008,BDOS-FILE-009	NOT REQUIRED	Extension/internal implementation may differ; keep private details outside CP/M acceptance criteria
0354	Physical random-I/O errors	012 - CP/M 2.2 BDOS File Deletion and Rename Semantics; I052 BDOS-FILE-006,BDOS-FILE-007,BDOS-FILE-008,BDOS-FILE-009	Extension must not silently choose or expose this unresolved behavior	BDOS-FILE-006,BDOS-FILE-007,BDOS-FILE-008,BDOS-FILE-009	POLICY PENDING	Require named opt-in/profile and activate its tests before claiming compatibility
0355	Physical allocation equals virtual size	012 - CP/M 2.2 BDOS File Deletion and Rename Semantics; I052 BDOS-FILE-006,BDOS-FILE-007,BDOS-FILE-008,BDOS-FILE-009	No CP/M requirement to reproduce this private/incidental mechanism	BDOS-FILE-006,BDOS-FILE-007,BDOS-FILE-008,BDOS-FILE-009	NOT REQUIRED	Extension/internal implementation may differ; keep private details outside CP/M acceptance criteria
0356	Read-only attribute location	012 - CP/M 2.2 BDOS File Deletion and Rename Semantics; I052 BDOS-FILE-006,BDOS-FILE-007,BDOS-FILE-008,BDOS-FILE-009	Extensions must preserve this CP/M-visible observation	BDOS-FILE-006,BDOS-FILE-007,BDOS-FILE-008,BDOS-FILE-009	REQUIRED	May change or delegate mechanism only with observational equivalence in the declared CP/M personality
0357	System attribute location	012 - CP/M 2.2 BDOS File Deletion and Rename Semantics; I052 BDOS-FILE-006,BDOS-FILE-007,BDOS-FILE-008,BDOS-FILE-009	Extensions must preserve this CP/M-visible observation	BDOS-FILE-006,BDOS-FILE-007,BDOS-FILE-008,BDOS-FILE-009	REQUIRED	May change or delegate mechanism only with observational equivalence in the declared CP/M personality
0358	Attribute/type coexistence	012 - CP/M 2.2 BDOS File Deletion and Rename Semantics; I052 BDOS-FILE-006,BDOS-FILE-007,BDOS-FILE-008,BDOS-FILE-009	Extensions must preserve this CP/M-visible observation	BDOS-FILE-006,BDOS-FILE-007,BDOS-FILE-008,BDOS-FILE-009	REQUIRED	May change or delegate mechanism only with observational equivalence in the declared CP/M personality
0359	Reserved t3’	012 - CP/M 2.2 BDOS File Deletion and Rename Semantics; I052 BDOS-FILE-006,BDOS-FILE-007,BDOS-FILE-008,BDOS-FILE-009	Extension may vary this result within the ledger boundary	BDOS-FILE-006,BDOS-FILE-007,BDOS-FILE-008,BDOS-FILE-009	NOT GUARANTEED	Do not turn one extension/provider result into a CP/M baseline promise
0360	Function 30 convention	012 - CP/M 2.2 BDOS File Deletion and Rename Semantics; I052 BDOS-FILE-006,BDOS-FILE-007,BDOS-FILE-008,BDOS-FILE-009	Extensions must preserve this CP/M-visible observation	BDOS-FILE-006,BDOS-FILE-007,BDOS-FILE-008,BDOS-FILE-009	REQUIRED	May change or delegate mechanism only with observational equivalence in the declared CP/M personality
0361	Function 30 set/clear	012 - CP/M 2.2 BDOS File Deletion and Rename Semantics; I052 BDOS-FILE-006,BDOS-FILE-007,BDOS-FILE-008,BDOS-FILE-009	Extensions must preserve this CP/M-visible observation	BDOS-FILE-006,BDOS-FILE-007,BDOS-FILE-008,BDOS-FILE-009	REQUIRED	May change or delegate mechanism only with observational equivalence in the declared CP/M personality
0362	Function 30 all extents	012 - CP/M 2.2 BDOS File Deletion and Rename Semantics; I052 BDOS-FILE-006,BDOS-FILE-007,BDOS-FILE-008,BDOS-FILE-009	Extensions must preserve this CP/M-visible observation	BDOS-FILE-006,BDOS-FILE-007,BDOS-FILE-008,BDOS-FILE-009	REQUIRED	May change or delegate mechanism only with observational equivalence in the declared CP/M personality
0363	Function 30 success result	012 - CP/M 2.2 BDOS File Deletion and Rename Semantics; I052 BDOS-FILE-006,BDOS-FILE-007,BDOS-FILE-008,BDOS-FILE-009	Extensions must preserve this CP/M-visible observation	BDOS-FILE-006,BDOS-FILE-007,BDOS-FILE-008,BDOS-FILE-009	REQUIRED	May change or delegate mechanism only with observational equivalence in the declared CP/M personality
0364	Function 30 no-match result	012 - CP/M 2.2 BDOS File Deletion and Rename Semantics; I052 BDOS-FILE-006,BDOS-FILE-007,BDOS-FILE-008,BDOS-FILE-009	Extensions must preserve this CP/M-visible observation	BDOS-FILE-006,BDOS-FILE-007,BDOS-FILE-008,BDOS-FILE-009	REQUIRED	May change or delegate mechanism only with observational equivalence in the declared CP/M personality
0365	Function 30 exact success slot	012 - CP/M 2.2 BDOS File Deletion and Rename Semantics; I052 BDOS-FILE-006,BDOS-FILE-007,BDOS-FILE-008,BDOS-FILE-009	Extension may vary this result within the ledger boundary	BDOS-FILE-006,BDOS-FILE-007,BDOS-FILE-008,BDOS-FILE-009	NOT GUARANTEED	Do not turn one extension/provider result into a CP/M baseline promise
0366	Open preserves indicators	012 - CP/M 2.2 BDOS File Deletion and Rename Semantics; I052 BDOS-FILE-006,BDOS-FILE-007,BDOS-FILE-008,BDOS-FILE-009	Extensions must preserve this CP/M-visible observation	BDOS-FILE-006,BDOS-FILE-007,BDOS-FILE-008,BDOS-FILE-009	REQUIRED	May change or delegate mechanism only with observational equivalence in the declared CP/M personality
0367	Make accepts indicators	012 - CP/M 2.2 BDOS File Deletion and Rename Semantics; I052 BDOS-FILE-006,BDOS-FILE-007,BDOS-FILE-008,BDOS-FILE-009	Extensions must preserve this CP/M-visible observation	BDOS-FILE-006,BDOS-FILE-007,BDOS-FILE-008,BDOS-FILE-009	REQUIRED	May change or delegate mechanism only with observational equivalence in the declared CP/M personality
0368	File read-only sequential protection	012 - CP/M 2.2 BDOS File Deletion and Rename Semantics; I052 BDOS-FILE-006,BDOS-FILE-007,BDOS-FILE-008,BDOS-FILE-009	Extensions must preserve this CP/M-visible observation	BDOS-FILE-006,BDOS-FILE-007,BDOS-FILE-008,BDOS-FILE-009	REQUIRED	May change or delegate mechanism only with observational equivalence in the declared CP/M personality
0369	File read-only random protection	012 - CP/M 2.2 BDOS File Deletion and Rename Semantics; I052 BDOS-FILE-006,BDOS-FILE-007,BDOS-FILE-008,BDOS-FILE-009	Extensions must preserve this CP/M-visible observation	BDOS-FILE-006,BDOS-FILE-007,BDOS-FILE-008,BDOS-FILE-009	REQUIRED	May change or delegate mechanism only with observational equivalence in the declared CP/M personality
0370	File read-only delete protection	012 - CP/M 2.2 BDOS File Deletion and Rename Semantics; I052 BDOS-FILE-006,BDOS-FILE-007,BDOS-FILE-008,BDOS-FILE-009	Extensions must preserve this CP/M-visible observation	BDOS-FILE-006,BDOS-FILE-007,BDOS-FILE-008,BDOS-FILE-009	REQUIRED	May change or delegate mechanism only with observational equivalence in the declared CP/M personality
0371	File read-only rename protection	012 - CP/M 2.2 BDOS File Deletion and Rename Semantics; I052 BDOS-FILE-006,BDOS-FILE-007,BDOS-FILE-008,BDOS-FILE-009	Extensions must preserve this CP/M-visible observation	BDOS-FILE-006,BDOS-FILE-007,BDOS-FILE-008,BDOS-FILE-009	REQUIRED	May change or delegate mechanism only with observational equivalence in the declared CP/M personality
0372	Protected-operation normal result	012 - CP/M 2.2 BDOS File Deletion and Rename Semantics; I052 BDOS-FILE-006,BDOS-FILE-007,BDOS-FILE-008,BDOS-FILE-009	Extension may vary this result within the ledger boundary	BDOS-FILE-006,BDOS-FILE-007,BDOS-FILE-008,BDOS-FILE-009	NOT GUARANTEED	Do not turn one extension/provider result into a CP/M baseline promise
0373	Function 28 convention	012 - CP/M 2.2 BDOS File Deletion and Rename Semantics; I052 BDOS-FILE-006,BDOS-FILE-007,BDOS-FILE-008,BDOS-FILE-009	Extensions must preserve this CP/M-visible observation	BDOS-FILE-006,BDOS-FILE-007,BDOS-FILE-008,BDOS-FILE-009	REQUIRED	May change or delegate mechanism only with observational equivalence in the declared CP/M personality
0374	Function 28 transience	012 - CP/M 2.2 BDOS File Deletion and Rename Semantics; I052 BDOS-FILE-006,BDOS-FILE-007,BDOS-FILE-008,BDOS-FILE-009	Extensions must preserve this CP/M-visible observation	BDOS-FILE-006,BDOS-FILE-007,BDOS-FILE-008,BDOS-FILE-009	REQUIRED	May change or delegate mechanism only with observational equivalence in the declared CP/M personality
0375	Function 29 convention	012 - CP/M 2.2 BDOS File Deletion and Rename Semantics; I052 BDOS-FILE-006,BDOS-FILE-007,BDOS-FILE-008,BDOS-FILE-009	Extensions must preserve this CP/M-visible observation	BDOS-FILE-006,BDOS-FILE-007,BDOS-FILE-008,BDOS-FILE-009	REQUIRED	May change or delegate mechanism only with observational equivalence in the declared CP/M personality
0376	Read-only vector mapping	012 - CP/M 2.2 BDOS File Deletion and Rename Semantics; I052 BDOS-FILE-006,BDOS-FILE-007,BDOS-FILE-008,BDOS-FILE-009	Extensions must preserve this CP/M-visible observation	BDOS-FILE-006,BDOS-FILE-007,BDOS-FILE-008,BDOS-FILE-009	REQUIRED	May change or delegate mechanism only with observational equivalence in the declared CP/M personality
0377	Function 28 vector effect	012 - CP/M 2.2 BDOS File Deletion and Rename Semantics; I052 BDOS-FILE-006,BDOS-FILE-007,BDOS-FILE-008,BDOS-FILE-009	Extensions must preserve this CP/M-visible observation	BDOS-FILE-006,BDOS-FILE-007,BDOS-FILE-008,BDOS-FILE-009	REQUIRED	May change or delegate mechanism only with observational equivalence in the declared CP/M personality
0378	Reset clears software protection	012 - CP/M 2.2 BDOS File Deletion and Rename Semantics; I052 BDOS-FILE-006,BDOS-FILE-007,BDOS-FILE-008,BDOS-FILE-009	Extensions must preserve this CP/M-visible observation	BDOS-FILE-006,BDOS-FILE-007,BDOS-FILE-008,BDOS-FILE-009	REQUIRED	May change or delegate mechanism only with observational equivalence in the declared CP/M personality
0379	Protected-disk Make	012 - CP/M 2.2 BDOS File Deletion and Rename Semantics; I052 BDOS-FILE-006,BDOS-FILE-007,BDOS-FILE-008,BDOS-FILE-009	Extensions must preserve this CP/M-visible observation	BDOS-FILE-006,BDOS-FILE-007,BDOS-FILE-008,BDOS-FILE-009	REQUIRED	May change or delegate mechanism only with observational equivalence in the declared CP/M personality
0380	Protected-disk sequential write	012 - CP/M 2.2 BDOS File Deletion and Rename Semantics; I052 BDOS-FILE-006,BDOS-FILE-007,BDOS-FILE-008,BDOS-FILE-009	Extensions must preserve this CP/M-visible observation	BDOS-FILE-006,BDOS-FILE-007,BDOS-FILE-008,BDOS-FILE-009	REQUIRED	May change or delegate mechanism only with observational equivalence in the declared CP/M personality
0381	Protected-disk random write	012 - CP/M 2.2 BDOS File Deletion and Rename Semantics; I052 BDOS-FILE-006,BDOS-FILE-007,BDOS-FILE-008,BDOS-FILE-009	Extensions must preserve this CP/M-visible observation	BDOS-FILE-006,BDOS-FILE-007,BDOS-FILE-008,BDOS-FILE-009	REQUIRED	May change or delegate mechanism only with observational equivalence in the declared CP/M personality
0382	Protected-disk delete	012 - CP/M 2.2 BDOS File Deletion and Rename Semantics; I052 BDOS-FILE-006,BDOS-FILE-007,BDOS-FILE-008,BDOS-FILE-009	Extensions must preserve this CP/M-visible observation	BDOS-FILE-006,BDOS-FILE-007,BDOS-FILE-008,BDOS-FILE-009	REQUIRED	May change or delegate mechanism only with observational equivalence in the declared CP/M personality
0383	Protected-disk rename	012 - CP/M 2.2 BDOS File Deletion and Rename Semantics; I052 BDOS-FILE-006,BDOS-FILE-007,BDOS-FILE-008,BDOS-FILE-009	Extensions must preserve this CP/M-visible observation	BDOS-FILE-006,BDOS-FILE-007,BDOS-FILE-008,BDOS-FILE-009	REQUIRED	May change or delegate mechanism only with observational equivalence in the declared CP/M personality
0384	Protection before mutation	012 - CP/M 2.2 BDOS File Deletion and Rename Semantics; I052 BDOS-FILE-006,BDOS-FILE-007,BDOS-FILE-008,BDOS-FILE-009	Extensions must preserve this CP/M-visible observation	BDOS-FILE-006,BDOS-FILE-007,BDOS-FILE-008,BDOS-FILE-009	REQUIRED	May change or delegate mechanism only with observational equivalence in the declared CP/M personality
0385	Fatal presentation	012 - CP/M 2.2 BDOS File Deletion and Rename Semantics; I052 BDOS-FILE-006,BDOS-FILE-007,BDOS-FILE-008,BDOS-FILE-009	Extension must not silently choose or expose this unresolved behavior	BDOS-FILE-006,BDOS-FILE-007,BDOS-FILE-008,BDOS-FILE-009	POLICY PENDING	Require named opt-in/profile and activate its tests before claiming compatibility
0386	Fatal handler internals	012 - CP/M 2.2 BDOS File Deletion and Rename Semantics; I052 BDOS-FILE-006,BDOS-FILE-007,BDOS-FILE-008,BDOS-FILE-009	No CP/M requirement to reproduce this private/incidental mechanism	BDOS-FILE-006,BDOS-FILE-007,BDOS-FILE-008,BDOS-FILE-009	NOT REQUIRED	Extension/internal implementation may differ; keep private details outside CP/M acceptance criteria
0387	Exact diagnostic text	012 - CP/M 2.2 BDOS File Deletion and Rename Semantics; I052 BDOS-FILE-006,BDOS-FILE-007,BDOS-FILE-008,BDOS-FILE-009	Extension must not silently choose or expose this unresolved behavior	BDOS-FILE-006,BDOS-FILE-007,BDOS-FILE-008,BDOS-FILE-009	POLICY PENDING	Require named opt-in/profile and activate its tests before claiming compatibility
0388	Late attribute change versus dirty FCB	012 - CP/M 2.2 BDOS File Deletion and Rename Semantics; I052 BDOS-FILE-006,BDOS-FILE-007,BDOS-FILE-008,BDOS-FILE-009	Extension may vary this result within the ledger boundary	BDOS-FILE-006,BDOS-FILE-007,BDOS-FILE-008,BDOS-FILE-009	NOT GUARANTEED	Do not turn one extension/provider result into a CP/M baseline promise
0389	Automatic media-change protection	015 - CP/M 2.2 BDOS Physical Disk Error and Error Presentation Semantics; I052 ERROR-002,ERROR-003,ERROR-004	Extension must not silently choose or expose this unresolved behavior	ERROR-002,ERROR-003,ERROR-004	POLICY PENDING	Require named opt-in/profile and activate its tests before claiming compatibility
0390	CBIOS physical read result	015 - CP/M 2.2 BDOS Physical Disk Error and Error Presentation Semantics; I052 ERROR-002,ERROR-003,ERROR-004	Extensions must preserve this CP/M-visible observation	ERROR-002,ERROR-003,ERROR-004	REQUIRED	May change or delegate mechanism only with observational equivalence in the declared CP/M personality
0391	CBIOS physical write result	015 - CP/M 2.2 BDOS Physical Disk Error and Error Presentation Semantics; I052 ERROR-002,ERROR-003,ERROR-004	Extensions must preserve this CP/M-visible observation	ERROR-002,ERROR-003,ERROR-004	REQUIRED	May change or delegate mechanism only with observational equivalence in the declared CP/M personality
0392	BIOS retry responsibility	015 - CP/M 2.2 BDOS Physical Disk Error and Error Presentation Semantics; I052 ERROR-002,ERROR-003,ERROR-004	Extensions must preserve this CP/M-visible observation	ERROR-002,ERROR-003,ERROR-004	REQUIRED	May change or delegate mechanism only with observational equivalence in the declared CP/M personality
0393	Physical/logical error separation	015 - CP/M 2.2 BDOS Physical Disk Error and Error Presentation Semantics; I052 ERROR-002,ERROR-003,ERROR-004	Extensions must preserve this CP/M-visible observation	ERROR-002,ERROR-003,ERROR-004	REQUIRED	May change or delegate mechanism only with observational equivalence in the declared CP/M personality
0394	Bad Sector presentation	015 - CP/M 2.2 BDOS Physical Disk Error and Error Presentation Semantics; I052 ERROR-002,ERROR-003,ERROR-004	Extensions must preserve this CP/M-visible observation	ERROR-002,ERROR-003,ERROR-004	REQUIRED	May change or delegate mechanism only with observational equivalence in the declared CP/M personality
0395	Physical-error ignore choice	015 - CP/M 2.2 BDOS Physical Disk Error and Error Presentation Semantics; I052 ERROR-002,ERROR-003,ERROR-004	Extensions must preserve this CP/M-visible observation	ERROR-002,ERROR-003,ERROR-004	REQUIRED	May change or delegate mechanism only with observational equivalence in the declared CP/M personality
0396	Physical-error abort choice	015 - CP/M 2.2 BDOS Physical Disk Error and Error Presentation Semantics; I052 ERROR-002,ERROR-003,ERROR-004	Extensions must preserve this CP/M-visible observation	ERROR-002,ERROR-003,ERROR-004	REQUIRED	May change or delegate mechanism only with observational equivalence in the declared CP/M personality
0397	Abort restart details	015 - CP/M 2.2 BDOS Physical Disk Error and Error Presentation Semantics; I052 ERROR-002,ERROR-003,ERROR-004	Extensions must preserve this CP/M-visible observation	ERROR-002,ERROR-003,ERROR-004	REQUIRED	May change or delegate mechanism only with observational equivalence in the declared CP/M personality
0398	Result after ignored physical error	015 - CP/M 2.2 BDOS Physical Disk Error and Error Presentation Semantics; I052 ERROR-002,ERROR-003,ERROR-004	Extension may vary this result within the ledger boundary	ERROR-002,ERROR-003,ERROR-004	NOT GUARANTEED	Do not turn one extension/provider result into a CP/M baseline promise
0399	DMA after ignored physical read	015 - CP/M 2.2 BDOS Physical Disk Error and Error Presentation Semantics; I052 ERROR-002,ERROR-003,ERROR-004	Extension may vary this result within the ledger boundary	ERROR-002,ERROR-003,ERROR-004	NOT GUARANTEED	Do not turn one extension/provider result into a CP/M baseline promise
0400	Persistence after ignored physical write	015 - CP/M 2.2 BDOS Physical Disk Error and Error Presentation Semantics; I052 ERROR-002,ERROR-003,ERROR-004	Extension may vary this result within the ledger boundary	ERROR-002,ERROR-003,ERROR-004	NOT GUARANTEED	Do not turn one extension/provider result into a CP/M baseline promise
0401	Make persistence after physical error	015 - CP/M 2.2 BDOS Physical Disk Error and Error Presentation Semantics; I052 ERROR-002,ERROR-003,ERROR-004	Extension may vary this result within the ledger boundary	ERROR-002,ERROR-003,ERROR-004	NOT GUARANTEED	Do not turn one extension/provider result into a CP/M baseline promise
0402	Close persistence after physical error	015 - CP/M 2.2 BDOS Physical Disk Error and Error Presentation Semantics; I052 ERROR-002,ERROR-003,ERROR-004	Extension may vary this result within the ledger boundary	ERROR-002,ERROR-003,ERROR-004	NOT GUARANTEED	Do not turn one extension/provider result into a CP/M baseline promise
0403	Physical-write atomicity	015 - CP/M 2.2 BDOS Physical Disk Error and Error Presentation Semantics; I052 ERROR-002,ERROR-003,ERROR-004	Extension may vary this result within the ledger boundary	ERROR-002,ERROR-003,ERROR-004	NOT GUARANTEED	Do not turn one extension/provider result into a CP/M baseline promise
0404	Sequential read logical result	015 - CP/M 2.2 BDOS Physical Disk Error and Error Presentation Semantics; I052 ERROR-002,ERROR-003,ERROR-004	Extensions must preserve this CP/M-visible observation	ERROR-002,ERROR-003,ERROR-004	REQUIRED	May change or delegate mechanism only with observational equivalence in the declared CP/M personality
0405	Sequential write logical result	015 - CP/M 2.2 BDOS Physical Disk Error and Error Presentation Semantics; I052 ERROR-002,ERROR-003,ERROR-004	Extensions must preserve this CP/M-visible observation	ERROR-002,ERROR-003,ERROR-004	REQUIRED	May change or delegate mechanism only with observational equivalence in the declared CP/M personality
0406	Random read logical codes	015 - CP/M 2.2 BDOS Physical Disk Error and Error Presentation Semantics; I052 ERROR-002,ERROR-003,ERROR-004	Extensions must preserve this CP/M-visible observation	ERROR-002,ERROR-003,ERROR-004	REQUIRED	May change or delegate mechanism only with observational equivalence in the declared CP/M personality
0407	Random write logical codes	015 - CP/M 2.2 BDOS Physical Disk Error and Error Presentation Semantics; I052 ERROR-002,ERROR-003,ERROR-004	Extensions must preserve this CP/M-visible observation	ERROR-002,ERROR-003,ERROR-004	REQUIRED	May change or delegate mechanism only with observational equivalence in the declared CP/M personality
0408	Make/Delete/Rename/Close logical codes	015 - CP/M 2.2 BDOS Physical Disk Error and Error Presentation Semantics; I052 ERROR-002,ERROR-003,ERROR-004	Extensions must preserve this CP/M-visible observation	ERROR-002,ERROR-003,ERROR-004	REQUIRED	May change or delegate mechanism only with observational equivalence in the declared CP/M personality
0409	DRI permanent-error internals	015 - CP/M 2.2 BDOS Physical Disk Error and Error Presentation Semantics; I052 ERROR-002,ERROR-003,ERROR-004	No CP/M requirement to reproduce this private/incidental mechanism	ERROR-002,ERROR-003,ERROR-004	NOT REQUIRED	Extension/internal implementation may differ; keep private details outside CP/M acceptance criteria
0410	z80pack status values	015 - CP/M 2.2 BDOS Physical Disk Error and Error Presentation Semantics; I052 ERROR-002,ERROR-003,ERROR-004	No CP/M requirement to reproduce this private/incidental mechanism	ERROR-002,ERROR-003,ERROR-004	NOT REQUIRED	Extension/internal implementation may differ; keep private details outside CP/M acceptance criteria
0411	Exact Bad Sector text	015 - CP/M 2.2 BDOS Physical Disk Error and Error Presentation Semantics; I052 ERROR-002,ERROR-003,ERROR-004	Extension must not silently choose or expose this unresolved behavior	ERROR-002,ERROR-003,ERROR-004	POLICY PENDING	Require named opt-in/profile and activate its tests before claiming compatibility
0412	Accepted ignore characters	015 - CP/M 2.2 BDOS Physical Disk Error and Error Presentation Semantics; I052 ERROR-002,ERROR-003,ERROR-004	Extension must not silently choose or expose this unresolved behavior	ERROR-002,ERROR-003,ERROR-004	POLICY PENDING	Require named opt-in/profile and activate its tests before claiming compatibility
0413	Structured physical-error extension	016 - CP/M 2.2 BDOS Console I/O and System Interface Semantics; I052 BDOS-CON-001,BDOS-CON-005,BDOS-STATE-001	Extension must not silently choose or expose this unresolved behavior	BDOS-CON-001,BDOS-CON-005,BDOS-STATE-001	POLICY PENDING	Require named opt-in/profile and activate its tests before claiming compatibility
0414	Function 12 CP/M version result	016 - CP/M 2.2 BDOS Console I/O and System Interface Semantics; I052 BDOS-CON-001,BDOS-CON-005,BDOS-STATE-001	Extensions must preserve this CP/M-visible observation	BDOS-CON-001,BDOS-CON-005,BDOS-STATE-001	REQUIRED	May change or delegate mechanism only with observational equivalence in the declared CP/M personality
0415	Function 32 user-number query	016 - CP/M 2.2 BDOS Console I/O and System Interface Semantics; I052 BDOS-CON-001,BDOS-CON-005,BDOS-STATE-001	Extensions must preserve this CP/M-visible observation	BDOS-CON-001,BDOS-CON-005,BDOS-STATE-001	REQUIRED	May change or delegate mechanism only with observational equivalence in the declared CP/M personality
0416	Function 32 user-number selection	016 - CP/M 2.2 BDOS Console I/O and System Interface Semantics; I052 BDOS-CON-001,BDOS-CON-005,BDOS-STATE-001	Extensions must preserve this CP/M-visible observation	BDOS-CON-001,BDOS-CON-005,BDOS-STATE-001	REQUIRED	May change or delegate mechanism only with observational equivalence in the declared CP/M personality
0417	Function 32 set-form result	016 - CP/M 2.2 BDOS Console I/O and System Interface Semantics; I052 BDOS-CON-001,BDOS-CON-005,BDOS-STATE-001	Extension may vary this result within the ledger boundary	BDOS-CON-001,BDOS-CON-005,BDOS-STATE-001	NOT GUARANTEED	Do not turn one extension/provider result into a CP/M baseline promise
0418	Console functions do not use or overwrite DMA	016 - CP/M 2.2 BDOS Console I/O and System Interface Semantics; I052 BDOS-CON-001,BDOS-CON-005,BDOS-STATE-001	Extensions must preserve this CP/M-visible observation	BDOS-CON-001,BDOS-CON-005,BDOS-STATE-001	REQUIRED	May change or delegate mechanism only with observational equivalence in the declared CP/M personality
0419	Console and identity calls preserve DMA selection	016 - CP/M 2.2 BDOS Console I/O and System Interface Semantics; I052 BDOS-CON-001,BDOS-CON-005,BDOS-STATE-001	Extensions must preserve this CP/M-visible observation	BDOS-CON-001,BDOS-CON-005,BDOS-STATE-001	REQUIRED	May change or delegate mechanism only with observational equivalence in the declared CP/M personality
0420	Function 10 DE buffer is not DMA	016 - CP/M 2.2 BDOS Console I/O and System Interface Semantics; I052 BDOS-CON-001,BDOS-CON-005,BDOS-STATE-001	Extensions must preserve this CP/M-visible observation	BDOS-CON-001,BDOS-CON-005,BDOS-STATE-001	REQUIRED	May change or delegate mechanism only with observational equivalence in the declared CP/M personality
0421	DRI private console polling implementation	016 - CP/M 2.2 BDOS Console I/O and System Interface Semantics; I052 BDOS-CON-001,BDOS-CON-005,BDOS-STATE-001	No CP/M requirement to reproduce this private/incidental mechanism	BDOS-CON-001,BDOS-CON-005,BDOS-STATE-001	NOT REQUIRED	Extension/internal implementation may differ; keep private details outside CP/M acceptance criteria
0422	Function 6 E=FEh behavior	016 - CP/M 2.2 BDOS Console I/O and System Interface Semantics; I052 BDOS-CON-001,BDOS-CON-005,BDOS-STATE-001	No CP/M requirement to reproduce this private/incidental mechanism	BDOS-CON-001,BDOS-CON-005,BDOS-STATE-001	NOT REQUIRED	Extension/internal implementation may differ; keep private details outside CP/M acceptance criteria
0423	Function 34 is not Compute File Size	017 - CP/M 2.2 BDOS Disk State, Allocation Vector, and Disk Parameter; I052 BDOS-STATE-002,BIOS-006	No CP/M requirement to reproduce this private/incidental mechanism	BDOS-STATE-002,BIOS-006	NOT REQUIRED	Extension/internal implementation may differ; keep private details outside CP/M acceptance criteria
0424	Function 27 allocation-vector pointer	017 - CP/M 2.2 BDOS Disk State, Allocation Vector, and Disk Parameter; I052 BDOS-STATE-002,BIOS-006	Extensions must preserve this CP/M-visible observation	BDOS-STATE-002,BIOS-006	REQUIRED	May change or delegate mechanism only with observational equivalence in the declared CP/M personality
0425	Allocation-vector length and bit mapping	017 - CP/M 2.2 BDOS Disk State, Allocation Vector, and Disk Parameter; I052 BDOS-STATE-002,BIOS-006	Extensions must preserve this CP/M-visible observation	BDOS-STATE-002,BIOS-006	REQUIRED	May change or delegate mechanism only with observational equivalence in the declared CP/M personality
0426	Reserved directory allocation bits	017 - CP/M 2.2 BDOS Disk State, Allocation Vector, and Disk Parameter; I052 BDOS-STATE-002,BIOS-006	Extensions must preserve this CP/M-visible observation	BDOS-STATE-002,BIOS-006	REQUIRED	May change or delegate mechanism only with observational equivalence in the declared CP/M personality
0427	Live allocation state	017 - CP/M 2.2 BDOS Disk State, Allocation Vector, and Disk Parameter; I052 BDOS-STATE-002,BIOS-006	Extensions must preserve this CP/M-visible observation	BDOS-STATE-002,BIOS-006	REQUIRED	May change or delegate mechanism only with observational equivalence in the declared CP/M personality
0428	Allocation-pointer address and lifetime	017 - CP/M 2.2 BDOS Disk State, Allocation Vector, and Disk Parameter; I052 BDOS-STATE-002,BIOS-006	Extension may vary this result within the ledger boundary	BDOS-STATE-002,BIOS-006	NOT GUARANTEED	Do not turn one extension/provider result into a CP/M baseline promise
0429	Application modification of allocation vector	017 - CP/M 2.2 BDOS Disk State, Allocation Vector, and Disk Parameter; I052 BDOS-STATE-002,BIOS-006	Extension may vary this result within the ledger boundary	BDOS-STATE-002,BIOS-006	NOT GUARANTEED	Do not turn one extension/provider result into a CP/M baseline promise
0430	Read-only allocation information	017 - CP/M 2.2 BDOS Disk State, Allocation Vector, and Disk Parameter; I052 BDOS-STATE-002,BIOS-006	Extension may vary this result within the ledger boundary	BDOS-STATE-002,BIOS-006	NOT GUARANTEED	Do not turn one extension/provider result into a CP/M baseline promise
0431	Function 31 DPB pointer and layout	017 - CP/M 2.2 BDOS Disk State, Allocation Vector, and Disk Parameter; I052 BDOS-STATE-002,BIOS-006	Extensions must preserve this CP/M-visible observation	BDOS-STATE-002,BIOS-006	REQUIRED	May change or delegate mechanism only with observational equivalence in the declared CP/M personality
0432	DPB configuration and sharing	017 - CP/M 2.2 BDOS Disk State, Allocation Vector, and Disk Parameter; I052 BDOS-STATE-002,BIOS-006	Extensions must preserve this CP/M-visible observation	BDOS-STATE-002,BIOS-006	REQUIRED	May change or delegate mechanism only with observational equivalence in the declared CP/M personality
0433	Documented DPB modification	017 - CP/M 2.2 BDOS Disk State, Allocation Vector, and Disk Parameter; I052 BDOS-STATE-002,BIOS-006	Extensions must preserve this CP/M-visible observation	BDOS-STATE-002,BIOS-006	REQUIRED	May change or delegate mechanism only with observational equivalence in the declared CP/M personality
0434	DPB address and lifetime	017 - CP/M 2.2 BDOS Disk State, Allocation Vector, and Disk Parameter; I052 BDOS-STATE-002,BIOS-006	Extension may vary this result within the ledger boundary	BDOS-STATE-002,BIOS-006	NOT GUARANTEED	Do not turn one extension/provider result into a CP/M baseline promise
0435	Function 37 compatibility status	018 - CP/M 2.2 BDOS Character Devices and IOBYTE Semantics; I052 BIOS-003,COMM-002	Extension must not silently choose or expose this unresolved behavior	BIOS-003,COMM-002	POLICY PENDING	Require named opt-in/profile and activate its tests before claiming compatibility
0436	Function 3 Reader convention	018 - CP/M 2.2 BDOS Character Devices and IOBYTE Semantics; I052 BIOS-003,COMM-002	Extensions must preserve this CP/M-visible observation	BIOS-003,COMM-002	REQUIRED	May change or delegate mechanism only with observational equivalence in the declared CP/M personality
0437	Reader completion and optional-device behavior	018 - CP/M 2.2 BDOS Character Devices and IOBYTE Semantics; I052 BIOS-003,COMM-002	Extension may vary this result within the ledger boundary	BIOS-003,COMM-002	NOT GUARANTEED	Do not turn one extension/provider result into a CP/M baseline promise
0438	Reader separation from console	018 - CP/M 2.2 BDOS Character Devices and IOBYTE Semantics; I052 BIOS-003,COMM-002	Extensions must preserve this CP/M-visible observation	BIOS-003,COMM-002	REQUIRED	May change or delegate mechanism only with observational equivalence in the declared CP/M personality
0439	Function 4 Punch convention	018 - CP/M 2.2 BDOS Character Devices and IOBYTE Semantics; I052 BIOS-003,COMM-002	Extensions must preserve this CP/M-visible observation	BIOS-003,COMM-002	REQUIRED	May change or delegate mechanism only with observational equivalence in the declared CP/M personality
0440	Function 5 List convention	018 - CP/M 2.2 BDOS Character Devices and IOBYTE Semantics; I052 BIOS-003,COMM-002	Extensions must preserve this CP/M-visible observation	BIOS-003,COMM-002	REQUIRED	May change or delegate mechanism only with observational equivalence in the declared CP/M personality
0441	Character-output result values	018 - CP/M 2.2 BDOS Character Devices and IOBYTE Semantics; I052 BIOS-003,COMM-002	Extension may vary this result within the ledger boundary	BIOS-003,COMM-002	NOT GUARANTEED	Do not turn one extension/provider result into a CP/M baseline promise
0442	Function 7 IOBYTE query	018 - CP/M 2.2 BDOS Character Devices and IOBYTE Semantics; I052 BIOS-003,COMM-002	Extensions must preserve this CP/M-visible observation	BIOS-003,COMM-002	REQUIRED	May change or delegate mechanism only with observational equivalence in the declared CP/M personality
0443	Function 8 IOBYTE set	018 - CP/M 2.2 BDOS Character Devices and IOBYTE Semantics; I052 BIOS-003,COMM-002	Extensions must preserve this CP/M-visible observation	BIOS-003,COMM-002	REQUIRED	May change or delegate mechanism only with observational equivalence in the declared CP/M personality
0444	IOBYTE field encoding	018 - CP/M 2.2 BDOS Character Devices and IOBYTE Semantics; I052 BIOS-003,COMM-002	Extensions must preserve this CP/M-visible observation	BIOS-003,COMM-002	REQUIRED	May change or delegate mechanism only with observational equivalence in the declared CP/M personality
0445	IOBYTE routing boundary	018 - CP/M 2.2 BDOS Character Devices and IOBYTE Semantics; I052 BIOS-003,COMM-002	Extensions must preserve this CP/M-visible observation	BIOS-003,COMM-002	REQUIRED	May change or delegate mechanism only with observational equivalence in the declared CP/M personality
0446	Active IOBYTE routing policy	018 - CP/M 2.2 BDOS Character Devices and IOBYTE Semantics; I052 BIOS-003,COMM-002	Extension must not silently choose or expose this unresolved behavior	BIOS-003,COMM-002	POLICY PENDING	Require named opt-in/profile and activate its tests before claiming compatibility
0447	IOBYTE set has no initialization contract	018 - CP/M 2.2 BDOS Character Devices and IOBYTE Semantics; I052 BIOS-003,COMM-002	Extension may vary this result within the ledger boundary	BIOS-003,COMM-002	NOT GUARANTEED	Do not turn one extension/provider result into a CP/M baseline promise
0448	Character-device DMA independence	019 - CP/M 2.2 BIOS Disk Interface and Logical-Sector Semantics; I052 BIOS-004	Extensions must preserve this CP/M-visible observation	BIOS-004	REQUIRED	May change or delegate mechanism only with observational equivalence in the declared CP/M personality
0449	Stateful BIOS disk setup	019 - CP/M 2.2 BIOS Disk Interface and Logical-Sector Semantics; I052 BIOS-004	Extensions must preserve this CP/M-visible observation	BIOS-004	REQUIRED	May change or delegate mechanism only with observational equivalence in the declared CP/M personality
0450	SELDSK result and deferral	019 - CP/M 2.2 BIOS Disk Interface and Logical-Sector Semantics; I052 BIOS-004	Extensions must preserve this CP/M-visible observation	BIOS-004	REQUIRED	May change or delegate mechanism only with observational equivalence in the declared CP/M personality
0451	Public DPH layout	019 - CP/M 2.2 BIOS Disk Interface and Logical-Sector Semantics; I052 BIOS-004	Extensions must preserve this CP/M-visible observation	BIOS-004	REQUIRED	May change or delegate mechanism only with observational equivalence in the declared CP/M personality
0452	DPH address and private workspace	019 - CP/M 2.2 BIOS Disk Interface and Logical-Sector Semantics; I052 BIOS-004	Extension may vary this result within the ledger boundary	BIOS-004	NOT GUARANTEED	Do not turn one extension/provider result into a CP/M baseline promise
0453	Track mapping and OFF	019 - CP/M 2.2 BIOS Disk Interface and Logical-Sector Semantics; I052 BIOS-004	Extensions must preserve this CP/M-visible observation	BIOS-004	REQUIRED	May change or delegate mechanism only with observational equivalence in the declared CP/M personality
0454	Sector translation chain	019 - CP/M 2.2 BIOS Disk Interface and Logical-Sector Semantics; I052 BIOS-004	Extensions must preserve this CP/M-visible observation	BIOS-004	REQUIRED	May change or delegate mechanism only with observational equivalence in the declared CP/M personality
0455	Translation implementation freedom	019 - CP/M 2.2 BIOS Disk Interface and Logical-Sector Semantics; I052 BIOS-004	Extension may vary this result within the ledger boundary	BIOS-004	NOT GUARANTEED	Do not turn one extension/provider result into a CP/M baseline promise
0456	BIOS DMA state	019 - CP/M 2.2 BIOS Disk Interface and Logical-Sector Semantics; I052 BIOS-004	Extensions must preserve this CP/M-visible observation	BIOS-004	REQUIRED	May change or delegate mechanism only with observational equivalence in the declared CP/M personality
0457	BIOS logical-sector transfer	019 - CP/M 2.2 BIOS Disk Interface and Logical-Sector Semantics; I052 BIOS-004	Extensions must preserve this CP/M-visible observation	BIOS-004	REQUIRED	May change or delegate mechanism only with observational equivalence in the declared CP/M personality
0458	BIOS WRITE type codes	019 - CP/M 2.2 BIOS Disk Interface and Logical-Sector Semantics; I052 BIOS-004	Extensions must preserve this CP/M-visible observation	BIOS-004	REQUIRED	May change or delegate mechanism only with observational equivalence in the declared CP/M personality
0459	Physical storage freedom	019 - CP/M 2.2 BIOS Disk Interface and Logical-Sector Semantics; I052 BIOS-004	No CP/M requirement to reproduce this private/incidental mechanism	BIOS-004	NOT REQUIRED	Extension/internal implementation may differ; keep private details outside CP/M acceptance criteria
0460	BIOS disk-call reentrancy	020 - CP/M 2.2 BIOS Jump Table, Boot, and Character-I/O Semantics; I052 BIOS-001,BIOS-002,BIOS-005	Extension may vary this result within the ledger boundary	BIOS-001,BIOS-002,BIOS-005	NOT GUARANTEED	Do not turn one extension/provider result into a CP/M baseline promise
0461	BIOS jump-vector structure	020 - CP/M 2.2 BIOS Jump Table, Boot, and Character-I/O Semantics; I052 BIOS-001,BIOS-002,BIOS-005	Extensions must preserve this CP/M-visible observation	BIOS-001,BIOS-002,BIOS-005	REQUIRED	May change or delegate mechanism only with observational equivalence in the declared CP/M personality
0462	BIOS vector address freedom	020 - CP/M 2.2 BIOS Jump Table, Boot, and Character-I/O Semantics; I052 BIOS-001,BIOS-002,BIOS-005	Extension may vary this result within the ledger boundary	BIOS-001,BIOS-002,BIOS-005	NOT GUARANTEED	Do not turn one extension/provider result into a CP/M baseline promise
0463	BIOS-base discovery through WBOOT gateway	020 - CP/M 2.2 BIOS Jump Table, Boot, and Character-I/O Semantics; I052 BIOS-001,BIOS-002,BIOS-005	Extensions must preserve this CP/M-visible observation	BIOS-001,BIOS-002,BIOS-005	REQUIRED	May change or delegate mechanism only with observational equivalence in the declared CP/M personality
0464	BOOT control contract	020 - CP/M 2.2 BIOS Jump Table, Boot, and Character-I/O Semantics; I052 BIOS-001,BIOS-002,BIOS-005	Extensions must preserve this CP/M-visible observation	BIOS-001,BIOS-002,BIOS-005	REQUIRED	May change or delegate mechanism only with observational equivalence in the declared CP/M personality
0465	WBOOT control contract	020 - CP/M 2.2 BIOS Jump Table, Boot, and Character-I/O Semantics; I052 BIOS-001,BIOS-002,BIOS-005	Extensions must preserve this CP/M-visible observation	BIOS-001,BIOS-002,BIOS-005	REQUIRED	May change or delegate mechanism only with observational equivalence in the declared CP/M personality
0466	Warm-start gateway reconstruction	020 - CP/M 2.2 BIOS Jump Table, Boot, and Character-I/O Semantics; I052 BIOS-001,BIOS-002,BIOS-005	Extensions must preserve this CP/M-visible observation	BIOS-001,BIOS-002,BIOS-005	REQUIRED	May change or delegate mechanism only with observational equivalence in the declared CP/M personality
0467	Boot implementation freedom	020 - CP/M 2.2 BIOS Jump Table, Boot, and Character-I/O Semantics; I052 BIOS-001,BIOS-002,BIOS-005	No CP/M requirement to reproduce this private/incidental mechanism	BIOS-001,BIOS-002,BIOS-005	NOT REQUIRED	Extension/internal implementation may differ; keep private details outside CP/M acceptance criteria
0468	BIOS console status contract	020 - CP/M 2.2 BIOS Jump Table, Boot, and Character-I/O Semantics; I052 BIOS-001,BIOS-002,BIOS-005	Extensions must preserve this CP/M-visible observation	BIOS-001,BIOS-002,BIOS-005	REQUIRED	May change or delegate mechanism only with observational equivalence in the declared CP/M personality
0469	BIOS console input contract	020 - CP/M 2.2 BIOS Jump Table, Boot, and Character-I/O Semantics; I052 BIOS-001,BIOS-002,BIOS-005	Extensions must preserve this CP/M-visible observation	BIOS-001,BIOS-002,BIOS-005	REQUIRED	May change or delegate mechanism only with observational equivalence in the declared CP/M personality
0470	BIOS character output contracts	020 - CP/M 2.2 BIOS Jump Table, Boot, and Character-I/O Semantics; I052 BIOS-001,BIOS-002,BIOS-005	Extensions must preserve this CP/M-visible observation	BIOS-001,BIOS-002,BIOS-005	REQUIRED	May change or delegate mechanism only with observational equivalence in the declared CP/M personality
0471	BIOS reader contract	020 - CP/M 2.2 BIOS Jump Table, Boot, and Character-I/O Semantics; I052 BIOS-001,BIOS-002,BIOS-005	Extensions must preserve this CP/M-visible observation	BIOS-001,BIOS-002,BIOS-005	REQUIRED	May change or delegate mechanism only with observational equivalence in the declared CP/M personality
0472	LISTST result policy	020 - CP/M 2.2 BIOS Jump Table, Boot, and Character-I/O Semantics; I052 BIOS-001,BIOS-002,BIOS-005	Extension must not silently choose or expose this unresolved behavior	BIOS-001,BIOS-002,BIOS-005	POLICY PENDING	Require named opt-in/profile and activate its tests before claiming compatibility
0473	Direct BIOS call layering	020 - CP/M 2.2 BIOS Jump Table, Boot, and Character-I/O Semantics; I052 BIOS-001,BIOS-002,BIOS-005	Extensions must preserve this CP/M-visible observation	BIOS-001,BIOS-002,BIOS-005	REQUIRED	May change or delegate mechanism only with observational equivalence in the declared CP/M personality
0474	BIOS residual registers and reentrancy	021 - CP/M 2.2 CCP Command Acquisition, Parsing, and Dispatch Semantics; I052 CCP-001,CCP-002	Extension may vary this result within the ledger boundary	CCP-001,CCP-002	NOT GUARANTEED	Do not turn one extension/provider result into a CP/M baseline promise
0475	CCP semantic prompt	021 - CP/M 2.2 CCP Command Acquisition, Parsing, and Dispatch Semantics; I052 CCP-001,CCP-002	Extensions must preserve this CP/M-visible observation	CCP-001,CCP-002	REQUIRED	May change or delegate mechanism only with observational equivalence in the declared CP/M personality
0476	CCP prompt presentation freedom	021 - CP/M 2.2 CCP Command Acquisition, Parsing, and Dispatch Semantics; I052 CCP-001,CCP-002	Extension must not silently choose or expose this unresolved behavior	CCP-001,CCP-002	POLICY PENDING	Require named opt-in/profile and activate its tests before claiming compatibility
0477	CCP buffered command acquisition	021 - CP/M 2.2 CCP Command Acquisition, Parsing, and Dispatch Semantics; I052 CCP-001,CCP-002	Extensions must preserve this CP/M-visible observation	CCP-001,CCP-002	REQUIRED	May change or delegate mechanism only with observational equivalence in the declared CP/M personality
0478	DRI CCP command capacity	021 - CP/M 2.2 CCP Command Acquisition, Parsing, and Dispatch Semantics; I052 CCP-001,CCP-002	Extension must not silently choose or expose this unresolved behavior	CCP-001,CCP-002	POLICY PENDING	Require named opt-in/profile and activate its tests before claiming compatibility
0479	CCP empty and SPACE-only commands	021 - CP/M 2.2 CCP Command Acquisition, Parsing, and Dispatch Semantics; I052 CCP-001,CCP-002	Extensions must preserve this CP/M-visible observation	CCP-001,CCP-002	REQUIRED	May change or delegate mechanism only with observational equivalence in the declared CP/M personality
0480	TAB is not CCP SPACE	021 - CP/M 2.2 CCP Command Acquisition, Parsing, and Dispatch Semantics; I052 CCP-001,CCP-002	Extension must not silently choose or expose this unresolved behavior	CCP-001,CCP-002	POLICY PENDING	Require named opt-in/profile and activate its tests before claiming compatibility
0481	CCP ASCII case normalization	021 - CP/M 2.2 CCP Command Acquisition, Parsing, and Dispatch Semantics; I052 CCP-001,CCP-002	Extensions must preserve this CP/M-visible observation	CCP-001,CCP-002	REQUIRED	May change or delegate mechanism only with observational equivalence in the declared CP/M personality
0482	CCP built-in command set	021 - CP/M 2.2 CCP Command Acquisition, Parsing, and Dispatch Semantics; I052 CCP-001,CCP-002	Extensions must preserve this CP/M-visible observation	CCP-001,CCP-002	REQUIRED	May change or delegate mechanism only with observational equivalence in the declared CP/M personality
0483	Exact built-in-name matching	021 - CP/M 2.2 CCP Command Acquisition, Parsing, and Dispatch Semantics; I052 CCP-001,CCP-002	Extensions must preserve this CP/M-visible observation	CCP-001,CCP-002	REQUIRED	May change or delegate mechanism only with observational equivalence in the declared CP/M personality
0484	Built-in precedence	021 - CP/M 2.2 CCP Command Acquisition, Parsing, and Dispatch Semantics; I052 CCP-001,CCP-002	Extensions must preserve this CP/M-visible observation	CCP-001,CCP-002	REQUIRED	May change or delegate mechanism only with observational equivalence in the declared CP/M personality
0485	Drive-only CCP selection	021 - CP/M 2.2 CCP Command Acquisition, Parsing, and Dispatch Semantics; I052 CCP-001,CCP-002	Extensions must preserve this CP/M-visible observation	CCP-001,CCP-002	REQUIRED	May change or delegate mechanism only with observational equivalence in the declared CP/M personality
0486	Drive-prefixed transient dispatch	021 - CP/M 2.2 CCP Command Acquisition, Parsing, and Dispatch Semantics; I052 CCP-001,CCP-002	Extensions must preserve this CP/M-visible observation	CCP-001,CCP-002	REQUIRED	May change or delegate mechanism only with observational equivalence in the declared CP/M personality
0487	Primary-name transient command syntax	021 - CP/M 2.2 CCP Command Acquisition, Parsing, and Dispatch Semantics; I052 CCP-001,CCP-002	Extensions must preserve this CP/M-visible observation	CCP-001,CCP-002	REQUIRED	May change or delegate mechanism only with observational equivalence in the declared CP/M personality
0488	CCP resident/transient preparation boundary	021 - CP/M 2.2 CCP Command Acquisition, Parsing, and Dispatch Semantics; I052 CCP-001,CCP-002	Extensions must preserve this CP/M-visible observation	CCP-001,CCP-002	REQUIRED	May change or delegate mechanism only with observational equivalence in the declared CP/M personality
0489	Generic command-error recovery	021 - CP/M 2.2 CCP Command Acquisition, Parsing, and Dispatch Semantics; I052 CCP-001,CCP-002	Extensions must preserve this CP/M-visible observation	CCP-001,CCP-002	REQUIRED	May change or delegate mechanism only with observational equivalence in the declared CP/M personality
0490	Exact DRI command-error presentation	021 - CP/M 2.2 CCP Command Acquisition, Parsing, and Dispatch Semantics; I052 CCP-001,CCP-002	Extension must not silently choose or expose this unresolved behavior	CCP-001,CCP-002	POLICY PENDING	Require named opt-in/profile and activate its tests before claiming compatibility
0491	CCP parser implementation freedom	023 - CP/M 2.2 CCP Transient Program Lookup, Loading, and Execution; I052 CCP-003,CCP-005,CCP-006	No CP/M requirement to reproduce this private/incidental mechanism	CCP-003,CCP-005,CCP-006	NOT REQUIRED	Extension/internal implementation may differ; keep private details outside CP/M acceptance criteria
0492	CCP executable identity	023 - CP/M 2.2 CCP Transient Program Lookup, Loading, and Execution; I052 CCP-003,CCP-005,CCP-006	Extensions must preserve this CP/M-visible observation	CCP-003,CCP-005,CCP-006	REQUIRED	May change or delegate mechanism only with observational equivalence in the declared CP/M personality
0493	Single-drive transient lookup	023 - CP/M 2.2 CCP Transient Program Lookup, Loading, and Execution; I052 CCP-003,CCP-005,CCP-006	Extensions must preserve this CP/M-visible observation	CCP-003,CCP-005,CCP-006	REQUIRED	May change or delegate mechanism only with observational equivalence in the declared CP/M personality
0494	Current-user transient lookup	023 - CP/M 2.2 CCP Transient Program Lookup, Loading, and Execution; I052 CCP-003,CCP-005,CCP-006	Extensions must preserve this CP/M-visible observation	CCP-003,CCP-005,CCP-006	REQUIRED	May change or delegate mechanism only with observational equivalence in the declared CP/M personality
0495	Explicit-drive lookup context	023 - CP/M 2.2 CCP Transient Program Lookup, Loading, and Execution; I052 CCP-003,CCP-005,CCP-006	Extensions must preserve this CP/M-visible observation	CCP-003,CCP-005,CCP-006	REQUIRED	May change or delegate mechanism only with observational equivalence in the declared CP/M personality
0496	CCP sequential COM loading	023 - CP/M 2.2 CCP Transient Program Lookup, Loading, and Execution; I052 CCP-003,CCP-005,CCP-006	Extensions must preserve this CP/M-visible observation	CCP-003,CCP-005,CCP-006	REQUIRED	May change or delegate mechanism only with observational equivalence in the declared CP/M personality
0497	CCP load completion	023 - CP/M 2.2 CCP Transient Program Lookup, Loading, and Execution; I052 CCP-003,CCP-005,CCP-006	Extensions must preserve this CP/M-visible observation	CCP-003,CCP-005,CCP-006	REQUIRED	May change or delegate mechanism only with observational equivalence in the declared CP/M personality
0498	Final COM record granularity	023 - CP/M 2.2 CCP Transient Program Lookup, Loading, and Execution; I052 CCP-003,CCP-005,CCP-006	Extension may vary this result within the ledger boundary	CCP-003,CCP-005,CCP-006	NOT GUARANTEED	Do not turn one extension/provider result into a CP/M baseline promise
0499	Resident-system load protection	023 - CP/M 2.2 CCP Transient Program Lookup, Loading, and Execution; I052 CCP-003,CCP-005,CCP-006	Extensions must preserve this CP/M-visible observation	CCP-003,CCP-005,CCP-006	REQUIRED	May change or delegate mechanism only with observational equivalence in the declared CP/M personality
0500	Transient maximum is configuration-dependent	023 - CP/M 2.2 CCP Transient Program Lookup, Loading, and Execution; I052 CCP-003,CCP-005,CCP-006	Extension may vary this result within the ledger boundary	CCP-003,CCP-005,CCP-006	NOT GUARANTEED	Do not turn one extension/provider result into a CP/M baseline promise
0501	CCP load-failure nonexecution	023 - CP/M 2.2 CCP Transient Program Lookup, Loading, and Execution; I052 CCP-003,CCP-005,CCP-006	Extensions must preserve this CP/M-visible observation	CCP-003,CCP-005,CCP-006	REQUIRED	May change or delegate mechanism only with observational equivalence in the declared CP/M personality
0502	Pre-execution DMA restoration	023 - CP/M 2.2 CCP Transient Program Lookup, Loading, and Execution; I052 CCP-003,CCP-005,CCP-006	Extensions must preserve this CP/M-visible observation	CCP-003,CCP-005,CCP-006	REQUIRED	May change or delegate mechanism only with observational equivalence in the declared CP/M personality
0503	CCP CALL/RET cleanup path	023 - CP/M 2.2 CCP Transient Program Lookup, Loading, and Execution; I052 CCP-003,CCP-005,CCP-006	Extensions must preserve this CP/M-visible observation	CCP-003,CCP-005,CCP-006	REQUIRED	May change or delegate mechanism only with observational equivalence in the declared CP/M personality
0504	Termination-state convergence	023 - CP/M 2.2 CCP Transient Program Lookup, Loading, and Execution; I052 CCP-003,CCP-005,CCP-006	Extensions must preserve this CP/M-visible observation	CCP-003,CCP-005,CCP-006	REQUIRED	May change or delegate mechanism only with observational equivalence in the declared CP/M personality
0505	CCP loader implementation freedom	022 - CP/M 2.2 CCP Transient Program Lookup, Loading, and Execution; I052 CCP-005,CCP-006	No CP/M requirement to reproduce this private/incidental mechanism	CCP-005,CCP-006	NOT REQUIRED	Extension/internal implementation may differ; keep private details outside CP/M acceptance criteria
0506	Default FCB operand assignment	022 - CP/M 2.2 CCP Transient Program Lookup, Loading, and Execution; I052 CCP-005,CCP-006	Extension must not silently choose or expose this unresolved behavior	CCP-005,CCP-006	POLICY PENDING	Require named opt-in/profile and activate its tests before claiming compatibility
0507	Default FCB residual fields	022 - CP/M 2.2 CCP Transient Program Lookup, Loading, and Execution; I052 CCP-005,CCP-006	Extension may vary this result within the ledger boundary	CCP-005,CCP-006	NOT GUARANTEED	Do not turn one extension/provider result into a CP/M baseline promise
0508	Tail capacity is bounded by CCP input acquisition	024 - CP/M 2.2 Transient Program Lifecycle, Termination, and BDOS Return-; I052 CCP-007,MEM-005	Extension must not silently choose or expose this unresolved behavior	CCP-007,MEM-005	POLICY PENDING	Require named opt-in/profile and activate its tests before claiming compatibility
0509	Transient termination mechanisms	024 - CP/M 2.2 Transient Program Lifecycle, Termination, and BDOS Return-; I052 CCP-007,MEM-005	Extensions must preserve this CP/M-visible observation	CCP-007,MEM-005	REQUIRED	May change or delegate mechanism only with observational equivalence in the declared CP/M personality
0510	RET does not generally reconstruct page zero	024 - CP/M 2.2 Transient Program Lifecycle, Termination, and BDOS Return-; I052 CCP-007,MEM-005	Extension may vary this result within the ledger boundary	CCP-007,MEM-005	NOT GUARANTEED	Do not turn one extension/provider result into a CP/M baseline promise
0511	Termination does not implicitly close application FCBs	024 - CP/M 2.2 Transient Program Lifecycle, Termination, and BDOS Return-; I052 CCP-007,MEM-005	Extension may vary this result within the ledger boundary	CCP-007,MEM-005	NOT GUARANTEED	Do not turn one extension/provider result into a CP/M baseline promise
0512	Post-termination drive and user policy	025 - CP/M 2.2 BDOS File Operation Error Semantics and Application-; I052 ERROR-001,APP-004	Extension must not silently choose or expose this unresolved behavior	ERROR-001,APP-004	POLICY PENDING	Require named opt-in/profile and activate its tests before claiming compatibility
0513	File-operation failures are function-specific	025 - CP/M 2.2 BDOS File Operation Error Semantics and Application-; I052 ERROR-001,APP-004	Extensions must preserve this CP/M-visible observation	ERROR-001,APP-004	REQUIRED	May change or delegate mechanism only with observational equivalence in the declared CP/M personality
0514	Failure does not generally validate DMA contents	025 - CP/M 2.2 BDOS File Operation Error Semantics and Application-; I052 ERROR-001,APP-004	Extension may vary this result within the ledger boundary	ERROR-001,APP-004	NOT GUARANTEED	Do not turn one extension/provider result into a CP/M baseline promise
0515	FCB state after precondition or operation failure	025 - CP/M 2.2 BDOS File Operation Error Semantics and Application-; I052 ERROR-001,APP-004	Extension may vary this result within the ledger boundary	ERROR-001,APP-004	NOT GUARANTEED	Do not turn one extension/provider result into a CP/M baseline promise
0516	Directory-full and allocation-full are distinct	025 - CP/M 2.2 BDOS File Operation Error Semantics and Application-; I052 ERROR-001,APP-004	Extensions must preserve this CP/M-visible observation	ERROR-001,APP-004	REQUIRED	May change or delegate mechanism only with observational equivalence in the declared CP/M personality
0517	Malformed FCB behavior is outside the portable contract	026 - CP/M 2.2 BDOS System State Functions and Application-Visible; I052 BDOS-STATE-001,BDOS-STATE-002,BDOS-STATE-003	Extension may vary this result within the ledger boundary	BDOS-STATE-001,BDOS-STATE-002,BDOS-STATE-003	NOT GUARANTEED	Do not turn one extension/provider result into a CP/M baseline promise
0518	BDOS system state components	026 - CP/M 2.2 BDOS System State Functions and Application-Visible; I052 BDOS-STATE-001,BDOS-STATE-002,BDOS-STATE-003	Extensions must preserve this CP/M-visible observation	BDOS-STATE-001,BDOS-STATE-002,BDOS-STATE-003	REQUIRED	May change or delegate mechanism only with observational equivalence in the declared CP/M personality
0519	BIOS-owned selected-drive resources	026 - CP/M 2.2 BDOS System State Functions and Application-Visible; I052 BDOS-STATE-001,BDOS-STATE-002,BDOS-STATE-003	Extensions must preserve this CP/M-visible observation	BDOS-STATE-001,BDOS-STATE-002,BDOS-STATE-003	REQUIRED	May change or delegate mechanism only with observational equivalence in the declared CP/M personality
0520	Function 26 persistence boundary	026 - CP/M 2.2 BDOS System State Functions and Application-Visible; I052 BDOS-STATE-001,BDOS-STATE-002,BDOS-STATE-003	Extensions must preserve this CP/M-visible observation	BDOS-STATE-001,BDOS-STATE-002,BDOS-STATE-003	REQUIRED	May change or delegate mechanism only with observational equivalence in the declared CP/M personality
0521	System-state independence	026 - CP/M 2.2 BDOS System State Functions and Application-Visible; I052 BDOS-STATE-001,BDOS-STATE-002,BDOS-STATE-003	Extensions must preserve this CP/M-visible observation	BDOS-STATE-001,BDOS-STATE-002,BDOS-STATE-003	REQUIRED	May change or delegate mechanism only with observational equivalence in the declared CP/M personality
0522	ALV and DPB pointer lifetime	026 - CP/M 2.2 BDOS System State Functions and Application-Visible; I052 BDOS-STATE-001,BDOS-STATE-002,BDOS-STATE-003	Extension may vary this result within the ledger boundary	BDOS-STATE-001,BDOS-STATE-002,BDOS-STATE-003	NOT GUARANTEED	Do not turn one extension/provider result into a CP/M baseline promise
0523	Function 37 compatibility status	026 - CP/M 2.2 BDOS System State Functions and Application-Visible; I052 BDOS-STATE-001,BDOS-STATE-002,BDOS-STATE-003	Extension must not silently choose or expose this unresolved behavior	BDOS-STATE-001,BDOS-STATE-002,BDOS-STATE-003	POLICY PENDING	Require named opt-in/profile and activate its tests before claiming compatibility
0524	CP/M 2.2 Function 39 has no Get-BIOS contract	026 - CP/M 2.2 BDOS System State Functions and Application-Visible; I052 BDOS-STATE-001,BDOS-STATE-002,BDOS-STATE-003	No CP/M requirement to reproduce this private/incidental mechanism	BDOS-STATE-001,BDOS-STATE-002,BDOS-STATE-003	NOT REQUIRED	Extension/internal implementation may differ; keep private details outside CP/M acceptance criteria
0525	CP/M 2.2 selectors 40 and 41	027 - CP/M 2.2 BDOS Call Interface Convention and Register-State; I052 BDOS-CALL-001	Extensions must preserve this CP/M-visible observation	BDOS-CALL-001	REQUIRED	May change or delegate mechanism only with observational equivalence in the declared CP/M personality
0526	Common BDOS gateway and invocation	027 - CP/M 2.2 BDOS Call Interface Convention and Register-State; I052 BDOS-CALL-001	Extensions must preserve this CP/M-visible observation	BDOS-CALL-001	REQUIRED	May change or delegate mechanism only with observational equivalence in the declared CP/M personality
0527	Common selector and parameter carriers	027 - CP/M 2.2 BDOS Call Interface Convention and Register-State; I052 BDOS-CALL-001	Extensions must preserve this CP/M-visible observation	BDOS-CALL-001	REQUIRED	May change or delegate mechanism only with observational equivalence in the declared CP/M personality
0528	Common result and alias convention	027 - CP/M 2.2 BDOS Call Interface Convention and Register-State; I052 BDOS-CALL-001	Extensions must preserve this CP/M-visible observation	BDOS-CALL-001	REQUIRED	May change or delegate mechanism only with observational equivalence in the declared CP/M personality
0529	Strict CP/M 2.2 unsupported selectors	027 - CP/M 2.2 BDOS Call Interface Convention and Register-State; I052 BDOS-CALL-001	Extensions must preserve this CP/M-visible observation	BDOS-CALL-001	REQUIRED	May change or delegate mechanism only with observational equivalence in the declared CP/M personality
0530	General register preservation	027 - CP/M 2.2 BDOS Call Interface Convention and Register-State; I052 BDOS-CALL-001	Extension may vary this result within the ledger boundary	BDOS-CALL-001	NOT GUARANTEED	Do not turn one extension/provider result into a CP/M baseline promise
0531	Returning-call stack balance	027 - CP/M 2.2 BDOS Call Interface Convention and Register-State; I052 BDOS-CALL-001	Extensions must preserve this CP/M-visible observation	BDOS-CALL-001	REQUIRED	May change or delegate mechanism only with observational equivalence in the declared CP/M personality
0532	Invalid parameters are function-specific	027 - CP/M 2.2 BDOS Call Interface Convention and Register-State; I052 BDOS-CALL-001	Extension may vary this result within the ledger boundary	BDOS-CALL-001	NOT GUARANTEED	Do not turn one extension/provider result into a CP/M baseline promise
0533	BDOS reentrancy	028 - CP/M 2.2 CCP Transient Execution Handoff and Loader State Contract; I052 CCP-006,MEM-004	Extension may vary this result within the ledger boundary	CCP-006,MEM-004	NOT GUARANTEED	Do not turn one extension/provider result into a CP/M baseline promise
0534	Complete transient handoff	028 - CP/M 2.2 CCP Transient Execution Handoff and Loader State Contract; I052 CCP-006,MEM-004	Extensions must preserve this CP/M-visible observation	CCP-006,MEM-004	REQUIRED	May change or delegate mechanism only with observational equivalence in the declared CP/M personality
0535	Handoff preparation ordering	028 - CP/M 2.2 CCP Transient Execution Handoff and Loader State Contract; I052 CCP-006,MEM-004	No CP/M requirement to reproduce this private/incidental mechanism	CCP-006,MEM-004	NOT REQUIRED	Extension/internal implementation may differ; keep private details outside CP/M acceptance criteria
0536	Unloaded transient memory	028 - CP/M 2.2 CCP Transient Execution Handoff and Loader State Contract; I052 CCP-006,MEM-004	Extension may vary this result within the ledger boundary	CCP-006,MEM-004	NOT GUARANTEED	Do not turn one extension/provider result into a CP/M baseline promise
0537	Immediate BDOS readiness	028 - CP/M 2.2 CCP Transient Execution Handoff and Loader State Contract; I052 CCP-006,MEM-004	Extensions must preserve this CP/M-visible observation	CCP-006,MEM-004	REQUIRED	May change or delegate mechanism only with observational equivalence in the declared CP/M personality
0538	Loader DMA isolation	028 - CP/M 2.2 CCP Transient Execution Handoff and Loader State Contract; I052 CCP-006,MEM-004	Extensions must preserve this CP/M-visible observation	CCP-006,MEM-004	REQUIRED	May change or delegate mechanism only with observational equivalence in the declared CP/M personality
0539	Transient stack preparation	028 - CP/M 2.2 CCP Transient Execution Handoff and Loader State Contract; I052 CCP-006,MEM-004	Extension may vary this result within the ledger boundary	CCP-006,MEM-004	NOT GUARANTEED	Do not turn one extension/provider result into a CP/M baseline promise
0540	Load rejection suppresses execution	028 - CP/M 2.2 CCP Transient Execution Handoff and Loader State Contract; I052 CCP-006,MEM-004	Extensions must preserve this CP/M-visible observation	CCP-006,MEM-004	REQUIRED	May change or delegate mechanism only with observational equivalence in the declared CP/M personality
0541	Post-RET reconstruction boundary	029 - CP/M 2.2 BDOS Directory Search Semantics and FCB/DMA Enumeration; I052 BDOS-FILE-003	Extension may vary this result within the ledger boundary	BDOS-FILE-003	NOT GUARANTEED	Do not turn one extension/provider result into a CP/M baseline promise
0542	Enumeration returns directory entries, not unique filenames	029 - CP/M 2.2 BDOS Directory Search Semantics and FCB/DMA Enumeration; I052 BDOS-FILE-003	Extensions must preserve this CP/M-visible observation	BDOS-FILE-003	REQUIRED	May change or delegate mechanism only with observational equivalence in the declared CP/M personality
0543	Matching extents remain separately visible	029 - CP/M 2.2 BDOS Directory Search Semantics and FCB/DMA Enumeration; I052 BDOS-FILE-003	Extensions must preserve this CP/M-visible observation	BDOS-FILE-003	REQUIRED	May change or delegate mechanism only with observational equivalence in the declared CP/M personality
0544	Application-built FCB case is not folded	029 - CP/M 2.2 BDOS Directory Search Semantics and FCB/DMA Enumeration; I052 BDOS-FILE-003	Extension may vary this result within the ledger boundary	BDOS-FILE-003	NOT GUARANTEED	Do not turn one extension/provider result into a CP/M baseline promise
0545	Search FCB lifetime	029 - CP/M 2.2 BDOS Directory Search Semantics and FCB/DMA Enumeration; I052 BDOS-FILE-003	Extensions must preserve this CP/M-visible observation	BDOS-FILE-003	REQUIRED	May change or delegate mechanism only with observational equivalence in the declared CP/M personality
0546	Harmless state-query calls need not end enumeration	029 - CP/M 2.2 BDOS Directory Search Semantics and FCB/DMA Enumeration; I052 BDOS-FILE-003	Extensions must preserve this CP/M-visible observation	BDOS-FILE-003	REQUIRED	May change or delegate mechanism only with observational equivalence in the declared CP/M personality
0547	Search context does not survive program lifecycle reset	029 - CP/M 2.2 BDOS Directory Search Semantics and FCB/DMA Enumeration; I052 BDOS-FILE-003	Extension may vary this result within the ledger boundary	BDOS-FILE-003	NOT GUARANTEED	Do not turn one extension/provider result into a CP/M baseline promise
0548	Physical enumeration order is not a sort contract	029 - CP/M 2.2 BDOS Directory Search Semantics and FCB/DMA Enumeration; I052 BDOS-FILE-003	Extension may vary this result within the ledger boundary	BDOS-FILE-003	NOT GUARANTEED	Do not turn one extension/provider result into a CP/M baseline promise
0549	Invalid-drive search need not return a result code	029 - CP/M 2.2 BDOS Directory Search Semantics and FCB/DMA Enumeration; I052 BDOS-FILE-003	Extension may vary this result within the ledger boundary	BDOS-FILE-003	NOT GUARANTEED	Do not turn one extension/provider result into a CP/M baseline promise
0550	Special drive-question search exposes complete directory values	030 - CP/M 2.2 BDOS File Lifecycle, Extent Management, and Metadata State; I052 BDOS-FILE-002,BDOS-FILE-011	Extensions must preserve this CP/M-visible observation	BDOS-FILE-002,BDOS-FILE-011	REQUIRED	May change or delegate mechanism only with observational equivalence in the declared CP/M personality
0551	Make-to-open lifecycle equivalence	030 - CP/M 2.2 BDOS File Lifecycle, Extent Management, and Metadata State; I052 BDOS-FILE-002,BDOS-FILE-011	Extensions must preserve this CP/M-visible observation	BDOS-FILE-002,BDOS-FILE-011	REQUIRED	May change or delegate mechanism only with observational equivalence in the declared CP/M personality
0552	Working FCB may lead directory metadata	030 - CP/M 2.2 BDOS File Lifecycle, Extent Management, and Metadata State; I052 BDOS-FILE-002,BDOS-FILE-011	Extension may vary this result within the ledger boundary	BDOS-FILE-002,BDOS-FILE-011	NOT GUARANTEED	Do not turn one extension/provider result into a CP/M baseline promise
0553	Successful Close establishes reopened consistency	030 - CP/M 2.2 BDOS File Lifecycle, Extent Management, and Metadata State; I052 BDOS-FILE-002,BDOS-FILE-011	Extensions must preserve this CP/M-visible observation	BDOS-FILE-002,BDOS-FILE-011	REQUIRED	May change or delegate mechanism only with observational equivalence in the declared CP/M personality
0554	Reopen reconstructs behavior, not FCB byte identity	030 - CP/M 2.2 BDOS File Lifecycle, Extent Management, and Metadata State; I052 BDOS-FILE-002,BDOS-FILE-011	Extension may vary this result within the ledger boundary	BDOS-FILE-002,BDOS-FILE-011	NOT GUARANTEED	Do not turn one extension/provider result into a CP/M baseline promise
0555	Extents form one logical record stream	030 - CP/M 2.2 BDOS File Lifecycle, Extent Management, and Metadata State; I052 BDOS-FILE-002,BDOS-FILE-011	Extensions must preserve this CP/M-visible observation	BDOS-FILE-002,BDOS-FILE-011	REQUIRED	May change or delegate mechanism only with observational equivalence in the declared CP/M personality
0556	Completed extent survives later extension failure	030 - CP/M 2.2 BDOS File Lifecycle, Extent Management, and Metadata State; I052 BDOS-FILE-002,BDOS-FILE-011	Extensions must preserve this CP/M-visible observation	BDOS-FILE-002,BDOS-FILE-011	REQUIRED	May change or delegate mechanism only with observational equivalence in the declared CP/M personality
0557	Failed growth does not claim a new record	030 - CP/M 2.2 BDOS File Lifecycle, Extent Management, and Metadata State; I052 BDOS-FILE-002,BDOS-FILE-011	Extensions must preserve this CP/M-visible observation	BDOS-FILE-002,BDOS-FILE-011	REQUIRED	May change or delegate mechanism only with observational equivalence in the declared CP/M personality
0558	Allocation order is outside lifecycle compatibility	031 - CP/M 2.2 BDOS User Area, File Visibility, and Directory Namespace; I052 BDOS-FILE-010	No CP/M requirement to reproduce this private/incidental mechanism	BDOS-FILE-010	NOT REQUIRED	Extension/internal implementation may differ; keep private details outside CP/M acceptance criteria
0559	User area participates in ordinary file identity	031 - CP/M 2.2 BDOS User Area, File Visibility, and Directory Namespace; I052 BDOS-FILE-010	Extensions must preserve this CP/M-visible observation	BDOS-FILE-010	REQUIRED	May change or delegate mechanism only with observational equivalence in the declared CP/M personality
0560	Function 32 user-state contract	031 - CP/M 2.2 BDOS User Area, File Visibility, and Directory Namespace; I052 BDOS-FILE-010	Extensions must preserve this CP/M-visible observation	BDOS-FILE-010	REQUIRED	May change or delegate mechanism only with observational equivalence in the declared CP/M personality
0561	FCB does not carry ordinary user identity	031 - CP/M 2.2 BDOS User Area, File Visibility, and Directory Namespace; I052 BDOS-FILE-010	Extensions must preserve this CP/M-visible observation	BDOS-FILE-010	REQUIRED	May change or delegate mechanism only with observational equivalence in the declared CP/M personality
0562	Ordinary lookup has no cross-user fallback	031 - CP/M 2.2 BDOS User Area, File Visibility, and Directory Namespace; I052 BDOS-FILE-010	Extensions must preserve this CP/M-visible observation	BDOS-FILE-010	REQUIRED	May change or delegate mechanism only with observational equivalence in the declared CP/M personality
0563	Make records current-user ownership	031 - CP/M 2.2 BDOS User Area, File Visibility, and Directory Namespace; I052 BDOS-FILE-010	Extensions must preserve this CP/M-visible observation	BDOS-FILE-010	REQUIRED	May change or delegate mechanism only with observational equivalence in the declared CP/M personality
0564	Delete and Rename are current-user scoped	031 - CP/M 2.2 BDOS User Area, File Visibility, and Directory Namespace; I052 BDOS-FILE-010	Extensions must preserve this CP/M-visible observation	BDOS-FILE-010	REQUIRED	May change or delegate mechanism only with observational equivalence in the declared CP/M personality
0565	User change invalidates retained namespace assumptions	031 - CP/M 2.2 BDOS User Area, File Visibility, and Directory Namespace; I052 BDOS-FILE-010	Extension may vary this result within the ledger boundary	BDOS-FILE-010	NOT GUARANTEED	Do not turn one extension/provider result into a CP/M baseline promise
0566	Complete-directory search is not public lookup	031 - CP/M 2.2 BDOS User Area, File Visibility, and Directory Namespace; I052 BDOS-FILE-010	Extensions must preserve this CP/M-visible observation	BDOS-FILE-010	REQUIRED	May change or delegate mechanism only with observational equivalence in the declared CP/M personality
0567	CCP USER and BDOS user state are shared	031 - CP/M 2.2 BDOS User Area, File Visibility, and Directory Namespace; I052 BDOS-FILE-010	Extensions must preserve this CP/M-visible observation	BDOS-FILE-010	REQUIRED	May change or delegate mechanism only with observational equivalence in the declared CP/M personality
0568	User areas are not a security contract	032 - CP/M 2.2 CCP Resident Command Semantics and BDOS Interaction; I052 CCP-004,UTIL-001	No CP/M requirement to reproduce this private/incidental mechanism	CCP-004,UTIL-001	NOT REQUIRED	Extension/internal implementation may differ; keep private details outside CP/M acceptance criteria
0569	Resident command semantic set	032 - CP/M 2.2 CCP Resident Command Semantics and BDOS Interaction; I052 CCP-004,UTIL-001	Extensions must preserve this CP/M-visible observation	CCP-004,UTIL-001	REQUIRED	May change or delegate mechanism only with observational equivalence in the declared CP/M personality
0570	DIR search and visibility	032 - CP/M 2.2 CCP Resident Command Semantics and BDOS Interaction; I052 CCP-004,UTIL-001	Extensions must preserve this CP/M-visible observation	CCP-004,UTIL-001	REQUIRED	May change or delegate mechanism only with observational equivalence in the declared CP/M personality
0571	DIR ordering and exact layout	032 - CP/M 2.2 CCP Resident Command Semantics and BDOS Interaction; I052 CCP-004,UTIL-001	Extension may vary this result within the ledger boundary	CCP-004,UTIL-001	NOT GUARANTEED	Do not turn one extension/provider result into a CP/M baseline promise
0572	ERA wildcard confirmation boundary	032 - CP/M 2.2 CCP Resident Command Semantics and BDOS Interaction; I052 CCP-004,UTIL-001	Extensions must preserve this CP/M-visible observation	CCP-004,UTIL-001	REQUIRED	May change or delegate mechanism only with observational equivalence in the declared CP/M personality
0573	ERA read-only attribute is not protection	032 - CP/M 2.2 CCP Resident Command Semantics and BDOS Interaction; I052 CCP-004,UTIL-001	Extension may vary this result within the ledger boundary	CCP-004,UTIL-001	NOT GUARANTEED	Do not turn one extension/provider result into a CP/M baseline promise
0574	REN resident syntax and validation	032 - CP/M 2.2 CCP Resident Command Semantics and BDOS Interaction; I052 CCP-004,UTIL-001	Extensions must preserve this CP/M-visible observation	CCP-004,UTIL-001	REQUIRED	May change or delegate mechanism only with observational equivalence in the declared CP/M personality
0575	SAVE page mapping	032 - CP/M 2.2 CCP Resident Command Semantics and BDOS Interaction; I052 CCP-004,UTIL-001	Extensions must preserve this CP/M-visible observation	CCP-004,UTIL-001	REQUIRED	May change or delegate mechanism only with observational equivalence in the declared CP/M personality
0576	SAVE destructive replacement	032 - CP/M 2.2 CCP Resident Command Semantics and BDOS Interaction; I052 CCP-004,UTIL-001	Extension may vary this result within the ledger boundary	CCP-004,UTIL-001	NOT GUARANTEED	Do not turn one extension/provider result into a CP/M baseline promise
0577	TYPE byte-stream contract	032 - CP/M 2.2 CCP Resident Command Semantics and BDOS Interaction; I052 CCP-004,UTIL-001	Extensions must preserve this CP/M-visible observation	CCP-004,UTIL-001	REQUIRED	May change or delegate mechanism only with observational equivalence in the declared CP/M personality
0578	CCP USER accepted range	032 - CP/M 2.2 CCP Resident Command Semantics and BDOS Interaction; I052 CCP-004,UTIL-001	Extensions must preserve this CP/M-visible observation	CCP-004,UTIL-001	REQUIRED	May change or delegate mechanism only with observational equivalence in the declared CP/M personality
0579	Ordinary resident-command recovery	032 - CP/M 2.2 CCP Resident Command Semantics and BDOS Interaction; I052 CCP-004,UTIL-001	Extensions must preserve this CP/M-visible observation	CCP-004,UTIL-001	REQUIRED	May change or delegate mechanism only with observational equivalence in the declared CP/M personality
0580	Exact resident output presentation	033 - CP/M 2.2 BDOS-BIOS Error Propagation and Recovery Semantics; I052 ERROR-002,ERROR-003,ERROR-004	Extension must not silently choose or expose this unresolved behavior	ERROR-002,ERROR-003,ERROR-004	POLICY PENDING	Require named opt-in/profile and activate its tests before claiming compatibility
0581	Physical failure suspends the BDOS caller	033 - CP/M 2.2 BDOS-BIOS Error Propagation and Recovery Semantics; I052 ERROR-002,ERROR-003,ERROR-004	Extensions must preserve this CP/M-visible observation	ERROR-002,ERROR-003,ERROR-004	REQUIRED	May change or delegate mechanism only with observational equivalence in the declared CP/M personality
0582	Logical failures return without physical-error intervention	033 - CP/M 2.2 BDOS-BIOS Error Propagation and Recovery Semantics; I052 ERROR-002,ERROR-003,ERROR-004	Extensions must preserve this CP/M-visible observation	ERROR-002,ERROR-003,ERROR-004	REQUIRED	May change or delegate mechanism only with observational equivalence in the declared CP/M personality
0583	Ignored directory-search result is not validation	033 - CP/M 2.2 BDOS-BIOS Error Propagation and Recovery Semantics; I052 ERROR-002,ERROR-003,ERROR-004	Extension may vary this result within the ledger boundary	ERROR-002,ERROR-003,ERROR-004	NOT GUARANTEED	Do not turn one extension/provider result into a CP/M baseline promise
0584	Ignored directory-update result is not persistence	033 - CP/M 2.2 BDOS-BIOS Error Propagation and Recovery Semantics; I052 ERROR-002,ERROR-003,ERROR-004	Extension may vary this result within the ledger boundary	ERROR-002,ERROR-003,ERROR-004	NOT GUARANTEED	Do not turn one extension/provider result into a CP/M baseline promise
0585	Post-ignore affected state is not a continuation contract	033 - CP/M 2.2 BDOS-BIOS Error Propagation and Recovery Semantics; I052 ERROR-002,ERROR-003,ERROR-004	Extension may vary this result within the ledger boundary	ERROR-002,ERROR-003,ERROR-004	NOT GUARANTEED	Do not turn one extension/provider result into a CP/M baseline promise
0586	Physical-error abort abandons the interrupted caller	033 - CP/M 2.2 BDOS-BIOS Error Propagation and Recovery Semantics; I052 ERROR-002,ERROR-003,ERROR-004	Extensions must preserve this CP/M-visible observation	ERROR-002,ERROR-003,ERROR-004	REQUIRED	May change or delegate mechanism only with observational equivalence in the declared CP/M personality
0587	Abort recovery establishes a usable command environment	033 - CP/M 2.2 BDOS-BIOS Error Propagation and Recovery Semantics; I052 ERROR-002,ERROR-003,ERROR-004	Extensions must preserve this CP/M-visible observation	ERROR-002,ERROR-003,ERROR-004	REQUIRED	May change or delegate mechanism only with observational equivalence in the declared CP/M personality
0588	Exact recovery internals are not part of the contract	034 - CP/M 2.2 Memory Layout, System Area, and Transient Program Boundary; I052 MEM-002,MEM-004,MEM-005	No CP/M requirement to reproduce this private/incidental mechanism	MEM-002,MEM-004,MEM-005	NOT REQUIRED	Extension/internal implementation may differ; keep private details outside CP/M acceptance criteria
0589	Loader ceiling and overlay TPA are distinct	034 - CP/M 2.2 Memory Layout, System Area, and Transient Program Boundary; I052 MEM-002,MEM-004,MEM-005	Extensions must preserve this CP/M-visible observation	MEM-002,MEM-004,MEM-005	REQUIRED	May change or delegate mechanism only with observational equivalence in the declared CP/M personality
0590	CCP overlay invalidates ordinary RET assumptions	034 - CP/M 2.2 Memory Layout, System Area, and Transient Program Boundary; I052 MEM-002,MEM-004,MEM-005	Extensions must preserve this CP/M-visible observation	MEM-002,MEM-004,MEM-005	REQUIRED	May change or delegate mechanism only with observational equivalence in the declared CP/M personality
0591	System ownership is an application obligation	034 - CP/M 2.2 Memory Layout, System Area, and Transient Program Boundary; I052 MEM-002,MEM-004,MEM-005	Extension may vary this result within the ledger boundary	MEM-002,MEM-004,MEM-005	NOT GUARANTEED	Do not turn one extension/provider result into a CP/M baseline promise
0592	Entry-stack storage may occupy overlayable memory	034 - CP/M 2.2 Memory Layout, System Area, and Transient Program Boundary; I052 MEM-002,MEM-004,MEM-005	Extension may vary this result within the ledger boundary	MEM-002,MEM-004,MEM-005	NOT GUARANTEED	Do not turn one extension/provider result into a CP/M baseline promise
0593	Cold BOOT public postcondition	034 - CP/M 2.2 Memory Layout, System Area, and Transient Program Boundary; I052 MEM-002,MEM-004,MEM-005	Extensions must preserve this CP/M-visible observation	MEM-002,MEM-004,MEM-005	REQUIRED	May change or delegate mechanism only with observational equivalence in the declared CP/M personality
0594	Cold BOOT does not promise blanket memory clearing	034 - CP/M 2.2 Memory Layout, System Area, and Transient Program Boundary; I052 MEM-002,MEM-004,MEM-005	Extension may vary this result within the ledger boundary	MEM-002,MEM-004,MEM-005	NOT GUARANTEED	Do not turn one extension/provider result into a CP/M baseline promise
0595	WBOOT command-environment reconstruction	034 - CP/M 2.2 Memory Layout, System Area, and Transient Program Boundary; I052 MEM-002,MEM-004,MEM-005	Extensions must preserve this CP/M-visible observation	MEM-002,MEM-004,MEM-005	REQUIRED	May change or delegate mechanism only with observational equivalence in the declared CP/M personality
0596	Residual state across WBOOT	034 - CP/M 2.2 Memory Layout, System Area, and Transient Program Boundary; I052 MEM-002,MEM-004,MEM-005	Extension may vary this result within the ledger boundary	MEM-002,MEM-004,MEM-005	NOT GUARANTEED	Do not turn one extension/provider result into a CP/M baseline promise
0597	Console-pending state across WBOOT	034 - CP/M 2.2 Memory Layout, System Area, and Transient Program Boundary; I052 MEM-002,MEM-004,MEM-005	Extension may vary this result within the ledger boundary	MEM-002,MEM-004,MEM-005	NOT GUARANTEED	Do not turn one extension/provider result into a CP/M baseline promise
0598	BIOS vector is a public runtime ABI	034 - CP/M 2.2 Memory Layout, System Area, and Transient Program Boundary; I052 MEM-002,MEM-004,MEM-005	Extensions must preserve this CP/M-visible observation	MEM-002,MEM-004,MEM-005	REQUIRED	May change or delegate mechanism only with observational equivalence in the declared CP/M personality
0599	DPH structures are compatibility-visible	034 - CP/M 2.2 Memory Layout, System Area, and Transient Program Boundary; I052 MEM-002,MEM-004,MEM-005	Extensions must preserve this CP/M-visible observation	MEM-002,MEM-004,MEM-005	REQUIRED	May change or delegate mechanism only with observational equivalence in the declared CP/M personality
0600	Direct BIOS calls expose raw device behavior	034 - CP/M 2.2 Memory Layout, System Area, and Transient Program Boundary; I052 MEM-002,MEM-004,MEM-005	Extensions must preserve this CP/M-visible observation	MEM-002,MEM-004,MEM-005	REQUIRED	May change or delegate mechanism only with observational equivalence in the declared CP/M personality
0601	BIOS implementation details remain profile-specific	034 - CP/M 2.2 Memory Layout, System Area, and Transient Program Boundary; I052 MEM-002,MEM-004,MEM-005	Extension may vary this result within the ledger boundary	MEM-002,MEM-004,MEM-005	NOT GUARANTEED	Do not turn one extension/provider result into a CP/M baseline promise
0602	Function 40 selector and input	034 - CP/M 2.2 Memory Layout, System Area, and Transient Program Boundary; I052 MEM-002,MEM-004,MEM-005	Extensions must preserve this CP/M-visible observation	MEM-002,MEM-004,MEM-005	REQUIRED	May change or delegate mechanism only with observational equivalence in the declared CP/M personality
0603	Function 40 allocation-block zero fill	034 - CP/M 2.2 Memory Layout, System Area, and Transient Program Boundary; I052 MEM-002,MEM-004,MEM-005	Extensions must preserve this CP/M-visible observation	MEM-002,MEM-004,MEM-005	REQUIRED	May change or delegate mechanism only with observational equivalence in the declared CP/M personality
0604	Function 40 is not universal sparse-hole materialization	034 - CP/M 2.2 Memory Layout, System Area, and Transient Program Boundary; I052 MEM-002,MEM-004,MEM-005	Extension may vary this result within the ledger boundary	MEM-002,MEM-004,MEM-005	NOT GUARANTEED	Do not turn one extension/provider result into a CP/M baseline promise
0605	Function 40 result family	034 - CP/M 2.2 Memory Layout, System Area, and Transient Program Boundary; I052 MEM-002,MEM-004,MEM-005	Extensions must preserve this CP/M-visible observation	MEM-002,MEM-004,MEM-005	REQUIRED	May change or delegate mechanism only with observational equivalence in the declared CP/M personality
0606	BIOS character services are raw device interfaces	034 - CP/M 2.2 Memory Layout, System Area, and Transient Program Boundary; I052 MEM-002,MEM-004,MEM-005	Extensions must preserve this CP/M-visible observation	MEM-002,MEM-004,MEM-005	REQUIRED	May change or delegate mechanism only with observational equivalence in the declared CP/M personality
0607	Character devices remain distinct runtime paths	034 - CP/M 2.2 Memory Layout, System Area, and Transient Program Boundary; I052 MEM-002,MEM-004,MEM-005	Extensions must preserve this CP/M-visible observation	MEM-002,MEM-004,MEM-005	REQUIRED	May change or delegate mechanism only with observational equivalence in the declared CP/M personality
0608	IOBYTE reassignment is runtime visible	034 - CP/M 2.2 Memory Layout, System Area, and Transient Program Boundary; I052 MEM-002,MEM-004,MEM-005	Extensions must preserve this CP/M-visible observation	MEM-002,MEM-004,MEM-005	REQUIRED	May change or delegate mechanism only with observational equivalence in the declared CP/M personality
0609	IOBYTE access coherence	034 - CP/M 2.2 Memory Layout, System Area, and Transient Program Boundary; I052 MEM-002,MEM-004,MEM-005	Extensions must preserve this CP/M-visible observation	MEM-002,MEM-004,MEM-005	REQUIRED	May change or delegate mechanism only with observational equivalence in the declared CP/M personality
0610	Field-preserving assignment changes	034 - CP/M 2.2 Memory Layout, System Area, and Transient Program Boundary; I052 MEM-002,MEM-004,MEM-005	Extensions must preserve this CP/M-visible observation	MEM-002,MEM-004,MEM-005	REQUIRED	May change or delegate mechanism only with observational equivalence in the declared CP/M personality
0611	IOBYTE assignment does not validate device presence	034 - CP/M 2.2 Memory Layout, System Area, and Transient Program Boundary; I052 MEM-002,MEM-004,MEM-005	Extension may vary this result within the ledger boundary	MEM-002,MEM-004,MEM-005	NOT GUARANTEED	Do not turn one extension/provider result into a CP/M baseline promise
0612	STAT device-assignment semantics	034 - CP/M 2.2 Memory Layout, System Area, and Transient Program Boundary; I052 MEM-002,MEM-004,MEM-005	Extensions must preserve this CP/M-visible observation	MEM-002,MEM-004,MEM-005	REQUIRED	May change or delegate mechanism only with observational equivalence in the declared CP/M personality
0613	Parameterized disk-structure coherence	034 - CP/M 2.2 Memory Layout, System Area, and Transient Program Boundary; I052 MEM-002,MEM-004,MEM-005	Extensions must preserve this CP/M-visible observation	MEM-002,MEM-004,MEM-005	REQUIRED	May change or delegate mechanism only with observational equivalence in the declared CP/M personality
0614	DPB-dependent directory allocation-map width	034 - CP/M 2.2 Memory Layout, System Area, and Transient Program Boundary; I052 MEM-002,MEM-004,MEM-005	Extensions must preserve this CP/M-visible observation	MEM-002,MEM-004,MEM-005	REQUIRED	May change or delegate mechanism only with observational equivalence in the declared CP/M personality
0615	Logical directory placement	034 - CP/M 2.2 Memory Layout, System Area, and Transient Program Boundary; I052 MEM-002,MEM-004,MEM-005	Extensions must preserve this CP/M-visible observation	MEM-002,MEM-004,MEM-005	REQUIRED	May change or delegate mechanism only with observational equivalence in the declared CP/M personality
0616	Raw-format universality	034 - CP/M 2.2 Memory Layout, System Area, and Transient Program Boundary; I052 MEM-002,MEM-004,MEM-005	Extension may vary this result within the ledger boundary	MEM-002,MEM-004,MEM-005	NOT GUARANTEED	Do not turn one extension/provider result into a CP/M baseline promise
0617	Direct-structure caller responsibility	034 - CP/M 2.2 Memory Layout, System Area, and Transient Program Boundary; I052 MEM-002,MEM-004,MEM-005	Extensions must preserve this CP/M-visible observation	MEM-002,MEM-004,MEM-005	REQUIRED	May change or delegate mechanism only with observational equivalence in the declared CP/M personality
0618	Damaged-directory recovery	041 - CP/M 2.2 Direct System Access and Undocumented Application Interface; I052 ERROR-005	Extension may vary this result within the ledger boundary	ERROR-005	NOT GUARANTEED	Do not turn one extension/provider result into a CP/M baseline promise
0619	Private BDOS target is not an application gateway	042 - CP/M 2.2 Common Software Compatibility Assumptions; I052 MEM-006	Extension may vary this result within the ledger boundary	MEM-006	NOT GUARANTEED	Do not turn one extension/provider result into a CP/M baseline promise
0620	DRI submitted-command stream	042 - CP/M 2.2 Common Software Compatibility Assumptions; I052 CCP-008	Extensions must preserve this CP/M-visible observation	CCP-008	REQUIRED	May change or delegate mechanism only with observational equivalence in the declared CP/M personality
0621	XSUB buffered-input compatibility	043 - CP/M 2.2 Memory and Execution Edge Case Compatibility Semantics; I052 CCP-008	Extensions must preserve this CP/M-visible observation	CCP-008	REQUIRED	May change or delegate mechanism only with observational equivalence in the declared CP/M personality
0622	Self-modifying transient execution	051 - CP/M 2.2 Hardware-Dependent Software Compatibility Survey; I052 MEM-003,BIOS-007,HW-001,HW-002	Extensions must preserve this CP/M-visible observation	MEM-003,BIOS-007,HW-001,HW-002	REQUIRED	May change or delegate mechanism only with observational equivalence in the declared CP/M personality
